article,section,paragraph,sentence_idx,sentence_text,statement_idx,predicted_statement
glossa-5270-pineda,,"Basque is a morphologically ergative language in which intransitive verbs show two different morphological alignments: broadly speaking, agentive verbs usually occur with an ergative subject and the auxiliary edun ‘have’, whereas patientive verbs combine with an absolutive subject and the auxiliary izan ‘be’ (Levin 1983). Nevertheless, there exists some dialectal variation regarding the use of certain agentive verbs, specifically those that convey (non-static) processes, where the subject is interpreted as both the force initiating the process and the entity undergoing it. We will henceforth refer to this group of verbs as agentive process verbs. In Eastern dialects,1 some agentive process verbs combine an absolutive subject with the auxiliary izan ‘be’ (Oyharçabal 1992; Aldai 2006; 2009; 2010; Berro 2010; 2012), thus resembling other ergative – non-active – languages like Warlpiri, Niuean and Samoan, where all intransitive verbs combine with an absolutive subject (Levin 1983; Massam 2009; Tollan 2018). Even if we do not believe that verb meaning by itself (in rough terms, agentive vs. patientive) is a totally reliable predictor of the syntactic behavior of verbs, it is important to pay attention to and account for those cases where semantic generalizations are clearly contravened, as occurs with the verbs under study. With the exception of Levin (1983), previous studies have assumed that the agentive process verbs that combine with an absolutive subject in Eastern dialects are unergative and have accounted independently for the absolutive marking. In fact, these verbs belong to semantic groups that are usually considered unergative (controlled and agentive processes), and include bazkaldu ‘have lunch’, solastatu ‘talk’, borrokatu ‘fight’ or jolastu ‘play’. Moreover, they behave syntactically like unergatives in their inability to undergo causativization (Oyharçabal 2003).",1,"Basque is a morphologically ergative language in which intransitive verbs show two different morphological alignments: broadly speaking, agentive verbs usually occur with an ergative subject and the auxiliary edun ‘have’, whereas patientive verbs combine with an absolutive subject and the auxiliary izan ‘be’ (Levin 1983).",1,Basque is a morphologically ergative language (Levin 1983).
glossa-5270-pineda,,"Basque is a morphologically ergative language in which intransitive verbs show two different morphological alignments: broadly speaking, agentive verbs usually occur with an ergative subject and the auxiliary edun ‘have’, whereas patientive verbs combine with an absolutive subject and the auxiliary izan ‘be’ (Levin 1983). Nevertheless, there exists some dialectal variation regarding the use of certain agentive verbs, specifically those that convey (non-static) processes, where the subject is interpreted as both the force initiating the process and the entity undergoing it. We will henceforth refer to this group of verbs as agentive process verbs. In Eastern dialects,1 some agentive process verbs combine an absolutive subject with the auxiliary izan ‘be’ (Oyharçabal 1992; Aldai 2006; 2009; 2010; Berro 2010; 2012), thus resembling other ergative – non-active – languages like Warlpiri, Niuean and Samoan, where all intransitive verbs combine with an absolutive subject (Levin 1983; Massam 2009; Tollan 2018). Even if we do not believe that verb meaning by itself (in rough terms, agentive vs. patientive) is a totally reliable predictor of the syntactic behavior of verbs, it is important to pay attention to and account for those cases where semantic generalizations are clearly contravened, as occurs with the verbs under study. With the exception of Levin (1983), previous studies have assumed that the agentive process verbs that combine with an absolutive subject in Eastern dialects are unergative and have accounted independently for the absolutive marking. In fact, these verbs belong to semantic groups that are usually considered unergative (controlled and agentive processes), and include bazkaldu ‘have lunch’, solastatu ‘talk’, borrokatu ‘fight’ or jolastu ‘play’. Moreover, they behave syntactically like unergatives in their inability to undergo causativization (Oyharçabal 2003).",1,"Basque is a morphologically ergative language in which intransitive verbs show two different morphological alignments: broadly speaking, agentive verbs usually occur with an ergative subject and the auxiliary edun ‘have’, whereas patientive verbs combine with an absolutive subject and the auxiliary izan ‘be’ (Levin 1983).",2,"In Basque, intransitive verbs show two different morphological alignments (Levin 1983)."
glossa-5270-pineda,,"Basque is a morphologically ergative language in which intransitive verbs show two different morphological alignments: broadly speaking, agentive verbs usually occur with an ergative subject and the auxiliary edun ‘have’, whereas patientive verbs combine with an absolutive subject and the auxiliary izan ‘be’ (Levin 1983). Nevertheless, there exists some dialectal variation regarding the use of certain agentive verbs, specifically those that convey (non-static) processes, where the subject is interpreted as both the force initiating the process and the entity undergoing it. We will henceforth refer to this group of verbs as agentive process verbs. In Eastern dialects,1 some agentive process verbs combine an absolutive subject with the auxiliary izan ‘be’ (Oyharçabal 1992; Aldai 2006; 2009; 2010; Berro 2010; 2012), thus resembling other ergative – non-active – languages like Warlpiri, Niuean and Samoan, where all intransitive verbs combine with an absolutive subject (Levin 1983; Massam 2009; Tollan 2018). Even if we do not believe that verb meaning by itself (in rough terms, agentive vs. patientive) is a totally reliable predictor of the syntactic behavior of verbs, it is important to pay attention to and account for those cases where semantic generalizations are clearly contravened, as occurs with the verbs under study. With the exception of Levin (1983), previous studies have assumed that the agentive process verbs that combine with an absolutive subject in Eastern dialects are unergative and have accounted independently for the absolutive marking. In fact, these verbs belong to semantic groups that are usually considered unergative (controlled and agentive processes), and include bazkaldu ‘have lunch’, solastatu ‘talk’, borrokatu ‘fight’ or jolastu ‘play’. Moreover, they behave syntactically like unergatives in their inability to undergo causativization (Oyharçabal 2003).",1,"Basque is a morphologically ergative language in which intransitive verbs show two different morphological alignments: broadly speaking, agentive verbs usually occur with an ergative subject and the auxiliary edun ‘have’, whereas patientive verbs combine with an absolutive subject and the auxiliary izan ‘be’ (Levin 1983).",3,"In Basque, agentive intransitive verbs usually occur with an ergative subject (Levin 1983)."
glossa-5270-pineda,,"Basque is a morphologically ergative language in which intransitive verbs show two different morphological alignments: broadly speaking, agentive verbs usually occur with an ergative subject and the auxiliary edun ‘have’, whereas patientive verbs combine with an absolutive subject and the auxiliary izan ‘be’ (Levin 1983). Nevertheless, there exists some dialectal variation regarding the use of certain agentive verbs, specifically those that convey (non-static) processes, where the subject is interpreted as both the force initiating the process and the entity undergoing it. We will henceforth refer to this group of verbs as agentive process verbs. In Eastern dialects,1 some agentive process verbs combine an absolutive subject with the auxiliary izan ‘be’ (Oyharçabal 1992; Aldai 2006; 2009; 2010; Berro 2010; 2012), thus resembling other ergative – non-active – languages like Warlpiri, Niuean and Samoan, where all intransitive verbs combine with an absolutive subject (Levin 1983; Massam 2009; Tollan 2018). Even if we do not believe that verb meaning by itself (in rough terms, agentive vs. patientive) is a totally reliable predictor of the syntactic behavior of verbs, it is important to pay attention to and account for those cases where semantic generalizations are clearly contravened, as occurs with the verbs under study. With the exception of Levin (1983), previous studies have assumed that the agentive process verbs that combine with an absolutive subject in Eastern dialects are unergative and have accounted independently for the absolutive marking. In fact, these verbs belong to semantic groups that are usually considered unergative (controlled and agentive processes), and include bazkaldu ‘have lunch’, solastatu ‘talk’, borrokatu ‘fight’ or jolastu ‘play’. Moreover, they behave syntactically like unergatives in their inability to undergo causativization (Oyharçabal 2003).",1,"Basque is a morphologically ergative language in which intransitive verbs show two different morphological alignments: broadly speaking, agentive verbs usually occur with an ergative subject and the auxiliary edun ‘have’, whereas patientive verbs combine with an absolutive subject and the auxiliary izan ‘be’ (Levin 1983).",4,"In Basque, agentive intransitive verbs usually occur with the auxiliary edun (Levin 1983)."
glossa-5270-pineda,,"Basque is a morphologically ergative language in which intransitive verbs show two different morphological alignments: broadly speaking, agentive verbs usually occur with an ergative subject and the auxiliary edun ‘have’, whereas patientive verbs combine with an absolutive subject and the auxiliary izan ‘be’ (Levin 1983). Nevertheless, there exists some dialectal variation regarding the use of certain agentive verbs, specifically those that convey (non-static) processes, where the subject is interpreted as both the force initiating the process and the entity undergoing it. We will henceforth refer to this group of verbs as agentive process verbs. In Eastern dialects,1 some agentive process verbs combine an absolutive subject with the auxiliary izan ‘be’ (Oyharçabal 1992; Aldai 2006; 2009; 2010; Berro 2010; 2012), thus resembling other ergative – non-active – languages like Warlpiri, Niuean and Samoan, where all intransitive verbs combine with an absolutive subject (Levin 1983; Massam 2009; Tollan 2018). Even if we do not believe that verb meaning by itself (in rough terms, agentive vs. patientive) is a totally reliable predictor of the syntactic behavior of verbs, it is important to pay attention to and account for those cases where semantic generalizations are clearly contravened, as occurs with the verbs under study. With the exception of Levin (1983), previous studies have assumed that the agentive process verbs that combine with an absolutive subject in Eastern dialects are unergative and have accounted independently for the absolutive marking. In fact, these verbs belong to semantic groups that are usually considered unergative (controlled and agentive processes), and include bazkaldu ‘have lunch’, solastatu ‘talk’, borrokatu ‘fight’ or jolastu ‘play’. Moreover, they behave syntactically like unergatives in their inability to undergo causativization (Oyharçabal 2003).",1,"Basque is a morphologically ergative language in which intransitive verbs show two different morphological alignments: broadly speaking, agentive verbs usually occur with an ergative subject and the auxiliary edun ‘have’, whereas patientive verbs combine with an absolutive subject and the auxiliary izan ‘be’ (Levin 1983).",5,"In Basque, patientive intransitive verbs combine with an absolutive subject (Levin 1983)."
glossa-5270-pineda,,"Basque is a morphologically ergative language in which intransitive verbs show two different morphological alignments: broadly speaking, agentive verbs usually occur with an ergative subject and the auxiliary edun ‘have’, whereas patientive verbs combine with an absolutive subject and the auxiliary izan ‘be’ (Levin 1983). Nevertheless, there exists some dialectal variation regarding the use of certain agentive verbs, specifically those that convey (non-static) processes, where the subject is interpreted as both the force initiating the process and the entity undergoing it. We will henceforth refer to this group of verbs as agentive process verbs. In Eastern dialects,1 some agentive process verbs combine an absolutive subject with the auxiliary izan ‘be’ (Oyharçabal 1992; Aldai 2006; 2009; 2010; Berro 2010; 2012), thus resembling other ergative – non-active – languages like Warlpiri, Niuean and Samoan, where all intransitive verbs combine with an absolutive subject (Levin 1983; Massam 2009; Tollan 2018). Even if we do not believe that verb meaning by itself (in rough terms, agentive vs. patientive) is a totally reliable predictor of the syntactic behavior of verbs, it is important to pay attention to and account for those cases where semantic generalizations are clearly contravened, as occurs with the verbs under study. With the exception of Levin (1983), previous studies have assumed that the agentive process verbs that combine with an absolutive subject in Eastern dialects are unergative and have accounted independently for the absolutive marking. In fact, these verbs belong to semantic groups that are usually considered unergative (controlled and agentive processes), and include bazkaldu ‘have lunch’, solastatu ‘talk’, borrokatu ‘fight’ or jolastu ‘play’. Moreover, they behave syntactically like unergatives in their inability to undergo causativization (Oyharçabal 2003).",1,"Basque is a morphologically ergative language in which intransitive verbs show two different morphological alignments: broadly speaking, agentive verbs usually occur with an ergative subject and the auxiliary edun ‘have’, whereas patientive verbs combine with an absolutive subject and the auxiliary izan ‘be’ (Levin 1983).",6,"In Basque, patientive intransitive verbs combine with the auxiliary izan (Levin 1983)."
glossa-5270-pineda,,"Basque is a morphologically ergative language in which intransitive verbs show two different morphological alignments: broadly speaking, agentive verbs usually occur with an ergative subject and the auxiliary edun ‘have’, whereas patientive verbs combine with an absolutive subject and the auxiliary izan ‘be’ (Levin 1983). Nevertheless, there exists some dialectal variation regarding the use of certain agentive verbs, specifically those that convey (non-static) processes, where the subject is interpreted as both the force initiating the process and the entity undergoing it. We will henceforth refer to this group of verbs as agentive process verbs. In Eastern dialects,1 some agentive process verbs combine an absolutive subject with the auxiliary izan ‘be’ (Oyharçabal 1992; Aldai 2006; 2009; 2010; Berro 2010; 2012), thus resembling other ergative – non-active – languages like Warlpiri, Niuean and Samoan, where all intransitive verbs combine with an absolutive subject (Levin 1983; Massam 2009; Tollan 2018). Even if we do not believe that verb meaning by itself (in rough terms, agentive vs. patientive) is a totally reliable predictor of the syntactic behavior of verbs, it is important to pay attention to and account for those cases where semantic generalizations are clearly contravened, as occurs with the verbs under study. With the exception of Levin (1983), previous studies have assumed that the agentive process verbs that combine with an absolutive subject in Eastern dialects are unergative and have accounted independently for the absolutive marking. In fact, these verbs belong to semantic groups that are usually considered unergative (controlled and agentive processes), and include bazkaldu ‘have lunch’, solastatu ‘talk’, borrokatu ‘fight’ or jolastu ‘play’. Moreover, they behave syntactically like unergatives in their inability to undergo causativization (Oyharçabal 2003).",2,"Nevertheless, there exists some dialectal variation regarding the use of certain agentive verbs, specifically those that convey (non-static) processes, where the subject is interpreted as both the force initiating the process and the entity undergoing it.",1,"In Basque, there exists some dialectal variation regarding the use of certain agentive verbs."
glossa-5270-pineda,,"Basque is a morphologically ergative language in which intransitive verbs show two different morphological alignments: broadly speaking, agentive verbs usually occur with an ergative subject and the auxiliary edun ‘have’, whereas patientive verbs combine with an absolutive subject and the auxiliary izan ‘be’ (Levin 1983). Nevertheless, there exists some dialectal variation regarding the use of certain agentive verbs, specifically those that convey (non-static) processes, where the subject is interpreted as both the force initiating the process and the entity undergoing it. We will henceforth refer to this group of verbs as agentive process verbs. In Eastern dialects,1 some agentive process verbs combine an absolutive subject with the auxiliary izan ‘be’ (Oyharçabal 1992; Aldai 2006; 2009; 2010; Berro 2010; 2012), thus resembling other ergative – non-active – languages like Warlpiri, Niuean and Samoan, where all intransitive verbs combine with an absolutive subject (Levin 1983; Massam 2009; Tollan 2018). Even if we do not believe that verb meaning by itself (in rough terms, agentive vs. patientive) is a totally reliable predictor of the syntactic behavior of verbs, it is important to pay attention to and account for those cases where semantic generalizations are clearly contravened, as occurs with the verbs under study. With the exception of Levin (1983), previous studies have assumed that the agentive process verbs that combine with an absolutive subject in Eastern dialects are unergative and have accounted independently for the absolutive marking. In fact, these verbs belong to semantic groups that are usually considered unergative (controlled and agentive processes), and include bazkaldu ‘have lunch’, solastatu ‘talk’, borrokatu ‘fight’ or jolastu ‘play’. Moreover, they behave syntactically like unergatives in their inability to undergo causativization (Oyharçabal 2003).",2,"Nevertheless, there exists some dialectal variation regarding the use of certain agentive verbs, specifically those that convey (non-static) processes, where the subject is interpreted as both the force initiating the process and the entity undergoing it.",2,"In Basque, the relevant agentive verbs convey non-static processes."
glossa-5270-pineda,,"Basque is a morphologically ergative language in which intransitive verbs show two different morphological alignments: broadly speaking, agentive verbs usually occur with an ergative subject and the auxiliary edun ‘have’, whereas patientive verbs combine with an absolutive subject and the auxiliary izan ‘be’ (Levin 1983). Nevertheless, there exists some dialectal variation regarding the use of certain agentive verbs, specifically those that convey (non-static) processes, where the subject is interpreted as both the force initiating the process and the entity undergoing it. We will henceforth refer to this group of verbs as agentive process verbs. In Eastern dialects,1 some agentive process verbs combine an absolutive subject with the auxiliary izan ‘be’ (Oyharçabal 1992; Aldai 2006; 2009; 2010; Berro 2010; 2012), thus resembling other ergative – non-active – languages like Warlpiri, Niuean and Samoan, where all intransitive verbs combine with an absolutive subject (Levin 1983; Massam 2009; Tollan 2018). Even if we do not believe that verb meaning by itself (in rough terms, agentive vs. patientive) is a totally reliable predictor of the syntactic behavior of verbs, it is important to pay attention to and account for those cases where semantic generalizations are clearly contravened, as occurs with the verbs under study. With the exception of Levin (1983), previous studies have assumed that the agentive process verbs that combine with an absolutive subject in Eastern dialects are unergative and have accounted independently for the absolutive marking. In fact, these verbs belong to semantic groups that are usually considered unergative (controlled and agentive processes), and include bazkaldu ‘have lunch’, solastatu ‘talk’, borrokatu ‘fight’ or jolastu ‘play’. Moreover, they behave syntactically like unergatives in their inability to undergo causativization (Oyharçabal 2003).",2,"Nevertheless, there exists some dialectal variation regarding the use of certain agentive verbs, specifically those that convey (non-static) processes, where the subject is interpreted as both the force initiating the process and the entity undergoing it.",3,"In Basque, for those agentive verbs that convey non-static processes the subject is interpreted as both the force initiating the process and the entity undergoing the process."
glossa-5270-pineda,,"Basque is a morphologically ergative language in which intransitive verbs show two different morphological alignments: broadly speaking, agentive verbs usually occur with an ergative subject and the auxiliary edun ‘have’, whereas patientive verbs combine with an absolutive subject and the auxiliary izan ‘be’ (Levin 1983). Nevertheless, there exists some dialectal variation regarding the use of certain agentive verbs, specifically those that convey (non-static) processes, where the subject is interpreted as both the force initiating the process and the entity undergoing it. We will henceforth refer to this group of verbs as agentive process verbs. In Eastern dialects,1 some agentive process verbs combine an absolutive subject with the auxiliary izan ‘be’ (Oyharçabal 1992; Aldai 2006; 2009; 2010; Berro 2010; 2012), thus resembling other ergative – non-active – languages like Warlpiri, Niuean and Samoan, where all intransitive verbs combine with an absolutive subject (Levin 1983; Massam 2009; Tollan 2018). Even if we do not believe that verb meaning by itself (in rough terms, agentive vs. patientive) is a totally reliable predictor of the syntactic behavior of verbs, it is important to pay attention to and account for those cases where semantic generalizations are clearly contravened, as occurs with the verbs under study. With the exception of Levin (1983), previous studies have assumed that the agentive process verbs that combine with an absolutive subject in Eastern dialects are unergative and have accounted independently for the absolutive marking. In fact, these verbs belong to semantic groups that are usually considered unergative (controlled and agentive processes), and include bazkaldu ‘have lunch’, solastatu ‘talk’, borrokatu ‘fight’ or jolastu ‘play’. Moreover, they behave syntactically like unergatives in their inability to undergo causativization (Oyharçabal 2003).",3,We will henceforth refer to this group of verbs as agentive process verbs.,1,The Basque agentive verbs that convey non-static processes are referred to as agentive process verbs.
glossa-5270-pineda,,"Basque is a morphologically ergative language in which intransitive verbs show two different morphological alignments: broadly speaking, agentive verbs usually occur with an ergative subject and the auxiliary edun ‘have’, whereas patientive verbs combine with an absolutive subject and the auxiliary izan ‘be’ (Levin 1983). Nevertheless, there exists some dialectal variation regarding the use of certain agentive verbs, specifically those that convey (non-static) processes, where the subject is interpreted as both the force initiating the process and the entity undergoing it. We will henceforth refer to this group of verbs as agentive process verbs. In Eastern dialects,1 some agentive process verbs combine an absolutive subject with the auxiliary izan ‘be’ (Oyharçabal 1992; Aldai 2006; 2009; 2010; Berro 2010; 2012), thus resembling other ergative – non-active – languages like Warlpiri, Niuean and Samoan, where all intransitive verbs combine with an absolutive subject (Levin 1983; Massam 2009; Tollan 2018). Even if we do not believe that verb meaning by itself (in rough terms, agentive vs. patientive) is a totally reliable predictor of the syntactic behavior of verbs, it is important to pay attention to and account for those cases where semantic generalizations are clearly contravened, as occurs with the verbs under study. With the exception of Levin (1983), previous studies have assumed that the agentive process verbs that combine with an absolutive subject in Eastern dialects are unergative and have accounted independently for the absolutive marking. In fact, these verbs belong to semantic groups that are usually considered unergative (controlled and agentive processes), and include bazkaldu ‘have lunch’, solastatu ‘talk’, borrokatu ‘fight’ or jolastu ‘play’. Moreover, they behave syntactically like unergatives in their inability to undergo causativization (Oyharçabal 2003).",4,"In Eastern dialects,1 some agentive process verbs combine an absolutive subject with the auxiliary izan ‘be’ (Oyharçabal 1992; Aldai 2006; 2009; 2010; Berro 2010; 2012), thus resembling other ergative – non-active – languages like Warlpiri, Niuean and Samoan, where all intransitive verbs combine with an absolutive subject (Levin 1983; Massam 2009; Tollan 2018).",1,"In Eastern Basque dialects, some agentive process verbs combine an absolutive subject with the auxiliary izan (Oyharçabal 1992; Aldai 2006; 2009; 2010; Berro 2010; 2012)."
glossa-5270-pineda,,"Basque is a morphologically ergative language in which intransitive verbs show two different morphological alignments: broadly speaking, agentive verbs usually occur with an ergative subject and the auxiliary edun ‘have’, whereas patientive verbs combine with an absolutive subject and the auxiliary izan ‘be’ (Levin 1983). Nevertheless, there exists some dialectal variation regarding the use of certain agentive verbs, specifically those that convey (non-static) processes, where the subject is interpreted as both the force initiating the process and the entity undergoing it. We will henceforth refer to this group of verbs as agentive process verbs. In Eastern dialects,1 some agentive process verbs combine an absolutive subject with the auxiliary izan ‘be’ (Oyharçabal 1992; Aldai 2006; 2009; 2010; Berro 2010; 2012), thus resembling other ergative – non-active – languages like Warlpiri, Niuean and Samoan, where all intransitive verbs combine with an absolutive subject (Levin 1983; Massam 2009; Tollan 2018). Even if we do not believe that verb meaning by itself (in rough terms, agentive vs. patientive) is a totally reliable predictor of the syntactic behavior of verbs, it is important to pay attention to and account for those cases where semantic generalizations are clearly contravened, as occurs with the verbs under study. With the exception of Levin (1983), previous studies have assumed that the agentive process verbs that combine with an absolutive subject in Eastern dialects are unergative and have accounted independently for the absolutive marking. In fact, these verbs belong to semantic groups that are usually considered unergative (controlled and agentive processes), and include bazkaldu ‘have lunch’, solastatu ‘talk’, borrokatu ‘fight’ or jolastu ‘play’. Moreover, they behave syntactically like unergatives in their inability to undergo causativization (Oyharçabal 2003).",4,"In Eastern dialects,1 some agentive process verbs combine an absolutive subject with the auxiliary izan ‘be’ (Oyharçabal 1992; Aldai 2006; 2009; 2010; Berro 2010; 2012), thus resembling other ergative – non-active – languages like Warlpiri, Niuean and Samoan, where all intransitive verbs combine with an absolutive subject (Levin 1983; Massam 2009; Tollan 2018).",2,"The pattern in Eastern Basque dialects resembles the pattern in ergative non-active languages like Warlpiri, Niuean, and Samoan, where all intransitive verbs combine with an absolutive subject (Levin 1983; Massam 2009; Tollan 2018)."
glossa-5270-pineda,,"Basque is a morphologically ergative language in which intransitive verbs show two different morphological alignments: broadly speaking, agentive verbs usually occur with an ergative subject and the auxiliary edun ‘have’, whereas patientive verbs combine with an absolutive subject and the auxiliary izan ‘be’ (Levin 1983). Nevertheless, there exists some dialectal variation regarding the use of certain agentive verbs, specifically those that convey (non-static) processes, where the subject is interpreted as both the force initiating the process and the entity undergoing it. We will henceforth refer to this group of verbs as agentive process verbs. In Eastern dialects,1 some agentive process verbs combine an absolutive subject with the auxiliary izan ‘be’ (Oyharçabal 1992; Aldai 2006; 2009; 2010; Berro 2010; 2012), thus resembling other ergative – non-active – languages like Warlpiri, Niuean and Samoan, where all intransitive verbs combine with an absolutive subject (Levin 1983; Massam 2009; Tollan 2018). Even if we do not believe that verb meaning by itself (in rough terms, agentive vs. patientive) is a totally reliable predictor of the syntactic behavior of verbs, it is important to pay attention to and account for those cases where semantic generalizations are clearly contravened, as occurs with the verbs under study. With the exception of Levin (1983), previous studies have assumed that the agentive process verbs that combine with an absolutive subject in Eastern dialects are unergative and have accounted independently for the absolutive marking. In fact, these verbs belong to semantic groups that are usually considered unergative (controlled and agentive processes), and include bazkaldu ‘have lunch’, solastatu ‘talk’, borrokatu ‘fight’ or jolastu ‘play’. Moreover, they behave syntactically like unergatives in their inability to undergo causativization (Oyharçabal 2003).",5,"Even if we do not believe that verb meaning by itself (in rough terms, agentive vs. patientive) is a totally reliable predictor of the syntactic behavior of verbs, it is important to pay attention to and account for those cases where semantic generalizations are clearly contravened, as occurs with the verbs under study.",1,"Verb meaning by itself (in rough terms, agentive versus patientive) is not a totally reliable predictor of the syntactic behavior of verbs."
glossa-5270-pineda,,"Basque is a morphologically ergative language in which intransitive verbs show two different morphological alignments: broadly speaking, agentive verbs usually occur with an ergative subject and the auxiliary edun ‘have’, whereas patientive verbs combine with an absolutive subject and the auxiliary izan ‘be’ (Levin 1983). Nevertheless, there exists some dialectal variation regarding the use of certain agentive verbs, specifically those that convey (non-static) processes, where the subject is interpreted as both the force initiating the process and the entity undergoing it. We will henceforth refer to this group of verbs as agentive process verbs. In Eastern dialects,1 some agentive process verbs combine an absolutive subject with the auxiliary izan ‘be’ (Oyharçabal 1992; Aldai 2006; 2009; 2010; Berro 2010; 2012), thus resembling other ergative – non-active – languages like Warlpiri, Niuean and Samoan, where all intransitive verbs combine with an absolutive subject (Levin 1983; Massam 2009; Tollan 2018). Even if we do not believe that verb meaning by itself (in rough terms, agentive vs. patientive) is a totally reliable predictor of the syntactic behavior of verbs, it is important to pay attention to and account for those cases where semantic generalizations are clearly contravened, as occurs with the verbs under study. With the exception of Levin (1983), previous studies have assumed that the agentive process verbs that combine with an absolutive subject in Eastern dialects are unergative and have accounted independently for the absolutive marking. In fact, these verbs belong to semantic groups that are usually considered unergative (controlled and agentive processes), and include bazkaldu ‘have lunch’, solastatu ‘talk’, borrokatu ‘fight’ or jolastu ‘play’. Moreover, they behave syntactically like unergatives in their inability to undergo causativization (Oyharçabal 2003).",5,"Even if we do not believe that verb meaning by itself (in rough terms, agentive vs. patientive) is a totally reliable predictor of the syntactic behavior of verbs, it is important to pay attention to and account for those cases where semantic generalizations are clearly contravened, as occurs with the verbs under study.",2,"It is important to pay attention to and account for cases where semantic generalizations are clearly contravened, as occurs with the Basque agentive process verbs described earlier."
glossa-5270-pineda,,"Basque is a morphologically ergative language in which intransitive verbs show two different morphological alignments: broadly speaking, agentive verbs usually occur with an ergative subject and the auxiliary edun ‘have’, whereas patientive verbs combine with an absolutive subject and the auxiliary izan ‘be’ (Levin 1983). Nevertheless, there exists some dialectal variation regarding the use of certain agentive verbs, specifically those that convey (non-static) processes, where the subject is interpreted as both the force initiating the process and the entity undergoing it. We will henceforth refer to this group of verbs as agentive process verbs. In Eastern dialects,1 some agentive process verbs combine an absolutive subject with the auxiliary izan ‘be’ (Oyharçabal 1992; Aldai 2006; 2009; 2010; Berro 2010; 2012), thus resembling other ergative – non-active – languages like Warlpiri, Niuean and Samoan, where all intransitive verbs combine with an absolutive subject (Levin 1983; Massam 2009; Tollan 2018). Even if we do not believe that verb meaning by itself (in rough terms, agentive vs. patientive) is a totally reliable predictor of the syntactic behavior of verbs, it is important to pay attention to and account for those cases where semantic generalizations are clearly contravened, as occurs with the verbs under study. With the exception of Levin (1983), previous studies have assumed that the agentive process verbs that combine with an absolutive subject in Eastern dialects are unergative and have accounted independently for the absolutive marking. In fact, these verbs belong to semantic groups that are usually considered unergative (controlled and agentive processes), and include bazkaldu ‘have lunch’, solastatu ‘talk’, borrokatu ‘fight’ or jolastu ‘play’. Moreover, they behave syntactically like unergatives in their inability to undergo causativization (Oyharçabal 2003).",6,"With the exception of Levin (1983), previous studies have assumed that the agentive process verbs that combine with an absolutive subject in Eastern dialects are unergative and have accounted independently for the absolutive marking.",1,"With the exception of Levin (1983), previous studies have assumed that the Basque agentive process verbs that combine with an absolutive subject in Eastern dialects are unergative."
glossa-5270-pineda,,"Basque is a morphologically ergative language in which intransitive verbs show two different morphological alignments: broadly speaking, agentive verbs usually occur with an ergative subject and the auxiliary edun ‘have’, whereas patientive verbs combine with an absolutive subject and the auxiliary izan ‘be’ (Levin 1983). Nevertheless, there exists some dialectal variation regarding the use of certain agentive verbs, specifically those that convey (non-static) processes, where the subject is interpreted as both the force initiating the process and the entity undergoing it. We will henceforth refer to this group of verbs as agentive process verbs. In Eastern dialects,1 some agentive process verbs combine an absolutive subject with the auxiliary izan ‘be’ (Oyharçabal 1992; Aldai 2006; 2009; 2010; Berro 2010; 2012), thus resembling other ergative – non-active – languages like Warlpiri, Niuean and Samoan, where all intransitive verbs combine with an absolutive subject (Levin 1983; Massam 2009; Tollan 2018). Even if we do not believe that verb meaning by itself (in rough terms, agentive vs. patientive) is a totally reliable predictor of the syntactic behavior of verbs, it is important to pay attention to and account for those cases where semantic generalizations are clearly contravened, as occurs with the verbs under study. With the exception of Levin (1983), previous studies have assumed that the agentive process verbs that combine with an absolutive subject in Eastern dialects are unergative and have accounted independently for the absolutive marking. In fact, these verbs belong to semantic groups that are usually considered unergative (controlled and agentive processes), and include bazkaldu ‘have lunch’, solastatu ‘talk’, borrokatu ‘fight’ or jolastu ‘play’. Moreover, they behave syntactically like unergatives in their inability to undergo causativization (Oyharçabal 2003).",6,"With the exception of Levin (1983), previous studies have assumed that the agentive process verbs that combine with an absolutive subject in Eastern dialects are unergative and have accounted independently for the absolutive marking.",2,"With the exception of Levin (1983), previous studies have provided independent accounts for the absolutive marking on the Basque agentive process verbs that combine with an absolutive subject in Eastern dialects."
glossa-5270-pineda,,"Basque is a morphologically ergative language in which intransitive verbs show two different morphological alignments: broadly speaking, agentive verbs usually occur with an ergative subject and the auxiliary edun ‘have’, whereas patientive verbs combine with an absolutive subject and the auxiliary izan ‘be’ (Levin 1983). Nevertheless, there exists some dialectal variation regarding the use of certain agentive verbs, specifically those that convey (non-static) processes, where the subject is interpreted as both the force initiating the process and the entity undergoing it. We will henceforth refer to this group of verbs as agentive process verbs. In Eastern dialects,1 some agentive process verbs combine an absolutive subject with the auxiliary izan ‘be’ (Oyharçabal 1992; Aldai 2006; 2009; 2010; Berro 2010; 2012), thus resembling other ergative – non-active – languages like Warlpiri, Niuean and Samoan, where all intransitive verbs combine with an absolutive subject (Levin 1983; Massam 2009; Tollan 2018). Even if we do not believe that verb meaning by itself (in rough terms, agentive vs. patientive) is a totally reliable predictor of the syntactic behavior of verbs, it is important to pay attention to and account for those cases where semantic generalizations are clearly contravened, as occurs with the verbs under study. With the exception of Levin (1983), previous studies have assumed that the agentive process verbs that combine with an absolutive subject in Eastern dialects are unergative and have accounted independently for the absolutive marking. In fact, these verbs belong to semantic groups that are usually considered unergative (controlled and agentive processes), and include bazkaldu ‘have lunch’, solastatu ‘talk’, borrokatu ‘fight’ or jolastu ‘play’. Moreover, they behave syntactically like unergatives in their inability to undergo causativization (Oyharçabal 2003).",7,"In fact, these verbs belong to semantic groups that are usually considered unergative (controlled and agentive processes), and include bazkaldu ‘have lunch’, solastatu ‘talk’, borrokatu ‘fight’ or jolastu ‘play’.",1,The Basque agentive process verbs that combine with an absolutive subject in some dialects belong to semantic groups that are usually considered unergative (controlled and agentive processes).
glossa-5270-pineda,,"Basque is a morphologically ergative language in which intransitive verbs show two different morphological alignments: broadly speaking, agentive verbs usually occur with an ergative subject and the auxiliary edun ‘have’, whereas patientive verbs combine with an absolutive subject and the auxiliary izan ‘be’ (Levin 1983). Nevertheless, there exists some dialectal variation regarding the use of certain agentive verbs, specifically those that convey (non-static) processes, where the subject is interpreted as both the force initiating the process and the entity undergoing it. We will henceforth refer to this group of verbs as agentive process verbs. In Eastern dialects,1 some agentive process verbs combine an absolutive subject with the auxiliary izan ‘be’ (Oyharçabal 1992; Aldai 2006; 2009; 2010; Berro 2010; 2012), thus resembling other ergative – non-active – languages like Warlpiri, Niuean and Samoan, where all intransitive verbs combine with an absolutive subject (Levin 1983; Massam 2009; Tollan 2018). Even if we do not believe that verb meaning by itself (in rough terms, agentive vs. patientive) is a totally reliable predictor of the syntactic behavior of verbs, it is important to pay attention to and account for those cases where semantic generalizations are clearly contravened, as occurs with the verbs under study. With the exception of Levin (1983), previous studies have assumed that the agentive process verbs that combine with an absolutive subject in Eastern dialects are unergative and have accounted independently for the absolutive marking. In fact, these verbs belong to semantic groups that are usually considered unergative (controlled and agentive processes), and include bazkaldu ‘have lunch’, solastatu ‘talk’, borrokatu ‘fight’ or jolastu ‘play’. Moreover, they behave syntactically like unergatives in their inability to undergo causativization (Oyharçabal 2003).",7,"In fact, these verbs belong to semantic groups that are usually considered unergative (controlled and agentive processes), and include bazkaldu ‘have lunch’, solastatu ‘talk’, borrokatu ‘fight’ or jolastu ‘play’.",2,"The Basque agentive process verbs in question include bazkaldu, solastatu, borrokatu, and jolastu."
glossa-5270-pineda,,"Basque is a morphologically ergative language in which intransitive verbs show two different morphological alignments: broadly speaking, agentive verbs usually occur with an ergative subject and the auxiliary edun ‘have’, whereas patientive verbs combine with an absolutive subject and the auxiliary izan ‘be’ (Levin 1983). Nevertheless, there exists some dialectal variation regarding the use of certain agentive verbs, specifically those that convey (non-static) processes, where the subject is interpreted as both the force initiating the process and the entity undergoing it. We will henceforth refer to this group of verbs as agentive process verbs. In Eastern dialects,1 some agentive process verbs combine an absolutive subject with the auxiliary izan ‘be’ (Oyharçabal 1992; Aldai 2006; 2009; 2010; Berro 2010; 2012), thus resembling other ergative – non-active – languages like Warlpiri, Niuean and Samoan, where all intransitive verbs combine with an absolutive subject (Levin 1983; Massam 2009; Tollan 2018). Even if we do not believe that verb meaning by itself (in rough terms, agentive vs. patientive) is a totally reliable predictor of the syntactic behavior of verbs, it is important to pay attention to and account for those cases where semantic generalizations are clearly contravened, as occurs with the verbs under study. With the exception of Levin (1983), previous studies have assumed that the agentive process verbs that combine with an absolutive subject in Eastern dialects are unergative and have accounted independently for the absolutive marking. In fact, these verbs belong to semantic groups that are usually considered unergative (controlled and agentive processes), and include bazkaldu ‘have lunch’, solastatu ‘talk’, borrokatu ‘fight’ or jolastu ‘play’. Moreover, they behave syntactically like unergatives in their inability to undergo causativization (Oyharçabal 2003).",8,"Moreover, they behave syntactically like unergatives in their inability to undergo causativization (Oyharçabal 2003).",1,The Basque agentive process verbs that combine with an absolutive subject in some dialects behave syntactically like unergatives in that they are unable to undergo causativization (Oyharçabal 2003).
glossa-10899-aremu,Title and Abstract,Prosodically determined coordinator placement in Yorùbá,1,Prosodically determined coordinator placement in Yorùbá,1,"In Yorùbá, coordinator placement is prosodically determined."
glossa-10899-aremu,Title and Abstract,"In this paper, we look at the properties of the clausal coordinator sì in Yorùbá. We will show that despite its unusual surface position in the middle field of the second conjunct, the element should still be treated as a proper coordinator and not, as sometimes claimed, as an adverb. We then go on to fully describe the distribution of sì in simple clauses as well as in complex constructions involving focus movement, adverbial or relative clauses. Based on these configurations, we argue that a search for a uniform syntactic position of sì is bound to be unsuccessful. Rather, we claim that the uniform underlying factor in all of these constructions is that sì always right-attaches to the first phonological phrase of the second conjunct clause irrespective of syntactic constituents or islands. We provide evidence for this claim from various phonological processes such as (i) phonological fusion, (ii) the association of floating tones, (iii) assimilation, (iv) tonal OCP-effects, and (v) allomorphy. The present study thus not only solves a curious language-specific puzzle in Yorùbá but also provides a convincing case of prosodically driven clitic displacement to a position after the first phonological/prosodic phrase. In doing so, it falls nicely into emerging typologies of clitic placement patterns in the world’s languages.",1,"In this paper, we look at the properties of the clausal coordinator sì in Yorùbá.",1,The properties of the clausal coordinator sì in Yorùbá are examined.
glossa-10899-aremu,Title and Abstract,"In this paper, we look at the properties of the clausal coordinator sì in Yorùbá. We will show that despite its unusual surface position in the middle field of the second conjunct, the element should still be treated as a proper coordinator and not, as sometimes claimed, as an adverb. We then go on to fully describe the distribution of sì in simple clauses as well as in complex constructions involving focus movement, adverbial or relative clauses. Based on these configurations, we argue that a search for a uniform syntactic position of sì is bound to be unsuccessful. Rather, we claim that the uniform underlying factor in all of these constructions is that sì always right-attaches to the first phonological phrase of the second conjunct clause irrespective of syntactic constituents or islands. We provide evidence for this claim from various phonological processes such as (i) phonological fusion, (ii) the association of floating tones, (iii) assimilation, (iv) tonal OCP-effects, and (v) allomorphy. The present study thus not only solves a curious language-specific puzzle in Yorùbá but also provides a convincing case of prosodically driven clitic displacement to a position after the first phonological/prosodic phrase. In doing so, it falls nicely into emerging typologies of clitic placement patterns in the world’s languages.",2,"We will show that despite its unusual surface position in the middle field of the second conjunct, the element should still be treated as a proper coordinator and not, as sometimes claimed, as an adverb.",1,"Despite its unusual surface position in the middle field of the second conjunct, the clausal coordinator sì in Yorùbá should be treated as a proper coordinator."
glossa-10899-aremu,Title and Abstract,"In this paper, we look at the properties of the clausal coordinator sì in Yorùbá. We will show that despite its unusual surface position in the middle field of the second conjunct, the element should still be treated as a proper coordinator and not, as sometimes claimed, as an adverb. We then go on to fully describe the distribution of sì in simple clauses as well as in complex constructions involving focus movement, adverbial or relative clauses. Based on these configurations, we argue that a search for a uniform syntactic position of sì is bound to be unsuccessful. Rather, we claim that the uniform underlying factor in all of these constructions is that sì always right-attaches to the first phonological phrase of the second conjunct clause irrespective of syntactic constituents or islands. We provide evidence for this claim from various phonological processes such as (i) phonological fusion, (ii) the association of floating tones, (iii) assimilation, (iv) tonal OCP-effects, and (v) allomorphy. The present study thus not only solves a curious language-specific puzzle in Yorùbá but also provides a convincing case of prosodically driven clitic displacement to a position after the first phonological/prosodic phrase. In doing so, it falls nicely into emerging typologies of clitic placement patterns in the world’s languages.",2,"We will show that despite its unusual surface position in the middle field of the second conjunct, the element should still be treated as a proper coordinator and not, as sometimes claimed, as an adverb.",2,"Despite its unusual surface position in the middle field of the second conjunct, the clausal coordinator sì in Yorùbá should not be treated as an adverb."
glossa-10899-aremu,Title and Abstract,"In this paper, we look at the properties of the clausal coordinator sì in Yorùbá. We will show that despite its unusual surface position in the middle field of the second conjunct, the element should still be treated as a proper coordinator and not, as sometimes claimed, as an adverb. We then go on to fully describe the distribution of sì in simple clauses as well as in complex constructions involving focus movement, adverbial or relative clauses. Based on these configurations, we argue that a search for a uniform syntactic position of sì is bound to be unsuccessful. Rather, we claim that the uniform underlying factor in all of these constructions is that sì always right-attaches to the first phonological phrase of the second conjunct clause irrespective of syntactic constituents or islands. We provide evidence for this claim from various phonological processes such as (i) phonological fusion, (ii) the association of floating tones, (iii) assimilation, (iv) tonal OCP-effects, and (v) allomorphy. The present study thus not only solves a curious language-specific puzzle in Yorùbá but also provides a convincing case of prosodically driven clitic displacement to a position after the first phonological/prosodic phrase. In doing so, it falls nicely into emerging typologies of clitic placement patterns in the world’s languages.",2,"We will show that despite its unusual surface position in the middle field of the second conjunct, the element should still be treated as a proper coordinator and not, as sometimes claimed, as an adverb.",3,Some analysts have claimed that the clausal coordinator sì in Yorùbá is an adverb.
glossa-10899-aremu,Title and Abstract,"In this paper, we look at the properties of the clausal coordinator sì in Yorùbá. We will show that despite its unusual surface position in the middle field of the second conjunct, the element should still be treated as a proper coordinator and not, as sometimes claimed, as an adverb. We then go on to fully describe the distribution of sì in simple clauses as well as in complex constructions involving focus movement, adverbial or relative clauses. Based on these configurations, we argue that a search for a uniform syntactic position of sì is bound to be unsuccessful. Rather, we claim that the uniform underlying factor in all of these constructions is that sì always right-attaches to the first phonological phrase of the second conjunct clause irrespective of syntactic constituents or islands. We provide evidence for this claim from various phonological processes such as (i) phonological fusion, (ii) the association of floating tones, (iii) assimilation, (iv) tonal OCP-effects, and (v) allomorphy. The present study thus not only solves a curious language-specific puzzle in Yorùbá but also provides a convincing case of prosodically driven clitic displacement to a position after the first phonological/prosodic phrase. In doing so, it falls nicely into emerging typologies of clitic placement patterns in the world’s languages.",3,"We then go on to fully describe the distribution of sì in simple clauses as well as in complex constructions involving focus movement, adverbial or relative clauses.",1,The distribution of sì in Yorùbá is described for simple clauses.
glossa-10899-aremu,Title and Abstract,"In this paper, we look at the properties of the clausal coordinator sì in Yorùbá. We will show that despite its unusual surface position in the middle field of the second conjunct, the element should still be treated as a proper coordinator and not, as sometimes claimed, as an adverb. We then go on to fully describe the distribution of sì in simple clauses as well as in complex constructions involving focus movement, adverbial or relative clauses. Based on these configurations, we argue that a search for a uniform syntactic position of sì is bound to be unsuccessful. Rather, we claim that the uniform underlying factor in all of these constructions is that sì always right-attaches to the first phonological phrase of the second conjunct clause irrespective of syntactic constituents or islands. We provide evidence for this claim from various phonological processes such as (i) phonological fusion, (ii) the association of floating tones, (iii) assimilation, (iv) tonal OCP-effects, and (v) allomorphy. The present study thus not only solves a curious language-specific puzzle in Yorùbá but also provides a convincing case of prosodically driven clitic displacement to a position after the first phonological/prosodic phrase. In doing so, it falls nicely into emerging typologies of clitic placement patterns in the world’s languages.",3,"We then go on to fully describe the distribution of sì in simple clauses as well as in complex constructions involving focus movement, adverbial or relative clauses.",2,The distribution of sì in Yorùbá is described for complex constructions involving focus movement.
glossa-10899-aremu,Title and Abstract,"In this paper, we look at the properties of the clausal coordinator sì in Yorùbá. We will show that despite its unusual surface position in the middle field of the second conjunct, the element should still be treated as a proper coordinator and not, as sometimes claimed, as an adverb. We then go on to fully describe the distribution of sì in simple clauses as well as in complex constructions involving focus movement, adverbial or relative clauses. Based on these configurations, we argue that a search for a uniform syntactic position of sì is bound to be unsuccessful. Rather, we claim that the uniform underlying factor in all of these constructions is that sì always right-attaches to the first phonological phrase of the second conjunct clause irrespective of syntactic constituents or islands. We provide evidence for this claim from various phonological processes such as (i) phonological fusion, (ii) the association of floating tones, (iii) assimilation, (iv) tonal OCP-effects, and (v) allomorphy. The present study thus not only solves a curious language-specific puzzle in Yorùbá but also provides a convincing case of prosodically driven clitic displacement to a position after the first phonological/prosodic phrase. In doing so, it falls nicely into emerging typologies of clitic placement patterns in the world’s languages.",3,"We then go on to fully describe the distribution of sì in simple clauses as well as in complex constructions involving focus movement, adverbial or relative clauses.",3,The distribution of sì in Yorùbá is described for complex constructions involving adverbial clauses.
glossa-10899-aremu,Title and Abstract,"In this paper, we look at the properties of the clausal coordinator sì in Yorùbá. We will show that despite its unusual surface position in the middle field of the second conjunct, the element should still be treated as a proper coordinator and not, as sometimes claimed, as an adverb. We then go on to fully describe the distribution of sì in simple clauses as well as in complex constructions involving focus movement, adverbial or relative clauses. Based on these configurations, we argue that a search for a uniform syntactic position of sì is bound to be unsuccessful. Rather, we claim that the uniform underlying factor in all of these constructions is that sì always right-attaches to the first phonological phrase of the second conjunct clause irrespective of syntactic constituents or islands. We provide evidence for this claim from various phonological processes such as (i) phonological fusion, (ii) the association of floating tones, (iii) assimilation, (iv) tonal OCP-effects, and (v) allomorphy. The present study thus not only solves a curious language-specific puzzle in Yorùbá but also provides a convincing case of prosodically driven clitic displacement to a position after the first phonological/prosodic phrase. In doing so, it falls nicely into emerging typologies of clitic placement patterns in the world’s languages.",3,"We then go on to fully describe the distribution of sì in simple clauses as well as in complex constructions involving focus movement, adverbial or relative clauses.",4,The distribution of sì in Yorùbá is described for complex constructions involving relative clauses.
glossa-10899-aremu,Title and Abstract,"In this paper, we look at the properties of the clausal coordinator sì in Yorùbá. We will show that despite its unusual surface position in the middle field of the second conjunct, the element should still be treated as a proper coordinator and not, as sometimes claimed, as an adverb. We then go on to fully describe the distribution of sì in simple clauses as well as in complex constructions involving focus movement, adverbial or relative clauses. Based on these configurations, we argue that a search for a uniform syntactic position of sì is bound to be unsuccessful. Rather, we claim that the uniform underlying factor in all of these constructions is that sì always right-attaches to the first phonological phrase of the second conjunct clause irrespective of syntactic constituents or islands. We provide evidence for this claim from various phonological processes such as (i) phonological fusion, (ii) the association of floating tones, (iii) assimilation, (iv) tonal OCP-effects, and (v) allomorphy. The present study thus not only solves a curious language-specific puzzle in Yorùbá but also provides a convincing case of prosodically driven clitic displacement to a position after the first phonological/prosodic phrase. In doing so, it falls nicely into emerging typologies of clitic placement patterns in the world’s languages.",4,"Based on these configurations, we argue that a search for a uniform syntactic position of sì is bound to be unsuccessful.",1,"Based on the described configurations, a search for a uniform syntactic position of sì in Yorùbá is bound to be unsuccessful."
glossa-10899-aremu,Title and Abstract,"In this paper, we look at the properties of the clausal coordinator sì in Yorùbá. We will show that despite its unusual surface position in the middle field of the second conjunct, the element should still be treated as a proper coordinator and not, as sometimes claimed, as an adverb. We then go on to fully describe the distribution of sì in simple clauses as well as in complex constructions involving focus movement, adverbial or relative clauses. Based on these configurations, we argue that a search for a uniform syntactic position of sì is bound to be unsuccessful. Rather, we claim that the uniform underlying factor in all of these constructions is that sì always right-attaches to the first phonological phrase of the second conjunct clause irrespective of syntactic constituents or islands. We provide evidence for this claim from various phonological processes such as (i) phonological fusion, (ii) the association of floating tones, (iii) assimilation, (iv) tonal OCP-effects, and (v) allomorphy. The present study thus not only solves a curious language-specific puzzle in Yorùbá but also provides a convincing case of prosodically driven clitic displacement to a position after the first phonological/prosodic phrase. In doing so, it falls nicely into emerging typologies of clitic placement patterns in the world’s languages.",5,"Rather, we claim that the uniform underlying factor in all of these constructions is that sì always right-attaches to the first phonological phrase of the second conjunct clause irrespective of syntactic constituents or islands.",1,"In Yorùbá, the uniform underlying factor across these constructions is that sì always right-attaches to the first phonological phrase of the second conjunct clause."
glossa-10899-aremu,Title and Abstract,"In this paper, we look at the properties of the clausal coordinator sì in Yorùbá. We will show that despite its unusual surface position in the middle field of the second conjunct, the element should still be treated as a proper coordinator and not, as sometimes claimed, as an adverb. We then go on to fully describe the distribution of sì in simple clauses as well as in complex constructions involving focus movement, adverbial or relative clauses. Based on these configurations, we argue that a search for a uniform syntactic position of sì is bound to be unsuccessful. Rather, we claim that the uniform underlying factor in all of these constructions is that sì always right-attaches to the first phonological phrase of the second conjunct clause irrespective of syntactic constituents or islands. We provide evidence for this claim from various phonological processes such as (i) phonological fusion, (ii) the association of floating tones, (iii) assimilation, (iv) tonal OCP-effects, and (v) allomorphy. The present study thus not only solves a curious language-specific puzzle in Yorùbá but also provides a convincing case of prosodically driven clitic displacement to a position after the first phonological/prosodic phrase. In doing so, it falls nicely into emerging typologies of clitic placement patterns in the world’s languages.",5,"Rather, we claim that the uniform underlying factor in all of these constructions is that sì always right-attaches to the first phonological phrase of the second conjunct clause irrespective of syntactic constituents or islands.",2,"In Yorùbá, the right-attachment of sì to the first phonological phrase of the second conjunct clause is irrespective of syntactic constituents or islands."
glossa-10899-aremu,Title and Abstract,"In this paper, we look at the properties of the clausal coordinator sì in Yorùbá. We will show that despite its unusual surface position in the middle field of the second conjunct, the element should still be treated as a proper coordinator and not, as sometimes claimed, as an adverb. We then go on to fully describe the distribution of sì in simple clauses as well as in complex constructions involving focus movement, adverbial or relative clauses. Based on these configurations, we argue that a search for a uniform syntactic position of sì is bound to be unsuccessful. Rather, we claim that the uniform underlying factor in all of these constructions is that sì always right-attaches to the first phonological phrase of the second conjunct clause irrespective of syntactic constituents or islands. We provide evidence for this claim from various phonological processes such as (i) phonological fusion, (ii) the association of floating tones, (iii) assimilation, (iv) tonal OCP-effects, and (v) allomorphy. The present study thus not only solves a curious language-specific puzzle in Yorùbá but also provides a convincing case of prosodically driven clitic displacement to a position after the first phonological/prosodic phrase. In doing so, it falls nicely into emerging typologies of clitic placement patterns in the world’s languages.",6,"We provide evidence for this claim from various phonological processes such as (i) phonological fusion, (ii) the association of floating tones, (iii) assimilation, (iv) tonal OCP-effects, and (v) allomorphy.",1,"In Yorùbá, evidence for the claim about sì right-attaching to the first phonological phrase comes from phonological fusion."
glossa-10899-aremu,Title and Abstract,"In this paper, we look at the properties of the clausal coordinator sì in Yorùbá. We will show that despite its unusual surface position in the middle field of the second conjunct, the element should still be treated as a proper coordinator and not, as sometimes claimed, as an adverb. We then go on to fully describe the distribution of sì in simple clauses as well as in complex constructions involving focus movement, adverbial or relative clauses. Based on these configurations, we argue that a search for a uniform syntactic position of sì is bound to be unsuccessful. Rather, we claim that the uniform underlying factor in all of these constructions is that sì always right-attaches to the first phonological phrase of the second conjunct clause irrespective of syntactic constituents or islands. We provide evidence for this claim from various phonological processes such as (i) phonological fusion, (ii) the association of floating tones, (iii) assimilation, (iv) tonal OCP-effects, and (v) allomorphy. The present study thus not only solves a curious language-specific puzzle in Yorùbá but also provides a convincing case of prosodically driven clitic displacement to a position after the first phonological/prosodic phrase. In doing so, it falls nicely into emerging typologies of clitic placement patterns in the world’s languages.",6,"We provide evidence for this claim from various phonological processes such as (i) phonological fusion, (ii) the association of floating tones, (iii) assimilation, (iv) tonal OCP-effects, and (v) allomorphy.",2,"In Yorùbá, evidence for the claim about sì right-attaching to the first phonological phrase comes from the association of floating tones."
glossa-10899-aremu,Title and Abstract,"In this paper, we look at the properties of the clausal coordinator sì in Yorùbá. We will show that despite its unusual surface position in the middle field of the second conjunct, the element should still be treated as a proper coordinator and not, as sometimes claimed, as an adverb. We then go on to fully describe the distribution of sì in simple clauses as well as in complex constructions involving focus movement, adverbial or relative clauses. Based on these configurations, we argue that a search for a uniform syntactic position of sì is bound to be unsuccessful. Rather, we claim that the uniform underlying factor in all of these constructions is that sì always right-attaches to the first phonological phrase of the second conjunct clause irrespective of syntactic constituents or islands. We provide evidence for this claim from various phonological processes such as (i) phonological fusion, (ii) the association of floating tones, (iii) assimilation, (iv) tonal OCP-effects, and (v) allomorphy. The present study thus not only solves a curious language-specific puzzle in Yorùbá but also provides a convincing case of prosodically driven clitic displacement to a position after the first phonological/prosodic phrase. In doing so, it falls nicely into emerging typologies of clitic placement patterns in the world’s languages.",6,"We provide evidence for this claim from various phonological processes such as (i) phonological fusion, (ii) the association of floating tones, (iii) assimilation, (iv) tonal OCP-effects, and (v) allomorphy.",3,"In Yorùbá, evidence for the claim about sì right-attaching to the first phonological phrase comes from assimilation."
glossa-10899-aremu,Title and Abstract,"In this paper, we look at the properties of the clausal coordinator sì in Yorùbá. We will show that despite its unusual surface position in the middle field of the second conjunct, the element should still be treated as a proper coordinator and not, as sometimes claimed, as an adverb. We then go on to fully describe the distribution of sì in simple clauses as well as in complex constructions involving focus movement, adverbial or relative clauses. Based on these configurations, we argue that a search for a uniform syntactic position of sì is bound to be unsuccessful. Rather, we claim that the uniform underlying factor in all of these constructions is that sì always right-attaches to the first phonological phrase of the second conjunct clause irrespective of syntactic constituents or islands. We provide evidence for this claim from various phonological processes such as (i) phonological fusion, (ii) the association of floating tones, (iii) assimilation, (iv) tonal OCP-effects, and (v) allomorphy. The present study thus not only solves a curious language-specific puzzle in Yorùbá but also provides a convincing case of prosodically driven clitic displacement to a position after the first phonological/prosodic phrase. In doing so, it falls nicely into emerging typologies of clitic placement patterns in the world’s languages.",6,"We provide evidence for this claim from various phonological processes such as (i) phonological fusion, (ii) the association of floating tones, (iii) assimilation, (iv) tonal OCP-effects, and (v) allomorphy.",4,"In Yorùbá, evidence for the claim about sì right-attaching to the first phonological phrase comes from tonal OCP-effects."
glossa-10899-aremu,Title and Abstract,"In this paper, we look at the properties of the clausal coordinator sì in Yorùbá. We will show that despite its unusual surface position in the middle field of the second conjunct, the element should still be treated as a proper coordinator and not, as sometimes claimed, as an adverb. We then go on to fully describe the distribution of sì in simple clauses as well as in complex constructions involving focus movement, adverbial or relative clauses. Based on these configurations, we argue that a search for a uniform syntactic position of sì is bound to be unsuccessful. Rather, we claim that the uniform underlying factor in all of these constructions is that sì always right-attaches to the first phonological phrase of the second conjunct clause irrespective of syntactic constituents or islands. We provide evidence for this claim from various phonological processes such as (i) phonological fusion, (ii) the association of floating tones, (iii) assimilation, (iv) tonal OCP-effects, and (v) allomorphy. The present study thus not only solves a curious language-specific puzzle in Yorùbá but also provides a convincing case of prosodically driven clitic displacement to a position after the first phonological/prosodic phrase. In doing so, it falls nicely into emerging typologies of clitic placement patterns in the world’s languages.",6,"We provide evidence for this claim from various phonological processes such as (i) phonological fusion, (ii) the association of floating tones, (iii) assimilation, (iv) tonal OCP-effects, and (v) allomorphy.",5,"In Yorùbá, evidence for the claim about sì right-attaching to the first phonological phrase comes from allomorphy."
glossa-10899-aremu,Title and Abstract,"In this paper, we look at the properties of the clausal coordinator sì in Yorùbá. We will show that despite its unusual surface position in the middle field of the second conjunct, the element should still be treated as a proper coordinator and not, as sometimes claimed, as an adverb. We then go on to fully describe the distribution of sì in simple clauses as well as in complex constructions involving focus movement, adverbial or relative clauses. Based on these configurations, we argue that a search for a uniform syntactic position of sì is bound to be unsuccessful. Rather, we claim that the uniform underlying factor in all of these constructions is that sì always right-attaches to the first phonological phrase of the second conjunct clause irrespective of syntactic constituents or islands. We provide evidence for this claim from various phonological processes such as (i) phonological fusion, (ii) the association of floating tones, (iii) assimilation, (iv) tonal OCP-effects, and (v) allomorphy. The present study thus not only solves a curious language-specific puzzle in Yorùbá but also provides a convincing case of prosodically driven clitic displacement to a position after the first phonological/prosodic phrase. In doing so, it falls nicely into emerging typologies of clitic placement patterns in the world’s languages.",7,The present study thus not only solves a curious language-specific puzzle in Yorùbá but also provides a convincing case of prosodically driven clitic displacement to a position after the first phonological/prosodic phrase.,1,The study solves a curious language-specific puzzle in Yorùbá.
glossa-10899-aremu,Title and Abstract,"In this paper, we look at the properties of the clausal coordinator sì in Yorùbá. We will show that despite its unusual surface position in the middle field of the second conjunct, the element should still be treated as a proper coordinator and not, as sometimes claimed, as an adverb. We then go on to fully describe the distribution of sì in simple clauses as well as in complex constructions involving focus movement, adverbial or relative clauses. Based on these configurations, we argue that a search for a uniform syntactic position of sì is bound to be unsuccessful. Rather, we claim that the uniform underlying factor in all of these constructions is that sì always right-attaches to the first phonological phrase of the second conjunct clause irrespective of syntactic constituents or islands. We provide evidence for this claim from various phonological processes such as (i) phonological fusion, (ii) the association of floating tones, (iii) assimilation, (iv) tonal OCP-effects, and (v) allomorphy. The present study thus not only solves a curious language-specific puzzle in Yorùbá but also provides a convincing case of prosodically driven clitic displacement to a position after the first phonological/prosodic phrase. In doing so, it falls nicely into emerging typologies of clitic placement patterns in the world’s languages.",7,The present study thus not only solves a curious language-specific puzzle in Yorùbá but also provides a convincing case of prosodically driven clitic displacement to a position after the first phonological/prosodic phrase.,2,The study provides a convincing case of prosodically driven clitic displacement to a position after the first phonological/prosodic phrase in Yorùbá.
glossa-10899-aremu,Title and Abstract,"In this paper, we look at the properties of the clausal coordinator sì in Yorùbá. We will show that despite its unusual surface position in the middle field of the second conjunct, the element should still be treated as a proper coordinator and not, as sometimes claimed, as an adverb. We then go on to fully describe the distribution of sì in simple clauses as well as in complex constructions involving focus movement, adverbial or relative clauses. Based on these configurations, we argue that a search for a uniform syntactic position of sì is bound to be unsuccessful. Rather, we claim that the uniform underlying factor in all of these constructions is that sì always right-attaches to the first phonological phrase of the second conjunct clause irrespective of syntactic constituents or islands. We provide evidence for this claim from various phonological processes such as (i) phonological fusion, (ii) the association of floating tones, (iii) assimilation, (iv) tonal OCP-effects, and (v) allomorphy. The present study thus not only solves a curious language-specific puzzle in Yorùbá but also provides a convincing case of prosodically driven clitic displacement to a position after the first phonological/prosodic phrase. In doing so, it falls nicely into emerging typologies of clitic placement patterns in the world’s languages.",8,"In doing so, it falls nicely into emerging typologies of clitic placement patterns in the world’s languages.",1,"By providing a case of prosodically driven clitic displacement after the first phonological phrase in Yorùbá, the study falls into emerging typologies of clitic placement patterns in the world's languages."
glossa-5462-julien,Title and Abstract,"North Sámi has a class of derived verbs called sensive verbs. Descriptively, these verbs are formed by adding the suffix /ʃ/ to an adjectival or nominal base, and the resulting verb means ‘find [object] (too) ADJECTIVE/NOUN’. In this paper it is argued that the sensive verbs do not involve any psychological verb, and the suffix is not specified as “sensive” in the lexicon. Rather, the suffix is specified as a realisation of a stative verbaliser in a transitive structure. The interpretation of the verb and the experiencer role of the subject follow from this specification in combination with the syntax of the verb phrase as a whole, which has a stative verbaliser and a Voice head on top of a minimal aP or nP. Other vocabulary items that could spell out the stative verbaliser are prevented from appearing in the sensive verb phrase, since the conditions for inserting them are not met. The consequence is that the suffix /ʃ/ is restricted to sensive verbs.",1,North Sámi has a class of derived verbs called sensive verbs.,1,North Sámi has a class of derived verbs called sensive verbs.
glossa-5462-julien,Title and Abstract,"North Sámi has a class of derived verbs called sensive verbs. Descriptively, these verbs are formed by adding the suffix /ʃ/ to an adjectival or nominal base, and the resulting verb means ‘find [object] (too) ADJECTIVE/NOUN’. In this paper it is argued that the sensive verbs do not involve any psychological verb, and the suffix is not specified as “sensive” in the lexicon. Rather, the suffix is specified as a realisation of a stative verbaliser in a transitive structure. The interpretation of the verb and the experiencer role of the subject follow from this specification in combination with the syntax of the verb phrase as a whole, which has a stative verbaliser and a Voice head on top of a minimal aP or nP. Other vocabulary items that could spell out the stative verbaliser are prevented from appearing in the sensive verb phrase, since the conditions for inserting them are not met. The consequence is that the suffix /ʃ/ is restricted to sensive verbs.",2,"Descriptively, these verbs are formed by adding the suffix /ʃ/ to an adjectival or nominal base, and the resulting verb means ‘find [object] (too) ADJECTIVE/NOUN’.",1,"In North Sámi, sensive verbs are formed by adding the suffix /ʃ/ to an adjectival base."
glossa-5462-julien,Title and Abstract,"North Sámi has a class of derived verbs called sensive verbs. Descriptively, these verbs are formed by adding the suffix /ʃ/ to an adjectival or nominal base, and the resulting verb means ‘find [object] (too) ADJECTIVE/NOUN’. In this paper it is argued that the sensive verbs do not involve any psychological verb, and the suffix is not specified as “sensive” in the lexicon. Rather, the suffix is specified as a realisation of a stative verbaliser in a transitive structure. The interpretation of the verb and the experiencer role of the subject follow from this specification in combination with the syntax of the verb phrase as a whole, which has a stative verbaliser and a Voice head on top of a minimal aP or nP. Other vocabulary items that could spell out the stative verbaliser are prevented from appearing in the sensive verb phrase, since the conditions for inserting them are not met. The consequence is that the suffix /ʃ/ is restricted to sensive verbs.",2,"Descriptively, these verbs are formed by adding the suffix /ʃ/ to an adjectival or nominal base, and the resulting verb means ‘find [object] (too) ADJECTIVE/NOUN’.",2,"In North Sámi, sensive verbs are formed by adding the suffix /ʃ/ to a nominal base."
glossa-5462-julien,Title and Abstract,"North Sámi has a class of derived verbs called sensive verbs. Descriptively, these verbs are formed by adding the suffix /ʃ/ to an adjectival or nominal base, and the resulting verb means ‘find [object] (too) ADJECTIVE/NOUN’. In this paper it is argued that the sensive verbs do not involve any psychological verb, and the suffix is not specified as “sensive” in the lexicon. Rather, the suffix is specified as a realisation of a stative verbaliser in a transitive structure. The interpretation of the verb and the experiencer role of the subject follow from this specification in combination with the syntax of the verb phrase as a whole, which has a stative verbaliser and a Voice head on top of a minimal aP or nP. Other vocabulary items that could spell out the stative verbaliser are prevented from appearing in the sensive verb phrase, since the conditions for inserting them are not met. The consequence is that the suffix /ʃ/ is restricted to sensive verbs.",2,"Descriptively, these verbs are formed by adding the suffix /ʃ/ to an adjectival or nominal base, and the resulting verb means ‘find [object] (too) ADJECTIVE/NOUN’.",3,"In North Sámi, the resulting sensive verb means 'find [object] (too) ADJECTIVE/NOUN'."
glossa-5462-julien,Title and Abstract,"North Sámi has a class of derived verbs called sensive verbs. Descriptively, these verbs are formed by adding the suffix /ʃ/ to an adjectival or nominal base, and the resulting verb means ‘find [object] (too) ADJECTIVE/NOUN’. In this paper it is argued that the sensive verbs do not involve any psychological verb, and the suffix is not specified as “sensive” in the lexicon. Rather, the suffix is specified as a realisation of a stative verbaliser in a transitive structure. The interpretation of the verb and the experiencer role of the subject follow from this specification in combination with the syntax of the verb phrase as a whole, which has a stative verbaliser and a Voice head on top of a minimal aP or nP. Other vocabulary items that could spell out the stative verbaliser are prevented from appearing in the sensive verb phrase, since the conditions for inserting them are not met. The consequence is that the suffix /ʃ/ is restricted to sensive verbs.",3,"In this paper it is argued that the sensive verbs do not involve any psychological verb, and the suffix is not specified as “sensive” in the lexicon.",1,Sensive verbs in North Sámi do not involve any psychological verb.
glossa-5462-julien,Title and Abstract,"North Sámi has a class of derived verbs called sensive verbs. Descriptively, these verbs are formed by adding the suffix /ʃ/ to an adjectival or nominal base, and the resulting verb means ‘find [object] (too) ADJECTIVE/NOUN’. In this paper it is argued that the sensive verbs do not involve any psychological verb, and the suffix is not specified as “sensive” in the lexicon. Rather, the suffix is specified as a realisation of a stative verbaliser in a transitive structure. The interpretation of the verb and the experiencer role of the subject follow from this specification in combination with the syntax of the verb phrase as a whole, which has a stative verbaliser and a Voice head on top of a minimal aP or nP. Other vocabulary items that could spell out the stative verbaliser are prevented from appearing in the sensive verb phrase, since the conditions for inserting them are not met. The consequence is that the suffix /ʃ/ is restricted to sensive verbs.",3,"In this paper it is argued that the sensive verbs do not involve any psychological verb, and the suffix is not specified as “sensive” in the lexicon.",2,"In the North Sámi lexicon, the suffix /ʃ/ is not specified as 'sensive'."
glossa-5462-julien,Title and Abstract,"North Sámi has a class of derived verbs called sensive verbs. Descriptively, these verbs are formed by adding the suffix /ʃ/ to an adjectival or nominal base, and the resulting verb means ‘find [object] (too) ADJECTIVE/NOUN’. In this paper it is argued that the sensive verbs do not involve any psychological verb, and the suffix is not specified as “sensive” in the lexicon. Rather, the suffix is specified as a realisation of a stative verbaliser in a transitive structure. The interpretation of the verb and the experiencer role of the subject follow from this specification in combination with the syntax of the verb phrase as a whole, which has a stative verbaliser and a Voice head on top of a minimal aP or nP. Other vocabulary items that could spell out the stative verbaliser are prevented from appearing in the sensive verb phrase, since the conditions for inserting them are not met. The consequence is that the suffix /ʃ/ is restricted to sensive verbs.",4,"Rather, the suffix is specified as a realisation of a stative verbaliser in a transitive structure.",1,"In North Sámi, the suffix /ʃ/ is specified as a realisation of a stative verbaliser in a transitive structure."
glossa-5462-julien,Title and Abstract,"North Sámi has a class of derived verbs called sensive verbs. Descriptively, these verbs are formed by adding the suffix /ʃ/ to an adjectival or nominal base, and the resulting verb means ‘find [object] (too) ADJECTIVE/NOUN’. In this paper it is argued that the sensive verbs do not involve any psychological verb, and the suffix is not specified as “sensive” in the lexicon. Rather, the suffix is specified as a realisation of a stative verbaliser in a transitive structure. The interpretation of the verb and the experiencer role of the subject follow from this specification in combination with the syntax of the verb phrase as a whole, which has a stative verbaliser and a Voice head on top of a minimal aP or nP. Other vocabulary items that could spell out the stative verbaliser are prevented from appearing in the sensive verb phrase, since the conditions for inserting them are not met. The consequence is that the suffix /ʃ/ is restricted to sensive verbs.",5,"The interpretation of the verb and the experiencer role of the subject follow from this specification in combination with the syntax of the verb phrase as a whole, which has a stative verbaliser and a Voice head on top of a minimal aP or nP.",1,"In North Sámi, the interpretation of the sensive verb and the experiencer role of the subject follow from the specification of the suffix /ʃ/ as a realisation of a stative verbaliser combined with the syntax of the verb phrase as a whole."
glossa-5462-julien,Title and Abstract,"North Sámi has a class of derived verbs called sensive verbs. Descriptively, these verbs are formed by adding the suffix /ʃ/ to an adjectival or nominal base, and the resulting verb means ‘find [object] (too) ADJECTIVE/NOUN’. In this paper it is argued that the sensive verbs do not involve any psychological verb, and the suffix is not specified as “sensive” in the lexicon. Rather, the suffix is specified as a realisation of a stative verbaliser in a transitive structure. The interpretation of the verb and the experiencer role of the subject follow from this specification in combination with the syntax of the verb phrase as a whole, which has a stative verbaliser and a Voice head on top of a minimal aP or nP. Other vocabulary items that could spell out the stative verbaliser are prevented from appearing in the sensive verb phrase, since the conditions for inserting them are not met. The consequence is that the suffix /ʃ/ is restricted to sensive verbs.",5,"The interpretation of the verb and the experiencer role of the subject follow from this specification in combination with the syntax of the verb phrase as a whole, which has a stative verbaliser and a Voice head on top of a minimal aP or nP.",2,"In North Sámi, the verb phrase has a stative verbaliser and a Voice head on top of a minimal adjectival phrase (aP) or nominal phrase (nP)."
glossa-5462-julien,Title and Abstract,"North Sámi has a class of derived verbs called sensive verbs. Descriptively, these verbs are formed by adding the suffix /ʃ/ to an adjectival or nominal base, and the resulting verb means ‘find [object] (too) ADJECTIVE/NOUN’. In this paper it is argued that the sensive verbs do not involve any psychological verb, and the suffix is not specified as “sensive” in the lexicon. Rather, the suffix is specified as a realisation of a stative verbaliser in a transitive structure. The interpretation of the verb and the experiencer role of the subject follow from this specification in combination with the syntax of the verb phrase as a whole, which has a stative verbaliser and a Voice head on top of a minimal aP or nP. Other vocabulary items that could spell out the stative verbaliser are prevented from appearing in the sensive verb phrase, since the conditions for inserting them are not met. The consequence is that the suffix /ʃ/ is restricted to sensive verbs.",6,"Other vocabulary items that could spell out the stative verbaliser are prevented from appearing in the sensive verb phrase, since the conditions for inserting them are not met.",1,"In North Sámi, other vocabulary items that could spell out the stative verbaliser are prevented from appearing in sensive verb phrases."
glossa-5462-julien,Title and Abstract,"North Sámi has a class of derived verbs called sensive verbs. Descriptively, these verbs are formed by adding the suffix /ʃ/ to an adjectival or nominal base, and the resulting verb means ‘find [object] (too) ADJECTIVE/NOUN’. In this paper it is argued that the sensive verbs do not involve any psychological verb, and the suffix is not specified as “sensive” in the lexicon. Rather, the suffix is specified as a realisation of a stative verbaliser in a transitive structure. The interpretation of the verb and the experiencer role of the subject follow from this specification in combination with the syntax of the verb phrase as a whole, which has a stative verbaliser and a Voice head on top of a minimal aP or nP. Other vocabulary items that could spell out the stative verbaliser are prevented from appearing in the sensive verb phrase, since the conditions for inserting them are not met. The consequence is that the suffix /ʃ/ is restricted to sensive verbs.",6,"Other vocabulary items that could spell out the stative verbaliser are prevented from appearing in the sensive verb phrase, since the conditions for inserting them are not met.",2,The conditions for inserting other vocabulary items into sensive verb phrases not being met implies that those vocabulary items are prevented from appearing in sensive verb phrases in North Sámi.
glossa-5462-julien,Title and Abstract,"North Sámi has a class of derived verbs called sensive verbs. Descriptively, these verbs are formed by adding the suffix /ʃ/ to an adjectival or nominal base, and the resulting verb means ‘find [object] (too) ADJECTIVE/NOUN’. In this paper it is argued that the sensive verbs do not involve any psychological verb, and the suffix is not specified as “sensive” in the lexicon. Rather, the suffix is specified as a realisation of a stative verbaliser in a transitive structure. The interpretation of the verb and the experiencer role of the subject follow from this specification in combination with the syntax of the verb phrase as a whole, which has a stative verbaliser and a Voice head on top of a minimal aP or nP. Other vocabulary items that could spell out the stative verbaliser are prevented from appearing in the sensive verb phrase, since the conditions for inserting them are not met. The consequence is that the suffix /ʃ/ is restricted to sensive verbs.",7,The consequence is that the suffix /ʃ/ is restricted to sensive verbs.,1,Other vocabulary items being prevented from appearing in sensive verb phrases in North Sámi implies that the suffix /ʃ/ is restricted to sensive verbs in North Sámi.
glossa-5462-julien,1 Introduction,"North Sámi is known to have a rich inventory of derivational suffixes – suffixes that form verbs from nouns and adjectives or from other verbs, nouns from verbs, adjectives from nouns and verbs, to mention some main types. In this paper, I will take a closer look at one particular derivational suffix, the suffix /ʃ/, spelled š, which forms verbs from adjectives or nouns. More precisely, the suffix attaches to an adjective or noun and returns a transitive verb meaning ‘[subject] find [object] (too) ADJECTIVE/NOUN’.1 A few examples are given in (1). Note that the verbs are given in the infinitive, with the infinitival suffix -it following the derivational suffix.2",1,"North Sámi is known to have a rich inventory of derivational suffixes – suffixes that form verbs from nouns and adjectives or from other verbs, nouns from verbs, adjectives from nouns and verbs, to mention some main types.",1,North Sámi has a rich inventory of derivational suffixes.
glossa-5462-julien,1 Introduction,"North Sámi is known to have a rich inventory of derivational suffixes – suffixes that form verbs from nouns and adjectives or from other verbs, nouns from verbs, adjectives from nouns and verbs, to mention some main types. In this paper, I will take a closer look at one particular derivational suffix, the suffix /ʃ/, spelled š, which forms verbs from adjectives or nouns. More precisely, the suffix attaches to an adjective or noun and returns a transitive verb meaning ‘[subject] find [object] (too) ADJECTIVE/NOUN’.1 A few examples are given in (1). Note that the verbs are given in the infinitive, with the infinitival suffix -it following the derivational suffix.2",1,"North Sámi is known to have a rich inventory of derivational suffixes – suffixes that form verbs from nouns and adjectives or from other verbs, nouns from verbs, adjectives from nouns and verbs, to mention some main types.",2,"In North Sámi, derivational suffixes form verbs from nouns."
glossa-5462-julien,1 Introduction,"North Sámi is known to have a rich inventory of derivational suffixes – suffixes that form verbs from nouns and adjectives or from other verbs, nouns from verbs, adjectives from nouns and verbs, to mention some main types. In this paper, I will take a closer look at one particular derivational suffix, the suffix /ʃ/, spelled š, which forms verbs from adjectives or nouns. More precisely, the suffix attaches to an adjective or noun and returns a transitive verb meaning ‘[subject] find [object] (too) ADJECTIVE/NOUN’.1 A few examples are given in (1). Note that the verbs are given in the infinitive, with the infinitival suffix -it following the derivational suffix.2",1,"North Sámi is known to have a rich inventory of derivational suffixes – suffixes that form verbs from nouns and adjectives or from other verbs, nouns from verbs, adjectives from nouns and verbs, to mention some main types.",3,"In North Sámi, derivational suffixes form verbs from adjectives."
glossa-5462-julien,1 Introduction,"North Sámi is known to have a rich inventory of derivational suffixes – suffixes that form verbs from nouns and adjectives or from other verbs, nouns from verbs, adjectives from nouns and verbs, to mention some main types. In this paper, I will take a closer look at one particular derivational suffix, the suffix /ʃ/, spelled š, which forms verbs from adjectives or nouns. More precisely, the suffix attaches to an adjective or noun and returns a transitive verb meaning ‘[subject] find [object] (too) ADJECTIVE/NOUN’.1 A few examples are given in (1). Note that the verbs are given in the infinitive, with the infinitival suffix -it following the derivational suffix.2",1,"North Sámi is known to have a rich inventory of derivational suffixes – suffixes that form verbs from nouns and adjectives or from other verbs, nouns from verbs, adjectives from nouns and verbs, to mention some main types.",4,"In North Sámi, derivational suffixes form verbs from other verbs."
glossa-5462-julien,1 Introduction,"North Sámi is known to have a rich inventory of derivational suffixes – suffixes that form verbs from nouns and adjectives or from other verbs, nouns from verbs, adjectives from nouns and verbs, to mention some main types. In this paper, I will take a closer look at one particular derivational suffix, the suffix /ʃ/, spelled š, which forms verbs from adjectives or nouns. More precisely, the suffix attaches to an adjective or noun and returns a transitive verb meaning ‘[subject] find [object] (too) ADJECTIVE/NOUN’.1 A few examples are given in (1). Note that the verbs are given in the infinitive, with the infinitival suffix -it following the derivational suffix.2",1,"North Sámi is known to have a rich inventory of derivational suffixes – suffixes that form verbs from nouns and adjectives or from other verbs, nouns from verbs, adjectives from nouns and verbs, to mention some main types.",5,"In North Sámi, derivational suffixes form nouns from verbs."
glossa-5462-julien,1 Introduction,"North Sámi is known to have a rich inventory of derivational suffixes – suffixes that form verbs from nouns and adjectives or from other verbs, nouns from verbs, adjectives from nouns and verbs, to mention some main types. In this paper, I will take a closer look at one particular derivational suffix, the suffix /ʃ/, spelled š, which forms verbs from adjectives or nouns. More precisely, the suffix attaches to an adjective or noun and returns a transitive verb meaning ‘[subject] find [object] (too) ADJECTIVE/NOUN’.1 A few examples are given in (1). Note that the verbs are given in the infinitive, with the infinitival suffix -it following the derivational suffix.2",1,"North Sámi is known to have a rich inventory of derivational suffixes – suffixes that form verbs from nouns and adjectives or from other verbs, nouns from verbs, adjectives from nouns and verbs, to mention some main types.",6,"In North Sámi, derivational suffixes form adjectives from nouns."
glossa-5462-julien,1 Introduction,"North Sámi is known to have a rich inventory of derivational suffixes – suffixes that form verbs from nouns and adjectives or from other verbs, nouns from verbs, adjectives from nouns and verbs, to mention some main types. In this paper, I will take a closer look at one particular derivational suffix, the suffix /ʃ/, spelled š, which forms verbs from adjectives or nouns. More precisely, the suffix attaches to an adjective or noun and returns a transitive verb meaning ‘[subject] find [object] (too) ADJECTIVE/NOUN’.1 A few examples are given in (1). Note that the verbs are given in the infinitive, with the infinitival suffix -it following the derivational suffix.2",1,"North Sámi is known to have a rich inventory of derivational suffixes – suffixes that form verbs from nouns and adjectives or from other verbs, nouns from verbs, adjectives from nouns and verbs, to mention some main types.",7,"In North Sámi, derivational suffixes form adjectives from verbs."
glossa-5462-julien,1 Introduction,"North Sámi is known to have a rich inventory of derivational suffixes – suffixes that form verbs from nouns and adjectives or from other verbs, nouns from verbs, adjectives from nouns and verbs, to mention some main types. In this paper, I will take a closer look at one particular derivational suffix, the suffix /ʃ/, spelled š, which forms verbs from adjectives or nouns. More precisely, the suffix attaches to an adjective or noun and returns a transitive verb meaning ‘[subject] find [object] (too) ADJECTIVE/NOUN’.1 A few examples are given in (1). Note that the verbs are given in the infinitive, with the infinitival suffix -it following the derivational suffix.2",2,"In this paper, I will take a closer look at one particular derivational suffix, the suffix /ʃ/, spelled š, which forms verbs from adjectives or nouns.",1,"In North Sámi, the derivational suffix /ʃ/ is spelled š."
glossa-5462-julien,1 Introduction,"North Sámi is known to have a rich inventory of derivational suffixes – suffixes that form verbs from nouns and adjectives or from other verbs, nouns from verbs, adjectives from nouns and verbs, to mention some main types. In this paper, I will take a closer look at one particular derivational suffix, the suffix /ʃ/, spelled š, which forms verbs from adjectives or nouns. More precisely, the suffix attaches to an adjective or noun and returns a transitive verb meaning ‘[subject] find [object] (too) ADJECTIVE/NOUN’.1 A few examples are given in (1). Note that the verbs are given in the infinitive, with the infinitival suffix -it following the derivational suffix.2",2,"In this paper, I will take a closer look at one particular derivational suffix, the suffix /ʃ/, spelled š, which forms verbs from adjectives or nouns.",2,"In North Sámi, the derivational suffix /ʃ/ forms verbs from adjectives."
glossa-5462-julien,1 Introduction,"North Sámi is known to have a rich inventory of derivational suffixes – suffixes that form verbs from nouns and adjectives or from other verbs, nouns from verbs, adjectives from nouns and verbs, to mention some main types. In this paper, I will take a closer look at one particular derivational suffix, the suffix /ʃ/, spelled š, which forms verbs from adjectives or nouns. More precisely, the suffix attaches to an adjective or noun and returns a transitive verb meaning ‘[subject] find [object] (too) ADJECTIVE/NOUN’.1 A few examples are given in (1). Note that the verbs are given in the infinitive, with the infinitival suffix -it following the derivational suffix.2",2,"In this paper, I will take a closer look at one particular derivational suffix, the suffix /ʃ/, spelled š, which forms verbs from adjectives or nouns.",3,"In North Sámi, the derivational suffix /ʃ/ forms verbs from nouns."
glossa-5462-julien,1 Introduction,"North Sámi is known to have a rich inventory of derivational suffixes – suffixes that form verbs from nouns and adjectives or from other verbs, nouns from verbs, adjectives from nouns and verbs, to mention some main types. In this paper, I will take a closer look at one particular derivational suffix, the suffix /ʃ/, spelled š, which forms verbs from adjectives or nouns. More precisely, the suffix attaches to an adjective or noun and returns a transitive verb meaning ‘[subject] find [object] (too) ADJECTIVE/NOUN’.1 A few examples are given in (1). Note that the verbs are given in the infinitive, with the infinitival suffix -it following the derivational suffix.2",3,"More precisely, the suffix attaches to an adjective or noun and returns a transitive verb meaning ‘[subject] find [object] (too) ADJECTIVE/NOUN’.",1,"In North Sámi, the suffix /ʃ/ attaches to an adjective."
glossa-5462-julien,1 Introduction,"North Sámi is known to have a rich inventory of derivational suffixes – suffixes that form verbs from nouns and adjectives or from other verbs, nouns from verbs, adjectives from nouns and verbs, to mention some main types. In this paper, I will take a closer look at one particular derivational suffix, the suffix /ʃ/, spelled š, which forms verbs from adjectives or nouns. More precisely, the suffix attaches to an adjective or noun and returns a transitive verb meaning ‘[subject] find [object] (too) ADJECTIVE/NOUN’.1 A few examples are given in (1). Note that the verbs are given in the infinitive, with the infinitival suffix -it following the derivational suffix.2",3,"More precisely, the suffix attaches to an adjective or noun and returns a transitive verb meaning ‘[subject] find [object] (too) ADJECTIVE/NOUN’.",2,"In North Sámi, the suffix /ʃ/ attaches to a noun."
glossa-5462-julien,1 Introduction,"North Sámi is known to have a rich inventory of derivational suffixes – suffixes that form verbs from nouns and adjectives or from other verbs, nouns from verbs, adjectives from nouns and verbs, to mention some main types. In this paper, I will take a closer look at one particular derivational suffix, the suffix /ʃ/, spelled š, which forms verbs from adjectives or nouns. More precisely, the suffix attaches to an adjective or noun and returns a transitive verb meaning ‘[subject] find [object] (too) ADJECTIVE/NOUN’.1 A few examples are given in (1). Note that the verbs are given in the infinitive, with the infinitival suffix -it following the derivational suffix.2",3,"More precisely, the suffix attaches to an adjective or noun and returns a transitive verb meaning ‘[subject] find [object] (too) ADJECTIVE/NOUN’.",3,"In North Sámi, the suffix /ʃ/ returns a transitive verb meaning '[subject] find [object] (too) ADJECTIVE/NOUN'."
glossa-5462-julien,1 Introduction,"North Sámi is known to have a rich inventory of derivational suffixes – suffixes that form verbs from nouns and adjectives or from other verbs, nouns from verbs, adjectives from nouns and verbs, to mention some main types. In this paper, I will take a closer look at one particular derivational suffix, the suffix /ʃ/, spelled š, which forms verbs from adjectives or nouns. More precisely, the suffix attaches to an adjective or noun and returns a transitive verb meaning ‘[subject] find [object] (too) ADJECTIVE/NOUN’.1 A few examples are given in (1). Note that the verbs are given in the infinitive, with the infinitival suffix -it following the derivational suffix.2",4,A few examples are given in (1).,1,The paragraph provides a few illustrative examples of the derivational suffix /ʃ/.
glossa-5462-julien,1 Introduction,"North Sámi is known to have a rich inventory of derivational suffixes – suffixes that form verbs from nouns and adjectives or from other verbs, nouns from verbs, adjectives from nouns and verbs, to mention some main types. In this paper, I will take a closer look at one particular derivational suffix, the suffix /ʃ/, spelled š, which forms verbs from adjectives or nouns. More precisely, the suffix attaches to an adjective or noun and returns a transitive verb meaning ‘[subject] find [object] (too) ADJECTIVE/NOUN’.1 A few examples are given in (1). Note that the verbs are given in the infinitive, with the infinitival suffix -it following the derivational suffix.2",5,"Note that the verbs are given in the infinitive, with the infinitival suffix -it following the derivational suffix.",1,"In the provided North Sámi examples, the verbs are given in the infinitive."
glossa-5462-julien,1 Introduction,"North Sámi is known to have a rich inventory of derivational suffixes – suffixes that form verbs from nouns and adjectives or from other verbs, nouns from verbs, adjectives from nouns and verbs, to mention some main types. In this paper, I will take a closer look at one particular derivational suffix, the suffix /ʃ/, spelled š, which forms verbs from adjectives or nouns. More precisely, the suffix attaches to an adjective or noun and returns a transitive verb meaning ‘[subject] find [object] (too) ADJECTIVE/NOUN’.1 A few examples are given in (1). Note that the verbs are given in the infinitive, with the infinitival suffix -it following the derivational suffix.2",5,"Note that the verbs are given in the infinitive, with the infinitival suffix -it following the derivational suffix.",2,"In those North Sámi infinitives, the infinitival suffix -it follows the derivational suffix /ʃ/."
glossa-5462-julien,1 Introduction,"North Sámi is known to have a rich inventory of derivational suffixes – suffixes that form verbs from nouns and adjectives or from other verbs, nouns from verbs, adjectives from nouns and verbs, to mention some main types. In this paper, I will take a closer look at one particular derivational suffix, the suffix /ʃ/, spelled š, which forms verbs from adjectives or nouns. More precisely, the suffix attaches to an adjective or noun and returns a transitive verb meaning ‘[subject] find [object] (too) ADJECTIVE/NOUN’.1 A few examples are given in (1). Note that the verbs are given in the infinitive, with the infinitival suffix -it following the derivational suffix.3",1,"North Sámi is known to have a rich inventory of derivational suffixes – suffixes that form verbs from nouns and adjectives or from other verbs, nouns from verbs, adjectives from nouns and verbs, to mention some main types.",1,North Sámi has a rich inventory of derivational suffixes.
glossa-5462-julien,1 Introduction,"North Sámi is known to have a rich inventory of derivational suffixes – suffixes that form verbs from nouns and adjectives or from other verbs, nouns from verbs, adjectives from nouns and verbs, to mention some main types. In this paper, I will take a closer look at one particular derivational suffix, the suffix /ʃ/, spelled š, which forms verbs from adjectives or nouns. More precisely, the suffix attaches to an adjective or noun and returns a transitive verb meaning ‘[subject] find [object] (too) ADJECTIVE/NOUN’.1 A few examples are given in (1). Note that the verbs are given in the infinitive, with the infinitival suffix -it following the derivational suffix.3",1,"North Sámi is known to have a rich inventory of derivational suffixes – suffixes that form verbs from nouns and adjectives or from other verbs, nouns from verbs, adjectives from nouns and verbs, to mention some main types.",2,"In North Sámi, derivational suffixes form verbs from nouns."
glossa-5462-julien,1 Introduction,"North Sámi is known to have a rich inventory of derivational suffixes – suffixes that form verbs from nouns and adjectives or from other verbs, nouns from verbs, adjectives from nouns and verbs, to mention some main types. In this paper, I will take a closer look at one particular derivational suffix, the suffix /ʃ/, spelled š, which forms verbs from adjectives or nouns. More precisely, the suffix attaches to an adjective or noun and returns a transitive verb meaning ‘[subject] find [object] (too) ADJECTIVE/NOUN’.1 A few examples are given in (1). Note that the verbs are given in the infinitive, with the infinitival suffix -it following the derivational suffix.3",1,"North Sámi is known to have a rich inventory of derivational suffixes – suffixes that form verbs from nouns and adjectives or from other verbs, nouns from verbs, adjectives from nouns and verbs, to mention some main types.",3,"In North Sámi, derivational suffixes form verbs from adjectives."
glossa-5462-julien,1 Introduction,"North Sámi is known to have a rich inventory of derivational suffixes – suffixes that form verbs from nouns and adjectives or from other verbs, nouns from verbs, adjectives from nouns and verbs, to mention some main types. In this paper, I will take a closer look at one particular derivational suffix, the suffix /ʃ/, spelled š, which forms verbs from adjectives or nouns. More precisely, the suffix attaches to an adjective or noun and returns a transitive verb meaning ‘[subject] find [object] (too) ADJECTIVE/NOUN’.1 A few examples are given in (1). Note that the verbs are given in the infinitive, with the infinitival suffix -it following the derivational suffix.3",1,"North Sámi is known to have a rich inventory of derivational suffixes – suffixes that form verbs from nouns and adjectives or from other verbs, nouns from verbs, adjectives from nouns and verbs, to mention some main types.",4,"In North Sámi, derivational suffixes form verbs from other verbs."
glossa-5462-julien,1 Introduction,"North Sámi is known to have a rich inventory of derivational suffixes – suffixes that form verbs from nouns and adjectives or from other verbs, nouns from verbs, adjectives from nouns and verbs, to mention some main types. In this paper, I will take a closer look at one particular derivational suffix, the suffix /ʃ/, spelled š, which forms verbs from adjectives or nouns. More precisely, the suffix attaches to an adjective or noun and returns a transitive verb meaning ‘[subject] find [object] (too) ADJECTIVE/NOUN’.1 A few examples are given in (1). Note that the verbs are given in the infinitive, with the infinitival suffix -it following the derivational suffix.3",1,"North Sámi is known to have a rich inventory of derivational suffixes – suffixes that form verbs from nouns and adjectives or from other verbs, nouns from verbs, adjectives from nouns and verbs, to mention some main types.",5,"In North Sámi, derivational suffixes form nouns from verbs."
glossa-5462-julien,1 Introduction,"North Sámi is known to have a rich inventory of derivational suffixes – suffixes that form verbs from nouns and adjectives or from other verbs, nouns from verbs, adjectives from nouns and verbs, to mention some main types. In this paper, I will take a closer look at one particular derivational suffix, the suffix /ʃ/, spelled š, which forms verbs from adjectives or nouns. More precisely, the suffix attaches to an adjective or noun and returns a transitive verb meaning ‘[subject] find [object] (too) ADJECTIVE/NOUN’.1 A few examples are given in (1). Note that the verbs are given in the infinitive, with the infinitival suffix -it following the derivational suffix.3",1,"North Sámi is known to have a rich inventory of derivational suffixes – suffixes that form verbs from nouns and adjectives or from other verbs, nouns from verbs, adjectives from nouns and verbs, to mention some main types.",6,"In North Sámi, derivational suffixes form adjectives from nouns."
glossa-5462-julien,1 Introduction,"North Sámi is known to have a rich inventory of derivational suffixes – suffixes that form verbs from nouns and adjectives or from other verbs, nouns from verbs, adjectives from nouns and verbs, to mention some main types. In this paper, I will take a closer look at one particular derivational suffix, the suffix /ʃ/, spelled š, which forms verbs from adjectives or nouns. More precisely, the suffix attaches to an adjective or noun and returns a transitive verb meaning ‘[subject] find [object] (too) ADJECTIVE/NOUN’.1 A few examples are given in (1). Note that the verbs are given in the infinitive, with the infinitival suffix -it following the derivational suffix.3",1,"North Sámi is known to have a rich inventory of derivational suffixes – suffixes that form verbs from nouns and adjectives or from other verbs, nouns from verbs, adjectives from nouns and verbs, to mention some main types.",7,"In North Sámi, derivational suffixes form adjectives from verbs."
glossa-5462-julien,1 Introduction,"North Sámi is known to have a rich inventory of derivational suffixes – suffixes that form verbs from nouns and adjectives or from other verbs, nouns from verbs, adjectives from nouns and verbs, to mention some main types. In this paper, I will take a closer look at one particular derivational suffix, the suffix /ʃ/, spelled š, which forms verbs from adjectives or nouns. More precisely, the suffix attaches to an adjective or noun and returns a transitive verb meaning ‘[subject] find [object] (too) ADJECTIVE/NOUN’.1 A few examples are given in (1). Note that the verbs are given in the infinitive, with the infinitival suffix -it following the derivational suffix.3",2,"In this paper, I will take a closer look at one particular derivational suffix, the suffix /ʃ/, spelled š, which forms verbs from adjectives or nouns.",1,"In North Sámi, the derivational suffix /ʃ/ is spelled š."
glossa-5462-julien,1 Introduction,"North Sámi is known to have a rich inventory of derivational suffixes – suffixes that form verbs from nouns and adjectives or from other verbs, nouns from verbs, adjectives from nouns and verbs, to mention some main types. In this paper, I will take a closer look at one particular derivational suffix, the suffix /ʃ/, spelled š, which forms verbs from adjectives or nouns. More precisely, the suffix attaches to an adjective or noun and returns a transitive verb meaning ‘[subject] find [object] (too) ADJECTIVE/NOUN’.1 A few examples are given in (1). Note that the verbs are given in the infinitive, with the infinitival suffix -it following the derivational suffix.3",2,"In this paper, I will take a closer look at one particular derivational suffix, the suffix /ʃ/, spelled š, which forms verbs from adjectives or nouns.",2,"In North Sámi, the derivational suffix /ʃ/ forms verbs from adjectives."
glossa-5462-julien,1 Introduction,"North Sámi is known to have a rich inventory of derivational suffixes – suffixes that form verbs from nouns and adjectives or from other verbs, nouns from verbs, adjectives from nouns and verbs, to mention some main types. In this paper, I will take a closer look at one particular derivational suffix, the suffix /ʃ/, spelled š, which forms verbs from adjectives or nouns. More precisely, the suffix attaches to an adjective or noun and returns a transitive verb meaning ‘[subject] find [object] (too) ADJECTIVE/NOUN’.1 A few examples are given in (1). Note that the verbs are given in the infinitive, with the infinitival suffix -it following the derivational suffix.3",2,"In this paper, I will take a closer look at one particular derivational suffix, the suffix /ʃ/, spelled š, which forms verbs from adjectives or nouns.",3,"In North Sámi, the derivational suffix /ʃ/ forms verbs from nouns."
glossa-5462-julien,1 Introduction,"North Sámi is known to have a rich inventory of derivational suffixes – suffixes that form verbs from nouns and adjectives or from other verbs, nouns from verbs, adjectives from nouns and verbs, to mention some main types. In this paper, I will take a closer look at one particular derivational suffix, the suffix /ʃ/, spelled š, which forms verbs from adjectives or nouns. More precisely, the suffix attaches to an adjective or noun and returns a transitive verb meaning ‘[subject] find [object] (too) ADJECTIVE/NOUN’.1 A few examples are given in (1). Note that the verbs are given in the infinitive, with the infinitival suffix -it following the derivational suffix.3",3,"More precisely, the suffix attaches to an adjective or noun and returns a transitive verb meaning ‘[subject] find [object] (too) ADJECTIVE/NOUN’.",1,"In North Sámi, the suffix /ʃ/ attaches to an adjective."
glossa-5462-julien,1 Introduction,"North Sámi is known to have a rich inventory of derivational suffixes – suffixes that form verbs from nouns and adjectives or from other verbs, nouns from verbs, adjectives from nouns and verbs, to mention some main types. In this paper, I will take a closer look at one particular derivational suffix, the suffix /ʃ/, spelled š, which forms verbs from adjectives or nouns. More precisely, the suffix attaches to an adjective or noun and returns a transitive verb meaning ‘[subject] find [object] (too) ADJECTIVE/NOUN’.1 A few examples are given in (1). Note that the verbs are given in the infinitive, with the infinitival suffix -it following the derivational suffix.3",3,"More precisely, the suffix attaches to an adjective or noun and returns a transitive verb meaning ‘[subject] find [object] (too) ADJECTIVE/NOUN’.",2,"In North Sámi, the suffix /ʃ/ attaches to a noun."
glossa-5462-julien,1 Introduction,"North Sámi is known to have a rich inventory of derivational suffixes – suffixes that form verbs from nouns and adjectives or from other verbs, nouns from verbs, adjectives from nouns and verbs, to mention some main types. In this paper, I will take a closer look at one particular derivational suffix, the suffix /ʃ/, spelled š, which forms verbs from adjectives or nouns. More precisely, the suffix attaches to an adjective or noun and returns a transitive verb meaning ‘[subject] find [object] (too) ADJECTIVE/NOUN’.1 A few examples are given in (1). Note that the verbs are given in the infinitive, with the infinitival suffix -it following the derivational suffix.3",3,"More precisely, the suffix attaches to an adjective or noun and returns a transitive verb meaning ‘[subject] find [object] (too) ADJECTIVE/NOUN’.",3,"In North Sámi, the suffix /ʃ/ returns a transitive verb meaning '[subject] find [object] (too) ADJECTIVE/NOUN'."
glossa-5462-julien,1 Introduction,"North Sámi is known to have a rich inventory of derivational suffixes – suffixes that form verbs from nouns and adjectives or from other verbs, nouns from verbs, adjectives from nouns and verbs, to mention some main types. In this paper, I will take a closer look at one particular derivational suffix, the suffix /ʃ/, spelled š, which forms verbs from adjectives or nouns. More precisely, the suffix attaches to an adjective or noun and returns a transitive verb meaning ‘[subject] find [object] (too) ADJECTIVE/NOUN’.1 A few examples are given in (1). Note that the verbs are given in the infinitive, with the infinitival suffix -it following the derivational suffix.3",4,A few examples are given in (1).,1,The paragraph provides a few illustrative examples of the derivational suffix /ʃ/.
glossa-5462-julien,1 Introduction,"North Sámi is known to have a rich inventory of derivational suffixes – suffixes that form verbs from nouns and adjectives or from other verbs, nouns from verbs, adjectives from nouns and verbs, to mention some main types. In this paper, I will take a closer look at one particular derivational suffix, the suffix /ʃ/, spelled š, which forms verbs from adjectives or nouns. More precisely, the suffix attaches to an adjective or noun and returns a transitive verb meaning ‘[subject] find [object] (too) ADJECTIVE/NOUN’.1 A few examples are given in (1). Note that the verbs are given in the infinitive, with the infinitival suffix -it following the derivational suffix.3",5,"Note that the verbs are given in the infinitive, with the infinitival suffix -it following the derivational suffix.",1,"In the provided North Sámi examples, the verbs are given in the infinitive."
glossa-5462-julien,1 Introduction,"North Sámi is known to have a rich inventory of derivational suffixes – suffixes that form verbs from nouns and adjectives or from other verbs, nouns from verbs, adjectives from nouns and verbs, to mention some main types. In this paper, I will take a closer look at one particular derivational suffix, the suffix /ʃ/, spelled š, which forms verbs from adjectives or nouns. More precisely, the suffix attaches to an adjective or noun and returns a transitive verb meaning ‘[subject] find [object] (too) ADJECTIVE/NOUN’.1 A few examples are given in (1). Note that the verbs are given in the infinitive, with the infinitival suffix -it following the derivational suffix.3",5,"Note that the verbs are given in the infinitive, with the infinitival suffix -it following the derivational suffix.",2,"In those North Sámi infinitives, the infinitival suffix -it follows the derivational suffix /ʃ/."
glossa-5462-julien,1 Introduction,"North Sámi is known to have a rich inventory of derivational suffixes – suffixes that form verbs from nouns and adjectives or from other verbs, nouns from verbs, adjectives from nouns and verbs, to mention some main types. In this paper, I will take a closer look at one particular derivational suffix, the suffix /ʃ/, spelled š, which forms verbs from adjectives or nouns. More precisely, the suffix attaches to an adjective or noun and returns a transitive verb meaning ‘[subject] find [object] (too) ADJECTIVE/NOUN’.1 A few examples are given in (1). Note that the verbs are given in the infinitive, with the infinitival suffix -it following the derivational suffix.4",1,"North Sámi is known to have a rich inventory of derivational suffixes – suffixes that form verbs from nouns and adjectives or from other verbs, nouns from verbs, adjectives from nouns and verbs, to mention some main types.",1,North Sámi has a rich inventory of derivational suffixes.
glossa-5462-julien,1 Introduction,"North Sámi is known to have a rich inventory of derivational suffixes – suffixes that form verbs from nouns and adjectives or from other verbs, nouns from verbs, adjectives from nouns and verbs, to mention some main types. In this paper, I will take a closer look at one particular derivational suffix, the suffix /ʃ/, spelled š, which forms verbs from adjectives or nouns. More precisely, the suffix attaches to an adjective or noun and returns a transitive verb meaning ‘[subject] find [object] (too) ADJECTIVE/NOUN’.1 A few examples are given in (1). Note that the verbs are given in the infinitive, with the infinitival suffix -it following the derivational suffix.4",1,"North Sámi is known to have a rich inventory of derivational suffixes – suffixes that form verbs from nouns and adjectives or from other verbs, nouns from verbs, adjectives from nouns and verbs, to mention some main types.",2,"In North Sámi, derivational suffixes form verbs from nouns."
glossa-5462-julien,1 Introduction,"North Sámi is known to have a rich inventory of derivational suffixes – suffixes that form verbs from nouns and adjectives or from other verbs, nouns from verbs, adjectives from nouns and verbs, to mention some main types. In this paper, I will take a closer look at one particular derivational suffix, the suffix /ʃ/, spelled š, which forms verbs from adjectives or nouns. More precisely, the suffix attaches to an adjective or noun and returns a transitive verb meaning ‘[subject] find [object] (too) ADJECTIVE/NOUN’.1 A few examples are given in (1). Note that the verbs are given in the infinitive, with the infinitival suffix -it following the derivational suffix.4",1,"North Sámi is known to have a rich inventory of derivational suffixes – suffixes that form verbs from nouns and adjectives or from other verbs, nouns from verbs, adjectives from nouns and verbs, to mention some main types.",3,"In North Sámi, derivational suffixes form verbs from adjectives."
glossa-5462-julien,1 Introduction,"North Sámi is known to have a rich inventory of derivational suffixes – suffixes that form verbs from nouns and adjectives or from other verbs, nouns from verbs, adjectives from nouns and verbs, to mention some main types. In this paper, I will take a closer look at one particular derivational suffix, the suffix /ʃ/, spelled š, which forms verbs from adjectives or nouns. More precisely, the suffix attaches to an adjective or noun and returns a transitive verb meaning ‘[subject] find [object] (too) ADJECTIVE/NOUN’.1 A few examples are given in (1). Note that the verbs are given in the infinitive, with the infinitival suffix -it following the derivational suffix.4",1,"North Sámi is known to have a rich inventory of derivational suffixes – suffixes that form verbs from nouns and adjectives or from other verbs, nouns from verbs, adjectives from nouns and verbs, to mention some main types.",4,"In North Sámi, derivational suffixes form verbs from other verbs."
glossa-5462-julien,1 Introduction,"North Sámi is known to have a rich inventory of derivational suffixes – suffixes that form verbs from nouns and adjectives or from other verbs, nouns from verbs, adjectives from nouns and verbs, to mention some main types. In this paper, I will take a closer look at one particular derivational suffix, the suffix /ʃ/, spelled š, which forms verbs from adjectives or nouns. More precisely, the suffix attaches to an adjective or noun and returns a transitive verb meaning ‘[subject] find [object] (too) ADJECTIVE/NOUN’.1 A few examples are given in (1). Note that the verbs are given in the infinitive, with the infinitival suffix -it following the derivational suffix.4",1,"North Sámi is known to have a rich inventory of derivational suffixes – suffixes that form verbs from nouns and adjectives or from other verbs, nouns from verbs, adjectives from nouns and verbs, to mention some main types.",5,"In North Sámi, derivational suffixes form nouns from verbs."
glossa-5462-julien,1 Introduction,"North Sámi is known to have a rich inventory of derivational suffixes – suffixes that form verbs from nouns and adjectives or from other verbs, nouns from verbs, adjectives from nouns and verbs, to mention some main types. In this paper, I will take a closer look at one particular derivational suffix, the suffix /ʃ/, spelled š, which forms verbs from adjectives or nouns. More precisely, the suffix attaches to an adjective or noun and returns a transitive verb meaning ‘[subject] find [object] (too) ADJECTIVE/NOUN’.1 A few examples are given in (1). Note that the verbs are given in the infinitive, with the infinitival suffix -it following the derivational suffix.4",1,"North Sámi is known to have a rich inventory of derivational suffixes – suffixes that form verbs from nouns and adjectives or from other verbs, nouns from verbs, adjectives from nouns and verbs, to mention some main types.",6,"In North Sámi, derivational suffixes form adjectives from nouns."
glossa-5462-julien,1 Introduction,"North Sámi is known to have a rich inventory of derivational suffixes – suffixes that form verbs from nouns and adjectives or from other verbs, nouns from verbs, adjectives from nouns and verbs, to mention some main types. In this paper, I will take a closer look at one particular derivational suffix, the suffix /ʃ/, spelled š, which forms verbs from adjectives or nouns. More precisely, the suffix attaches to an adjective or noun and returns a transitive verb meaning ‘[subject] find [object] (too) ADJECTIVE/NOUN’.1 A few examples are given in (1). Note that the verbs are given in the infinitive, with the infinitival suffix -it following the derivational suffix.4",1,"North Sámi is known to have a rich inventory of derivational suffixes – suffixes that form verbs from nouns and adjectives or from other verbs, nouns from verbs, adjectives from nouns and verbs, to mention some main types.",7,"In North Sámi, derivational suffixes form adjectives from verbs."
glossa-5462-julien,1 Introduction,"North Sámi is known to have a rich inventory of derivational suffixes – suffixes that form verbs from nouns and adjectives or from other verbs, nouns from verbs, adjectives from nouns and verbs, to mention some main types. In this paper, I will take a closer look at one particular derivational suffix, the suffix /ʃ/, spelled š, which forms verbs from adjectives or nouns. More precisely, the suffix attaches to an adjective or noun and returns a transitive verb meaning ‘[subject] find [object] (too) ADJECTIVE/NOUN’.1 A few examples are given in (1). Note that the verbs are given in the infinitive, with the infinitival suffix -it following the derivational suffix.4",2,"In this paper, I will take a closer look at one particular derivational suffix, the suffix /ʃ/, spelled š, which forms verbs from adjectives or nouns.",1,"In North Sámi, the derivational suffix /ʃ/ is spelled š."
glossa-5462-julien,1 Introduction,"North Sámi is known to have a rich inventory of derivational suffixes – suffixes that form verbs from nouns and adjectives or from other verbs, nouns from verbs, adjectives from nouns and verbs, to mention some main types. In this paper, I will take a closer look at one particular derivational suffix, the suffix /ʃ/, spelled š, which forms verbs from adjectives or nouns. More precisely, the suffix attaches to an adjective or noun and returns a transitive verb meaning ‘[subject] find [object] (too) ADJECTIVE/NOUN’.1 A few examples are given in (1). Note that the verbs are given in the infinitive, with the infinitival suffix -it following the derivational suffix.4",2,"In this paper, I will take a closer look at one particular derivational suffix, the suffix /ʃ/, spelled š, which forms verbs from adjectives or nouns.",2,"In North Sámi, the derivational suffix /ʃ/ forms verbs from adjectives."
glossa-5462-julien,1 Introduction,"North Sámi is known to have a rich inventory of derivational suffixes – suffixes that form verbs from nouns and adjectives or from other verbs, nouns from verbs, adjectives from nouns and verbs, to mention some main types. In this paper, I will take a closer look at one particular derivational suffix, the suffix /ʃ/, spelled š, which forms verbs from adjectives or nouns. More precisely, the suffix attaches to an adjective or noun and returns a transitive verb meaning ‘[subject] find [object] (too) ADJECTIVE/NOUN’.1 A few examples are given in (1). Note that the verbs are given in the infinitive, with the infinitival suffix -it following the derivational suffix.4",2,"In this paper, I will take a closer look at one particular derivational suffix, the suffix /ʃ/, spelled š, which forms verbs from adjectives or nouns.",3,"In North Sámi, the derivational suffix /ʃ/ forms verbs from nouns."
glossa-5462-julien,1 Introduction,"North Sámi is known to have a rich inventory of derivational suffixes – suffixes that form verbs from nouns and adjectives or from other verbs, nouns from verbs, adjectives from nouns and verbs, to mention some main types. In this paper, I will take a closer look at one particular derivational suffix, the suffix /ʃ/, spelled š, which forms verbs from adjectives or nouns. More precisely, the suffix attaches to an adjective or noun and returns a transitive verb meaning ‘[subject] find [object] (too) ADJECTIVE/NOUN’.1 A few examples are given in (1). Note that the verbs are given in the infinitive, with the infinitival suffix -it following the derivational suffix.4",3,"More precisely, the suffix attaches to an adjective or noun and returns a transitive verb meaning ‘[subject] find [object] (too) ADJECTIVE/NOUN’.",1,"In North Sámi, the suffix /ʃ/ attaches to an adjective."
glossa-5462-julien,1 Introduction,"North Sámi is known to have a rich inventory of derivational suffixes – suffixes that form verbs from nouns and adjectives or from other verbs, nouns from verbs, adjectives from nouns and verbs, to mention some main types. In this paper, I will take a closer look at one particular derivational suffix, the suffix /ʃ/, spelled š, which forms verbs from adjectives or nouns. More precisely, the suffix attaches to an adjective or noun and returns a transitive verb meaning ‘[subject] find [object] (too) ADJECTIVE/NOUN’.1 A few examples are given in (1). Note that the verbs are given in the infinitive, with the infinitival suffix -it following the derivational suffix.4",3,"More precisely, the suffix attaches to an adjective or noun and returns a transitive verb meaning ‘[subject] find [object] (too) ADJECTIVE/NOUN’.",2,"In North Sámi, the suffix /ʃ/ attaches to a noun."
glossa-5462-julien,1 Introduction,"North Sámi is known to have a rich inventory of derivational suffixes – suffixes that form verbs from nouns and adjectives or from other verbs, nouns from verbs, adjectives from nouns and verbs, to mention some main types. In this paper, I will take a closer look at one particular derivational suffix, the suffix /ʃ/, spelled š, which forms verbs from adjectives or nouns. More precisely, the suffix attaches to an adjective or noun and returns a transitive verb meaning ‘[subject] find [object] (too) ADJECTIVE/NOUN’.1 A few examples are given in (1). Note that the verbs are given in the infinitive, with the infinitival suffix -it following the derivational suffix.4",3,"More precisely, the suffix attaches to an adjective or noun and returns a transitive verb meaning ‘[subject] find [object] (too) ADJECTIVE/NOUN’.",3,"In North Sámi, the suffix /ʃ/ returns a transitive verb meaning '[subject] find [object] (too) ADJECTIVE/NOUN'."
glossa-5462-julien,1 Introduction,"North Sámi is known to have a rich inventory of derivational suffixes – suffixes that form verbs from nouns and adjectives or from other verbs, nouns from verbs, adjectives from nouns and verbs, to mention some main types. In this paper, I will take a closer look at one particular derivational suffix, the suffix /ʃ/, spelled š, which forms verbs from adjectives or nouns. More precisely, the suffix attaches to an adjective or noun and returns a transitive verb meaning ‘[subject] find [object] (too) ADJECTIVE/NOUN’.1 A few examples are given in (1). Note that the verbs are given in the infinitive, with the infinitival suffix -it following the derivational suffix.4",4,A few examples are given in (1).,1,The paragraph provides a few illustrative examples of the derivational suffix /ʃ/.
glossa-5462-julien,1 Introduction,"North Sámi is known to have a rich inventory of derivational suffixes – suffixes that form verbs from nouns and adjectives or from other verbs, nouns from verbs, adjectives from nouns and verbs, to mention some main types. In this paper, I will take a closer look at one particular derivational suffix, the suffix /ʃ/, spelled š, which forms verbs from adjectives or nouns. More precisely, the suffix attaches to an adjective or noun and returns a transitive verb meaning ‘[subject] find [object] (too) ADJECTIVE/NOUN’.1 A few examples are given in (1). Note that the verbs are given in the infinitive, with the infinitival suffix -it following the derivational suffix.4",5,"Note that the verbs are given in the infinitive, with the infinitival suffix -it following the derivational suffix.",1,"In the provided North Sámi examples, the verbs are given in the infinitive."
glossa-5462-julien,1 Introduction,"North Sámi is known to have a rich inventory of derivational suffixes – suffixes that form verbs from nouns and adjectives or from other verbs, nouns from verbs, adjectives from nouns and verbs, to mention some main types. In this paper, I will take a closer look at one particular derivational suffix, the suffix /ʃ/, spelled š, which forms verbs from adjectives or nouns. More precisely, the suffix attaches to an adjective or noun and returns a transitive verb meaning ‘[subject] find [object] (too) ADJECTIVE/NOUN’.1 A few examples are given in (1). Note that the verbs are given in the infinitive, with the infinitival suffix -it following the derivational suffix.4",5,"Note that the verbs are given in the infinitive, with the infinitival suffix -it following the derivational suffix.",2,"In those North Sámi infinitives, the infinitival suffix -it follows the derivational suffix /ʃ/."
glossa-5462-julien,1 Introduction,"North Sámi is known to have a rich inventory of derivational suffixes – suffixes that form verbs from nouns and adjectives or from other verbs, nouns from verbs, adjectives from nouns and verbs, to mention some main types. In this paper, I will take a closer look at one particular derivational suffix, the suffix /ʃ/, spelled š, which forms verbs from adjectives or nouns. More precisely, the suffix attaches to an adjective or noun and returns a transitive verb meaning ‘[subject] find [object] (too) ADJECTIVE/NOUN’.1 A few examples are given in (1). Note that the verbs are given in the infinitive, with the infinitival suffix -it following the derivational suffix.5",1,"North Sámi is known to have a rich inventory of derivational suffixes – suffixes that form verbs from nouns and adjectives or from other verbs, nouns from verbs, adjectives from nouns and verbs, to mention some main types.",1,North Sámi is known to have a rich inventory of derivational suffixes.
glossa-5462-julien,1 Introduction,"North Sámi is known to have a rich inventory of derivational suffixes – suffixes that form verbs from nouns and adjectives or from other verbs, nouns from verbs, adjectives from nouns and verbs, to mention some main types. In this paper, I will take a closer look at one particular derivational suffix, the suffix /ʃ/, spelled š, which forms verbs from adjectives or nouns. More precisely, the suffix attaches to an adjective or noun and returns a transitive verb meaning ‘[subject] find [object] (too) ADJECTIVE/NOUN’.1 A few examples are given in (1). Note that the verbs are given in the infinitive, with the infinitival suffix -it following the derivational suffix.5",1,"North Sámi is known to have a rich inventory of derivational suffixes – suffixes that form verbs from nouns and adjectives or from other verbs, nouns from verbs, adjectives from nouns and verbs, to mention some main types.",2,"In North Sámi, derivational suffixes are suffixes that form verbs from nouns."
glossa-5462-julien,1 Introduction,"North Sámi is known to have a rich inventory of derivational suffixes – suffixes that form verbs from nouns and adjectives or from other verbs, nouns from verbs, adjectives from nouns and verbs, to mention some main types. In this paper, I will take a closer look at one particular derivational suffix, the suffix /ʃ/, spelled š, which forms verbs from adjectives or nouns. More precisely, the suffix attaches to an adjective or noun and returns a transitive verb meaning ‘[subject] find [object] (too) ADJECTIVE/NOUN’.1 A few examples are given in (1). Note that the verbs are given in the infinitive, with the infinitival suffix -it following the derivational suffix.5",1,"North Sámi is known to have a rich inventory of derivational suffixes – suffixes that form verbs from nouns and adjectives or from other verbs, nouns from verbs, adjectives from nouns and verbs, to mention some main types.",3,"In North Sámi, derivational suffixes are suffixes that form verbs from adjectives."
glossa-5462-julien,1 Introduction,"North Sámi is known to have a rich inventory of derivational suffixes – suffixes that form verbs from nouns and adjectives or from other verbs, nouns from verbs, adjectives from nouns and verbs, to mention some main types. In this paper, I will take a closer look at one particular derivational suffix, the suffix /ʃ/, spelled š, which forms verbs from adjectives or nouns. More precisely, the suffix attaches to an adjective or noun and returns a transitive verb meaning ‘[subject] find [object] (too) ADJECTIVE/NOUN’.1 A few examples are given in (1). Note that the verbs are given in the infinitive, with the infinitival suffix -it following the derivational suffix.5",1,"North Sámi is known to have a rich inventory of derivational suffixes – suffixes that form verbs from nouns and adjectives or from other verbs, nouns from verbs, adjectives from nouns and verbs, to mention some main types.",4,"In North Sámi, derivational suffixes are suffixes that form verbs from other verbs."
glossa-5462-julien,1 Introduction,"North Sámi is known to have a rich inventory of derivational suffixes – suffixes that form verbs from nouns and adjectives or from other verbs, nouns from verbs, adjectives from nouns and verbs, to mention some main types. In this paper, I will take a closer look at one particular derivational suffix, the suffix /ʃ/, spelled š, which forms verbs from adjectives or nouns. More precisely, the suffix attaches to an adjective or noun and returns a transitive verb meaning ‘[subject] find [object] (too) ADJECTIVE/NOUN’.1 A few examples are given in (1). Note that the verbs are given in the infinitive, with the infinitival suffix -it following the derivational suffix.5",1,"North Sámi is known to have a rich inventory of derivational suffixes – suffixes that form verbs from nouns and adjectives or from other verbs, nouns from verbs, adjectives from nouns and verbs, to mention some main types.",5,"In North Sámi, derivational suffixes are suffixes that form nouns from verbs."
glossa-5462-julien,1 Introduction,"North Sámi is known to have a rich inventory of derivational suffixes – suffixes that form verbs from nouns and adjectives or from other verbs, nouns from verbs, adjectives from nouns and verbs, to mention some main types. In this paper, I will take a closer look at one particular derivational suffix, the suffix /ʃ/, spelled š, which forms verbs from adjectives or nouns. More precisely, the suffix attaches to an adjective or noun and returns a transitive verb meaning ‘[subject] find [object] (too) ADJECTIVE/NOUN’.1 A few examples are given in (1). Note that the verbs are given in the infinitive, with the infinitival suffix -it following the derivational suffix.5",1,"North Sámi is known to have a rich inventory of derivational suffixes – suffixes that form verbs from nouns and adjectives or from other verbs, nouns from verbs, adjectives from nouns and verbs, to mention some main types.",6,"In North Sámi, derivational suffixes are suffixes that form adjectives from nouns."
glossa-5462-julien,1 Introduction,"North Sámi is known to have a rich inventory of derivational suffixes – suffixes that form verbs from nouns and adjectives or from other verbs, nouns from verbs, adjectives from nouns and verbs, to mention some main types. In this paper, I will take a closer look at one particular derivational suffix, the suffix /ʃ/, spelled š, which forms verbs from adjectives or nouns. More precisely, the suffix attaches to an adjective or noun and returns a transitive verb meaning ‘[subject] find [object] (too) ADJECTIVE/NOUN’.1 A few examples are given in (1). Note that the verbs are given in the infinitive, with the infinitival suffix -it following the derivational suffix.5",1,"North Sámi is known to have a rich inventory of derivational suffixes – suffixes that form verbs from nouns and adjectives or from other verbs, nouns from verbs, adjectives from nouns and verbs, to mention some main types.",7,"In North Sámi, derivational suffixes are suffixes that form adjectives from verbs."
glossa-5462-julien,1 Introduction,"North Sámi is known to have a rich inventory of derivational suffixes – suffixes that form verbs from nouns and adjectives or from other verbs, nouns from verbs, adjectives from nouns and verbs, to mention some main types. In this paper, I will take a closer look at one particular derivational suffix, the suffix /ʃ/, spelled š, which forms verbs from adjectives or nouns. More precisely, the suffix attaches to an adjective or noun and returns a transitive verb meaning ‘[subject] find [object] (too) ADJECTIVE/NOUN’.1 A few examples are given in (1). Note that the verbs are given in the infinitive, with the infinitival suffix -it following the derivational suffix.6",1,"North Sámi is known to have a rich inventory of derivational suffixes – suffixes that form verbs from nouns and adjectives or from other verbs, nouns from verbs, adjectives from nouns and verbs, to mention some main types.",1,North Sámi is known to have a rich inventory of derivational suffixes.
glossa-5462-julien,1 Introduction,"North Sámi is known to have a rich inventory of derivational suffixes – suffixes that form verbs from nouns and adjectives or from other verbs, nouns from verbs, adjectives from nouns and verbs, to mention some main types. In this paper, I will take a closer look at one particular derivational suffix, the suffix /ʃ/, spelled š, which forms verbs from adjectives or nouns. More precisely, the suffix attaches to an adjective or noun and returns a transitive verb meaning ‘[subject] find [object] (too) ADJECTIVE/NOUN’.1 A few examples are given in (1). Note that the verbs are given in the infinitive, with the infinitival suffix -it following the derivational suffix.6",1,"North Sámi is known to have a rich inventory of derivational suffixes – suffixes that form verbs from nouns and adjectives or from other verbs, nouns from verbs, adjectives from nouns and verbs, to mention some main types.",2,"In North Sámi, derivational suffixes are suffixes that form verbs from nouns."
glossa-5462-julien,1 Introduction,"North Sámi is known to have a rich inventory of derivational suffixes – suffixes that form verbs from nouns and adjectives or from other verbs, nouns from verbs, adjectives from nouns and verbs, to mention some main types. In this paper, I will take a closer look at one particular derivational suffix, the suffix /ʃ/, spelled š, which forms verbs from adjectives or nouns. More precisely, the suffix attaches to an adjective or noun and returns a transitive verb meaning ‘[subject] find [object] (too) ADJECTIVE/NOUN’.1 A few examples are given in (1). Note that the verbs are given in the infinitive, with the infinitival suffix -it following the derivational suffix.6",1,"North Sámi is known to have a rich inventory of derivational suffixes – suffixes that form verbs from nouns and adjectives or from other verbs, nouns from verbs, adjectives from nouns and verbs, to mention some main types.",3,"In North Sámi, derivational suffixes are suffixes that form verbs from adjectives."
glossa-5462-julien,1 Introduction,"North Sámi is known to have a rich inventory of derivational suffixes – suffixes that form verbs from nouns and adjectives or from other verbs, nouns from verbs, adjectives from nouns and verbs, to mention some main types. In this paper, I will take a closer look at one particular derivational suffix, the suffix /ʃ/, spelled š, which forms verbs from adjectives or nouns. More precisely, the suffix attaches to an adjective or noun and returns a transitive verb meaning ‘[subject] find [object] (too) ADJECTIVE/NOUN’.1 A few examples are given in (1). Note that the verbs are given in the infinitive, with the infinitival suffix -it following the derivational suffix.6",1,"North Sámi is known to have a rich inventory of derivational suffixes – suffixes that form verbs from nouns and adjectives or from other verbs, nouns from verbs, adjectives from nouns and verbs, to mention some main types.",4,"In North Sámi, derivational suffixes are suffixes that form verbs from other verbs."
glossa-5462-julien,1 Introduction,"North Sámi is known to have a rich inventory of derivational suffixes – suffixes that form verbs from nouns and adjectives or from other verbs, nouns from verbs, adjectives from nouns and verbs, to mention some main types. In this paper, I will take a closer look at one particular derivational suffix, the suffix /ʃ/, spelled š, which forms verbs from adjectives or nouns. More precisely, the suffix attaches to an adjective or noun and returns a transitive verb meaning ‘[subject] find [object] (too) ADJECTIVE/NOUN’.1 A few examples are given in (1). Note that the verbs are given in the infinitive, with the infinitival suffix -it following the derivational suffix.6",1,"North Sámi is known to have a rich inventory of derivational suffixes – suffixes that form verbs from nouns and adjectives or from other verbs, nouns from verbs, adjectives from nouns and verbs, to mention some main types.",5,"In North Sámi, derivational suffixes are suffixes that form nouns from verbs."
glossa-5462-julien,1 Introduction,"North Sámi is known to have a rich inventory of derivational suffixes – suffixes that form verbs from nouns and adjectives or from other verbs, nouns from verbs, adjectives from nouns and verbs, to mention some main types. In this paper, I will take a closer look at one particular derivational suffix, the suffix /ʃ/, spelled š, which forms verbs from adjectives or nouns. More precisely, the suffix attaches to an adjective or noun and returns a transitive verb meaning ‘[subject] find [object] (too) ADJECTIVE/NOUN’.1 A few examples are given in (1). Note that the verbs are given in the infinitive, with the infinitival suffix -it following the derivational suffix.6",1,"North Sámi is known to have a rich inventory of derivational suffixes – suffixes that form verbs from nouns and adjectives or from other verbs, nouns from verbs, adjectives from nouns and verbs, to mention some main types.",6,"In North Sámi, derivational suffixes are suffixes that form adjectives from nouns."
glossa-5462-julien,1 Introduction,"North Sámi is known to have a rich inventory of derivational suffixes – suffixes that form verbs from nouns and adjectives or from other verbs, nouns from verbs, adjectives from nouns and verbs, to mention some main types. In this paper, I will take a closer look at one particular derivational suffix, the suffix /ʃ/, spelled š, which forms verbs from adjectives or nouns. More precisely, the suffix attaches to an adjective or noun and returns a transitive verb meaning ‘[subject] find [object] (too) ADJECTIVE/NOUN’.1 A few examples are given in (1). Note that the verbs are given in the infinitive, with the infinitival suffix -it following the derivational suffix.6",1,"North Sámi is known to have a rich inventory of derivational suffixes – suffixes that form verbs from nouns and adjectives or from other verbs, nouns from verbs, adjectives from nouns and verbs, to mention some main types.",7,"In North Sámi, derivational suffixes are suffixes that form adjectives from verbs."
glossa-5462-julien,1 Introduction,"North Sámi is known to have a rich inventory of derivational suffixes – suffixes that form verbs from nouns and adjectives or from other verbs, nouns from verbs, adjectives from nouns and verbs, to mention some main types. In this paper, I will take a closer look at one particular derivational suffix, the suffix /ʃ/, spelled š, which forms verbs from adjectives or nouns. More precisely, the suffix attaches to an adjective or noun and returns a transitive verb meaning ‘[subject] find [object] (too) ADJECTIVE/NOUN’.1 A few examples are given in (1). Note that the verbs are given in the infinitive, with the infinitival suffix -it following the derivational suffix.7",1,"In this paper, I will take a closer look at one particular derivational suffix, the suffix /ʃ/, spelled š, which forms verbs from adjectives or nouns.",1,"In North Sámi, there is a derivational suffix /ʃ/ spelled š."
glossa-5462-julien,1 Introduction,"North Sámi is known to have a rich inventory of derivational suffixes – suffixes that form verbs from nouns and adjectives or from other verbs, nouns from verbs, adjectives from nouns and verbs, to mention some main types. In this paper, I will take a closer look at one particular derivational suffix, the suffix /ʃ/, spelled š, which forms verbs from adjectives or nouns. More precisely, the suffix attaches to an adjective or noun and returns a transitive verb meaning ‘[subject] find [object] (too) ADJECTIVE/NOUN’.1 A few examples are given in (1). Note that the verbs are given in the infinitive, with the infinitival suffix -it following the derivational suffix.7",1,"In this paper, I will take a closer look at one particular derivational suffix, the suffix /ʃ/, spelled š, which forms verbs from adjectives or nouns.",2,"In North Sámi, the derivational suffix /ʃ/ (š) forms verbs from adjectives."
glossa-5462-julien,1 Introduction,"North Sámi is known to have a rich inventory of derivational suffixes – suffixes that form verbs from nouns and adjectives or from other verbs, nouns from verbs, adjectives from nouns and verbs, to mention some main types. In this paper, I will take a closer look at one particular derivational suffix, the suffix /ʃ/, spelled š, which forms verbs from adjectives or nouns. More precisely, the suffix attaches to an adjective or noun and returns a transitive verb meaning ‘[subject] find [object] (too) ADJECTIVE/NOUN’.1 A few examples are given in (1). Note that the verbs are given in the infinitive, with the infinitival suffix -it following the derivational suffix.7",1,"In this paper, I will take a closer look at one particular derivational suffix, the suffix /ʃ/, spelled š, which forms verbs from adjectives or nouns.",3,"In North Sámi, the derivational suffix /ʃ/ (š) forms verbs from nouns."
glossa-5462-julien,1 Introduction,"North Sámi is known to have a rich inventory of derivational suffixes – suffixes that form verbs from nouns and adjectives or from other verbs, nouns from verbs, adjectives from nouns and verbs, to mention some main types. In this paper, I will take a closer look at one particular derivational suffix, the suffix /ʃ/, spelled š, which forms verbs from adjectives or nouns. More precisely, the suffix attaches to an adjective or noun and returns a transitive verb meaning ‘[subject] find [object] (too) ADJECTIVE/NOUN’.1 A few examples are given in (1). Note that the verbs are given in the infinitive, with the infinitival suffix -it following the derivational suffix.8",1,"In this paper, I will take a closer look at one particular derivational suffix, the suffix /ʃ/, spelled š, which forms verbs from adjectives or nouns.",1,"In North Sámi, there is a derivational suffix /ʃ/ spelled š."
glossa-5462-julien,1 Introduction,"North Sámi is known to have a rich inventory of derivational suffixes – suffixes that form verbs from nouns and adjectives or from other verbs, nouns from verbs, adjectives from nouns and verbs, to mention some main types. In this paper, I will take a closer look at one particular derivational suffix, the suffix /ʃ/, spelled š, which forms verbs from adjectives or nouns. More precisely, the suffix attaches to an adjective or noun and returns a transitive verb meaning ‘[subject] find [object] (too) ADJECTIVE/NOUN’.1 A few examples are given in (1). Note that the verbs are given in the infinitive, with the infinitival suffix -it following the derivational suffix.8",1,"In this paper, I will take a closer look at one particular derivational suffix, the suffix /ʃ/, spelled š, which forms verbs from adjectives or nouns.",2,"In North Sámi, the derivational suffix /ʃ/ (š) forms verbs from adjectives."
glossa-5462-julien,1 Introduction,"North Sámi is known to have a rich inventory of derivational suffixes – suffixes that form verbs from nouns and adjectives or from other verbs, nouns from verbs, adjectives from nouns and verbs, to mention some main types. In this paper, I will take a closer look at one particular derivational suffix, the suffix /ʃ/, spelled š, which forms verbs from adjectives or nouns. More precisely, the suffix attaches to an adjective or noun and returns a transitive verb meaning ‘[subject] find [object] (too) ADJECTIVE/NOUN’.1 A few examples are given in (1). Note that the verbs are given in the infinitive, with the infinitival suffix -it following the derivational suffix.8",1,"In this paper, I will take a closer look at one particular derivational suffix, the suffix /ʃ/, spelled š, which forms verbs from adjectives or nouns.",3,"In North Sámi, the derivational suffix /ʃ/ (š) forms verbs from nouns."
glossa-5462-julien,1 Introduction,"North Sámi is known to have a rich inventory of derivational suffixes – suffixes that form verbs from nouns and adjectives or from other verbs, nouns from verbs, adjectives from nouns and verbs, to mention some main types. In this paper, I will take a closer look at one particular derivational suffix, the suffix /ʃ/, spelled š, which forms verbs from adjectives or nouns. More precisely, the suffix attaches to an adjective or noun and returns a transitive verb meaning ‘[subject] find [object] (too) ADJECTIVE/NOUN’.1 A few examples are given in (1). Note that the verbs are given in the infinitive, with the infinitival suffix -it following the derivational suffix.9",1,"More precisely, the suffix attaches to an adjective or noun and returns a transitive verb meaning ‘[subject] find [object] (too) ADJECTIVE/NOUN’.1 A few examples are given in (1)",1,"In North Sámi, the derivational suffix /ʃ/ (š) attaches to an adjective."
glossa-5462-julien,1 Introduction,"North Sámi is known to have a rich inventory of derivational suffixes – suffixes that form verbs from nouns and adjectives or from other verbs, nouns from verbs, adjectives from nouns and verbs, to mention some main types. In this paper, I will take a closer look at one particular derivational suffix, the suffix /ʃ/, spelled š, which forms verbs from adjectives or nouns. More precisely, the suffix attaches to an adjective or noun and returns a transitive verb meaning ‘[subject] find [object] (too) ADJECTIVE/NOUN’.1 A few examples are given in (1). Note that the verbs are given in the infinitive, with the infinitival suffix -it following the derivational suffix.9",1,"More precisely, the suffix attaches to an adjective or noun and returns a transitive verb meaning ‘[subject] find [object] (too) ADJECTIVE/NOUN’.1 A few examples are given in (1)",2,"In North Sámi, the derivational suffix /ʃ/ (š) attaches to a noun."
glossa-5462-julien,1 Introduction,"North Sámi is known to have a rich inventory of derivational suffixes – suffixes that form verbs from nouns and adjectives or from other verbs, nouns from verbs, adjectives from nouns and verbs, to mention some main types. In this paper, I will take a closer look at one particular derivational suffix, the suffix /ʃ/, spelled š, which forms verbs from adjectives or nouns. More precisely, the suffix attaches to an adjective or noun and returns a transitive verb meaning ‘[subject] find [object] (too) ADJECTIVE/NOUN’.1 A few examples are given in (1). Note that the verbs are given in the infinitive, with the infinitival suffix -it following the derivational suffix.9",1,"More precisely, the suffix attaches to an adjective or noun and returns a transitive verb meaning ‘[subject] find [object] (too) ADJECTIVE/NOUN’.1 A few examples are given in (1)",3,"In North Sámi, the derivational suffix /ʃ/ (š) yields a transitive verb whose meaning is '[subject] find [object] (too) ADJECTIVE/NOUN'."
glossa-5462-julien,1 Introduction,"North Sámi is known to have a rich inventory of derivational suffixes – suffixes that form verbs from nouns and adjectives or from other verbs, nouns from verbs, adjectives from nouns and verbs, to mention some main types. In this paper, I will take a closer look at one particular derivational suffix, the suffix /ʃ/, spelled š, which forms verbs from adjectives or nouns. More precisely, the suffix attaches to an adjective or noun and returns a transitive verb meaning ‘[subject] find [object] (too) ADJECTIVE/NOUN’.1 A few examples are given in (1). Note that the verbs are given in the infinitive, with the infinitival suffix -it following the derivational suffix.10",1,"More precisely, the suffix attaches to an adjective or noun and returns a transitive verb meaning ‘[subject] find [object] (too) ADJECTIVE/NOUN’.1 A few examples are given in (1)",1,The derivational suffix /ʃ/ (spelled š) in North Sámi attaches to an adjective or noun.
glossa-5462-julien,1 Introduction,"North Sámi is known to have a rich inventory of derivational suffixes – suffixes that form verbs from nouns and adjectives or from other verbs, nouns from verbs, adjectives from nouns and verbs, to mention some main types. In this paper, I will take a closer look at one particular derivational suffix, the suffix /ʃ/, spelled š, which forms verbs from adjectives or nouns. More precisely, the suffix attaches to an adjective or noun and returns a transitive verb meaning ‘[subject] find [object] (too) ADJECTIVE/NOUN’.1 A few examples are given in (1). Note that the verbs are given in the infinitive, with the infinitival suffix -it following the derivational suffix.10",1,"More precisely, the suffix attaches to an adjective or noun and returns a transitive verb meaning ‘[subject] find [object] (too) ADJECTIVE/NOUN’.1 A few examples are given in (1)",2,The derivational suffix /ʃ/ (spelled š) in North Sámi returns a transitive verb meaning '[subject] find [object] (too) ADJECTIVE/NOUN' when it attaches to an adjective or noun.
glossa-5462-julien,1 Introduction,"North Sámi is known to have a rich inventory of derivational suffixes – suffixes that form verbs from nouns and adjectives or from other verbs, nouns from verbs, adjectives from nouns and verbs, to mention some main types. In this paper, I will take a closer look at one particular derivational suffix, the suffix /ʃ/, spelled š, which forms verbs from adjectives or nouns. More precisely, the suffix attaches to an adjective or noun and returns a transitive verb meaning ‘[subject] find [object] (too) ADJECTIVE/NOUN’.1 A few examples are given in (1). Note that the verbs are given in the infinitive, with the infinitival suffix -it following the derivational suffix.10",1,"More precisely, the suffix attaches to an adjective or noun and returns a transitive verb meaning ‘[subject] find [object] (too) ADJECTIVE/NOUN’.1 A few examples are given in (1)",3,A few examples of verbs formed with the derivational suffix /ʃ/ (spelled š) in North Sámi are given.
glossa-5462-julien,1 Introduction,"North Sámi is known to have a rich inventory of derivational suffixes – suffixes that form verbs from nouns and adjectives or from other verbs, nouns from verbs, adjectives from nouns and verbs, to mention some main types. In this paper, I will take a closer look at one particular derivational suffix, the suffix /ʃ/, spelled š, which forms verbs from adjectives or nouns. More precisely, the suffix attaches to an adjective or noun and returns a transitive verb meaning ‘[subject] find [object] (too) ADJECTIVE/NOUN’.1 A few examples are given in (1). Note that the verbs are given in the infinitive, with the infinitival suffix -it following the derivational suffix.11",1,"More precisely, the suffix attaches to an adjective or noun and returns a transitive verb meaning ‘[subject] find [object] (too) ADJECTIVE/NOUN’.1 A few examples are given in (1)",1,The derivational suffix /ʃ/ (spelled š) in North Sámi attaches to an adjective or noun.
glossa-5462-julien,1 Introduction,"North Sámi is known to have a rich inventory of derivational suffixes – suffixes that form verbs from nouns and adjectives or from other verbs, nouns from verbs, adjectives from nouns and verbs, to mention some main types. In this paper, I will take a closer look at one particular derivational suffix, the suffix /ʃ/, spelled š, which forms verbs from adjectives or nouns. More precisely, the suffix attaches to an adjective or noun and returns a transitive verb meaning ‘[subject] find [object] (too) ADJECTIVE/NOUN’.1 A few examples are given in (1). Note that the verbs are given in the infinitive, with the infinitival suffix -it following the derivational suffix.11",1,"More precisely, the suffix attaches to an adjective or noun and returns a transitive verb meaning ‘[subject] find [object] (too) ADJECTIVE/NOUN’.1 A few examples are given in (1)",2,The derivational suffix /ʃ/ (spelled š) in North Sámi returns a transitive verb meaning '[subject] find [object] (too) ADJECTIVE/NOUN' when it attaches to an adjective or noun.
glossa-5462-julien,1 Introduction,"North Sámi is known to have a rich inventory of derivational suffixes – suffixes that form verbs from nouns and adjectives or from other verbs, nouns from verbs, adjectives from nouns and verbs, to mention some main types. In this paper, I will take a closer look at one particular derivational suffix, the suffix /ʃ/, spelled š, which forms verbs from adjectives or nouns. More precisely, the suffix attaches to an adjective or noun and returns a transitive verb meaning ‘[subject] find [object] (too) ADJECTIVE/NOUN’.1 A few examples are given in (1). Note that the verbs are given in the infinitive, with the infinitival suffix -it following the derivational suffix.11",1,"More precisely, the suffix attaches to an adjective or noun and returns a transitive verb meaning ‘[subject] find [object] (too) ADJECTIVE/NOUN’.1 A few examples are given in (1)",3,A few examples of verbs formed with the derivational suffix /ʃ/ (spelled š) in North Sámi are given.
glossa-5462-julien,1 Introduction,"North Sámi is known to have a rich inventory of derivational suffixes – suffixes that form verbs from nouns and adjectives or from other verbs, nouns from verbs, adjectives from nouns and verbs, to mention some main types. In this paper, I will take a closer look at one particular derivational suffix, the suffix /ʃ/, spelled š, which forms verbs from adjectives or nouns. More precisely, the suffix attaches to an adjective or noun and returns a transitive verb meaning ‘[subject] find [object] (too) ADJECTIVE/NOUN’.1 A few examples are given in (1). Note that the verbs are given in the infinitive, with the infinitival suffix -it following the derivational suffix.12",1,"Note that the verbs are given in the infinitive, with the infinitival suffix -it following the derivational suffix.2",1,The verbs formed with the derivational suffix /ʃ/ (spelled š) in North Sámi are given in the infinitive.
glossa-5462-julien,1 Introduction,"North Sámi is known to have a rich inventory of derivational suffixes – suffixes that form verbs from nouns and adjectives or from other verbs, nouns from verbs, adjectives from nouns and verbs, to mention some main types. In this paper, I will take a closer look at one particular derivational suffix, the suffix /ʃ/, spelled š, which forms verbs from adjectives or nouns. More precisely, the suffix attaches to an adjective or noun and returns a transitive verb meaning ‘[subject] find [object] (too) ADJECTIVE/NOUN’.1 A few examples are given in (1). Note that the verbs are given in the infinitive, with the infinitival suffix -it following the derivational suffix.12",1,"Note that the verbs are given in the infinitive, with the infinitival suffix -it following the derivational suffix.2",2,"In North Sámi, the infinitival suffix -it follows the derivational suffix /ʃ/ (spelled š) in those verbs."
glossa-5462-julien,1 Introduction,"North Sámi is known to have a rich inventory of derivational suffixes – suffixes that form verbs from nouns and adjectives or from other verbs, nouns from verbs, adjectives from nouns and verbs, to mention some main types. In this paper, I will take a closer look at one particular derivational suffix, the suffix /ʃ/, spelled š, which forms verbs from adjectives or nouns. More precisely, the suffix attaches to an adjective or noun and returns a transitive verb meaning ‘[subject] find [object] (too) ADJECTIVE/NOUN’.1 A few examples are given in (1). Note that the verbs are given in the infinitive, with the infinitival suffix -it following the derivational suffix.13",1,"Note that the verbs are given in the infinitive, with the infinitival suffix -it following the derivational suffix.3",1,The verbs formed with the derivational suffix /ʃ/ (spelled š) in North Sámi are given in the infinitive.
glossa-5462-julien,1 Introduction,"North Sámi is known to have a rich inventory of derivational suffixes – suffixes that form verbs from nouns and adjectives or from other verbs, nouns from verbs, adjectives from nouns and verbs, to mention some main types. In this paper, I will take a closer look at one particular derivational suffix, the suffix /ʃ/, spelled š, which forms verbs from adjectives or nouns. More precisely, the suffix attaches to an adjective or noun and returns a transitive verb meaning ‘[subject] find [object] (too) ADJECTIVE/NOUN’.1 A few examples are given in (1). Note that the verbs are given in the infinitive, with the infinitival suffix -it following the derivational suffix.13",1,"Note that the verbs are given in the infinitive, with the infinitival suffix -it following the derivational suffix.3",2,"In North Sámi, the infinitival suffix -it follows the derivational suffix /ʃ/ (spelled š) in those verbs."
glossa-8784-kocher,Title and Abstract,A sentence mood account for Spanish verum,1,A sentence mood account for Spanish verum,1,There is a sentence mood account for Spanish verum.
glossa-8784-kocher,Title and Abstract,"This article argues in favor of the idea that verum can result from focus marking on sentence mood. The empirical base are verum strategies in Spanish, English and German. It is shown that all of them result from stress on sentence mood, even though the strategies to express verum in the three languages appear unrelated on a superficial level: German and English rely on stress on a finite verb, Spanish inserts a particle. In the article, a semantic and syntactic account complete each other. The semantic approach is a revised version of Lohnstein’s sentence mood theory of verum focus. The effect of verum in different sentence moods is derived by the function each mood has and the alternatives that focus on them generates. The syntactic analysis is modeled in a cartographic framework (Rizzi 1997 et seq.) and motivates a projection in the lower section of the left periphery dedicated to sentence mood. A focus feature in this projection results in the verum interpretation of the proposition. The principal argument developed in this article is that the superficial differences across languages and clause types result from the fact that the focused mood feature is checked in different configurations.",1,This article argues in favor of the idea that verum can result from focus marking on sentence mood.,1,Verum can result from focus marking on sentence mood.
glossa-8784-kocher,Title and Abstract,"This article argues in favor of the idea that verum can result from focus marking on sentence mood. The empirical base are verum strategies in Spanish, English and German. It is shown that all of them result from stress on sentence mood, even though the strategies to express verum in the three languages appear unrelated on a superficial level: German and English rely on stress on a finite verb, Spanish inserts a particle. In the article, a semantic and syntactic account complete each other. The semantic approach is a revised version of Lohnstein’s sentence mood theory of verum focus. The effect of verum in different sentence moods is derived by the function each mood has and the alternatives that focus on them generates. The syntactic analysis is modeled in a cartographic framework (Rizzi 1997 et seq.) and motivates a projection in the lower section of the left periphery dedicated to sentence mood. A focus feature in this projection results in the verum interpretation of the proposition. The principal argument developed in this article is that the superficial differences across languages and clause types result from the fact that the focused mood feature is checked in different configurations.",2,"The empirical base are verum strategies in Spanish, English and German.",1,The empirical base of the article are verum strategies in Spanish.
glossa-8784-kocher,Title and Abstract,"This article argues in favor of the idea that verum can result from focus marking on sentence mood. The empirical base are verum strategies in Spanish, English and German. It is shown that all of them result from stress on sentence mood, even though the strategies to express verum in the three languages appear unrelated on a superficial level: German and English rely on stress on a finite verb, Spanish inserts a particle. In the article, a semantic and syntactic account complete each other. The semantic approach is a revised version of Lohnstein’s sentence mood theory of verum focus. The effect of verum in different sentence moods is derived by the function each mood has and the alternatives that focus on them generates. The syntactic analysis is modeled in a cartographic framework (Rizzi 1997 et seq.) and motivates a projection in the lower section of the left periphery dedicated to sentence mood. A focus feature in this projection results in the verum interpretation of the proposition. The principal argument developed in this article is that the superficial differences across languages and clause types result from the fact that the focused mood feature is checked in different configurations.",2,"The empirical base are verum strategies in Spanish, English and German.",2,The empirical base of the article are verum strategies in English.
glossa-8784-kocher,Title and Abstract,"This article argues in favor of the idea that verum can result from focus marking on sentence mood. The empirical base are verum strategies in Spanish, English and German. It is shown that all of them result from stress on sentence mood, even though the strategies to express verum in the three languages appear unrelated on a superficial level: German and English rely on stress on a finite verb, Spanish inserts a particle. In the article, a semantic and syntactic account complete each other. The semantic approach is a revised version of Lohnstein’s sentence mood theory of verum focus. The effect of verum in different sentence moods is derived by the function each mood has and the alternatives that focus on them generates. The syntactic analysis is modeled in a cartographic framework (Rizzi 1997 et seq.) and motivates a projection in the lower section of the left periphery dedicated to sentence mood. A focus feature in this projection results in the verum interpretation of the proposition. The principal argument developed in this article is that the superficial differences across languages and clause types result from the fact that the focused mood feature is checked in different configurations.",2,"The empirical base are verum strategies in Spanish, English and German.",3,The empirical base of the article are verum strategies in German.
glossa-8784-kocher,Title and Abstract,"This article argues in favor of the idea that verum can result from focus marking on sentence mood. The empirical base are verum strategies in Spanish, English and German. It is shown that all of them result from stress on sentence mood, even though the strategies to express verum in the three languages appear unrelated on a superficial level: German and English rely on stress on a finite verb, Spanish inserts a particle. In the article, a semantic and syntactic account complete each other. The semantic approach is a revised version of Lohnstein’s sentence mood theory of verum focus. The effect of verum in different sentence moods is derived by the function each mood has and the alternatives that focus on them generates. The syntactic analysis is modeled in a cartographic framework (Rizzi 1997 et seq.) and motivates a projection in the lower section of the left periphery dedicated to sentence mood. A focus feature in this projection results in the verum interpretation of the proposition. The principal argument developed in this article is that the superficial differences across languages and clause types result from the fact that the focused mood feature is checked in different configurations.",3,"It is shown that all of them result from stress on sentence mood, even though the strategies to express verum in the three languages appear unrelated on a superficial level: German and English rely on stress on a finite verb, Spanish inserts a particle.",1,"The verum strategies in Spanish, English, and German result from stress on sentence mood."
glossa-8784-kocher,Title and Abstract,"This article argues in favor of the idea that verum can result from focus marking on sentence mood. The empirical base are verum strategies in Spanish, English and German. It is shown that all of them result from stress on sentence mood, even though the strategies to express verum in the three languages appear unrelated on a superficial level: German and English rely on stress on a finite verb, Spanish inserts a particle. In the article, a semantic and syntactic account complete each other. The semantic approach is a revised version of Lohnstein’s sentence mood theory of verum focus. The effect of verum in different sentence moods is derived by the function each mood has and the alternatives that focus on them generates. The syntactic analysis is modeled in a cartographic framework (Rizzi 1997 et seq.) and motivates a projection in the lower section of the left periphery dedicated to sentence mood. A focus feature in this projection results in the verum interpretation of the proposition. The principal argument developed in this article is that the superficial differences across languages and clause types result from the fact that the focused mood feature is checked in different configurations.",3,"It is shown that all of them result from stress on sentence mood, even though the strategies to express verum in the three languages appear unrelated on a superficial level: German and English rely on stress on a finite verb, Spanish inserts a particle.",2,"The strategies to express verum in Spanish, English, and German appear unrelated on a superficial level."
glossa-8784-kocher,Title and Abstract,"This article argues in favor of the idea that verum can result from focus marking on sentence mood. The empirical base are verum strategies in Spanish, English and German. It is shown that all of them result from stress on sentence mood, even though the strategies to express verum in the three languages appear unrelated on a superficial level: German and English rely on stress on a finite verb, Spanish inserts a particle. In the article, a semantic and syntactic account complete each other. The semantic approach is a revised version of Lohnstein’s sentence mood theory of verum focus. The effect of verum in different sentence moods is derived by the function each mood has and the alternatives that focus on them generates. The syntactic analysis is modeled in a cartographic framework (Rizzi 1997 et seq.) and motivates a projection in the lower section of the left periphery dedicated to sentence mood. A focus feature in this projection results in the verum interpretation of the proposition. The principal argument developed in this article is that the superficial differences across languages and clause types result from the fact that the focused mood feature is checked in different configurations.",3,"It is shown that all of them result from stress on sentence mood, even though the strategies to express verum in the three languages appear unrelated on a superficial level: German and English rely on stress on a finite verb, Spanish inserts a particle.",3,"In German, the verum strategy relies on stress on a finite verb."
glossa-8784-kocher,Title and Abstract,"This article argues in favor of the idea that verum can result from focus marking on sentence mood. The empirical base are verum strategies in Spanish, English and German. It is shown that all of them result from stress on sentence mood, even though the strategies to express verum in the three languages appear unrelated on a superficial level: German and English rely on stress on a finite verb, Spanish inserts a particle. In the article, a semantic and syntactic account complete each other. The semantic approach is a revised version of Lohnstein’s sentence mood theory of verum focus. The effect of verum in different sentence moods is derived by the function each mood has and the alternatives that focus on them generates. The syntactic analysis is modeled in a cartographic framework (Rizzi 1997 et seq.) and motivates a projection in the lower section of the left periphery dedicated to sentence mood. A focus feature in this projection results in the verum interpretation of the proposition. The principal argument developed in this article is that the superficial differences across languages and clause types result from the fact that the focused mood feature is checked in different configurations.",3,"It is shown that all of them result from stress on sentence mood, even though the strategies to express verum in the three languages appear unrelated on a superficial level: German and English rely on stress on a finite verb, Spanish inserts a particle.",4,"In English, the verum strategy relies on stress on a finite verb."
glossa-8784-kocher,Title and Abstract,"This article argues in favor of the idea that verum can result from focus marking on sentence mood. The empirical base are verum strategies in Spanish, English and German. It is shown that all of them result from stress on sentence mood, even though the strategies to express verum in the three languages appear unrelated on a superficial level: German and English rely on stress on a finite verb, Spanish inserts a particle. In the article, a semantic and syntactic account complete each other. The semantic approach is a revised version of Lohnstein’s sentence mood theory of verum focus. The effect of verum in different sentence moods is derived by the function each mood has and the alternatives that focus on them generates. The syntactic analysis is modeled in a cartographic framework (Rizzi 1997 et seq.) and motivates a projection in the lower section of the left periphery dedicated to sentence mood. A focus feature in this projection results in the verum interpretation of the proposition. The principal argument developed in this article is that the superficial differences across languages and clause types result from the fact that the focused mood feature is checked in different configurations.",3,"It is shown that all of them result from stress on sentence mood, even though the strategies to express verum in the three languages appear unrelated on a superficial level: German and English rely on stress on a finite verb, Spanish inserts a particle.",5,"In Spanish, the verum strategy inserts a particle."
glossa-8784-kocher,Title and Abstract,"This article argues in favor of the idea that verum can result from focus marking on sentence mood. The empirical base are verum strategies in Spanish, English and German. It is shown that all of them result from stress on sentence mood, even though the strategies to express verum in the three languages appear unrelated on a superficial level: German and English rely on stress on a finite verb, Spanish inserts a particle. In the article, a semantic and syntactic account complete each other. The semantic approach is a revised version of Lohnstein’s sentence mood theory of verum focus. The effect of verum in different sentence moods is derived by the function each mood has and the alternatives that focus on them generates. The syntactic analysis is modeled in a cartographic framework (Rizzi 1997 et seq.) and motivates a projection in the lower section of the left periphery dedicated to sentence mood. A focus feature in this projection results in the verum interpretation of the proposition. The principal argument developed in this article is that the superficial differences across languages and clause types result from the fact that the focused mood feature is checked in different configurations.",4,"In the article, a semantic and syntactic account complete each other.",1,The article presents a semantic account.
glossa-8784-kocher,Title and Abstract,"This article argues in favor of the idea that verum can result from focus marking on sentence mood. The empirical base are verum strategies in Spanish, English and German. It is shown that all of them result from stress on sentence mood, even though the strategies to express verum in the three languages appear unrelated on a superficial level: German and English rely on stress on a finite verb, Spanish inserts a particle. In the article, a semantic and syntactic account complete each other. The semantic approach is a revised version of Lohnstein’s sentence mood theory of verum focus. The effect of verum in different sentence moods is derived by the function each mood has and the alternatives that focus on them generates. The syntactic analysis is modeled in a cartographic framework (Rizzi 1997 et seq.) and motivates a projection in the lower section of the left periphery dedicated to sentence mood. A focus feature in this projection results in the verum interpretation of the proposition. The principal argument developed in this article is that the superficial differences across languages and clause types result from the fact that the focused mood feature is checked in different configurations.",4,"In the article, a semantic and syntactic account complete each other.",2,The article presents a syntactic account.
glossa-8784-kocher,Title and Abstract,"This article argues in favor of the idea that verum can result from focus marking on sentence mood. The empirical base are verum strategies in Spanish, English and German. It is shown that all of them result from stress on sentence mood, even though the strategies to express verum in the three languages appear unrelated on a superficial level: German and English rely on stress on a finite verb, Spanish inserts a particle. In the article, a semantic and syntactic account complete each other. The semantic approach is a revised version of Lohnstein’s sentence mood theory of verum focus. The effect of verum in different sentence moods is derived by the function each mood has and the alternatives that focus on them generates. The syntactic analysis is modeled in a cartographic framework (Rizzi 1997 et seq.) and motivates a projection in the lower section of the left periphery dedicated to sentence mood. A focus feature in this projection results in the verum interpretation of the proposition. The principal argument developed in this article is that the superficial differences across languages and clause types result from the fact that the focused mood feature is checked in different configurations.",4,"In the article, a semantic and syntactic account complete each other.",3,The semantic account and the syntactic account presented in the article complement each other.
glossa-8784-kocher,Title and Abstract,"This article argues in favor of the idea that verum can result from focus marking on sentence mood. The empirical base are verum strategies in Spanish, English and German. It is shown that all of them result from stress on sentence mood, even though the strategies to express verum in the three languages appear unrelated on a superficial level: German and English rely on stress on a finite verb, Spanish inserts a particle. In the article, a semantic and syntactic account complete each other. The semantic approach is a revised version of Lohnstein’s sentence mood theory of verum focus. The effect of verum in different sentence moods is derived by the function each mood has and the alternatives that focus on them generates. The syntactic analysis is modeled in a cartographic framework (Rizzi 1997 et seq.) and motivates a projection in the lower section of the left periphery dedicated to sentence mood. A focus feature in this projection results in the verum interpretation of the proposition. The principal argument developed in this article is that the superficial differences across languages and clause types result from the fact that the focused mood feature is checked in different configurations.",5,The semantic approach is a revised version of Lohnstein’s sentence mood theory of verum focus.,1,The semantic approach in the article is a revised version of Lohnstein’s sentence mood theory of verum focus.
glossa-8784-kocher,Title and Abstract,"This article argues in favor of the idea that verum can result from focus marking on sentence mood. The empirical base are verum strategies in Spanish, English and German. It is shown that all of them result from stress on sentence mood, even though the strategies to express verum in the three languages appear unrelated on a superficial level: German and English rely on stress on a finite verb, Spanish inserts a particle. In the article, a semantic and syntactic account complete each other. The semantic approach is a revised version of Lohnstein’s sentence mood theory of verum focus. The effect of verum in different sentence moods is derived by the function each mood has and the alternatives that focus on them generates. The syntactic analysis is modeled in a cartographic framework (Rizzi 1997 et seq.) and motivates a projection in the lower section of the left periphery dedicated to sentence mood. A focus feature in this projection results in the verum interpretation of the proposition. The principal argument developed in this article is that the superficial differences across languages and clause types result from the fact that the focused mood feature is checked in different configurations.",5,The semantic approach is a revised version of Lohnstein’s sentence mood theory of verum focus.,2,The semantic approach in the article is a revised version of the sentence mood theory of verum focus.
glossa-8784-kocher,Title and Abstract,"This article argues in favor of the idea that verum can result from focus marking on sentence mood. The empirical base are verum strategies in Spanish, English and German. It is shown that all of them result from stress on sentence mood, even though the strategies to express verum in the three languages appear unrelated on a superficial level: German and English rely on stress on a finite verb, Spanish inserts a particle. In the article, a semantic and syntactic account complete each other. The semantic approach is a revised version of Lohnstein’s sentence mood theory of verum focus. The effect of verum in different sentence moods is derived by the function each mood has and the alternatives that focus on them generates. The syntactic analysis is modeled in a cartographic framework (Rizzi 1997 et seq.) and motivates a projection in the lower section of the left periphery dedicated to sentence mood. A focus feature in this projection results in the verum interpretation of the proposition. The principal argument developed in this article is that the superficial differences across languages and clause types result from the fact that the focused mood feature is checked in different configurations.",6,The effect of verum in different sentence moods is derived by the function each mood has and the alternatives that focus on them generates.,1,The effect of verum in different sentence moods is derived from the function each sentence mood has.
glossa-8784-kocher,Title and Abstract,"This article argues in favor of the idea that verum can result from focus marking on sentence mood. The empirical base are verum strategies in Spanish, English and German. It is shown that all of them result from stress on sentence mood, even though the strategies to express verum in the three languages appear unrelated on a superficial level: German and English rely on stress on a finite verb, Spanish inserts a particle. In the article, a semantic and syntactic account complete each other. The semantic approach is a revised version of Lohnstein’s sentence mood theory of verum focus. The effect of verum in different sentence moods is derived by the function each mood has and the alternatives that focus on them generates. The syntactic analysis is modeled in a cartographic framework (Rizzi 1997 et seq.) and motivates a projection in the lower section of the left periphery dedicated to sentence mood. A focus feature in this projection results in the verum interpretation of the proposition. The principal argument developed in this article is that the superficial differences across languages and clause types result from the fact that the focused mood feature is checked in different configurations.",6,The effect of verum in different sentence moods is derived by the function each mood has and the alternatives that focus on them generates.,2,The effect of verum in different sentence moods is derived from the alternatives that focus on the sentence moods generate.
glossa-8784-kocher,Title and Abstract,"This article argues in favor of the idea that verum can result from focus marking on sentence mood. The empirical base are verum strategies in Spanish, English and German. It is shown that all of them result from stress on sentence mood, even though the strategies to express verum in the three languages appear unrelated on a superficial level: German and English rely on stress on a finite verb, Spanish inserts a particle. In the article, a semantic and syntactic account complete each other. The semantic approach is a revised version of Lohnstein’s sentence mood theory of verum focus. The effect of verum in different sentence moods is derived by the function each mood has and the alternatives that focus on them generates. The syntactic analysis is modeled in a cartographic framework (Rizzi 1997 et seq.) and motivates a projection in the lower section of the left periphery dedicated to sentence mood. A focus feature in this projection results in the verum interpretation of the proposition. The principal argument developed in this article is that the superficial differences across languages and clause types result from the fact that the focused mood feature is checked in different configurations.",7,The syntactic analysis is modeled in a cartographic framework (Rizzi 1997 et seq.) and motivates a projection in the lower section of the left periphery dedicated to sentence mood.,1,The syntactic analysis is modeled in a cartographic framework (Rizzi 1997 et seq.).
glossa-8784-kocher,Title and Abstract,"This article argues in favor of the idea that verum can result from focus marking on sentence mood. The empirical base are verum strategies in Spanish, English and German. It is shown that all of them result from stress on sentence mood, even though the strategies to express verum in the three languages appear unrelated on a superficial level: German and English rely on stress on a finite verb, Spanish inserts a particle. In the article, a semantic and syntactic account complete each other. The semantic approach is a revised version of Lohnstein’s sentence mood theory of verum focus. The effect of verum in different sentence moods is derived by the function each mood has and the alternatives that focus on them generates. The syntactic analysis is modeled in a cartographic framework (Rizzi 1997 et seq.) and motivates a projection in the lower section of the left periphery dedicated to sentence mood. A focus feature in this projection results in the verum interpretation of the proposition. The principal argument developed in this article is that the superficial differences across languages and clause types result from the fact that the focused mood feature is checked in different configurations.",7,The syntactic analysis is modeled in a cartographic framework (Rizzi 1997 et seq.) and motivates a projection in the lower section of the left periphery dedicated to sentence mood.,2,The syntactic analysis motivates a projection in the lower section of the left periphery dedicated to sentence mood.
glossa-8784-kocher,Title and Abstract,"This article argues in favor of the idea that verum can result from focus marking on sentence mood. The empirical base are verum strategies in Spanish, English and German. It is shown that all of them result from stress on sentence mood, even though the strategies to express verum in the three languages appear unrelated on a superficial level: German and English rely on stress on a finite verb, Spanish inserts a particle. In the article, a semantic and syntactic account complete each other. The semantic approach is a revised version of Lohnstein’s sentence mood theory of verum focus. The effect of verum in different sentence moods is derived by the function each mood has and the alternatives that focus on them generates. The syntactic analysis is modeled in a cartographic framework (Rizzi 1997 et seq.) and motivates a projection in the lower section of the left periphery dedicated to sentence mood. A focus feature in this projection results in the verum interpretation of the proposition. The principal argument developed in this article is that the superficial differences across languages and clause types result from the fact that the focused mood feature is checked in different configurations.",8,A focus feature in this projection results in the verum interpretation of the proposition.,1,A focus feature in the projection in the lower section of the left periphery dedicated to sentence mood results in the verum interpretation of the proposition.
glossa-8784-kocher,Title and Abstract,"This article argues in favor of the idea that verum can result from focus marking on sentence mood. The empirical base are verum strategies in Spanish, English and German. It is shown that all of them result from stress on sentence mood, even though the strategies to express verum in the three languages appear unrelated on a superficial level: German and English rely on stress on a finite verb, Spanish inserts a particle. In the article, a semantic and syntactic account complete each other. The semantic approach is a revised version of Lohnstein’s sentence mood theory of verum focus. The effect of verum in different sentence moods is derived by the function each mood has and the alternatives that focus on them generates. The syntactic analysis is modeled in a cartographic framework (Rizzi 1997 et seq.) and motivates a projection in the lower section of the left periphery dedicated to sentence mood. A focus feature in this projection results in the verum interpretation of the proposition. The principal argument developed in this article is that the superficial differences across languages and clause types result from the fact that the focused mood feature is checked in different configurations.",9,The principal argument developed in this article is that the superficial differences across languages and clause types result from the fact that the focused mood feature is checked in different configurations.,1,Superficial differences across languages and clause types result from the focused sentence mood feature being checked in different configurations.
glossa-5286-contemori,,"Studies on second language (L2) anaphora resolution have mainly focused on learners of null-subject languages, demonstrating that L2 speakers show residual indeterminacy in the L2 referential choice, even at the highest levels of proficiency. On the other hand, studies on anaphora resolution in L2 learners of non-null-subject languages have shown conflicting results, indicating that L2 speakers may process referential expressions in the L2 like native speakers.Using a visual word paradigm task, we test the online processing of pronouns in highly proficient L2 speakers of English whose L1 is Spanish, and compare their performance to a group of native English speakers. The native speakers’ data show rapid use of the first mention bias (i.e., interpreting a pronoun towards the first-mentioned referent) and gender information upon encountering a gender ambiguous or unambiguous pronoun. For the L2 participants, we find similar underlying processes of pronoun resolution in comparison to native speakers. The results do not reveal a processing cost for L2 speakers of a non-null-subject language during anaphora resolution. Overall, our study demonstrates that L2 speakers of a non-null-subject language (English) can achieve native-like processing of the default referential form signaling topic continuity (i.e., the overt pronoun; Sorace 2011).",1,"Studies on second language (L2) anaphora resolution have mainly focused on learners of null-subject languages, demonstrating that L2 speakers show residual indeterminacy in the L2 referential choice, even at the highest levels of proficiency.",1,Studies on second language (L2) anaphora resolution have mainly focused on learners of null-subject languages.
glossa-5286-contemori,,"Studies on second language (L2) anaphora resolution have mainly focused on learners of null-subject languages, demonstrating that L2 speakers show residual indeterminacy in the L2 referential choice, even at the highest levels of proficiency. On the other hand, studies on anaphora resolution in L2 learners of non-null-subject languages have shown conflicting results, indicating that L2 speakers may process referential expressions in the L2 like native speakers.Using a visual word paradigm task, we test the online processing of pronouns in highly proficient L2 speakers of English whose L1 is Spanish, and compare their performance to a group of native English speakers. The native speakers’ data show rapid use of the first mention bias (i.e., interpreting a pronoun towards the first-mentioned referent) and gender information upon encountering a gender ambiguous or unambiguous pronoun. For the L2 participants, we find similar underlying processes of pronoun resolution in comparison to native speakers. The results do not reveal a processing cost for L2 speakers of a non-null-subject language during anaphora resolution. Overall, our study demonstrates that L2 speakers of a non-null-subject language (English) can achieve native-like processing of the default referential form signaling topic continuity (i.e., the overt pronoun; Sorace 2011).",1,"Studies on second language (L2) anaphora resolution have mainly focused on learners of null-subject languages, demonstrating that L2 speakers show residual indeterminacy in the L2 referential choice, even at the highest levels of proficiency.",2,Studies on second language (L2) anaphora resolution demonstrate that L2 speakers show residual indeterminacy in L2 referential choice even at the highest levels of proficiency.
glossa-5286-contemori,,"Studies on second language (L2) anaphora resolution have mainly focused on learners of null-subject languages, demonstrating that L2 speakers show residual indeterminacy in the L2 referential choice, even at the highest levels of proficiency. On the other hand, studies on anaphora resolution in L2 learners of non-null-subject languages have shown conflicting results, indicating that L2 speakers may process referential expressions in the L2 like native speakers.Using a visual word paradigm task, we test the online processing of pronouns in highly proficient L2 speakers of English whose L1 is Spanish, and compare their performance to a group of native English speakers. The native speakers’ data show rapid use of the first mention bias (i.e., interpreting a pronoun towards the first-mentioned referent) and gender information upon encountering a gender ambiguous or unambiguous pronoun. For the L2 participants, we find similar underlying processes of pronoun resolution in comparison to native speakers. The results do not reveal a processing cost for L2 speakers of a non-null-subject language during anaphora resolution. Overall, our study demonstrates that L2 speakers of a non-null-subject language (English) can achieve native-like processing of the default referential form signaling topic continuity (i.e., the overt pronoun; Sorace 2011).",2,"On the other hand, studies on anaphora resolution in L2 learners of non-null-subject languages have shown conflicting results, indicating that L2 speakers may process referential expressions in the L2 like native speakers.Using a visual word paradigm task, we test the online processing of pronouns in highly proficient L2 speakers of English whose L1 is Spanish, and compare their performance to a group of native English speakers.",1,Studies on anaphora resolution in L2 learners of non-null-subject languages have shown conflicting results.
glossa-5286-contemori,,"Studies on second language (L2) anaphora resolution have mainly focused on learners of null-subject languages, demonstrating that L2 speakers show residual indeterminacy in the L2 referential choice, even at the highest levels of proficiency. On the other hand, studies on anaphora resolution in L2 learners of non-null-subject languages have shown conflicting results, indicating that L2 speakers may process referential expressions in the L2 like native speakers.Using a visual word paradigm task, we test the online processing of pronouns in highly proficient L2 speakers of English whose L1 is Spanish, and compare their performance to a group of native English speakers. The native speakers’ data show rapid use of the first mention bias (i.e., interpreting a pronoun towards the first-mentioned referent) and gender information upon encountering a gender ambiguous or unambiguous pronoun. For the L2 participants, we find similar underlying processes of pronoun resolution in comparison to native speakers. The results do not reveal a processing cost for L2 speakers of a non-null-subject language during anaphora resolution. Overall, our study demonstrates that L2 speakers of a non-null-subject language (English) can achieve native-like processing of the default referential form signaling topic continuity (i.e., the overt pronoun; Sorace 2011).",2,"On the other hand, studies on anaphora resolution in L2 learners of non-null-subject languages have shown conflicting results, indicating that L2 speakers may process referential expressions in the L2 like native speakers.Using a visual word paradigm task, we test the online processing of pronouns in highly proficient L2 speakers of English whose L1 is Spanish, and compare their performance to a group of native English speakers.",2,The conflicting results from studies on anaphora resolution in L2 learners of non-null-subject languages indicate that L2 speakers may process referential expressions in the L2 like native speakers.
glossa-5286-contemori,,"Studies on second language (L2) anaphora resolution have mainly focused on learners of null-subject languages, demonstrating that L2 speakers show residual indeterminacy in the L2 referential choice, even at the highest levels of proficiency. On the other hand, studies on anaphora resolution in L2 learners of non-null-subject languages have shown conflicting results, indicating that L2 speakers may process referential expressions in the L2 like native speakers.Using a visual word paradigm task, we test the online processing of pronouns in highly proficient L2 speakers of English whose L1 is Spanish, and compare their performance to a group of native English speakers. The native speakers’ data show rapid use of the first mention bias (i.e., interpreting a pronoun towards the first-mentioned referent) and gender information upon encountering a gender ambiguous or unambiguous pronoun. For the L2 participants, we find similar underlying processes of pronoun resolution in comparison to native speakers. The results do not reveal a processing cost for L2 speakers of a non-null-subject language during anaphora resolution. Overall, our study demonstrates that L2 speakers of a non-null-subject language (English) can achieve native-like processing of the default referential form signaling topic continuity (i.e., the overt pronoun; Sorace 2011).",2,"On the other hand, studies on anaphora resolution in L2 learners of non-null-subject languages have shown conflicting results, indicating that L2 speakers may process referential expressions in the L2 like native speakers.Using a visual word paradigm task, we test the online processing of pronouns in highly proficient L2 speakers of English whose L1 is Spanish, and compare their performance to a group of native English speakers.",3,The study tests the online processing of pronouns in highly proficient L2 speakers of English whose first language (L1) is Spanish using a visual word paradigm task.
glossa-5286-contemori,,"Studies on second language (L2) anaphora resolution have mainly focused on learners of null-subject languages, demonstrating that L2 speakers show residual indeterminacy in the L2 referential choice, even at the highest levels of proficiency. On the other hand, studies on anaphora resolution in L2 learners of non-null-subject languages have shown conflicting results, indicating that L2 speakers may process referential expressions in the L2 like native speakers.Using a visual word paradigm task, we test the online processing of pronouns in highly proficient L2 speakers of English whose L1 is Spanish, and compare their performance to a group of native English speakers. The native speakers’ data show rapid use of the first mention bias (i.e., interpreting a pronoun towards the first-mentioned referent) and gender information upon encountering a gender ambiguous or unambiguous pronoun. For the L2 participants, we find similar underlying processes of pronoun resolution in comparison to native speakers. The results do not reveal a processing cost for L2 speakers of a non-null-subject language during anaphora resolution. Overall, our study demonstrates that L2 speakers of a non-null-subject language (English) can achieve native-like processing of the default referential form signaling topic continuity (i.e., the overt pronoun; Sorace 2011).",2,"On the other hand, studies on anaphora resolution in L2 learners of non-null-subject languages have shown conflicting results, indicating that L2 speakers may process referential expressions in the L2 like native speakers.Using a visual word paradigm task, we test the online processing of pronouns in highly proficient L2 speakers of English whose L1 is Spanish, and compare their performance to a group of native English speakers.",4,The study compares the performance of the highly proficient L2 speakers of English whose first language (L1) is Spanish to a group of native English speakers.
glossa-5286-contemori,,"Studies on second language (L2) anaphora resolution have mainly focused on learners of null-subject languages, demonstrating that L2 speakers show residual indeterminacy in the L2 referential choice, even at the highest levels of proficiency. On the other hand, studies on anaphora resolution in L2 learners of non-null-subject languages have shown conflicting results, indicating that L2 speakers may process referential expressions in the L2 like native speakers.Using a visual word paradigm task, we test the online processing of pronouns in highly proficient L2 speakers of English whose L1 is Spanish, and compare their performance to a group of native English speakers. The native speakers’ data show rapid use of the first mention bias (i.e., interpreting a pronoun towards the first-mentioned referent) and gender information upon encountering a gender ambiguous or unambiguous pronoun. For the L2 participants, we find similar underlying processes of pronoun resolution in comparison to native speakers. The results do not reveal a processing cost for L2 speakers of a non-null-subject language during anaphora resolution. Overall, our study demonstrates that L2 speakers of a non-null-subject language (English) can achieve native-like processing of the default referential form signaling topic continuity (i.e., the overt pronoun; Sorace 2011).",3,"The native speakers’ data show rapid use of the first mention bias (i.e., interpreting a pronoun towards the first-mentioned referent) and gender information upon encountering a gender ambiguous or unambiguous pronoun.",1,The native speakers' data show rapid use of the first mention bias when interpreting a pronoun towards the first-mentioned referent.
glossa-5286-contemori,,"Studies on second language (L2) anaphora resolution have mainly focused on learners of null-subject languages, demonstrating that L2 speakers show residual indeterminacy in the L2 referential choice, even at the highest levels of proficiency. On the other hand, studies on anaphora resolution in L2 learners of non-null-subject languages have shown conflicting results, indicating that L2 speakers may process referential expressions in the L2 like native speakers.Using a visual word paradigm task, we test the online processing of pronouns in highly proficient L2 speakers of English whose L1 is Spanish, and compare their performance to a group of native English speakers. The native speakers’ data show rapid use of the first mention bias (i.e., interpreting a pronoun towards the first-mentioned referent) and gender information upon encountering a gender ambiguous or unambiguous pronoun. For the L2 participants, we find similar underlying processes of pronoun resolution in comparison to native speakers. The results do not reveal a processing cost for L2 speakers of a non-null-subject language during anaphora resolution. Overall, our study demonstrates that L2 speakers of a non-null-subject language (English) can achieve native-like processing of the default referential form signaling topic continuity (i.e., the overt pronoun; Sorace 2011).",3,"The native speakers’ data show rapid use of the first mention bias (i.e., interpreting a pronoun towards the first-mentioned referent) and gender information upon encountering a gender ambiguous or unambiguous pronoun.",2,The native speakers' data show rapid use of gender information upon encountering a gender-ambiguous or gender-unambiguous pronoun.
glossa-5286-contemori,,"Studies on second language (L2) anaphora resolution have mainly focused on learners of null-subject languages, demonstrating that L2 speakers show residual indeterminacy in the L2 referential choice, even at the highest levels of proficiency. On the other hand, studies on anaphora resolution in L2 learners of non-null-subject languages have shown conflicting results, indicating that L2 speakers may process referential expressions in the L2 like native speakers.Using a visual word paradigm task, we test the online processing of pronouns in highly proficient L2 speakers of English whose L1 is Spanish, and compare their performance to a group of native English speakers. The native speakers’ data show rapid use of the first mention bias (i.e., interpreting a pronoun towards the first-mentioned referent) and gender information upon encountering a gender ambiguous or unambiguous pronoun. For the L2 participants, we find similar underlying processes of pronoun resolution in comparison to native speakers. The results do not reveal a processing cost for L2 speakers of a non-null-subject language during anaphora resolution. Overall, our study demonstrates that L2 speakers of a non-null-subject language (English) can achieve native-like processing of the default referential form signaling topic continuity (i.e., the overt pronoun; Sorace 2011).",4,"For the L2 participants, we find similar underlying processes of pronoun resolution in comparison to native speakers.",1,"For the L2 participants, the study finds similar underlying processes of pronoun resolution compared to native speakers."
glossa-5286-contemori,,"Studies on second language (L2) anaphora resolution have mainly focused on learners of null-subject languages, demonstrating that L2 speakers show residual indeterminacy in the L2 referential choice, even at the highest levels of proficiency. On the other hand, studies on anaphora resolution in L2 learners of non-null-subject languages have shown conflicting results, indicating that L2 speakers may process referential expressions in the L2 like native speakers.Using a visual word paradigm task, we test the online processing of pronouns in highly proficient L2 speakers of English whose L1 is Spanish, and compare their performance to a group of native English speakers. The native speakers’ data show rapid use of the first mention bias (i.e., interpreting a pronoun towards the first-mentioned referent) and gender information upon encountering a gender ambiguous or unambiguous pronoun. For the L2 participants, we find similar underlying processes of pronoun resolution in comparison to native speakers. The results do not reveal a processing cost for L2 speakers of a non-null-subject language during anaphora resolution. Overall, our study demonstrates that L2 speakers of a non-null-subject language (English) can achieve native-like processing of the default referential form signaling topic continuity (i.e., the overt pronoun; Sorace 2011).",5,The results do not reveal a processing cost for L2 speakers of a non-null-subject language during anaphora resolution.,1,The results do not reveal a processing cost for L2 speakers of a non-null-subject language during anaphora resolution.
glossa-5286-contemori,,"Studies on second language (L2) anaphora resolution have mainly focused on learners of null-subject languages, demonstrating that L2 speakers show residual indeterminacy in the L2 referential choice, even at the highest levels of proficiency. On the other hand, studies on anaphora resolution in L2 learners of non-null-subject languages have shown conflicting results, indicating that L2 speakers may process referential expressions in the L2 like native speakers.Using a visual word paradigm task, we test the online processing of pronouns in highly proficient L2 speakers of English whose L1 is Spanish, and compare their performance to a group of native English speakers. The native speakers’ data show rapid use of the first mention bias (i.e., interpreting a pronoun towards the first-mentioned referent) and gender information upon encountering a gender ambiguous or unambiguous pronoun. For the L2 participants, we find similar underlying processes of pronoun resolution in comparison to native speakers. The results do not reveal a processing cost for L2 speakers of a non-null-subject language during anaphora resolution. Overall, our study demonstrates that L2 speakers of a non-null-subject language (English) can achieve native-like processing of the default referential form signaling topic continuity (i.e., the overt pronoun; Sorace 2011).",6,"Overall, our study demonstrates that L2 speakers of a non-null-subject language (English) can achieve native-like processing of the default referential form signaling topic continuity (i.e., the overt pronoun; Sorace 2011).",1,"The study demonstrates that L2 speakers of a non-null-subject language (English) can achieve native-like processing of the default referential form signaling topic continuity, the overt pronoun."
glossa-5286-contemori,,"Studies on second language (L2) anaphora resolution have mainly focused on learners of null-subject languages, demonstrating that L2 speakers show residual indeterminacy in the L2 referential choice, even at the highest levels of proficiency. On the other hand, studies on anaphora resolution in L2 learners of non-null-subject languages have shown conflicting results, indicating that L2 speakers may process referential expressions in the L2 like native speakers.Using a visual word paradigm task, we test the online processing of pronouns in highly proficient L2 speakers of English whose L1 is Spanish, and compare their performance to a group of native English speakers. The native speakers’ data show rapid use of the first mention bias (i.e., interpreting a pronoun towards the first-mentioned referent) and gender information upon encountering a gender ambiguous or unambiguous pronoun. For the L2 participants, we find similar underlying processes of pronoun resolution in comparison to native speakers. The results do not reveal a processing cost for L2 speakers of a non-null-subject language during anaphora resolution. Overall, our study demonstrates that L2 speakers of a non-null-subject language (English) can achieve native-like processing of the default referential form signaling topic continuity (i.e., the overt pronoun; Sorace 2011).",6,"Overall, our study demonstrates that L2 speakers of a non-null-subject language (English) can achieve native-like processing of the default referential form signaling topic continuity (i.e., the overt pronoun; Sorace 2011).",2,The overt pronoun signals topic continuity (Sorace 2011).
glossa-5040-heffernan,,Showcasing the interaction of generative and emergent linguistic knowledge with case marker omission in spoken Japanese,1,Showcasing the interaction of generative and emergent linguistic knowledge with case marker omission in spoken Japanese,1,The work showcases the interaction of generative and emergent linguistic knowledge with case marker omission in spoken Japanese.
glossa-5040-heffernan,1 The emergent–generative debate,"Linguists are currently debating the nature of our grammatical knowledge. Many have argued that such knowledge is innate and that we use this knowledge to generate utterances; others have argued that grammatical knowledge emerges from linguistic experience, and that such knowledge forms exemplars for modeling novel utterances. Generative grammar advocates emphasize the way that utterances are generated by combining individual words as needed (Hauser et al. 2002; Newmeyer 2010, and many others). In contrast, emergent grammar advocates emphasize that prefabricated sequences of abstract and concrete linguistic forms are recycled (Thompson 2002; Ellis 2008; Beckner et al. 2009; Bybee 2010; Dąbrowska 2014, and many others; see MacWhinney & O’Grady 2015 and references therein).",1,Linguists are currently debating the nature of our grammatical knowledge.,1,Linguists are currently debating the nature of grammatical knowledge.
glossa-5040-heffernan,1 The emergent–generative debate,"Linguists are currently debating the nature of our grammatical knowledge. Many have argued that such knowledge is innate and that we use this knowledge to generate utterances; others have argued that grammatical knowledge emerges from linguistic experience, and that such knowledge forms exemplars for modeling novel utterances. Generative grammar advocates emphasize the way that utterances are generated by combining individual words as needed (Hauser et al. 2002; Newmeyer 2010, and many others). In contrast, emergent grammar advocates emphasize that prefabricated sequences of abstract and concrete linguistic forms are recycled (Thompson 2002; Ellis 2008; Beckner et al. 2009; Bybee 2010; Dąbrowska 2014, and many others; see MacWhinney & O’Grady 2015 and references therein).",2,"Many have argued that such knowledge is innate and that we use this knowledge to generate utterances; others have argued that grammatical knowledge emerges from linguistic experience, and that such knowledge forms exemplars for modeling novel utterances.",1,Many linguists have argued that grammatical knowledge is innate.
glossa-5040-heffernan,1 The emergent–generative debate,"Linguists are currently debating the nature of our grammatical knowledge. Many have argued that such knowledge is innate and that we use this knowledge to generate utterances; others have argued that grammatical knowledge emerges from linguistic experience, and that such knowledge forms exemplars for modeling novel utterances. Generative grammar advocates emphasize the way that utterances are generated by combining individual words as needed (Hauser et al. 2002; Newmeyer 2010, and many others). In contrast, emergent grammar advocates emphasize that prefabricated sequences of abstract and concrete linguistic forms are recycled (Thompson 2002; Ellis 2008; Beckner et al. 2009; Bybee 2010; Dąbrowska 2014, and many others; see MacWhinney & O’Grady 2015 and references therein).",2,"Many have argued that such knowledge is innate and that we use this knowledge to generate utterances; others have argued that grammatical knowledge emerges from linguistic experience, and that such knowledge forms exemplars for modeling novel utterances.",2,Many linguists have argued that language users use innate grammatical knowledge to generate utterances.
glossa-5040-heffernan,1 The emergent–generative debate,"Linguists are currently debating the nature of our grammatical knowledge. Many have argued that such knowledge is innate and that we use this knowledge to generate utterances; others have argued that grammatical knowledge emerges from linguistic experience, and that such knowledge forms exemplars for modeling novel utterances. Generative grammar advocates emphasize the way that utterances are generated by combining individual words as needed (Hauser et al. 2002; Newmeyer 2010, and many others). In contrast, emergent grammar advocates emphasize that prefabricated sequences of abstract and concrete linguistic forms are recycled (Thompson 2002; Ellis 2008; Beckner et al. 2009; Bybee 2010; Dąbrowska 2014, and many others; see MacWhinney & O’Grady 2015 and references therein).",2,"Many have argued that such knowledge is innate and that we use this knowledge to generate utterances; others have argued that grammatical knowledge emerges from linguistic experience, and that such knowledge forms exemplars for modeling novel utterances.",3,Other linguists have argued that grammatical knowledge emerges from linguistic experience.
glossa-5040-heffernan,1 The emergent–generative debate,"Linguists are currently debating the nature of our grammatical knowledge. Many have argued that such knowledge is innate and that we use this knowledge to generate utterances; others have argued that grammatical knowledge emerges from linguistic experience, and that such knowledge forms exemplars for modeling novel utterances. Generative grammar advocates emphasize the way that utterances are generated by combining individual words as needed (Hauser et al. 2002; Newmeyer 2010, and many others). In contrast, emergent grammar advocates emphasize that prefabricated sequences of abstract and concrete linguistic forms are recycled (Thompson 2002; Ellis 2008; Beckner et al. 2009; Bybee 2010; Dąbrowska 2014, and many others; see MacWhinney & O’Grady 2015 and references therein).",2,"Many have argued that such knowledge is innate and that we use this knowledge to generate utterances; others have argued that grammatical knowledge emerges from linguistic experience, and that such knowledge forms exemplars for modeling novel utterances.",4,Other linguists have argued that grammatical knowledge that emerges from linguistic experience forms exemplars used to model novel utterances.
glossa-5040-heffernan,1 The emergent–generative debate,"Linguists are currently debating the nature of our grammatical knowledge. Many have argued that such knowledge is innate and that we use this knowledge to generate utterances; others have argued that grammatical knowledge emerges from linguistic experience, and that such knowledge forms exemplars for modeling novel utterances. Generative grammar advocates emphasize the way that utterances are generated by combining individual words as needed (Hauser et al. 2002; Newmeyer 2010, and many others). In contrast, emergent grammar advocates emphasize that prefabricated sequences of abstract and concrete linguistic forms are recycled (Thompson 2002; Ellis 2008; Beckner et al. 2009; Bybee 2010; Dąbrowska 2014, and many others; see MacWhinney & O’Grady 2015 and references therein).",3,"Generative grammar advocates emphasize the way that utterances are generated by combining individual words as needed (Hauser et al. 2002; Newmeyer 2010, and many others).",1,"Generative grammar advocates emphasize that utterances are generated by combining individual words as needed (Hauser et al. 2002; Newmeyer 2010, and many others)."
glossa-5040-heffernan,1 The emergent–generative debate,"Linguists are currently debating the nature of our grammatical knowledge. Many have argued that such knowledge is innate and that we use this knowledge to generate utterances; others have argued that grammatical knowledge emerges from linguistic experience, and that such knowledge forms exemplars for modeling novel utterances. Generative grammar advocates emphasize the way that utterances are generated by combining individual words as needed (Hauser et al. 2002; Newmeyer 2010, and many others). In contrast, emergent grammar advocates emphasize that prefabricated sequences of abstract and concrete linguistic forms are recycled (Thompson 2002; Ellis 2008; Beckner et al. 2009; Bybee 2010; Dąbrowska 2014, and many others; see MacWhinney & O’Grady 2015 and references therein).",4,"In contrast, emergent grammar advocates emphasize that prefabricated sequences of abstract and concrete linguistic forms are recycled (Thompson 2002; Ellis 2008; Beckner et al. 2009; Bybee 2010; Dąbrowska 2014, and many others; see MacWhinney & O’Grady 2015 and references therein).",1,"Emergent grammar advocates emphasize that prefabricated sequences of abstract and concrete linguistic forms are recycled (Thompson 2002; Ellis 2008; Beckner et al. 2009; Bybee 2010; Dąbrowska 2014, and many others; see MacWhinney & O’Grady 2015 and references therein)."
glossa-5040-heffernan,1 The emergent–generative debate,"Consider Dąbrowska’s (2010) example (9a), repeated here as (1a). This sentence illustrates the long-distance dependency between the wh word in the main clause and the trace in the object position for the verb do in the subordinate clause. Dąbrowska points out that word choice in sentences with long-distance dependencies in natural conversation is constrained; that is, the main clause auxiliary in such sentences is do over 90% of the time, the subject is you about 90% of the time, and the verb is think or say about 90% of the time. Dąbrowska gave several more examples that illustrated these tendencies, and we have repeated two of them as (1b) and (1c). She concludes that utterances with long-distance dependencies followed specific templates most of the time, and emerged frequently because “they are psychologically more basic than non-prototypical ones… prototypical questions are produced more fluently, judged to be more acceptable, remembered better and acquired earlier by children” (Dąbrowska 2010: 63).",1,"Consider Dąbrowska’s (2010) example (9a), repeated here as (1a).  This sentence illustrates the long-distance dependency between the wh word in the main clause and the trace in the object position for the verb do in the subordinate clause.",1,Dąbrowska's (2010) example illustrates a long-distance dependency between the wh word in the main clause and the trace in the object position for the verb do in the subordinate clause.
glossa-5040-heffernan,1 The emergent–generative debate,"Consider Dąbrowska’s (2010) example (9a), repeated here as (1a). This sentence illustrates the long-distance dependency between the wh word in the main clause and the trace in the object position for the verb do in the subordinate clause. Dąbrowska points out that word choice in sentences with long-distance dependencies in natural conversation is constrained; that is, the main clause auxiliary in such sentences is do over 90% of the time, the subject is you about 90% of the time, and the verb is think or say about 90% of the time. Dąbrowska gave several more examples that illustrated these tendencies, and we have repeated two of them as (1b) and (1c). She concludes that utterances with long-distance dependencies followed specific templates most of the time, and emerged frequently because “they are psychologically more basic than non-prototypical ones… prototypical questions are produced more fluently, judged to be more acceptable, remembered better and acquired earlier by children” (Dąbrowska 2010: 63).",2,"Dąbrowska points out that word choice in sentences with long-distance dependencies in natural conversation is constrained; that is, the main clause auxiliary in such sentences is do over 90% of the time, the subject is you about 90% of the time, and the verb is think or say about 90% of the time.",1,Dąbrowska (2010) points out that word choice in sentences with long-distance dependencies in natural conversation is constrained.
glossa-5040-heffernan,1 The emergent–generative debate,"Consider Dąbrowska’s (2010) example (9a), repeated here as (1a). This sentence illustrates the long-distance dependency between the wh word in the main clause and the trace in the object position for the verb do in the subordinate clause. Dąbrowska points out that word choice in sentences with long-distance dependencies in natural conversation is constrained; that is, the main clause auxiliary in such sentences is do over 90% of the time, the subject is you about 90% of the time, and the verb is think or say about 90% of the time. Dąbrowska gave several more examples that illustrated these tendencies, and we have repeated two of them as (1b) and (1c). She concludes that utterances with long-distance dependencies followed specific templates most of the time, and emerged frequently because “they are psychologically more basic than non-prototypical ones… prototypical questions are produced more fluently, judged to be more acceptable, remembered better and acquired earlier by children” (Dąbrowska 2010: 63).",2,"Dąbrowska points out that word choice in sentences with long-distance dependencies in natural conversation is constrained; that is, the main clause auxiliary in such sentences is do over 90% of the time, the subject is you about 90% of the time, and the verb is think or say about 90% of the time.",2,Dąbrowska (2010) reports that in sentences with long-distance dependencies in natural conversation the main-clause auxiliary is do more than 90% of the time.
glossa-5040-heffernan,1 The emergent–generative debate,"Consider Dąbrowska’s (2010) example (9a), repeated here as (1a). This sentence illustrates the long-distance dependency between the wh word in the main clause and the trace in the object position for the verb do in the subordinate clause. Dąbrowska points out that word choice in sentences with long-distance dependencies in natural conversation is constrained; that is, the main clause auxiliary in such sentences is do over 90% of the time, the subject is you about 90% of the time, and the verb is think or say about 90% of the time. Dąbrowska gave several more examples that illustrated these tendencies, and we have repeated two of them as (1b) and (1c). She concludes that utterances with long-distance dependencies followed specific templates most of the time, and emerged frequently because “they are psychologically more basic than non-prototypical ones… prototypical questions are produced more fluently, judged to be more acceptable, remembered better and acquired earlier by children” (Dąbrowska 2010: 63).",2,"Dąbrowska points out that word choice in sentences with long-distance dependencies in natural conversation is constrained; that is, the main clause auxiliary in such sentences is do over 90% of the time, the subject is you about 90% of the time, and the verb is think or say about 90% of the time.",3,Dąbrowska (2010) reports that in sentences with long-distance dependencies in natural conversation the subject is you about 90% of the time.
glossa-5040-heffernan,1 The emergent–generative debate,"Consider Dąbrowska’s (2010) example (9a), repeated here as (1a). This sentence illustrates the long-distance dependency between the wh word in the main clause and the trace in the object position for the verb do in the subordinate clause. Dąbrowska points out that word choice in sentences with long-distance dependencies in natural conversation is constrained; that is, the main clause auxiliary in such sentences is do over 90% of the time, the subject is you about 90% of the time, and the verb is think or say about 90% of the time. Dąbrowska gave several more examples that illustrated these tendencies, and we have repeated two of them as (1b) and (1c). She concludes that utterances with long-distance dependencies followed specific templates most of the time, and emerged frequently because “they are psychologically more basic than non-prototypical ones… prototypical questions are produced more fluently, judged to be more acceptable, remembered better and acquired earlier by children” (Dąbrowska 2010: 63).",2,"Dąbrowska points out that word choice in sentences with long-distance dependencies in natural conversation is constrained; that is, the main clause auxiliary in such sentences is do over 90% of the time, the subject is you about 90% of the time, and the verb is think or say about 90% of the time.",4,Dąbrowska (2010) reports that in sentences with long-distance dependencies in natural conversation the verb is think or say about 90% of the time.
glossa-5040-heffernan,1 The emergent–generative debate,"Consider Dąbrowska’s (2010) example (9a), repeated here as (1a). This sentence illustrates the long-distance dependency between the wh word in the main clause and the trace in the object position for the verb do in the subordinate clause. Dąbrowska points out that word choice in sentences with long-distance dependencies in natural conversation is constrained; that is, the main clause auxiliary in such sentences is do over 90% of the time, the subject is you about 90% of the time, and the verb is think or say about 90% of the time. Dąbrowska gave several more examples that illustrated these tendencies, and we have repeated two of them as (1b) and (1c). She concludes that utterances with long-distance dependencies followed specific templates most of the time, and emerged frequently because “they are psychologically more basic than non-prototypical ones… prototypical questions are produced more fluently, judged to be more acceptable, remembered better and acquired earlier by children” (Dąbrowska 2010: 63).",3,"Dąbrowska gave several more examples that illustrated these tendencies, and we have repeated two of them as (1b) and (1c).",1,Dąbrowska (2010) gave several additional examples that illustrated the reported tendencies in sentences with long-distance dependencies.
glossa-5040-heffernan,1 The emergent–generative debate,"Consider Dąbrowska’s (2010) example (9a), repeated here as (1a). This sentence illustrates the long-distance dependency between the wh word in the main clause and the trace in the object position for the verb do in the subordinate clause. Dąbrowska points out that word choice in sentences with long-distance dependencies in natural conversation is constrained; that is, the main clause auxiliary in such sentences is do over 90% of the time, the subject is you about 90% of the time, and the verb is think or say about 90% of the time. Dąbrowska gave several more examples that illustrated these tendencies, and we have repeated two of them as (1b) and (1c). She concludes that utterances with long-distance dependencies followed specific templates most of the time, and emerged frequently because “they are psychologically more basic than non-prototypical ones… prototypical questions are produced more fluently, judged to be more acceptable, remembered better and acquired earlier by children” (Dąbrowska 2010: 63).",3,"Dąbrowska gave several more examples that illustrated these tendencies, and we have repeated two of them as (1b) and (1c).",2,The present paper repeats two of Dąbrowska's examples.
glossa-5040-heffernan,1 The emergent–generative debate,"Consider Dąbrowska’s (2010) example (9a), repeated here as (1a). This sentence illustrates the long-distance dependency between the wh word in the main clause and the trace in the object position for the verb do in the subordinate clause. Dąbrowska points out that word choice in sentences with long-distance dependencies in natural conversation is constrained; that is, the main clause auxiliary in such sentences is do over 90% of the time, the subject is you about 90% of the time, and the verb is think or say about 90% of the time. Dąbrowska gave several more examples that illustrated these tendencies, and we have repeated two of them as (1b) and (1c). She concludes that utterances with long-distance dependencies followed specific templates most of the time, and emerged frequently because “they are psychologically more basic than non-prototypical ones… prototypical questions are produced more fluently, judged to be more acceptable, remembered better and acquired earlier by children” (Dąbrowska 2010: 63).",4,"She concludes that utterances with long-distance dependencies followed specific templates most of the time, and emerged frequently because “they are psychologically more basic than non-prototypical ones… prototypical questions are produced more fluently, judged to be more acceptable, remembered better and acquired earlier by children” (Dąbrowska 2010: 63).",1,Dąbrowska (2010) concludes that utterances with long-distance dependencies followed specific templates most of the time.
glossa-5040-heffernan,1 The emergent–generative debate,"Consider Dąbrowska’s (2010) example (9a), repeated here as (1a). This sentence illustrates the long-distance dependency between the wh word in the main clause and the trace in the object position for the verb do in the subordinate clause. Dąbrowska points out that word choice in sentences with long-distance dependencies in natural conversation is constrained; that is, the main clause auxiliary in such sentences is do over 90% of the time, the subject is you about 90% of the time, and the verb is think or say about 90% of the time. Dąbrowska gave several more examples that illustrated these tendencies, and we have repeated two of them as (1b) and (1c). She concludes that utterances with long-distance dependencies followed specific templates most of the time, and emerged frequently because “they are psychologically more basic than non-prototypical ones… prototypical questions are produced more fluently, judged to be more acceptable, remembered better and acquired earlier by children” (Dąbrowska 2010: 63).",4,"She concludes that utterances with long-distance dependencies followed specific templates most of the time, and emerged frequently because “they are psychologically more basic than non-prototypical ones… prototypical questions are produced more fluently, judged to be more acceptable, remembered better and acquired earlier by children” (Dąbrowska 2010: 63).",2,"Dąbrowska (2010) implies that the fact that utterances with long-distance dependencies followed specific templates most of the time explains their frequent emergence because ""they are psychologically more basic than non-prototypical ones… prototypical questions are produced more fluently, judged to be more acceptable, remembered better and acquired earlier by children"" (Dąbrowska 2010: 63)."
glossa-5217-bîlbîie,Title and Abstract,"This paper discusses the No Embedding Constraint, considered to be a strong syntactic constraint on gapping and a diagnostic for this ellipsis type. As shown by two acceptability judgments tasks in Spanish, the assumptions related to the No Embedding Constraint are not borne out by our experimental results. Embedded gapping is acceptable in Spanish, and seems to be governed by a (more general) semantic constraint. Specifically, some predicates embed more easily than others, confirming, on the one hand, the asymmetry between non-factive and factive predicates, and, on the other hand, the dichotomy between semi-factive and true factive predicates. Embedded gapping and embedded coordinated clauses in general are thus sensitive to the semantic class of the embedding predicate. We argue that our data on embedded gapping in Spanish constitute a challenge for any Small Conjunct Gapping approach (in terms of subclausal/low coordination) and give support to a Large Conjunct Gapping approach (in terms of clausal/high coordination). In this paper, we adopt a constructional fragment-based analysis of gapping, which treats non-embedded and embedded gapping uniformly. More generally, this paper suggests that gapping is more similar to other ellipsis types than has been traditionally assumed.",1,"This paper discusses the No Embedding Constraint, considered to be a strong syntactic constraint on gapping and a diagnostic for this ellipsis type.",1,The No Embedding Constraint is considered to be a strong syntactic constraint on gapping.
glossa-5217-bîlbîie,Title and Abstract,"This paper discusses the No Embedding Constraint, considered to be a strong syntactic constraint on gapping and a diagnostic for this ellipsis type. As shown by two acceptability judgments tasks in Spanish, the assumptions related to the No Embedding Constraint are not borne out by our experimental results. Embedded gapping is acceptable in Spanish, and seems to be governed by a (more general) semantic constraint. Specifically, some predicates embed more easily than others, confirming, on the one hand, the asymmetry between non-factive and factive predicates, and, on the other hand, the dichotomy between semi-factive and true factive predicates. Embedded gapping and embedded coordinated clauses in general are thus sensitive to the semantic class of the embedding predicate. We argue that our data on embedded gapping in Spanish constitute a challenge for any Small Conjunct Gapping approach (in terms of subclausal/low coordination) and give support to a Large Conjunct Gapping approach (in terms of clausal/high coordination). In this paper, we adopt a constructional fragment-based analysis of gapping, which treats non-embedded and embedded gapping uniformly. More generally, this paper suggests that gapping is more similar to other ellipsis types than has been traditionally assumed.",1,"This paper discusses the No Embedding Constraint, considered to be a strong syntactic constraint on gapping and a diagnostic for this ellipsis type.",2,The No Embedding Constraint is considered to be a diagnostic for gapping.
glossa-5217-bîlbîie,Title and Abstract,"This paper discusses the No Embedding Constraint, considered to be a strong syntactic constraint on gapping and a diagnostic for this ellipsis type. As shown by two acceptability judgments tasks in Spanish, the assumptions related to the No Embedding Constraint are not borne out by our experimental results. Embedded gapping is acceptable in Spanish, and seems to be governed by a (more general) semantic constraint. Specifically, some predicates embed more easily than others, confirming, on the one hand, the asymmetry between non-factive and factive predicates, and, on the other hand, the dichotomy between semi-factive and true factive predicates. Embedded gapping and embedded coordinated clauses in general are thus sensitive to the semantic class of the embedding predicate. We argue that our data on embedded gapping in Spanish constitute a challenge for any Small Conjunct Gapping approach (in terms of subclausal/low coordination) and give support to a Large Conjunct Gapping approach (in terms of clausal/high coordination). In this paper, we adopt a constructional fragment-based analysis of gapping, which treats non-embedded and embedded gapping uniformly. More generally, this paper suggests that gapping is more similar to other ellipsis types than has been traditionally assumed.",2,"As shown by two acceptability judgments tasks in Spanish, the assumptions related to the No Embedding Constraint are not borne out by our experimental results.",1,Two acceptability judgment tasks in Spanish show that the assumptions related to the No Embedding Constraint are not borne out by the experimental results.
glossa-5217-bîlbîie,Title and Abstract,"This paper discusses the No Embedding Constraint, considered to be a strong syntactic constraint on gapping and a diagnostic for this ellipsis type. As shown by two acceptability judgments tasks in Spanish, the assumptions related to the No Embedding Constraint are not borne out by our experimental results. Embedded gapping is acceptable in Spanish, and seems to be governed by a (more general) semantic constraint. Specifically, some predicates embed more easily than others, confirming, on the one hand, the asymmetry between non-factive and factive predicates, and, on the other hand, the dichotomy between semi-factive and true factive predicates. Embedded gapping and embedded coordinated clauses in general are thus sensitive to the semantic class of the embedding predicate. We argue that our data on embedded gapping in Spanish constitute a challenge for any Small Conjunct Gapping approach (in terms of subclausal/low coordination) and give support to a Large Conjunct Gapping approach (in terms of clausal/high coordination). In this paper, we adopt a constructional fragment-based analysis of gapping, which treats non-embedded and embedded gapping uniformly. More generally, this paper suggests that gapping is more similar to other ellipsis types than has been traditionally assumed.",3,"Embedded gapping is acceptable in Spanish, and seems to be governed by a (more general) semantic constraint.",1,Embedded gapping is acceptable in Spanish.
glossa-5217-bîlbîie,Title and Abstract,"This paper discusses the No Embedding Constraint, considered to be a strong syntactic constraint on gapping and a diagnostic for this ellipsis type. As shown by two acceptability judgments tasks in Spanish, the assumptions related to the No Embedding Constraint are not borne out by our experimental results. Embedded gapping is acceptable in Spanish, and seems to be governed by a (more general) semantic constraint. Specifically, some predicates embed more easily than others, confirming, on the one hand, the asymmetry between non-factive and factive predicates, and, on the other hand, the dichotomy between semi-factive and true factive predicates. Embedded gapping and embedded coordinated clauses in general are thus sensitive to the semantic class of the embedding predicate. We argue that our data on embedded gapping in Spanish constitute a challenge for any Small Conjunct Gapping approach (in terms of subclausal/low coordination) and give support to a Large Conjunct Gapping approach (in terms of clausal/high coordination). In this paper, we adopt a constructional fragment-based analysis of gapping, which treats non-embedded and embedded gapping uniformly. More generally, this paper suggests that gapping is more similar to other ellipsis types than has been traditionally assumed.",3,"Embedded gapping is acceptable in Spanish, and seems to be governed by a (more general) semantic constraint.",2,Embedded gapping in Spanish seems to be governed by a more general semantic constraint.
glossa-5217-bîlbîie,Title and Abstract,"This paper discusses the No Embedding Constraint, considered to be a strong syntactic constraint on gapping and a diagnostic for this ellipsis type. As shown by two acceptability judgments tasks in Spanish, the assumptions related to the No Embedding Constraint are not borne out by our experimental results. Embedded gapping is acceptable in Spanish, and seems to be governed by a (more general) semantic constraint. Specifically, some predicates embed more easily than others, confirming, on the one hand, the asymmetry between non-factive and factive predicates, and, on the other hand, the dichotomy between semi-factive and true factive predicates. Embedded gapping and embedded coordinated clauses in general are thus sensitive to the semantic class of the embedding predicate. We argue that our data on embedded gapping in Spanish constitute a challenge for any Small Conjunct Gapping approach (in terms of subclausal/low coordination) and give support to a Large Conjunct Gapping approach (in terms of clausal/high coordination). In this paper, we adopt a constructional fragment-based analysis of gapping, which treats non-embedded and embedded gapping uniformly. More generally, this paper suggests that gapping is more similar to other ellipsis types than has been traditionally assumed.",4,"Specifically, some predicates embed more easily than others, confirming, on the one hand, the asymmetry between non-factive and factive predicates, and, on the other hand, the dichotomy between semi-factive and true factive predicates.",1,Some predicates embed more easily than others.
glossa-5217-bîlbîie,Title and Abstract,"This paper discusses the No Embedding Constraint, considered to be a strong syntactic constraint on gapping and a diagnostic for this ellipsis type. As shown by two acceptability judgments tasks in Spanish, the assumptions related to the No Embedding Constraint are not borne out by our experimental results. Embedded gapping is acceptable in Spanish, and seems to be governed by a (more general) semantic constraint. Specifically, some predicates embed more easily than others, confirming, on the one hand, the asymmetry between non-factive and factive predicates, and, on the other hand, the dichotomy between semi-factive and true factive predicates. Embedded gapping and embedded coordinated clauses in general are thus sensitive to the semantic class of the embedding predicate. We argue that our data on embedded gapping in Spanish constitute a challenge for any Small Conjunct Gapping approach (in terms of subclausal/low coordination) and give support to a Large Conjunct Gapping approach (in terms of clausal/high coordination). In this paper, we adopt a constructional fragment-based analysis of gapping, which treats non-embedded and embedded gapping uniformly. More generally, this paper suggests that gapping is more similar to other ellipsis types than has been traditionally assumed.",4,"Specifically, some predicates embed more easily than others, confirming, on the one hand, the asymmetry between non-factive and factive predicates, and, on the other hand, the dichotomy between semi-factive and true factive predicates.",2,The finding that some predicates embed more easily than others confirms an asymmetry between non-factive and factive predicates.
glossa-5217-bîlbîie,Title and Abstract,"This paper discusses the No Embedding Constraint, considered to be a strong syntactic constraint on gapping and a diagnostic for this ellipsis type. As shown by two acceptability judgments tasks in Spanish, the assumptions related to the No Embedding Constraint are not borne out by our experimental results. Embedded gapping is acceptable in Spanish, and seems to be governed by a (more general) semantic constraint. Specifically, some predicates embed more easily than others, confirming, on the one hand, the asymmetry between non-factive and factive predicates, and, on the other hand, the dichotomy between semi-factive and true factive predicates. Embedded gapping and embedded coordinated clauses in general are thus sensitive to the semantic class of the embedding predicate. We argue that our data on embedded gapping in Spanish constitute a challenge for any Small Conjunct Gapping approach (in terms of subclausal/low coordination) and give support to a Large Conjunct Gapping approach (in terms of clausal/high coordination). In this paper, we adopt a constructional fragment-based analysis of gapping, which treats non-embedded and embedded gapping uniformly. More generally, this paper suggests that gapping is more similar to other ellipsis types than has been traditionally assumed.",4,"Specifically, some predicates embed more easily than others, confirming, on the one hand, the asymmetry between non-factive and factive predicates, and, on the other hand, the dichotomy between semi-factive and true factive predicates.",3,The finding that some predicates embed more easily than others confirms a dichotomy between semi-factive and true factive predicates.
glossa-5217-bîlbîie,Title and Abstract,"This paper discusses the No Embedding Constraint, considered to be a strong syntactic constraint on gapping and a diagnostic for this ellipsis type. As shown by two acceptability judgments tasks in Spanish, the assumptions related to the No Embedding Constraint are not borne out by our experimental results. Embedded gapping is acceptable in Spanish, and seems to be governed by a (more general) semantic constraint. Specifically, some predicates embed more easily than others, confirming, on the one hand, the asymmetry between non-factive and factive predicates, and, on the other hand, the dichotomy between semi-factive and true factive predicates. Embedded gapping and embedded coordinated clauses in general are thus sensitive to the semantic class of the embedding predicate. We argue that our data on embedded gapping in Spanish constitute a challenge for any Small Conjunct Gapping approach (in terms of subclausal/low coordination) and give support to a Large Conjunct Gapping approach (in terms of clausal/high coordination). In this paper, we adopt a constructional fragment-based analysis of gapping, which treats non-embedded and embedded gapping uniformly. More generally, this paper suggests that gapping is more similar to other ellipsis types than has been traditionally assumed.",5,Embedded gapping and embedded coordinated clauses in general are thus sensitive to the semantic class of the embedding predicate.,1,Embedded gapping and embedded coordinated clauses in general are sensitive to the semantic class of the embedding predicate.
glossa-5217-bîlbîie,Title and Abstract,"This paper discusses the No Embedding Constraint, considered to be a strong syntactic constraint on gapping and a diagnostic for this ellipsis type. As shown by two acceptability judgments tasks in Spanish, the assumptions related to the No Embedding Constraint are not borne out by our experimental results. Embedded gapping is acceptable in Spanish, and seems to be governed by a (more general) semantic constraint. Specifically, some predicates embed more easily than others, confirming, on the one hand, the asymmetry between non-factive and factive predicates, and, on the other hand, the dichotomy between semi-factive and true factive predicates. Embedded gapping and embedded coordinated clauses in general are thus sensitive to the semantic class of the embedding predicate. We argue that our data on embedded gapping in Spanish constitute a challenge for any Small Conjunct Gapping approach (in terms of subclausal/low coordination) and give support to a Large Conjunct Gapping approach (in terms of clausal/high coordination). In this paper, we adopt a constructional fragment-based analysis of gapping, which treats non-embedded and embedded gapping uniformly. More generally, this paper suggests that gapping is more similar to other ellipsis types than has been traditionally assumed.",6,We argue that our data on embedded gapping in Spanish constitute a challenge for any Small Conjunct Gapping approach (in terms of subclausal/low coordination) and give support to a Large Conjunct Gapping approach (in terms of clausal/high coordination).,1,The data on embedded gapping in Spanish constitute a challenge for any Small Conjunct Gapping approach in terms of subclausal/low coordination.
glossa-5217-bîlbîie,Title and Abstract,"This paper discusses the No Embedding Constraint, considered to be a strong syntactic constraint on gapping and a diagnostic for this ellipsis type. As shown by two acceptability judgments tasks in Spanish, the assumptions related to the No Embedding Constraint are not borne out by our experimental results. Embedded gapping is acceptable in Spanish, and seems to be governed by a (more general) semantic constraint. Specifically, some predicates embed more easily than others, confirming, on the one hand, the asymmetry between non-factive and factive predicates, and, on the other hand, the dichotomy between semi-factive and true factive predicates. Embedded gapping and embedded coordinated clauses in general are thus sensitive to the semantic class of the embedding predicate. We argue that our data on embedded gapping in Spanish constitute a challenge for any Small Conjunct Gapping approach (in terms of subclausal/low coordination) and give support to a Large Conjunct Gapping approach (in terms of clausal/high coordination). In this paper, we adopt a constructional fragment-based analysis of gapping, which treats non-embedded and embedded gapping uniformly. More generally, this paper suggests that gapping is more similar to other ellipsis types than has been traditionally assumed.",6,We argue that our data on embedded gapping in Spanish constitute a challenge for any Small Conjunct Gapping approach (in terms of subclausal/low coordination) and give support to a Large Conjunct Gapping approach (in terms of clausal/high coordination).,2,The data on embedded gapping in Spanish give support to a Large Conjunct Gapping approach in terms of clausal/high coordination.
glossa-5217-bîlbîie,Title and Abstract,"This paper discusses the No Embedding Constraint, considered to be a strong syntactic constraint on gapping and a diagnostic for this ellipsis type. As shown by two acceptability judgments tasks in Spanish, the assumptions related to the No Embedding Constraint are not borne out by our experimental results. Embedded gapping is acceptable in Spanish, and seems to be governed by a (more general) semantic constraint. Specifically, some predicates embed more easily than others, confirming, on the one hand, the asymmetry between non-factive and factive predicates, and, on the other hand, the dichotomy between semi-factive and true factive predicates. Embedded gapping and embedded coordinated clauses in general are thus sensitive to the semantic class of the embedding predicate. We argue that our data on embedded gapping in Spanish constitute a challenge for any Small Conjunct Gapping approach (in terms of subclausal/low coordination) and give support to a Large Conjunct Gapping approach (in terms of clausal/high coordination). In this paper, we adopt a constructional fragment-based analysis of gapping, which treats non-embedded and embedded gapping uniformly. More generally, this paper suggests that gapping is more similar to other ellipsis types than has been traditionally assumed.",7,"In this paper, we adopt a constructional fragment-based analysis of gapping, which treats non-embedded and embedded gapping uniformly.",1,The paper adopts a constructional fragment-based analysis of gapping that treats non-embedded and embedded gapping uniformly.
glossa-5217-bîlbîie,Title and Abstract,"This paper discusses the No Embedding Constraint, considered to be a strong syntactic constraint on gapping and a diagnostic for this ellipsis type. As shown by two acceptability judgments tasks in Spanish, the assumptions related to the No Embedding Constraint are not borne out by our experimental results. Embedded gapping is acceptable in Spanish, and seems to be governed by a (more general) semantic constraint. Specifically, some predicates embed more easily than others, confirming, on the one hand, the asymmetry between non-factive and factive predicates, and, on the other hand, the dichotomy between semi-factive and true factive predicates. Embedded gapping and embedded coordinated clauses in general are thus sensitive to the semantic class of the embedding predicate. We argue that our data on embedded gapping in Spanish constitute a challenge for any Small Conjunct Gapping approach (in terms of subclausal/low coordination) and give support to a Large Conjunct Gapping approach (in terms of clausal/high coordination). In this paper, we adopt a constructional fragment-based analysis of gapping, which treats non-embedded and embedded gapping uniformly. More generally, this paper suggests that gapping is more similar to other ellipsis types than has been traditionally assumed.",8,"More generally, this paper suggests that gapping is more similar to other ellipsis types than has been traditionally assumed.",1,The paper suggests that gapping is more similar to other ellipsis types than has been traditionally assumed.
glossa-4968-childs,,Integrating syntactic theory and variationist analysis: The structure of negative indefinites in regional dialects of British English,1,Integrating syntactic theory and variationist analysis: The structure of negative indefinites in regional dialects of British English,1,The paper integrates syntactic theory and variationist analysis.
glossa-4968-childs,,Integrating syntactic theory and variationist analysis: The structure of negative indefinites in regional dialects of British English,1,Integrating syntactic theory and variationist analysis: The structure of negative indefinites in regional dialects of British English,2,The paper investigates the structure of negative indefinites in regional dialects of British English.
glossa-4968-childs,,"This paper integrates syntactic theory and variationist analysis in an investigation of the variation between English not-negation (I don’t have any money), no-negation (I have no money) and negative concord (I don’t have no money). Using corpora of three varieties of UK English spoken in Glasgow, Tyneside and Salford respectively, I test two theoretical accounts of the variation. Account 1 applies Zeijlstra’s (2004) agreement-based theory of negative concord to all three variants, such that n-words (e.g. nobody) which feature in no-negation and negative concord are not inherently negative but agree with a negative operator in a higher NegP. Under Account 2, no-negation is instead derived via negative-marking within the DP followed by movement to the higher NegP for sentential scope (Kayne 1998; Svenonius 2002; Zeijlstra 2011). These accounts, together with observations about the raising properties of functional versus lexical verbs, lead to the formulation of different hypotheses about the distribution of variants in speech according to verb type, verb phrase complexity, and the discourse status of the propositions expressed. Results of distributional analysis and mixed-effects modelling support Account 2 of the variation over Account 1, suggesting structural identity between not-negation and negative concord (in contrast to no-negation). This supports Tubau’s (2016) proposal that English negative indefinites have two distinct structures: one in which negation is marked syntactically in the DP and one in which they agree with a syntactically-higher NegP.",1,"This paper integrates syntactic theory and variationist analysis in an investigation of the variation between English not-negation (I don’t have any money), no-negation (I have no money) and negative concord (I don’t have no money).",1,"The paper integrates syntactic theory and variationist analysis to investigate variation between English not-negation (I don't have any money), no-negation (I have no money) and negative concord (I don't have no money)."
glossa-4968-childs,,"This paper integrates syntactic theory and variationist analysis in an investigation of the variation between English not-negation (I don’t have any money), no-negation (I have no money) and negative concord (I don’t have no money). Using corpora of three varieties of UK English spoken in Glasgow, Tyneside and Salford respectively, I test two theoretical accounts of the variation. Account 1 applies Zeijlstra’s (2004) agreement-based theory of negative concord to all three variants, such that n-words (e.g. nobody) which feature in no-negation and negative concord are not inherently negative but agree with a negative operator in a higher NegP. Under Account 2, no-negation is instead derived via negative-marking within the DP followed by movement to the higher NegP for sentential scope (Kayne 1998; Svenonius 2002; Zeijlstra 2011). These accounts, together with observations about the raising properties of functional versus lexical verbs, lead to the formulation of different hypotheses about the distribution of variants in speech according to verb type, verb phrase complexity, and the discourse status of the propositions expressed. Results of distributional analysis and mixed-effects modelling support Account 2 of the variation over Account 1, suggesting structural identity between not-negation and negative concord (in contrast to no-negation). This supports Tubau’s (2016) proposal that English negative indefinites have two distinct structures: one in which negation is marked syntactically in the DP and one in which they agree with a syntactically-higher NegP.",2,"Using corpora of three varieties of UK English spoken in Glasgow, Tyneside and Salford respectively, I test two theoretical accounts of the variation.",1,"The study uses corpora of three varieties of UK English spoken in Glasgow, Tyneside and Salford to test two theoretical accounts of the variation."
glossa-4968-childs,,"This paper integrates syntactic theory and variationist analysis in an investigation of the variation between English not-negation (I don’t have any money), no-negation (I have no money) and negative concord (I don’t have no money). Using corpora of three varieties of UK English spoken in Glasgow, Tyneside and Salford respectively, I test two theoretical accounts of the variation. Account 1 applies Zeijlstra’s (2004) agreement-based theory of negative concord to all three variants, such that n-words (e.g. nobody) which feature in no-negation and negative concord are not inherently negative but agree with a negative operator in a higher NegP. Under Account 2, no-negation is instead derived via negative-marking within the DP followed by movement to the higher NegP for sentential scope (Kayne 1998; Svenonius 2002; Zeijlstra 2011). These accounts, together with observations about the raising properties of functional versus lexical verbs, lead to the formulation of different hypotheses about the distribution of variants in speech according to verb type, verb phrase complexity, and the discourse status of the propositions expressed. Results of distributional analysis and mixed-effects modelling support Account 2 of the variation over Account 1, suggesting structural identity between not-negation and negative concord (in contrast to no-negation). This supports Tubau’s (2016) proposal that English negative indefinites have two distinct structures: one in which negation is marked syntactically in the DP and one in which they agree with a syntactically-higher NegP.",3,"Account 1 applies Zeijlstra’s (2004) agreement-based theory of negative concord to all three variants, such that n-words (e.g. nobody) which feature in no-negation and negative concord are not inherently negative but agree with a negative operator in a higher NegP.",1,Account 1 applies Zeijlstra's (2004) agreement-based theory of negative concord to all three variants.
glossa-4968-childs,,"This paper integrates syntactic theory and variationist analysis in an investigation of the variation between English not-negation (I don’t have any money), no-negation (I have no money) and negative concord (I don’t have no money). Using corpora of three varieties of UK English spoken in Glasgow, Tyneside and Salford respectively, I test two theoretical accounts of the variation. Account 1 applies Zeijlstra’s (2004) agreement-based theory of negative concord to all three variants, such that n-words (e.g. nobody) which feature in no-negation and negative concord are not inherently negative but agree with a negative operator in a higher NegP. Under Account 2, no-negation is instead derived via negative-marking within the DP followed by movement to the higher NegP for sentential scope (Kayne 1998; Svenonius 2002; Zeijlstra 2011). These accounts, together with observations about the raising properties of functional versus lexical verbs, lead to the formulation of different hypotheses about the distribution of variants in speech according to verb type, verb phrase complexity, and the discourse status of the propositions expressed. Results of distributional analysis and mixed-effects modelling support Account 2 of the variation over Account 1, suggesting structural identity between not-negation and negative concord (in contrast to no-negation). This supports Tubau’s (2016) proposal that English negative indefinites have two distinct structures: one in which negation is marked syntactically in the DP and one in which they agree with a syntactically-higher NegP.",3,"Account 1 applies Zeijlstra’s (2004) agreement-based theory of negative concord to all three variants, such that n-words (e.g. nobody) which feature in no-negation and negative concord are not inherently negative but agree with a negative operator in a higher NegP.",2,"Under Account 1, n-words (for example nobody) that feature in no-negation and negative concord are not inherently negative but agree with a negative operator in a higher NegP."
glossa-4968-childs,,"This paper integrates syntactic theory and variationist analysis in an investigation of the variation between English not-negation (I don’t have any money), no-negation (I have no money) and negative concord (I don’t have no money). Using corpora of three varieties of UK English spoken in Glasgow, Tyneside and Salford respectively, I test two theoretical accounts of the variation. Account 1 applies Zeijlstra’s (2004) agreement-based theory of negative concord to all three variants, such that n-words (e.g. nobody) which feature in no-negation and negative concord are not inherently negative but agree with a negative operator in a higher NegP. Under Account 2, no-negation is instead derived via negative-marking within the DP followed by movement to the higher NegP for sentential scope (Kayne 1998; Svenonius 2002; Zeijlstra 2011). These accounts, together with observations about the raising properties of functional versus lexical verbs, lead to the formulation of different hypotheses about the distribution of variants in speech according to verb type, verb phrase complexity, and the discourse status of the propositions expressed. Results of distributional analysis and mixed-effects modelling support Account 2 of the variation over Account 1, suggesting structural identity between not-negation and negative concord (in contrast to no-negation). This supports Tubau’s (2016) proposal that English negative indefinites have two distinct structures: one in which negation is marked syntactically in the DP and one in which they agree with a syntactically-higher NegP.",4,"Under Account 2, no-negation is instead derived via negative-marking within the DP followed by movement to the higher NegP for sentential scope (Kayne 1998; Svenonius 2002; Zeijlstra 2011).",1,"Under Account 2, no-negation is derived via negative-marking within the determiner phrase (DP) followed by movement to a higher NegP for sentential scope (Kayne 1998; Svenonius 2002; Zeijlstra 2011)."
glossa-4968-childs,,"This paper integrates syntactic theory and variationist analysis in an investigation of the variation between English not-negation (I don’t have any money), no-negation (I have no money) and negative concord (I don’t have no money). Using corpora of three varieties of UK English spoken in Glasgow, Tyneside and Salford respectively, I test two theoretical accounts of the variation. Account 1 applies Zeijlstra’s (2004) agreement-based theory of negative concord to all three variants, such that n-words (e.g. nobody) which feature in no-negation and negative concord are not inherently negative but agree with a negative operator in a higher NegP. Under Account 2, no-negation is instead derived via negative-marking within the DP followed by movement to the higher NegP for sentential scope (Kayne 1998; Svenonius 2002; Zeijlstra 2011). These accounts, together with observations about the raising properties of functional versus lexical verbs, lead to the formulation of different hypotheses about the distribution of variants in speech according to verb type, verb phrase complexity, and the discourse status of the propositions expressed. Results of distributional analysis and mixed-effects modelling support Account 2 of the variation over Account 1, suggesting structural identity between not-negation and negative concord (in contrast to no-negation). This supports Tubau’s (2016) proposal that English negative indefinites have two distinct structures: one in which negation is marked syntactically in the DP and one in which they agree with a syntactically-higher NegP.",5,"These accounts, together with observations about the raising properties of functional versus lexical verbs, lead to the formulation of different hypotheses about the distribution of variants in speech according to verb type, verb phrase complexity, and the discourse status of the propositions expressed.",1,"Account 1 and Account 2, together with observations about the raising properties of functional versus lexical verbs, lead to different hypotheses about the distribution of variants in speech according to verb type, verb phrase complexity, and the discourse status of the propositions expressed."
glossa-4968-childs,,"This paper integrates syntactic theory and variationist analysis in an investigation of the variation between English not-negation (I don’t have any money), no-negation (I have no money) and negative concord (I don’t have no money). Using corpora of three varieties of UK English spoken in Glasgow, Tyneside and Salford respectively, I test two theoretical accounts of the variation. Account 1 applies Zeijlstra’s (2004) agreement-based theory of negative concord to all three variants, such that n-words (e.g. nobody) which feature in no-negation and negative concord are not inherently negative but agree with a negative operator in a higher NegP. Under Account 2, no-negation is instead derived via negative-marking within the DP followed by movement to the higher NegP for sentential scope (Kayne 1998; Svenonius 2002; Zeijlstra 2011). These accounts, together with observations about the raising properties of functional versus lexical verbs, lead to the formulation of different hypotheses about the distribution of variants in speech according to verb type, verb phrase complexity, and the discourse status of the propositions expressed. Results of distributional analysis and mixed-effects modelling support Account 2 of the variation over Account 1, suggesting structural identity between not-negation and negative concord (in contrast to no-negation). This supports Tubau’s (2016) proposal that English negative indefinites have two distinct structures: one in which negation is marked syntactically in the DP and one in which they agree with a syntactically-higher NegP.",6,"Results of distributional analysis and mixed-effects modelling support Account 2 of the variation over Account 1, suggesting structural identity between not-negation and negative concord (in contrast to no-negation).",1,Results of distributional analysis and mixed-effects modelling support Account 2 over Account 1.
glossa-4968-childs,,"This paper integrates syntactic theory and variationist analysis in an investigation of the variation between English not-negation (I don’t have any money), no-negation (I have no money) and negative concord (I don’t have no money). Using corpora of three varieties of UK English spoken in Glasgow, Tyneside and Salford respectively, I test two theoretical accounts of the variation. Account 1 applies Zeijlstra’s (2004) agreement-based theory of negative concord to all three variants, such that n-words (e.g. nobody) which feature in no-negation and negative concord are not inherently negative but agree with a negative operator in a higher NegP. Under Account 2, no-negation is instead derived via negative-marking within the DP followed by movement to the higher NegP for sentential scope (Kayne 1998; Svenonius 2002; Zeijlstra 2011). These accounts, together with observations about the raising properties of functional versus lexical verbs, lead to the formulation of different hypotheses about the distribution of variants in speech according to verb type, verb phrase complexity, and the discourse status of the propositions expressed. Results of distributional analysis and mixed-effects modelling support Account 2 of the variation over Account 1, suggesting structural identity between not-negation and negative concord (in contrast to no-negation). This supports Tubau’s (2016) proposal that English negative indefinites have two distinct structures: one in which negation is marked syntactically in the DP and one in which they agree with a syntactically-higher NegP.",6,"Results of distributional analysis and mixed-effects modelling support Account 2 of the variation over Account 1, suggesting structural identity between not-negation and negative concord (in contrast to no-negation).",2,The results suggest structural identity between not-negation and negative concord in contrast to no-negation.
glossa-4968-childs,,"This paper integrates syntactic theory and variationist analysis in an investigation of the variation between English not-negation (I don’t have any money), no-negation (I have no money) and negative concord (I don’t have no money). Using corpora of three varieties of UK English spoken in Glasgow, Tyneside and Salford respectively, I test two theoretical accounts of the variation. Account 1 applies Zeijlstra’s (2004) agreement-based theory of negative concord to all three variants, such that n-words (e.g. nobody) which feature in no-negation and negative concord are not inherently negative but agree with a negative operator in a higher NegP. Under Account 2, no-negation is instead derived via negative-marking within the DP followed by movement to the higher NegP for sentential scope (Kayne 1998; Svenonius 2002; Zeijlstra 2011). These accounts, together with observations about the raising properties of functional versus lexical verbs, lead to the formulation of different hypotheses about the distribution of variants in speech according to verb type, verb phrase complexity, and the discourse status of the propositions expressed. Results of distributional analysis and mixed-effects modelling support Account 2 of the variation over Account 1, suggesting structural identity between not-negation and negative concord (in contrast to no-negation). This supports Tubau’s (2016) proposal that English negative indefinites have two distinct structures: one in which negation is marked syntactically in the DP and one in which they agree with a syntactically-higher NegP.",7,This supports Tubau’s (2016) proposal that English negative indefinites have two distinct structures: one in which negation is marked syntactically in the DP and one in which they agree with a syntactically-higher NegP.,1,The findings support Tubau's (2016) proposal that English negative indefinites have two distinct structures: one in which negation is marked syntactically in the determiner phrase (DP) and one in which negative indefinites agree with a syntactically higher NegP.
glossa-4968-childs,1 Introduction,"Negation is a fervently-debated phenomenon within formal syntactic enquiry, as it is a universal property of language that is, at the same time, highly variable in terms of how it is expressed (Mazzon 2004: 94). The variability of negation also makes it an intriguing object of study for variationist sociolinguists, given their interest in the factors that condition speakers’ choices between linguistic forms that convey the same meaning (Tagliamonte 2006). Formal syntactic theory and variationist sociolinguistics are often depicted as somewhat incompatible “opposites”, because of their respective focus on linguistic competence and general linguistic principles on the one hand, versus performance and variability on the other (Wilson and Henry 1998). However, recent studies have advocated bridging the gap between the two in analysing morpho-syntactic variation and change (Wilson and Henry 1998; Adger and Smith 2005; 2010; Cornips and Corrigan 2005a; b; Adger and Trousdale 2007; Buchstaller et al. 2013; Burnett et al. under review), with Barbiers (2005: 235) suggesting that “it is the task of sociolinguists to describe and explain the patterns of variation that occur within a linguistic community given the theoretical limits of this variation uncovered by generative linguistics [emphasis mine]”. This paper takes such an approach and argues that integrating formal theory into variationist analysis of morpho-syntactic variation allows for: (i) more careful delimitation of the linguistic variable and its contexts, taking into consideration the constraints of the grammar; (ii) theoretically-informed decision-making as to the inclusion and exclusion of tokens; and (iii) using production data to test hypotheses that can elucidate how variants are derived from the grammar. Adopting this approach, my investigation focuses specifically on the alternation between not-negation (1), no-negation (2) and negative concord (3) in English.1",1,"Negation is a fervently-debated phenomenon within formal syntactic enquiry, as it is a universal property of language that is, at the same time, highly variable in terms of how it is expressed (Mazzon 2004: 94).",1,Negation is a fervently-debated phenomenon within formal syntactic enquiry (Mazzon 2004: 94).
glossa-4968-childs,1 Introduction,"Negation is a fervently-debated phenomenon within formal syntactic enquiry, as it is a universal property of language that is, at the same time, highly variable in terms of how it is expressed (Mazzon 2004: 94). The variability of negation also makes it an intriguing object of study for variationist sociolinguists, given their interest in the factors that condition speakers’ choices between linguistic forms that convey the same meaning (Tagliamonte 2006). Formal syntactic theory and variationist sociolinguistics are often depicted as somewhat incompatible “opposites”, because of their respective focus on linguistic competence and general linguistic principles on the one hand, versus performance and variability on the other (Wilson and Henry 1998). However, recent studies have advocated bridging the gap between the two in analysing morpho-syntactic variation and change (Wilson and Henry 1998; Adger and Smith 2005; 2010; Cornips and Corrigan 2005a; b; Adger and Trousdale 2007; Buchstaller et al. 2013; Burnett et al. under review), with Barbiers (2005: 235) suggesting that “it is the task of sociolinguists to describe and explain the patterns of variation that occur within a linguistic community given the theoretical limits of this variation uncovered by generative linguistics [emphasis mine]”. This paper takes such an approach and argues that integrating formal theory into variationist analysis of morpho-syntactic variation allows for: (i) more careful delimitation of the linguistic variable and its contexts, taking into consideration the constraints of the grammar; (ii) theoretically-informed decision-making as to the inclusion and exclusion of tokens; and (iii) using production data to test hypotheses that can elucidate how variants are derived from the grammar. Adopting this approach, my investigation focuses specifically on the alternation between not-negation (1), no-negation (2) and negative concord (3) in English.1",1,"Negation is a fervently-debated phenomenon within formal syntactic enquiry, as it is a universal property of language that is, at the same time, highly variable in terms of how it is expressed (Mazzon 2004: 94).",2,Negation is a universal property of language (Mazzon 2004: 94).
glossa-4968-childs,1 Introduction,"Negation is a fervently-debated phenomenon within formal syntactic enquiry, as it is a universal property of language that is, at the same time, highly variable in terms of how it is expressed (Mazzon 2004: 94). The variability of negation also makes it an intriguing object of study for variationist sociolinguists, given their interest in the factors that condition speakers’ choices between linguistic forms that convey the same meaning (Tagliamonte 2006). Formal syntactic theory and variationist sociolinguistics are often depicted as somewhat incompatible “opposites”, because of their respective focus on linguistic competence and general linguistic principles on the one hand, versus performance and variability on the other (Wilson and Henry 1998). However, recent studies have advocated bridging the gap between the two in analysing morpho-syntactic variation and change (Wilson and Henry 1998; Adger and Smith 2005; 2010; Cornips and Corrigan 2005a; b; Adger and Trousdale 2007; Buchstaller et al. 2013; Burnett et al. under review), with Barbiers (2005: 235) suggesting that “it is the task of sociolinguists to describe and explain the patterns of variation that occur within a linguistic community given the theoretical limits of this variation uncovered by generative linguistics [emphasis mine]”. This paper takes such an approach and argues that integrating formal theory into variationist analysis of morpho-syntactic variation allows for: (i) more careful delimitation of the linguistic variable and its contexts, taking into consideration the constraints of the grammar; (ii) theoretically-informed decision-making as to the inclusion and exclusion of tokens; and (iii) using production data to test hypotheses that can elucidate how variants are derived from the grammar. Adopting this approach, my investigation focuses specifically on the alternation between not-negation (1), no-negation (2) and negative concord (3) in English.1",1,"Negation is a fervently-debated phenomenon within formal syntactic enquiry, as it is a universal property of language that is, at the same time, highly variable in terms of how it is expressed (Mazzon 2004: 94).",3,Negation is highly variable in terms of how it is expressed (Mazzon 2004: 94).
glossa-4968-childs,1 Introduction,"Negation is a fervently-debated phenomenon within formal syntactic enquiry, as it is a universal property of language that is, at the same time, highly variable in terms of how it is expressed (Mazzon 2004: 94). The variability of negation also makes it an intriguing object of study for variationist sociolinguists, given their interest in the factors that condition speakers’ choices between linguistic forms that convey the same meaning (Tagliamonte 2006). Formal syntactic theory and variationist sociolinguistics are often depicted as somewhat incompatible “opposites”, because of their respective focus on linguistic competence and general linguistic principles on the one hand, versus performance and variability on the other (Wilson and Henry 1998). However, recent studies have advocated bridging the gap between the two in analysing morpho-syntactic variation and change (Wilson and Henry 1998; Adger and Smith 2005; 2010; Cornips and Corrigan 2005a; b; Adger and Trousdale 2007; Buchstaller et al. 2013; Burnett et al. under review), with Barbiers (2005: 235) suggesting that “it is the task of sociolinguists to describe and explain the patterns of variation that occur within a linguistic community given the theoretical limits of this variation uncovered by generative linguistics [emphasis mine]”. This paper takes such an approach and argues that integrating formal theory into variationist analysis of morpho-syntactic variation allows for: (i) more careful delimitation of the linguistic variable and its contexts, taking into consideration the constraints of the grammar; (ii) theoretically-informed decision-making as to the inclusion and exclusion of tokens; and (iii) using production data to test hypotheses that can elucidate how variants are derived from the grammar. Adopting this approach, my investigation focuses specifically on the alternation between not-negation (1), no-negation (2) and negative concord (3) in English.2",1,"Negation is a fervently-debated phenomenon within formal syntactic enquiry, as it is a universal property of language that is, at the same time, highly variable in terms of how it is expressed (Mazzon 2004: 94).",1,Negation is a fervently-debated phenomenon within formal syntactic enquiry (Mazzon 2004: 94).
glossa-4968-childs,1 Introduction,"Negation is a fervently-debated phenomenon within formal syntactic enquiry, as it is a universal property of language that is, at the same time, highly variable in terms of how it is expressed (Mazzon 2004: 94). The variability of negation also makes it an intriguing object of study for variationist sociolinguists, given their interest in the factors that condition speakers’ choices between linguistic forms that convey the same meaning (Tagliamonte 2006). Formal syntactic theory and variationist sociolinguistics are often depicted as somewhat incompatible “opposites”, because of their respective focus on linguistic competence and general linguistic principles on the one hand, versus performance and variability on the other (Wilson and Henry 1998). However, recent studies have advocated bridging the gap between the two in analysing morpho-syntactic variation and change (Wilson and Henry 1998; Adger and Smith 2005; 2010; Cornips and Corrigan 2005a; b; Adger and Trousdale 2007; Buchstaller et al. 2013; Burnett et al. under review), with Barbiers (2005: 235) suggesting that “it is the task of sociolinguists to describe and explain the patterns of variation that occur within a linguistic community given the theoretical limits of this variation uncovered by generative linguistics [emphasis mine]”. This paper takes such an approach and argues that integrating formal theory into variationist analysis of morpho-syntactic variation allows for: (i) more careful delimitation of the linguistic variable and its contexts, taking into consideration the constraints of the grammar; (ii) theoretically-informed decision-making as to the inclusion and exclusion of tokens; and (iii) using production data to test hypotheses that can elucidate how variants are derived from the grammar. Adopting this approach, my investigation focuses specifically on the alternation between not-negation (1), no-negation (2) and negative concord (3) in English.2",1,"Negation is a fervently-debated phenomenon within formal syntactic enquiry, as it is a universal property of language that is, at the same time, highly variable in terms of how it is expressed (Mazzon 2004: 94).",2,Negation is a universal property of language (Mazzon 2004: 94).
glossa-4968-childs,1 Introduction,"Negation is a fervently-debated phenomenon within formal syntactic enquiry, as it is a universal property of language that is, at the same time, highly variable in terms of how it is expressed (Mazzon 2004: 94). The variability of negation also makes it an intriguing object of study for variationist sociolinguists, given their interest in the factors that condition speakers’ choices between linguistic forms that convey the same meaning (Tagliamonte 2006). Formal syntactic theory and variationist sociolinguistics are often depicted as somewhat incompatible “opposites”, because of their respective focus on linguistic competence and general linguistic principles on the one hand, versus performance and variability on the other (Wilson and Henry 1998). However, recent studies have advocated bridging the gap between the two in analysing morpho-syntactic variation and change (Wilson and Henry 1998; Adger and Smith 2005; 2010; Cornips and Corrigan 2005a; b; Adger and Trousdale 2007; Buchstaller et al. 2013; Burnett et al. under review), with Barbiers (2005: 235) suggesting that “it is the task of sociolinguists to describe and explain the patterns of variation that occur within a linguistic community given the theoretical limits of this variation uncovered by generative linguistics [emphasis mine]”. This paper takes such an approach and argues that integrating formal theory into variationist analysis of morpho-syntactic variation allows for: (i) more careful delimitation of the linguistic variable and its contexts, taking into consideration the constraints of the grammar; (ii) theoretically-informed decision-making as to the inclusion and exclusion of tokens; and (iii) using production data to test hypotheses that can elucidate how variants are derived from the grammar. Adopting this approach, my investigation focuses specifically on the alternation between not-negation (1), no-negation (2) and negative concord (3) in English.2",1,"Negation is a fervently-debated phenomenon within formal syntactic enquiry, as it is a universal property of language that is, at the same time, highly variable in terms of how it is expressed (Mazzon 2004: 94).",3,Negation is highly variable in terms of how it is expressed (Mazzon 2004: 94).
glossa-4968-childs,1 Introduction,"Negation is a fervently-debated phenomenon within formal syntactic enquiry, as it is a universal property of language that is, at the same time, highly variable in terms of how it is expressed (Mazzon 2004: 94). The variability of negation also makes it an intriguing object of study for variationist sociolinguists, given their interest in the factors that condition speakers’ choices between linguistic forms that convey the same meaning (Tagliamonte 2006). Formal syntactic theory and variationist sociolinguistics are often depicted as somewhat incompatible “opposites”, because of their respective focus on linguistic competence and general linguistic principles on the one hand, versus performance and variability on the other (Wilson and Henry 1998). However, recent studies have advocated bridging the gap between the two in analysing morpho-syntactic variation and change (Wilson and Henry 1998; Adger and Smith 2005; 2010; Cornips and Corrigan 2005a; b; Adger and Trousdale 2007; Buchstaller et al. 2013; Burnett et al. under review), with Barbiers (2005: 235) suggesting that “it is the task of sociolinguists to describe and explain the patterns of variation that occur within a linguistic community given the theoretical limits of this variation uncovered by generative linguistics [emphasis mine]”. This paper takes such an approach and argues that integrating formal theory into variationist analysis of morpho-syntactic variation allows for: (i) more careful delimitation of the linguistic variable and its contexts, taking into consideration the constraints of the grammar; (ii) theoretically-informed decision-making as to the inclusion and exclusion of tokens; and (iii) using production data to test hypotheses that can elucidate how variants are derived from the grammar. Adopting this approach, my investigation focuses specifically on the alternation between not-negation (1), no-negation (2) and negative concord (3) in English.3",1,"Negation is a fervently-debated phenomenon within formal syntactic enquiry, as it is a universal property of language that is, at the same time, highly variable in terms of how it is expressed (Mazzon 2004: 94).",1,"In formal syntactic enquiry, negation is a fervently-debated phenomenon (Mazzon 2004: 94)."
glossa-4968-childs,1 Introduction,"Negation is a fervently-debated phenomenon within formal syntactic enquiry, as it is a universal property of language that is, at the same time, highly variable in terms of how it is expressed (Mazzon 2004: 94). The variability of negation also makes it an intriguing object of study for variationist sociolinguists, given their interest in the factors that condition speakers’ choices between linguistic forms that convey the same meaning (Tagliamonte 2006). Formal syntactic theory and variationist sociolinguistics are often depicted as somewhat incompatible “opposites”, because of their respective focus on linguistic competence and general linguistic principles on the one hand, versus performance and variability on the other (Wilson and Henry 1998). However, recent studies have advocated bridging the gap between the two in analysing morpho-syntactic variation and change (Wilson and Henry 1998; Adger and Smith 2005; 2010; Cornips and Corrigan 2005a; b; Adger and Trousdale 2007; Buchstaller et al. 2013; Burnett et al. under review), with Barbiers (2005: 235) suggesting that “it is the task of sociolinguists to describe and explain the patterns of variation that occur within a linguistic community given the theoretical limits of this variation uncovered by generative linguistics [emphasis mine]”. This paper takes such an approach and argues that integrating formal theory into variationist analysis of morpho-syntactic variation allows for: (i) more careful delimitation of the linguistic variable and its contexts, taking into consideration the constraints of the grammar; (ii) theoretically-informed decision-making as to the inclusion and exclusion of tokens; and (iii) using production data to test hypotheses that can elucidate how variants are derived from the grammar. Adopting this approach, my investigation focuses specifically on the alternation between not-negation (1), no-negation (2) and negative concord (3) in English.3",1,"Negation is a fervently-debated phenomenon within formal syntactic enquiry, as it is a universal property of language that is, at the same time, highly variable in terms of how it is expressed (Mazzon 2004: 94).",2,Negation is a universal property of language (Mazzon 2004: 94).
glossa-4968-childs,1 Introduction,"Negation is a fervently-debated phenomenon within formal syntactic enquiry, as it is a universal property of language that is, at the same time, highly variable in terms of how it is expressed (Mazzon 2004: 94). The variability of negation also makes it an intriguing object of study for variationist sociolinguists, given their interest in the factors that condition speakers’ choices between linguistic forms that convey the same meaning (Tagliamonte 2006). Formal syntactic theory and variationist sociolinguistics are often depicted as somewhat incompatible “opposites”, because of their respective focus on linguistic competence and general linguistic principles on the one hand, versus performance and variability on the other (Wilson and Henry 1998). However, recent studies have advocated bridging the gap between the two in analysing morpho-syntactic variation and change (Wilson and Henry 1998; Adger and Smith 2005; 2010; Cornips and Corrigan 2005a; b; Adger and Trousdale 2007; Buchstaller et al. 2013; Burnett et al. under review), with Barbiers (2005: 235) suggesting that “it is the task of sociolinguists to describe and explain the patterns of variation that occur within a linguistic community given the theoretical limits of this variation uncovered by generative linguistics [emphasis mine]”. This paper takes such an approach and argues that integrating formal theory into variationist analysis of morpho-syntactic variation allows for: (i) more careful delimitation of the linguistic variable and its contexts, taking into consideration the constraints of the grammar; (ii) theoretically-informed decision-making as to the inclusion and exclusion of tokens; and (iii) using production data to test hypotheses that can elucidate how variants are derived from the grammar. Adopting this approach, my investigation focuses specifically on the alternation between not-negation (1), no-negation (2) and negative concord (3) in English.3",1,"Negation is a fervently-debated phenomenon within formal syntactic enquiry, as it is a universal property of language that is, at the same time, highly variable in terms of how it is expressed (Mazzon 2004: 94).",3,Negation is highly variable in terms of how negation is expressed (Mazzon 2004: 94).
glossa-4968-childs,1 Introduction,"Negation is a fervently-debated phenomenon within formal syntactic enquiry, as it is a universal property of language that is, at the same time, highly variable in terms of how it is expressed (Mazzon 2004: 94). The variability of negation also makes it an intriguing object of study for variationist sociolinguists, given their interest in the factors that condition speakers’ choices between linguistic forms that convey the same meaning (Tagliamonte 2006). Formal syntactic theory and variationist sociolinguistics are often depicted as somewhat incompatible “opposites”, because of their respective focus on linguistic competence and general linguistic principles on the one hand, versus performance and variability on the other (Wilson and Henry 1998). However, recent studies have advocated bridging the gap between the two in analysing morpho-syntactic variation and change (Wilson and Henry 1998; Adger and Smith 2005; 2010; Cornips and Corrigan 2005a; b; Adger and Trousdale 2007; Buchstaller et al. 2013; Burnett et al. under review), with Barbiers (2005: 235) suggesting that “it is the task of sociolinguists to describe and explain the patterns of variation that occur within a linguistic community given the theoretical limits of this variation uncovered by generative linguistics [emphasis mine]”. This paper takes such an approach and argues that integrating formal theory into variationist analysis of morpho-syntactic variation allows for: (i) more careful delimitation of the linguistic variable and its contexts, taking into consideration the constraints of the grammar; (ii) theoretically-informed decision-making as to the inclusion and exclusion of tokens; and (iii) using production data to test hypotheses that can elucidate how variants are derived from the grammar. Adopting this approach, my investigation focuses specifically on the alternation between not-negation (1), no-negation (2) and negative concord (3) in English.4",1,"Negation is a fervently-debated phenomenon within formal syntactic enquiry, as it is a universal property of language that is, at the same time, highly variable in terms of how it is expressed (Mazzon 2004: 94).",1,"In formal syntactic enquiry, negation is a fervently-debated phenomenon (Mazzon 2004: 94)."
glossa-4968-childs,1 Introduction,"Negation is a fervently-debated phenomenon within formal syntactic enquiry, as it is a universal property of language that is, at the same time, highly variable in terms of how it is expressed (Mazzon 2004: 94). The variability of negation also makes it an intriguing object of study for variationist sociolinguists, given their interest in the factors that condition speakers’ choices between linguistic forms that convey the same meaning (Tagliamonte 2006). Formal syntactic theory and variationist sociolinguistics are often depicted as somewhat incompatible “opposites”, because of their respective focus on linguistic competence and general linguistic principles on the one hand, versus performance and variability on the other (Wilson and Henry 1998). However, recent studies have advocated bridging the gap between the two in analysing morpho-syntactic variation and change (Wilson and Henry 1998; Adger and Smith 2005; 2010; Cornips and Corrigan 2005a; b; Adger and Trousdale 2007; Buchstaller et al. 2013; Burnett et al. under review), with Barbiers (2005: 235) suggesting that “it is the task of sociolinguists to describe and explain the patterns of variation that occur within a linguistic community given the theoretical limits of this variation uncovered by generative linguistics [emphasis mine]”. This paper takes such an approach and argues that integrating formal theory into variationist analysis of morpho-syntactic variation allows for: (i) more careful delimitation of the linguistic variable and its contexts, taking into consideration the constraints of the grammar; (ii) theoretically-informed decision-making as to the inclusion and exclusion of tokens; and (iii) using production data to test hypotheses that can elucidate how variants are derived from the grammar. Adopting this approach, my investigation focuses specifically on the alternation between not-negation (1), no-negation (2) and negative concord (3) in English.4",1,"Negation is a fervently-debated phenomenon within formal syntactic enquiry, as it is a universal property of language that is, at the same time, highly variable in terms of how it is expressed (Mazzon 2004: 94).",2,Negation is a universal property of language (Mazzon 2004: 94).
glossa-4968-childs,1 Introduction,"Negation is a fervently-debated phenomenon within formal syntactic enquiry, as it is a universal property of language that is, at the same time, highly variable in terms of how it is expressed (Mazzon 2004: 94). The variability of negation also makes it an intriguing object of study for variationist sociolinguists, given their interest in the factors that condition speakers’ choices between linguistic forms that convey the same meaning (Tagliamonte 2006). Formal syntactic theory and variationist sociolinguistics are often depicted as somewhat incompatible “opposites”, because of their respective focus on linguistic competence and general linguistic principles on the one hand, versus performance and variability on the other (Wilson and Henry 1998). However, recent studies have advocated bridging the gap between the two in analysing morpho-syntactic variation and change (Wilson and Henry 1998; Adger and Smith 2005; 2010; Cornips and Corrigan 2005a; b; Adger and Trousdale 2007; Buchstaller et al. 2013; Burnett et al. under review), with Barbiers (2005: 235) suggesting that “it is the task of sociolinguists to describe and explain the patterns of variation that occur within a linguistic community given the theoretical limits of this variation uncovered by generative linguistics [emphasis mine]”. This paper takes such an approach and argues that integrating formal theory into variationist analysis of morpho-syntactic variation allows for: (i) more careful delimitation of the linguistic variable and its contexts, taking into consideration the constraints of the grammar; (ii) theoretically-informed decision-making as to the inclusion and exclusion of tokens; and (iii) using production data to test hypotheses that can elucidate how variants are derived from the grammar. Adopting this approach, my investigation focuses specifically on the alternation between not-negation (1), no-negation (2) and negative concord (3) in English.4",1,"Negation is a fervently-debated phenomenon within formal syntactic enquiry, as it is a universal property of language that is, at the same time, highly variable in terms of how it is expressed (Mazzon 2004: 94).",3,Negation is highly variable in terms of how negation is expressed (Mazzon 2004: 94).
glossa-4968-childs,1 Introduction,"Negation is a fervently-debated phenomenon within formal syntactic enquiry, as it is a universal property of language that is, at the same time, highly variable in terms of how it is expressed (Mazzon 2004: 94). The variability of negation also makes it an intriguing object of study for variationist sociolinguists, given their interest in the factors that condition speakers’ choices between linguistic forms that convey the same meaning (Tagliamonte 2006). Formal syntactic theory and variationist sociolinguistics are often depicted as somewhat incompatible “opposites”, because of their respective focus on linguistic competence and general linguistic principles on the one hand, versus performance and variability on the other (Wilson and Henry 1998). However, recent studies have advocated bridging the gap between the two in analysing morpho-syntactic variation and change (Wilson and Henry 1998; Adger and Smith 2005; 2010; Cornips and Corrigan 2005a; b; Adger and Trousdale 2007; Buchstaller et al. 2013; Burnett et al. under review), with Barbiers (2005: 235) suggesting that “it is the task of sociolinguists to describe and explain the patterns of variation that occur within a linguistic community given the theoretical limits of this variation uncovered by generative linguistics [emphasis mine]”. This paper takes such an approach and argues that integrating formal theory into variationist analysis of morpho-syntactic variation allows for: (i) more careful delimitation of the linguistic variable and its contexts, taking into consideration the constraints of the grammar; (ii) theoretically-informed decision-making as to the inclusion and exclusion of tokens; and (iii) using production data to test hypotheses that can elucidate how variants are derived from the grammar. Adopting this approach, my investigation focuses specifically on the alternation between not-negation (1), no-negation (2) and negative concord (3) in English.5",1,"Negation is a fervently-debated phenomenon within formal syntactic enquiry, as it is a universal property of language that is, at the same time, highly variable in terms of how it is expressed (Mazzon 2004: 94).",1,Negation is a fervently-debated phenomenon within formal syntactic enquiry (Mazzon 2004: 94).
glossa-4968-childs,1 Introduction,"Negation is a fervently-debated phenomenon within formal syntactic enquiry, as it is a universal property of language that is, at the same time, highly variable in terms of how it is expressed (Mazzon 2004: 94). The variability of negation also makes it an intriguing object of study for variationist sociolinguists, given their interest in the factors that condition speakers’ choices between linguistic forms that convey the same meaning (Tagliamonte 2006). Formal syntactic theory and variationist sociolinguistics are often depicted as somewhat incompatible “opposites”, because of their respective focus on linguistic competence and general linguistic principles on the one hand, versus performance and variability on the other (Wilson and Henry 1998). However, recent studies have advocated bridging the gap between the two in analysing morpho-syntactic variation and change (Wilson and Henry 1998; Adger and Smith 2005; 2010; Cornips and Corrigan 2005a; b; Adger and Trousdale 2007; Buchstaller et al. 2013; Burnett et al. under review), with Barbiers (2005: 235) suggesting that “it is the task of sociolinguists to describe and explain the patterns of variation that occur within a linguistic community given the theoretical limits of this variation uncovered by generative linguistics [emphasis mine]”. This paper takes such an approach and argues that integrating formal theory into variationist analysis of morpho-syntactic variation allows for: (i) more careful delimitation of the linguistic variable and its contexts, taking into consideration the constraints of the grammar; (ii) theoretically-informed decision-making as to the inclusion and exclusion of tokens; and (iii) using production data to test hypotheses that can elucidate how variants are derived from the grammar. Adopting this approach, my investigation focuses specifically on the alternation between not-negation (1), no-negation (2) and negative concord (3) in English.5",1,"Negation is a fervently-debated phenomenon within formal syntactic enquiry, as it is a universal property of language that is, at the same time, highly variable in terms of how it is expressed (Mazzon 2004: 94).",2,Negation is a fervently-debated phenomenon within formal syntactic enquiry.
glossa-4968-childs,1 Introduction,"Negation is a fervently-debated phenomenon within formal syntactic enquiry, as it is a universal property of language that is, at the same time, highly variable in terms of how it is expressed (Mazzon 2004: 94). The variability of negation also makes it an intriguing object of study for variationist sociolinguists, given their interest in the factors that condition speakers’ choices between linguistic forms that convey the same meaning (Tagliamonte 2006). Formal syntactic theory and variationist sociolinguistics are often depicted as somewhat incompatible “opposites”, because of their respective focus on linguistic competence and general linguistic principles on the one hand, versus performance and variability on the other (Wilson and Henry 1998). However, recent studies have advocated bridging the gap between the two in analysing morpho-syntactic variation and change (Wilson and Henry 1998; Adger and Smith 2005; 2010; Cornips and Corrigan 2005a; b; Adger and Trousdale 2007; Buchstaller et al. 2013; Burnett et al. under review), with Barbiers (2005: 235) suggesting that “it is the task of sociolinguists to describe and explain the patterns of variation that occur within a linguistic community given the theoretical limits of this variation uncovered by generative linguistics [emphasis mine]”. This paper takes such an approach and argues that integrating formal theory into variationist analysis of morpho-syntactic variation allows for: (i) more careful delimitation of the linguistic variable and its contexts, taking into consideration the constraints of the grammar; (ii) theoretically-informed decision-making as to the inclusion and exclusion of tokens; and (iii) using production data to test hypotheses that can elucidate how variants are derived from the grammar. Adopting this approach, my investigation focuses specifically on the alternation between not-negation (1), no-negation (2) and negative concord (3) in English.5",1,"Negation is a fervently-debated phenomenon within formal syntactic enquiry, as it is a universal property of language that is, at the same time, highly variable in terms of how it is expressed (Mazzon 2004: 94).",3,Negation is a universal property of language (Mazzon 2004: 94).
glossa-4968-childs,1 Introduction,"Negation is a fervently-debated phenomenon within formal syntactic enquiry, as it is a universal property of language that is, at the same time, highly variable in terms of how it is expressed (Mazzon 2004: 94). The variability of negation also makes it an intriguing object of study for variationist sociolinguists, given their interest in the factors that condition speakers’ choices between linguistic forms that convey the same meaning (Tagliamonte 2006). Formal syntactic theory and variationist sociolinguistics are often depicted as somewhat incompatible “opposites”, because of their respective focus on linguistic competence and general linguistic principles on the one hand, versus performance and variability on the other (Wilson and Henry 1998). However, recent studies have advocated bridging the gap between the two in analysing morpho-syntactic variation and change (Wilson and Henry 1998; Adger and Smith 2005; 2010; Cornips and Corrigan 2005a; b; Adger and Trousdale 2007; Buchstaller et al. 2013; Burnett et al. under review), with Barbiers (2005: 235) suggesting that “it is the task of sociolinguists to describe and explain the patterns of variation that occur within a linguistic community given the theoretical limits of this variation uncovered by generative linguistics [emphasis mine]”. This paper takes such an approach and argues that integrating formal theory into variationist analysis of morpho-syntactic variation allows for: (i) more careful delimitation of the linguistic variable and its contexts, taking into consideration the constraints of the grammar; (ii) theoretically-informed decision-making as to the inclusion and exclusion of tokens; and (iii) using production data to test hypotheses that can elucidate how variants are derived from the grammar. Adopting this approach, my investigation focuses specifically on the alternation between not-negation (1), no-negation (2) and negative concord (3) in English.5",1,"Negation is a fervently-debated phenomenon within formal syntactic enquiry, as it is a universal property of language that is, at the same time, highly variable in terms of how it is expressed (Mazzon 2004: 94).",4,Negation is a universal property of language.
glossa-4968-childs,1 Introduction,"Negation is a fervently-debated phenomenon within formal syntactic enquiry, as it is a universal property of language that is, at the same time, highly variable in terms of how it is expressed (Mazzon 2004: 94). The variability of negation also makes it an intriguing object of study for variationist sociolinguists, given their interest in the factors that condition speakers’ choices between linguistic forms that convey the same meaning (Tagliamonte 2006). Formal syntactic theory and variationist sociolinguistics are often depicted as somewhat incompatible “opposites”, because of their respective focus on linguistic competence and general linguistic principles on the one hand, versus performance and variability on the other (Wilson and Henry 1998). However, recent studies have advocated bridging the gap between the two in analysing morpho-syntactic variation and change (Wilson and Henry 1998; Adger and Smith 2005; 2010; Cornips and Corrigan 2005a; b; Adger and Trousdale 2007; Buchstaller et al. 2013; Burnett et al. under review), with Barbiers (2005: 235) suggesting that “it is the task of sociolinguists to describe and explain the patterns of variation that occur within a linguistic community given the theoretical limits of this variation uncovered by generative linguistics [emphasis mine]”. This paper takes such an approach and argues that integrating formal theory into variationist analysis of morpho-syntactic variation allows for: (i) more careful delimitation of the linguistic variable and its contexts, taking into consideration the constraints of the grammar; (ii) theoretically-informed decision-making as to the inclusion and exclusion of tokens; and (iii) using production data to test hypotheses that can elucidate how variants are derived from the grammar. Adopting this approach, my investigation focuses specifically on the alternation between not-negation (1), no-negation (2) and negative concord (3) in English.5",1,"Negation is a fervently-debated phenomenon within formal syntactic enquiry, as it is a universal property of language that is, at the same time, highly variable in terms of how it is expressed (Mazzon 2004: 94).",5,Negation is highly variable in terms of how negation is expressed (Mazzon 2004: 94).
glossa-4968-childs,1 Introduction,"Negation is a fervently-debated phenomenon within formal syntactic enquiry, as it is a universal property of language that is, at the same time, highly variable in terms of how it is expressed (Mazzon 2004: 94). The variability of negation also makes it an intriguing object of study for variationist sociolinguists, given their interest in the factors that condition speakers’ choices between linguistic forms that convey the same meaning (Tagliamonte 2006). Formal syntactic theory and variationist sociolinguistics are often depicted as somewhat incompatible “opposites”, because of their respective focus on linguistic competence and general linguistic principles on the one hand, versus performance and variability on the other (Wilson and Henry 1998). However, recent studies have advocated bridging the gap between the two in analysing morpho-syntactic variation and change (Wilson and Henry 1998; Adger and Smith 2005; 2010; Cornips and Corrigan 2005a; b; Adger and Trousdale 2007; Buchstaller et al. 2013; Burnett et al. under review), with Barbiers (2005: 235) suggesting that “it is the task of sociolinguists to describe and explain the patterns of variation that occur within a linguistic community given the theoretical limits of this variation uncovered by generative linguistics [emphasis mine]”. This paper takes such an approach and argues that integrating formal theory into variationist analysis of morpho-syntactic variation allows for: (i) more careful delimitation of the linguistic variable and its contexts, taking into consideration the constraints of the grammar; (ii) theoretically-informed decision-making as to the inclusion and exclusion of tokens; and (iii) using production data to test hypotheses that can elucidate how variants are derived from the grammar. Adopting this approach, my investigation focuses specifically on the alternation between not-negation (1), no-negation (2) and negative concord (3) in English.5",1,"Negation is a fervently-debated phenomenon within formal syntactic enquiry, as it is a universal property of language that is, at the same time, highly variable in terms of how it is expressed (Mazzon 2004: 94).",6,Negation is highly variable in terms of how negation is expressed.
glossa-4968-childs,1 Introduction,"Negation is a fervently-debated phenomenon within formal syntactic enquiry, as it is a universal property of language that is, at the same time, highly variable in terms of how it is expressed (Mazzon 2004: 94). The variability of negation also makes it an intriguing object of study for variationist sociolinguists, given their interest in the factors that condition speakers’ choices between linguistic forms that convey the same meaning (Tagliamonte 2006). Formal syntactic theory and variationist sociolinguistics are often depicted as somewhat incompatible “opposites”, because of their respective focus on linguistic competence and general linguistic principles on the one hand, versus performance and variability on the other (Wilson and Henry 1998). However, recent studies have advocated bridging the gap between the two in analysing morpho-syntactic variation and change (Wilson and Henry 1998; Adger and Smith 2005; 2010; Cornips and Corrigan 2005a; b; Adger and Trousdale 2007; Buchstaller et al. 2013; Burnett et al. under review), with Barbiers (2005: 235) suggesting that “it is the task of sociolinguists to describe and explain the patterns of variation that occur within a linguistic community given the theoretical limits of this variation uncovered by generative linguistics [emphasis mine]”. This paper takes such an approach and argues that integrating formal theory into variationist analysis of morpho-syntactic variation allows for: (i) more careful delimitation of the linguistic variable and its contexts, taking into consideration the constraints of the grammar; (ii) theoretically-informed decision-making as to the inclusion and exclusion of tokens; and (iii) using production data to test hypotheses that can elucidate how variants are derived from the grammar. Adopting this approach, my investigation focuses specifically on the alternation between not-negation (1), no-negation (2) and negative concord (3) in English.6",1,"Negation is a fervently-debated phenomenon within formal syntactic enquiry, as it is a universal property of language that is, at the same time, highly variable in terms of how it is expressed (Mazzon 2004: 94).",1,Negation is a fervently-debated phenomenon within formal syntactic enquiry (Mazzon 2004: 94).
glossa-4968-childs,1 Introduction,"Negation is a fervently-debated phenomenon within formal syntactic enquiry, as it is a universal property of language that is, at the same time, highly variable in terms of how it is expressed (Mazzon 2004: 94). The variability of negation also makes it an intriguing object of study for variationist sociolinguists, given their interest in the factors that condition speakers’ choices between linguistic forms that convey the same meaning (Tagliamonte 2006). Formal syntactic theory and variationist sociolinguistics are often depicted as somewhat incompatible “opposites”, because of their respective focus on linguistic competence and general linguistic principles on the one hand, versus performance and variability on the other (Wilson and Henry 1998). However, recent studies have advocated bridging the gap between the two in analysing morpho-syntactic variation and change (Wilson and Henry 1998; Adger and Smith 2005; 2010; Cornips and Corrigan 2005a; b; Adger and Trousdale 2007; Buchstaller et al. 2013; Burnett et al. under review), with Barbiers (2005: 235) suggesting that “it is the task of sociolinguists to describe and explain the patterns of variation that occur within a linguistic community given the theoretical limits of this variation uncovered by generative linguistics [emphasis mine]”. This paper takes such an approach and argues that integrating formal theory into variationist analysis of morpho-syntactic variation allows for: (i) more careful delimitation of the linguistic variable and its contexts, taking into consideration the constraints of the grammar; (ii) theoretically-informed decision-making as to the inclusion and exclusion of tokens; and (iii) using production data to test hypotheses that can elucidate how variants are derived from the grammar. Adopting this approach, my investigation focuses specifically on the alternation between not-negation (1), no-negation (2) and negative concord (3) in English.6",1,"Negation is a fervently-debated phenomenon within formal syntactic enquiry, as it is a universal property of language that is, at the same time, highly variable in terms of how it is expressed (Mazzon 2004: 94).",2,Negation is a fervently-debated phenomenon within formal syntactic enquiry.
glossa-4968-childs,1 Introduction,"Negation is a fervently-debated phenomenon within formal syntactic enquiry, as it is a universal property of language that is, at the same time, highly variable in terms of how it is expressed (Mazzon 2004: 94). The variability of negation also makes it an intriguing object of study for variationist sociolinguists, given their interest in the factors that condition speakers’ choices between linguistic forms that convey the same meaning (Tagliamonte 2006). Formal syntactic theory and variationist sociolinguistics are often depicted as somewhat incompatible “opposites”, because of their respective focus on linguistic competence and general linguistic principles on the one hand, versus performance and variability on the other (Wilson and Henry 1998). However, recent studies have advocated bridging the gap between the two in analysing morpho-syntactic variation and change (Wilson and Henry 1998; Adger and Smith 2005; 2010; Cornips and Corrigan 2005a; b; Adger and Trousdale 2007; Buchstaller et al. 2013; Burnett et al. under review), with Barbiers (2005: 235) suggesting that “it is the task of sociolinguists to describe and explain the patterns of variation that occur within a linguistic community given the theoretical limits of this variation uncovered by generative linguistics [emphasis mine]”. This paper takes such an approach and argues that integrating formal theory into variationist analysis of morpho-syntactic variation allows for: (i) more careful delimitation of the linguistic variable and its contexts, taking into consideration the constraints of the grammar; (ii) theoretically-informed decision-making as to the inclusion and exclusion of tokens; and (iii) using production data to test hypotheses that can elucidate how variants are derived from the grammar. Adopting this approach, my investigation focuses specifically on the alternation between not-negation (1), no-negation (2) and negative concord (3) in English.6",1,"Negation is a fervently-debated phenomenon within formal syntactic enquiry, as it is a universal property of language that is, at the same time, highly variable in terms of how it is expressed (Mazzon 2004: 94).",3,Negation is a universal property of language (Mazzon 2004: 94).
glossa-4968-childs,1 Introduction,"Negation is a fervently-debated phenomenon within formal syntactic enquiry, as it is a universal property of language that is, at the same time, highly variable in terms of how it is expressed (Mazzon 2004: 94). The variability of negation also makes it an intriguing object of study for variationist sociolinguists, given their interest in the factors that condition speakers’ choices between linguistic forms that convey the same meaning (Tagliamonte 2006). Formal syntactic theory and variationist sociolinguistics are often depicted as somewhat incompatible “opposites”, because of their respective focus on linguistic competence and general linguistic principles on the one hand, versus performance and variability on the other (Wilson and Henry 1998). However, recent studies have advocated bridging the gap between the two in analysing morpho-syntactic variation and change (Wilson and Henry 1998; Adger and Smith 2005; 2010; Cornips and Corrigan 2005a; b; Adger and Trousdale 2007; Buchstaller et al. 2013; Burnett et al. under review), with Barbiers (2005: 235) suggesting that “it is the task of sociolinguists to describe and explain the patterns of variation that occur within a linguistic community given the theoretical limits of this variation uncovered by generative linguistics [emphasis mine]”. This paper takes such an approach and argues that integrating formal theory into variationist analysis of morpho-syntactic variation allows for: (i) more careful delimitation of the linguistic variable and its contexts, taking into consideration the constraints of the grammar; (ii) theoretically-informed decision-making as to the inclusion and exclusion of tokens; and (iii) using production data to test hypotheses that can elucidate how variants are derived from the grammar. Adopting this approach, my investigation focuses specifically on the alternation between not-negation (1), no-negation (2) and negative concord (3) in English.6",1,"Negation is a fervently-debated phenomenon within formal syntactic enquiry, as it is a universal property of language that is, at the same time, highly variable in terms of how it is expressed (Mazzon 2004: 94).",4,Negation is a universal property of language.
glossa-4968-childs,1 Introduction,"Negation is a fervently-debated phenomenon within formal syntactic enquiry, as it is a universal property of language that is, at the same time, highly variable in terms of how it is expressed (Mazzon 2004: 94). The variability of negation also makes it an intriguing object of study for variationist sociolinguists, given their interest in the factors that condition speakers’ choices between linguistic forms that convey the same meaning (Tagliamonte 2006). Formal syntactic theory and variationist sociolinguistics are often depicted as somewhat incompatible “opposites”, because of their respective focus on linguistic competence and general linguistic principles on the one hand, versus performance and variability on the other (Wilson and Henry 1998). However, recent studies have advocated bridging the gap between the two in analysing morpho-syntactic variation and change (Wilson and Henry 1998; Adger and Smith 2005; 2010; Cornips and Corrigan 2005a; b; Adger and Trousdale 2007; Buchstaller et al. 2013; Burnett et al. under review), with Barbiers (2005: 235) suggesting that “it is the task of sociolinguists to describe and explain the patterns of variation that occur within a linguistic community given the theoretical limits of this variation uncovered by generative linguistics [emphasis mine]”. This paper takes such an approach and argues that integrating formal theory into variationist analysis of morpho-syntactic variation allows for: (i) more careful delimitation of the linguistic variable and its contexts, taking into consideration the constraints of the grammar; (ii) theoretically-informed decision-making as to the inclusion and exclusion of tokens; and (iii) using production data to test hypotheses that can elucidate how variants are derived from the grammar. Adopting this approach, my investigation focuses specifically on the alternation between not-negation (1), no-negation (2) and negative concord (3) in English.6",1,"Negation is a fervently-debated phenomenon within formal syntactic enquiry, as it is a universal property of language that is, at the same time, highly variable in terms of how it is expressed (Mazzon 2004: 94).",5,Negation is highly variable in terms of how negation is expressed (Mazzon 2004: 94).
glossa-4968-childs,1 Introduction,"Negation is a fervently-debated phenomenon within formal syntactic enquiry, as it is a universal property of language that is, at the same time, highly variable in terms of how it is expressed (Mazzon 2004: 94). The variability of negation also makes it an intriguing object of study for variationist sociolinguists, given their interest in the factors that condition speakers’ choices between linguistic forms that convey the same meaning (Tagliamonte 2006). Formal syntactic theory and variationist sociolinguistics are often depicted as somewhat incompatible “opposites”, because of their respective focus on linguistic competence and general linguistic principles on the one hand, versus performance and variability on the other (Wilson and Henry 1998). However, recent studies have advocated bridging the gap between the two in analysing morpho-syntactic variation and change (Wilson and Henry 1998; Adger and Smith 2005; 2010; Cornips and Corrigan 2005a; b; Adger and Trousdale 2007; Buchstaller et al. 2013; Burnett et al. under review), with Barbiers (2005: 235) suggesting that “it is the task of sociolinguists to describe and explain the patterns of variation that occur within a linguistic community given the theoretical limits of this variation uncovered by generative linguistics [emphasis mine]”. This paper takes such an approach and argues that integrating formal theory into variationist analysis of morpho-syntactic variation allows for: (i) more careful delimitation of the linguistic variable and its contexts, taking into consideration the constraints of the grammar; (ii) theoretically-informed decision-making as to the inclusion and exclusion of tokens; and (iii) using production data to test hypotheses that can elucidate how variants are derived from the grammar. Adopting this approach, my investigation focuses specifically on the alternation between not-negation (1), no-negation (2) and negative concord (3) in English.6",1,"Negation is a fervently-debated phenomenon within formal syntactic enquiry, as it is a universal property of language that is, at the same time, highly variable in terms of how it is expressed (Mazzon 2004: 94).",6,Negation is highly variable in terms of how negation is expressed.
glossa-4968-childs,1 Introduction,"Negation is a fervently-debated phenomenon within formal syntactic enquiry, as it is a universal property of language that is, at the same time, highly variable in terms of how it is expressed (Mazzon 2004: 94). The variability of negation also makes it an intriguing object of study for variationist sociolinguists, given their interest in the factors that condition speakers’ choices between linguistic forms that convey the same meaning (Tagliamonte 2006). Formal syntactic theory and variationist sociolinguistics are often depicted as somewhat incompatible “opposites”, because of their respective focus on linguistic competence and general linguistic principles on the one hand, versus performance and variability on the other (Wilson and Henry 1998). However, recent studies have advocated bridging the gap between the two in analysing morpho-syntactic variation and change (Wilson and Henry 1998; Adger and Smith 2005; 2010; Cornips and Corrigan 2005a; b; Adger and Trousdale 2007; Buchstaller et al. 2013; Burnett et al. under review), with Barbiers (2005: 235) suggesting that “it is the task of sociolinguists to describe and explain the patterns of variation that occur within a linguistic community given the theoretical limits of this variation uncovered by generative linguistics [emphasis mine]”. This paper takes such an approach and argues that integrating formal theory into variationist analysis of morpho-syntactic variation allows for: (i) more careful delimitation of the linguistic variable and its contexts, taking into consideration the constraints of the grammar; (ii) theoretically-informed decision-making as to the inclusion and exclusion of tokens; and (iii) using production data to test hypotheses that can elucidate how variants are derived from the grammar. Adopting this approach, my investigation focuses specifically on the alternation between not-negation (1), no-negation (2) and negative concord (3) in English.7",1,"The variability of negation also makes it an intriguing object of study for variationist sociolinguists, given their interest in the factors that condition speakers’ choices between linguistic forms that convey the same meaning (Tagliamonte 2006).",1,The variability of negation makes negation an intriguing object of study for variationist sociolinguists.
glossa-4968-childs,1 Introduction,"Negation is a fervently-debated phenomenon within formal syntactic enquiry, as it is a universal property of language that is, at the same time, highly variable in terms of how it is expressed (Mazzon 2004: 94). The variability of negation also makes it an intriguing object of study for variationist sociolinguists, given their interest in the factors that condition speakers’ choices between linguistic forms that convey the same meaning (Tagliamonte 2006). Formal syntactic theory and variationist sociolinguistics are often depicted as somewhat incompatible “opposites”, because of their respective focus on linguistic competence and general linguistic principles on the one hand, versus performance and variability on the other (Wilson and Henry 1998). However, recent studies have advocated bridging the gap between the two in analysing morpho-syntactic variation and change (Wilson and Henry 1998; Adger and Smith 2005; 2010; Cornips and Corrigan 2005a; b; Adger and Trousdale 2007; Buchstaller et al. 2013; Burnett et al. under review), with Barbiers (2005: 235) suggesting that “it is the task of sociolinguists to describe and explain the patterns of variation that occur within a linguistic community given the theoretical limits of this variation uncovered by generative linguistics [emphasis mine]”. This paper takes such an approach and argues that integrating formal theory into variationist analysis of morpho-syntactic variation allows for: (i) more careful delimitation of the linguistic variable and its contexts, taking into consideration the constraints of the grammar; (ii) theoretically-informed decision-making as to the inclusion and exclusion of tokens; and (iii) using production data to test hypotheses that can elucidate how variants are derived from the grammar. Adopting this approach, my investigation focuses specifically on the alternation between not-negation (1), no-negation (2) and negative concord (3) in English.7",1,"The variability of negation also makes it an intriguing object of study for variationist sociolinguists, given their interest in the factors that condition speakers’ choices between linguistic forms that convey the same meaning (Tagliamonte 2006).",2,Tagliamonte (2006) states that variationist sociolinguists are interested in the factors that condition speakers' choices between linguistic forms that convey the same meaning.
glossa-4968-childs,1 Introduction,"Negation is a fervently-debated phenomenon within formal syntactic enquiry, as it is a universal property of language that is, at the same time, highly variable in terms of how it is expressed (Mazzon 2004: 94). The variability of negation also makes it an intriguing object of study for variationist sociolinguists, given their interest in the factors that condition speakers’ choices between linguistic forms that convey the same meaning (Tagliamonte 2006). Formal syntactic theory and variationist sociolinguistics are often depicted as somewhat incompatible “opposites”, because of their respective focus on linguistic competence and general linguistic principles on the one hand, versus performance and variability on the other (Wilson and Henry 1998). However, recent studies have advocated bridging the gap between the two in analysing morpho-syntactic variation and change (Wilson and Henry 1998; Adger and Smith 2005; 2010; Cornips and Corrigan 2005a; b; Adger and Trousdale 2007; Buchstaller et al. 2013; Burnett et al. under review), with Barbiers (2005: 235) suggesting that “it is the task of sociolinguists to describe and explain the patterns of variation that occur within a linguistic community given the theoretical limits of this variation uncovered by generative linguistics [emphasis mine]”. This paper takes such an approach and argues that integrating formal theory into variationist analysis of morpho-syntactic variation allows for: (i) more careful delimitation of the linguistic variable and its contexts, taking into consideration the constraints of the grammar; (ii) theoretically-informed decision-making as to the inclusion and exclusion of tokens; and (iii) using production data to test hypotheses that can elucidate how variants are derived from the grammar. Adopting this approach, my investigation focuses specifically on the alternation between not-negation (1), no-negation (2) and negative concord (3) in English.8",1,"The variability of negation also makes it an intriguing object of study for variationist sociolinguists, given their interest in the factors that condition speakers’ choices between linguistic forms that convey the same meaning (Tagliamonte 2006).",1,The variability of negation makes negation an intriguing object of study for variationist sociolinguists.
glossa-4968-childs,1 Introduction,"Negation is a fervently-debated phenomenon within formal syntactic enquiry, as it is a universal property of language that is, at the same time, highly variable in terms of how it is expressed (Mazzon 2004: 94). The variability of negation also makes it an intriguing object of study for variationist sociolinguists, given their interest in the factors that condition speakers’ choices between linguistic forms that convey the same meaning (Tagliamonte 2006). Formal syntactic theory and variationist sociolinguistics are often depicted as somewhat incompatible “opposites”, because of their respective focus on linguistic competence and general linguistic principles on the one hand, versus performance and variability on the other (Wilson and Henry 1998). However, recent studies have advocated bridging the gap between the two in analysing morpho-syntactic variation and change (Wilson and Henry 1998; Adger and Smith 2005; 2010; Cornips and Corrigan 2005a; b; Adger and Trousdale 2007; Buchstaller et al. 2013; Burnett et al. under review), with Barbiers (2005: 235) suggesting that “it is the task of sociolinguists to describe and explain the patterns of variation that occur within a linguistic community given the theoretical limits of this variation uncovered by generative linguistics [emphasis mine]”. This paper takes such an approach and argues that integrating formal theory into variationist analysis of morpho-syntactic variation allows for: (i) more careful delimitation of the linguistic variable and its contexts, taking into consideration the constraints of the grammar; (ii) theoretically-informed decision-making as to the inclusion and exclusion of tokens; and (iii) using production data to test hypotheses that can elucidate how variants are derived from the grammar. Adopting this approach, my investigation focuses specifically on the alternation between not-negation (1), no-negation (2) and negative concord (3) in English.8",1,"The variability of negation also makes it an intriguing object of study for variationist sociolinguists, given their interest in the factors that condition speakers’ choices between linguistic forms that convey the same meaning (Tagliamonte 2006).",2,Tagliamonte (2006) states that variationist sociolinguists are interested in the factors that condition speakers' choices between linguistic forms that convey the same meaning.
glossa-4968-childs,1 Introduction,"Negation is a fervently-debated phenomenon within formal syntactic enquiry, as it is a universal property of language that is, at the same time, highly variable in terms of how it is expressed (Mazzon 2004: 94). The variability of negation also makes it an intriguing object of study for variationist sociolinguists, given their interest in the factors that condition speakers’ choices between linguistic forms that convey the same meaning (Tagliamonte 2006). Formal syntactic theory and variationist sociolinguistics are often depicted as somewhat incompatible “opposites”, because of their respective focus on linguistic competence and general linguistic principles on the one hand, versus performance and variability on the other (Wilson and Henry 1998). However, recent studies have advocated bridging the gap between the two in analysing morpho-syntactic variation and change (Wilson and Henry 1998; Adger and Smith 2005; 2010; Cornips and Corrigan 2005a; b; Adger and Trousdale 2007; Buchstaller et al. 2013; Burnett et al. under review), with Barbiers (2005: 235) suggesting that “it is the task of sociolinguists to describe and explain the patterns of variation that occur within a linguistic community given the theoretical limits of this variation uncovered by generative linguistics [emphasis mine]”. This paper takes such an approach and argues that integrating formal theory into variationist analysis of morpho-syntactic variation allows for: (i) more careful delimitation of the linguistic variable and its contexts, taking into consideration the constraints of the grammar; (ii) theoretically-informed decision-making as to the inclusion and exclusion of tokens; and (iii) using production data to test hypotheses that can elucidate how variants are derived from the grammar. Adopting this approach, my investigation focuses specifically on the alternation between not-negation (1), no-negation (2) and negative concord (3) in English.9",1,"The variability of negation also makes it an intriguing object of study for variationist sociolinguists, given their interest in the factors that condition speakers’ choices between linguistic forms that convey the same meaning (Tagliamonte 2006).",1,Tagliamonte (2006) states that the variability of negation makes negation an intriguing object of study for variationist sociolinguists given variationist sociolinguists' interest in the factors that condition speakers' choices between linguistic forms that convey the same meaning.
glossa-4968-childs,1 Introduction,"Negation is a fervently-debated phenomenon within formal syntactic enquiry, as it is a universal property of language that is, at the same time, highly variable in terms of how it is expressed (Mazzon 2004: 94). The variability of negation also makes it an intriguing object of study for variationist sociolinguists, given their interest in the factors that condition speakers’ choices between linguistic forms that convey the same meaning (Tagliamonte 2006). Formal syntactic theory and variationist sociolinguistics are often depicted as somewhat incompatible “opposites”, because of their respective focus on linguistic competence and general linguistic principles on the one hand, versus performance and variability on the other (Wilson and Henry 1998). However, recent studies have advocated bridging the gap between the two in analysing morpho-syntactic variation and change (Wilson and Henry 1998; Adger and Smith 2005; 2010; Cornips and Corrigan 2005a; b; Adger and Trousdale 2007; Buchstaller et al. 2013; Burnett et al. under review), with Barbiers (2005: 235) suggesting that “it is the task of sociolinguists to describe and explain the patterns of variation that occur within a linguistic community given the theoretical limits of this variation uncovered by generative linguistics [emphasis mine]”. This paper takes such an approach and argues that integrating formal theory into variationist analysis of morpho-syntactic variation allows for: (i) more careful delimitation of the linguistic variable and its contexts, taking into consideration the constraints of the grammar; (ii) theoretically-informed decision-making as to the inclusion and exclusion of tokens; and (iii) using production data to test hypotheses that can elucidate how variants are derived from the grammar. Adopting this approach, my investigation focuses specifically on the alternation between not-negation (1), no-negation (2) and negative concord (3) in English.9",1,"The variability of negation also makes it an intriguing object of study for variationist sociolinguists, given their interest in the factors that condition speakers’ choices between linguistic forms that convey the same meaning (Tagliamonte 2006).",2,The variability of negation makes negation an intriguing object of study for variationist sociolinguists given variationist sociolinguists' interest in the factors that condition speakers' choices between linguistic forms that convey the same meaning.
glossa-4968-childs,1 Introduction,"Negation is a fervently-debated phenomenon within formal syntactic enquiry, as it is a universal property of language that is, at the same time, highly variable in terms of how it is expressed (Mazzon 2004: 94). The variability of negation also makes it an intriguing object of study for variationist sociolinguists, given their interest in the factors that condition speakers’ choices between linguistic forms that convey the same meaning (Tagliamonte 2006). Formal syntactic theory and variationist sociolinguistics are often depicted as somewhat incompatible “opposites”, because of their respective focus on linguistic competence and general linguistic principles on the one hand, versus performance and variability on the other (Wilson and Henry 1998). However, recent studies have advocated bridging the gap between the two in analysing morpho-syntactic variation and change (Wilson and Henry 1998; Adger and Smith 2005; 2010; Cornips and Corrigan 2005a; b; Adger and Trousdale 2007; Buchstaller et al. 2013; Burnett et al. under review), with Barbiers (2005: 235) suggesting that “it is the task of sociolinguists to describe and explain the patterns of variation that occur within a linguistic community given the theoretical limits of this variation uncovered by generative linguistics [emphasis mine]”. This paper takes such an approach and argues that integrating formal theory into variationist analysis of morpho-syntactic variation allows for: (i) more careful delimitation of the linguistic variable and its contexts, taking into consideration the constraints of the grammar; (ii) theoretically-informed decision-making as to the inclusion and exclusion of tokens; and (iii) using production data to test hypotheses that can elucidate how variants are derived from the grammar. Adopting this approach, my investigation focuses specifically on the alternation between not-negation (1), no-negation (2) and negative concord (3) in English.10",1,"Formal syntactic theory and variationist sociolinguistics are often depicted as somewhat incompatible “opposites”, because of their respective focus on linguistic competence and general linguistic principles on the one hand, versus performance and variability on the other (Wilson and Henry 1998).",1,Wilson and Henry (1998) state that formal syntactic theory and variationist sociolinguistics are often depicted as somewhat incompatible 'opposites'.
glossa-4968-childs,1 Introduction,"Negation is a fervently-debated phenomenon within formal syntactic enquiry, as it is a universal property of language that is, at the same time, highly variable in terms of how it is expressed (Mazzon 2004: 94). The variability of negation also makes it an intriguing object of study for variationist sociolinguists, given their interest in the factors that condition speakers’ choices between linguistic forms that convey the same meaning (Tagliamonte 2006). Formal syntactic theory and variationist sociolinguistics are often depicted as somewhat incompatible “opposites”, because of their respective focus on linguistic competence and general linguistic principles on the one hand, versus performance and variability on the other (Wilson and Henry 1998). However, recent studies have advocated bridging the gap between the two in analysing morpho-syntactic variation and change (Wilson and Henry 1998; Adger and Smith 2005; 2010; Cornips and Corrigan 2005a; b; Adger and Trousdale 2007; Buchstaller et al. 2013; Burnett et al. under review), with Barbiers (2005: 235) suggesting that “it is the task of sociolinguists to describe and explain the patterns of variation that occur within a linguistic community given the theoretical limits of this variation uncovered by generative linguistics [emphasis mine]”. This paper takes such an approach and argues that integrating formal theory into variationist analysis of morpho-syntactic variation allows for: (i) more careful delimitation of the linguistic variable and its contexts, taking into consideration the constraints of the grammar; (ii) theoretically-informed decision-making as to the inclusion and exclusion of tokens; and (iii) using production data to test hypotheses that can elucidate how variants are derived from the grammar. Adopting this approach, my investigation focuses specifically on the alternation between not-negation (1), no-negation (2) and negative concord (3) in English.10",1,"Formal syntactic theory and variationist sociolinguistics are often depicted as somewhat incompatible “opposites”, because of their respective focus on linguistic competence and general linguistic principles on the one hand, versus performance and variability on the other (Wilson and Henry 1998).",2,Wilson and Henry (1998) state that formal syntactic theory focuses on linguistic competence and general linguistic principles.
glossa-4968-childs,1 Introduction,"Negation is a fervently-debated phenomenon within formal syntactic enquiry, as it is a universal property of language that is, at the same time, highly variable in terms of how it is expressed (Mazzon 2004: 94). The variability of negation also makes it an intriguing object of study for variationist sociolinguists, given their interest in the factors that condition speakers’ choices between linguistic forms that convey the same meaning (Tagliamonte 2006). Formal syntactic theory and variationist sociolinguistics are often depicted as somewhat incompatible “opposites”, because of their respective focus on linguistic competence and general linguistic principles on the one hand, versus performance and variability on the other (Wilson and Henry 1998). However, recent studies have advocated bridging the gap between the two in analysing morpho-syntactic variation and change (Wilson and Henry 1998; Adger and Smith 2005; 2010; Cornips and Corrigan 2005a; b; Adger and Trousdale 2007; Buchstaller et al. 2013; Burnett et al. under review), with Barbiers (2005: 235) suggesting that “it is the task of sociolinguists to describe and explain the patterns of variation that occur within a linguistic community given the theoretical limits of this variation uncovered by generative linguistics [emphasis mine]”. This paper takes such an approach and argues that integrating formal theory into variationist analysis of morpho-syntactic variation allows for: (i) more careful delimitation of the linguistic variable and its contexts, taking into consideration the constraints of the grammar; (ii) theoretically-informed decision-making as to the inclusion and exclusion of tokens; and (iii) using production data to test hypotheses that can elucidate how variants are derived from the grammar. Adopting this approach, my investigation focuses specifically on the alternation between not-negation (1), no-negation (2) and negative concord (3) in English.10",1,"Formal syntactic theory and variationist sociolinguistics are often depicted as somewhat incompatible “opposites”, because of their respective focus on linguistic competence and general linguistic principles on the one hand, versus performance and variability on the other (Wilson and Henry 1998).",3,Wilson and Henry (1998) state that variationist sociolinguistics focuses on performance and variability.
glossa-4968-childs,1 Introduction,"Negation is a fervently-debated phenomenon within formal syntactic enquiry, as it is a universal property of language that is, at the same time, highly variable in terms of how it is expressed (Mazzon 2004: 94). The variability of negation also makes it an intriguing object of study for variationist sociolinguists, given their interest in the factors that condition speakers’ choices between linguistic forms that convey the same meaning (Tagliamonte 2006). Formal syntactic theory and variationist sociolinguistics are often depicted as somewhat incompatible “opposites”, because of their respective focus on linguistic competence and general linguistic principles on the one hand, versus performance and variability on the other (Wilson and Henry 1998). However, recent studies have advocated bridging the gap between the two in analysing morpho-syntactic variation and change (Wilson and Henry 1998; Adger and Smith 2005; 2010; Cornips and Corrigan 2005a; b; Adger and Trousdale 2007; Buchstaller et al. 2013; Burnett et al. under review), with Barbiers (2005: 235) suggesting that “it is the task of sociolinguists to describe and explain the patterns of variation that occur within a linguistic community given the theoretical limits of this variation uncovered by generative linguistics [emphasis mine]”. This paper takes such an approach and argues that integrating formal theory into variationist analysis of morpho-syntactic variation allows for: (i) more careful delimitation of the linguistic variable and its contexts, taking into consideration the constraints of the grammar; (ii) theoretically-informed decision-making as to the inclusion and exclusion of tokens; and (iii) using production data to test hypotheses that can elucidate how variants are derived from the grammar. Adopting this approach, my investigation focuses specifically on the alternation between not-negation (1), no-negation (2) and negative concord (3) in English.11",1,"Formal syntactic theory and variationist sociolinguistics are often depicted as somewhat incompatible “opposites”, because of their respective focus on linguistic competence and general linguistic principles on the one hand, versus performance and variability on the other (Wilson and Henry 1998).",1,Wilson and Henry (1998) depict formal syntactic theory and variationist sociolinguistics as somewhat incompatible opposites.
glossa-4968-childs,1 Introduction,"Negation is a fervently-debated phenomenon within formal syntactic enquiry, as it is a universal property of language that is, at the same time, highly variable in terms of how it is expressed (Mazzon 2004: 94). The variability of negation also makes it an intriguing object of study for variationist sociolinguists, given their interest in the factors that condition speakers’ choices between linguistic forms that convey the same meaning (Tagliamonte 2006). Formal syntactic theory and variationist sociolinguistics are often depicted as somewhat incompatible “opposites”, because of their respective focus on linguistic competence and general linguistic principles on the one hand, versus performance and variability on the other (Wilson and Henry 1998). However, recent studies have advocated bridging the gap between the two in analysing morpho-syntactic variation and change (Wilson and Henry 1998; Adger and Smith 2005; 2010; Cornips and Corrigan 2005a; b; Adger and Trousdale 2007; Buchstaller et al. 2013; Burnett et al. under review), with Barbiers (2005: 235) suggesting that “it is the task of sociolinguists to describe and explain the patterns of variation that occur within a linguistic community given the theoretical limits of this variation uncovered by generative linguistics [emphasis mine]”. This paper takes such an approach and argues that integrating formal theory into variationist analysis of morpho-syntactic variation allows for: (i) more careful delimitation of the linguistic variable and its contexts, taking into consideration the constraints of the grammar; (ii) theoretically-informed decision-making as to the inclusion and exclusion of tokens; and (iii) using production data to test hypotheses that can elucidate how variants are derived from the grammar. Adopting this approach, my investigation focuses specifically on the alternation between not-negation (1), no-negation (2) and negative concord (3) in English.11",1,"Formal syntactic theory and variationist sociolinguistics are often depicted as somewhat incompatible “opposites”, because of their respective focus on linguistic competence and general linguistic principles on the one hand, versus performance and variability on the other (Wilson and Henry 1998).",2,Wilson and Henry (1998) state that formal syntactic theory focuses on linguistic competence and general linguistic principles.
glossa-4968-childs,1 Introduction,"Negation is a fervently-debated phenomenon within formal syntactic enquiry, as it is a universal property of language that is, at the same time, highly variable in terms of how it is expressed (Mazzon 2004: 94). The variability of negation also makes it an intriguing object of study for variationist sociolinguists, given their interest in the factors that condition speakers’ choices between linguistic forms that convey the same meaning (Tagliamonte 2006). Formal syntactic theory and variationist sociolinguistics are often depicted as somewhat incompatible “opposites”, because of their respective focus on linguistic competence and general linguistic principles on the one hand, versus performance and variability on the other (Wilson and Henry 1998). However, recent studies have advocated bridging the gap between the two in analysing morpho-syntactic variation and change (Wilson and Henry 1998; Adger and Smith 2005; 2010; Cornips and Corrigan 2005a; b; Adger and Trousdale 2007; Buchstaller et al. 2013; Burnett et al. under review), with Barbiers (2005: 235) suggesting that “it is the task of sociolinguists to describe and explain the patterns of variation that occur within a linguistic community given the theoretical limits of this variation uncovered by generative linguistics [emphasis mine]”. This paper takes such an approach and argues that integrating formal theory into variationist analysis of morpho-syntactic variation allows for: (i) more careful delimitation of the linguistic variable and its contexts, taking into consideration the constraints of the grammar; (ii) theoretically-informed decision-making as to the inclusion and exclusion of tokens; and (iii) using production data to test hypotheses that can elucidate how variants are derived from the grammar. Adopting this approach, my investigation focuses specifically on the alternation between not-negation (1), no-negation (2) and negative concord (3) in English.11",1,"Formal syntactic theory and variationist sociolinguistics are often depicted as somewhat incompatible “opposites”, because of their respective focus on linguistic competence and general linguistic principles on the one hand, versus performance and variability on the other (Wilson and Henry 1998).",3,Wilson and Henry (1998) state that variationist sociolinguistics focuses on performance and variability.
glossa-4968-childs,1 Introduction,"Negation is a fervently-debated phenomenon within formal syntactic enquiry, as it is a universal property of language that is, at the same time, highly variable in terms of how it is expressed (Mazzon 2004: 94). The variability of negation also makes it an intriguing object of study for variationist sociolinguists, given their interest in the factors that condition speakers’ choices between linguistic forms that convey the same meaning (Tagliamonte 2006). Formal syntactic theory and variationist sociolinguistics are often depicted as somewhat incompatible “opposites”, because of their respective focus on linguistic competence and general linguistic principles on the one hand, versus performance and variability on the other (Wilson and Henry 1998). However, recent studies have advocated bridging the gap between the two in analysing morpho-syntactic variation and change (Wilson and Henry 1998; Adger and Smith 2005; 2010; Cornips and Corrigan 2005a; b; Adger and Trousdale 2007; Buchstaller et al. 2013; Burnett et al. under review), with Barbiers (2005: 235) suggesting that “it is the task of sociolinguists to describe and explain the patterns of variation that occur within a linguistic community given the theoretical limits of this variation uncovered by generative linguistics [emphasis mine]”. This paper takes such an approach and argues that integrating formal theory into variationist analysis of morpho-syntactic variation allows for: (i) more careful delimitation of the linguistic variable and its contexts, taking into consideration the constraints of the grammar; (ii) theoretically-informed decision-making as to the inclusion and exclusion of tokens; and (iii) using production data to test hypotheses that can elucidate how variants are derived from the grammar. Adopting this approach, my investigation focuses specifically on the alternation between not-negation (1), no-negation (2) and negative concord (3) in English.11",1,"Formal syntactic theory and variationist sociolinguistics are often depicted as somewhat incompatible “opposites”, because of their respective focus on linguistic competence and general linguistic principles on the one hand, versus performance and variability on the other (Wilson and Henry 1998).",4,The focus of formal syntactic theory on linguistic competence and general linguistic principles and the focus of variationist sociolinguistics on performance and variability imply that formal syntactic theory and variationist sociolinguistics are often depicted as somewhat incompatible opposites (Wilson and Henry 1998).
glossa-4968-childs,1 Introduction,"Negation is a fervently-debated phenomenon within formal syntactic enquiry, as it is a universal property of language that is, at the same time, highly variable in terms of how it is expressed (Mazzon 2004: 94). The variability of negation also makes it an intriguing object of study for variationist sociolinguists, given their interest in the factors that condition speakers’ choices between linguistic forms that convey the same meaning (Tagliamonte 2006). Formal syntactic theory and variationist sociolinguistics are often depicted as somewhat incompatible “opposites”, because of their respective focus on linguistic competence and general linguistic principles on the one hand, versus performance and variability on the other (Wilson and Henry 1998). However, recent studies have advocated bridging the gap between the two in analysing morpho-syntactic variation and change (Wilson and Henry 1998; Adger and Smith 2005; 2010; Cornips and Corrigan 2005a; b; Adger and Trousdale 2007; Buchstaller et al. 2013; Burnett et al. under review), with Barbiers (2005: 235) suggesting that “it is the task of sociolinguists to describe and explain the patterns of variation that occur within a linguistic community given the theoretical limits of this variation uncovered by generative linguistics [emphasis mine]”. This paper takes such an approach and argues that integrating formal theory into variationist analysis of morpho-syntactic variation allows for: (i) more careful delimitation of the linguistic variable and its contexts, taking into consideration the constraints of the grammar; (ii) theoretically-informed decision-making as to the inclusion and exclusion of tokens; and (iii) using production data to test hypotheses that can elucidate how variants are derived from the grammar. Adopting this approach, my investigation focuses specifically on the alternation between not-negation (1), no-negation (2) and negative concord (3) in English.12",1,"Formal syntactic theory and variationist sociolinguistics are often depicted as somewhat incompatible “opposites”, because of their respective focus on linguistic competence and general linguistic principles on the one hand, versus performance and variability on the other (Wilson and Henry 1998).",1,Wilson and Henry (1998) depict formal syntactic theory and variationist sociolinguistics as somewhat incompatible opposites.
glossa-4968-childs,1 Introduction,"Negation is a fervently-debated phenomenon within formal syntactic enquiry, as it is a universal property of language that is, at the same time, highly variable in terms of how it is expressed (Mazzon 2004: 94). The variability of negation also makes it an intriguing object of study for variationist sociolinguists, given their interest in the factors that condition speakers’ choices between linguistic forms that convey the same meaning (Tagliamonte 2006). Formal syntactic theory and variationist sociolinguistics are often depicted as somewhat incompatible “opposites”, because of their respective focus on linguistic competence and general linguistic principles on the one hand, versus performance and variability on the other (Wilson and Henry 1998). However, recent studies have advocated bridging the gap between the two in analysing morpho-syntactic variation and change (Wilson and Henry 1998; Adger and Smith 2005; 2010; Cornips and Corrigan 2005a; b; Adger and Trousdale 2007; Buchstaller et al. 2013; Burnett et al. under review), with Barbiers (2005: 235) suggesting that “it is the task of sociolinguists to describe and explain the patterns of variation that occur within a linguistic community given the theoretical limits of this variation uncovered by generative linguistics [emphasis mine]”. This paper takes such an approach and argues that integrating formal theory into variationist analysis of morpho-syntactic variation allows for: (i) more careful delimitation of the linguistic variable and its contexts, taking into consideration the constraints of the grammar; (ii) theoretically-informed decision-making as to the inclusion and exclusion of tokens; and (iii) using production data to test hypotheses that can elucidate how variants are derived from the grammar. Adopting this approach, my investigation focuses specifically on the alternation between not-negation (1), no-negation (2) and negative concord (3) in English.12",1,"Formal syntactic theory and variationist sociolinguistics are often depicted as somewhat incompatible “opposites”, because of their respective focus on linguistic competence and general linguistic principles on the one hand, versus performance and variability on the other (Wilson and Henry 1998).",2,Wilson and Henry (1998) state that formal syntactic theory focuses on linguistic competence and general linguistic principles.
glossa-4968-childs,1 Introduction,"Negation is a fervently-debated phenomenon within formal syntactic enquiry, as it is a universal property of language that is, at the same time, highly variable in terms of how it is expressed (Mazzon 2004: 94). The variability of negation also makes it an intriguing object of study for variationist sociolinguists, given their interest in the factors that condition speakers’ choices between linguistic forms that convey the same meaning (Tagliamonte 2006). Formal syntactic theory and variationist sociolinguistics are often depicted as somewhat incompatible “opposites”, because of their respective focus on linguistic competence and general linguistic principles on the one hand, versus performance and variability on the other (Wilson and Henry 1998). However, recent studies have advocated bridging the gap between the two in analysing morpho-syntactic variation and change (Wilson and Henry 1998; Adger and Smith 2005; 2010; Cornips and Corrigan 2005a; b; Adger and Trousdale 2007; Buchstaller et al. 2013; Burnett et al. under review), with Barbiers (2005: 235) suggesting that “it is the task of sociolinguists to describe and explain the patterns of variation that occur within a linguistic community given the theoretical limits of this variation uncovered by generative linguistics [emphasis mine]”. This paper takes such an approach and argues that integrating formal theory into variationist analysis of morpho-syntactic variation allows for: (i) more careful delimitation of the linguistic variable and its contexts, taking into consideration the constraints of the grammar; (ii) theoretically-informed decision-making as to the inclusion and exclusion of tokens; and (iii) using production data to test hypotheses that can elucidate how variants are derived from the grammar. Adopting this approach, my investigation focuses specifically on the alternation between not-negation (1), no-negation (2) and negative concord (3) in English.12",1,"Formal syntactic theory and variationist sociolinguistics are often depicted as somewhat incompatible “opposites”, because of their respective focus on linguistic competence and general linguistic principles on the one hand, versus performance and variability on the other (Wilson and Henry 1998).",3,Wilson and Henry (1998) state that variationist sociolinguistics focuses on performance and variability.
glossa-4968-childs,1 Introduction,"Negation is a fervently-debated phenomenon within formal syntactic enquiry, as it is a universal property of language that is, at the same time, highly variable in terms of how it is expressed (Mazzon 2004: 94). The variability of negation also makes it an intriguing object of study for variationist sociolinguists, given their interest in the factors that condition speakers’ choices between linguistic forms that convey the same meaning (Tagliamonte 2006). Formal syntactic theory and variationist sociolinguistics are often depicted as somewhat incompatible “opposites”, because of their respective focus on linguistic competence and general linguistic principles on the one hand, versus performance and variability on the other (Wilson and Henry 1998). However, recent studies have advocated bridging the gap between the two in analysing morpho-syntactic variation and change (Wilson and Henry 1998; Adger and Smith 2005; 2010; Cornips and Corrigan 2005a; b; Adger and Trousdale 2007; Buchstaller et al. 2013; Burnett et al. under review), with Barbiers (2005: 235) suggesting that “it is the task of sociolinguists to describe and explain the patterns of variation that occur within a linguistic community given the theoretical limits of this variation uncovered by generative linguistics [emphasis mine]”. This paper takes such an approach and argues that integrating formal theory into variationist analysis of morpho-syntactic variation allows for: (i) more careful delimitation of the linguistic variable and its contexts, taking into consideration the constraints of the grammar; (ii) theoretically-informed decision-making as to the inclusion and exclusion of tokens; and (iii) using production data to test hypotheses that can elucidate how variants are derived from the grammar. Adopting this approach, my investigation focuses specifically on the alternation between not-negation (1), no-negation (2) and negative concord (3) in English.12",1,"Formal syntactic theory and variationist sociolinguistics are often depicted as somewhat incompatible “opposites”, because of their respective focus on linguistic competence and general linguistic principles on the one hand, versus performance and variability on the other (Wilson and Henry 1998).",4,The focus of formal syntactic theory on linguistic competence and general linguistic principles and the focus of variationist sociolinguistics on performance and variability imply that formal syntactic theory and variationist sociolinguistics are often depicted as somewhat incompatible opposites (Wilson and Henry 1998).
glossa-4968-childs,1 Introduction,"Negation is a fervently-debated phenomenon within formal syntactic enquiry, as it is a universal property of language that is, at the same time, highly variable in terms of how it is expressed (Mazzon 2004: 94). The variability of negation also makes it an intriguing object of study for variationist sociolinguists, given their interest in the factors that condition speakers’ choices between linguistic forms that convey the same meaning (Tagliamonte 2006). Formal syntactic theory and variationist sociolinguistics are often depicted as somewhat incompatible “opposites”, because of their respective focus on linguistic competence and general linguistic principles on the one hand, versus performance and variability on the other (Wilson and Henry 1998). However, recent studies have advocated bridging the gap between the two in analysing morpho-syntactic variation and change (Wilson and Henry 1998; Adger and Smith 2005; 2010; Cornips and Corrigan 2005a; b; Adger and Trousdale 2007; Buchstaller et al. 2013; Burnett et al. under review), with Barbiers (2005: 235) suggesting that “it is the task of sociolinguists to describe and explain the patterns of variation that occur within a linguistic community given the theoretical limits of this variation uncovered by generative linguistics [emphasis mine]”. This paper takes such an approach and argues that integrating formal theory into variationist analysis of morpho-syntactic variation allows for: (i) more careful delimitation of the linguistic variable and its contexts, taking into consideration the constraints of the grammar; (ii) theoretically-informed decision-making as to the inclusion and exclusion of tokens; and (iii) using production data to test hypotheses that can elucidate how variants are derived from the grammar. Adopting this approach, my investigation focuses specifically on the alternation between not-negation (1), no-negation (2) and negative concord (3) in English.13",1,"Formal syntactic theory and variationist sociolinguistics are often depicted as somewhat incompatible ""opposites"", because of their respective focus on linguistic competence and general linguistic principles on the one hand, versus performance and variability on the other (Wilson and Henry 1998).",1,Wilson and Henry (1998) depict formal syntactic theory as somewhat incompatible with variationist sociolinguistics because formal syntactic theory focuses on linguistic competence and general linguistic principles.
glossa-4968-childs,1 Introduction,"Negation is a fervently-debated phenomenon within formal syntactic enquiry, as it is a universal property of language that is, at the same time, highly variable in terms of how it is expressed (Mazzon 2004: 94). The variability of negation also makes it an intriguing object of study for variationist sociolinguists, given their interest in the factors that condition speakers’ choices between linguistic forms that convey the same meaning (Tagliamonte 2006). Formal syntactic theory and variationist sociolinguistics are often depicted as somewhat incompatible “opposites”, because of their respective focus on linguistic competence and general linguistic principles on the one hand, versus performance and variability on the other (Wilson and Henry 1998). However, recent studies have advocated bridging the gap between the two in analysing morpho-syntactic variation and change (Wilson and Henry 1998; Adger and Smith 2005; 2010; Cornips and Corrigan 2005a; b; Adger and Trousdale 2007; Buchstaller et al. 2013; Burnett et al. under review), with Barbiers (2005: 235) suggesting that “it is the task of sociolinguists to describe and explain the patterns of variation that occur within a linguistic community given the theoretical limits of this variation uncovered by generative linguistics [emphasis mine]”. This paper takes such an approach and argues that integrating formal theory into variationist analysis of morpho-syntactic variation allows for: (i) more careful delimitation of the linguistic variable and its contexts, taking into consideration the constraints of the grammar; (ii) theoretically-informed decision-making as to the inclusion and exclusion of tokens; and (iii) using production data to test hypotheses that can elucidate how variants are derived from the grammar. Adopting this approach, my investigation focuses specifically on the alternation between not-negation (1), no-negation (2) and negative concord (3) in English.13",1,"Formal syntactic theory and variationist sociolinguistics are often depicted as somewhat incompatible ""opposites"", because of their respective focus on linguistic competence and general linguistic principles on the one hand, versus performance and variability on the other (Wilson and Henry 1998).",2,Wilson and Henry (1998) depict variationist sociolinguistics as somewhat incompatible with formal syntactic theory because variationist sociolinguistics focuses on performance and variability.
glossa-4968-childs,1 Introduction,"Negation is a fervently-debated phenomenon within formal syntactic enquiry, as it is a universal property of language that is, at the same time, highly variable in terms of how it is expressed (Mazzon 2004: 94). The variability of negation also makes it an intriguing object of study for variationist sociolinguists, given their interest in the factors that condition speakers’ choices between linguistic forms that convey the same meaning (Tagliamonte 2006). Formal syntactic theory and variationist sociolinguistics are often depicted as somewhat incompatible “opposites”, because of their respective focus on linguistic competence and general linguistic principles on the one hand, versus performance and variability on the other (Wilson and Henry 1998). However, recent studies have advocated bridging the gap between the two in analysing morpho-syntactic variation and change (Wilson and Henry 1998; Adger and Smith 2005; 2010; Cornips and Corrigan 2005a; b; Adger and Trousdale 2007; Buchstaller et al. 2013; Burnett et al. under review), with Barbiers (2005: 235) suggesting that “it is the task of sociolinguists to describe and explain the patterns of variation that occur within a linguistic community given the theoretical limits of this variation uncovered by generative linguistics [emphasis mine]”. This paper takes such an approach and argues that integrating formal theory into variationist analysis of morpho-syntactic variation allows for: (i) more careful delimitation of the linguistic variable and its contexts, taking into consideration the constraints of the grammar; (ii) theoretically-informed decision-making as to the inclusion and exclusion of tokens; and (iii) using production data to test hypotheses that can elucidate how variants are derived from the grammar. Adopting this approach, my investigation focuses specifically on the alternation between not-negation (1), no-negation (2) and negative concord (3) in English.14",1,"Formal syntactic theory and variationist sociolinguistics are often depicted as somewhat incompatible ""opposites"", because of their respective focus on linguistic competence and general linguistic principles on the one hand, versus performance and variability on the other (Wilson and Henry 1998).",1,Wilson and Henry (1998) depict formal syntactic theory as somewhat incompatible with variationist sociolinguistics because formal syntactic theory focuses on linguistic competence and general linguistic principles.
glossa-4968-childs,1 Introduction,"Negation is a fervently-debated phenomenon within formal syntactic enquiry, as it is a universal property of language that is, at the same time, highly variable in terms of how it is expressed (Mazzon 2004: 94). The variability of negation also makes it an intriguing object of study for variationist sociolinguists, given their interest in the factors that condition speakers’ choices between linguistic forms that convey the same meaning (Tagliamonte 2006). Formal syntactic theory and variationist sociolinguistics are often depicted as somewhat incompatible “opposites”, because of their respective focus on linguistic competence and general linguistic principles on the one hand, versus performance and variability on the other (Wilson and Henry 1998). However, recent studies have advocated bridging the gap between the two in analysing morpho-syntactic variation and change (Wilson and Henry 1998; Adger and Smith 2005; 2010; Cornips and Corrigan 2005a; b; Adger and Trousdale 2007; Buchstaller et al. 2013; Burnett et al. under review), with Barbiers (2005: 235) suggesting that “it is the task of sociolinguists to describe and explain the patterns of variation that occur within a linguistic community given the theoretical limits of this variation uncovered by generative linguistics [emphasis mine]”. This paper takes such an approach and argues that integrating formal theory into variationist analysis of morpho-syntactic variation allows for: (i) more careful delimitation of the linguistic variable and its contexts, taking into consideration the constraints of the grammar; (ii) theoretically-informed decision-making as to the inclusion and exclusion of tokens; and (iii) using production data to test hypotheses that can elucidate how variants are derived from the grammar. Adopting this approach, my investigation focuses specifically on the alternation between not-negation (1), no-negation (2) and negative concord (3) in English.14",1,"Formal syntactic theory and variationist sociolinguistics are often depicted as somewhat incompatible ""opposites"", because of their respective focus on linguistic competence and general linguistic principles on the one hand, versus performance and variability on the other (Wilson and Henry 1998).",2,Wilson and Henry (1998) depict variationist sociolinguistics as somewhat incompatible with formal syntactic theory because variationist sociolinguistics focuses on performance and variability.
glossa-4968-childs,1 Introduction,"Negation is a fervently-debated phenomenon within formal syntactic enquiry, as it is a universal property of language that is, at the same time, highly variable in terms of how it is expressed (Mazzon 2004: 94). The variability of negation also makes it an intriguing object of study for variationist sociolinguists, given their interest in the factors that condition speakers’ choices between linguistic forms that convey the same meaning (Tagliamonte 2006). Formal syntactic theory and variationist sociolinguistics are often depicted as somewhat incompatible “opposites”, because of their respective focus on linguistic competence and general linguistic principles on the one hand, versus performance and variability on the other (Wilson and Henry 1998). However, recent studies have advocated bridging the gap between the two in analysing morpho-syntactic variation and change (Wilson and Henry 1998; Adger and Smith 2005; 2010; Cornips and Corrigan 2005a; b; Adger and Trousdale 2007; Buchstaller et al. 2013; Burnett et al. under review), with Barbiers (2005: 235) suggesting that “it is the task of sociolinguists to describe and explain the patterns of variation that occur within a linguistic community given the theoretical limits of this variation uncovered by generative linguistics [emphasis mine]”. This paper takes such an approach and argues that integrating formal theory into variationist analysis of morpho-syntactic variation allows for: (i) more careful delimitation of the linguistic variable and its contexts, taking into consideration the constraints of the grammar; (ii) theoretically-informed decision-making as to the inclusion and exclusion of tokens; and (iii) using production data to test hypotheses that can elucidate how variants are derived from the grammar. Adopting this approach, my investigation focuses specifically on the alternation between not-negation (1), no-negation (2) and negative concord (3) in English.15",1,"Formal syntactic theory and variationist sociolinguistics are often depicted as somewhat incompatible “opposites”, because of their respective focus on linguistic competence and general linguistic principles on the one hand, versus performance and variability on the other (Wilson and Henry 1998).",1,"Formal syntactic theory is often depicted as a somewhat incompatible ""opposite"" to variationist sociolinguistics because formal syntactic theory focuses on linguistic competence and general linguistic principles (Wilson and Henry 1998)."
glossa-4968-childs,1 Introduction,"Negation is a fervently-debated phenomenon within formal syntactic enquiry, as it is a universal property of language that is, at the same time, highly variable in terms of how it is expressed (Mazzon 2004: 94). The variability of negation also makes it an intriguing object of study for variationist sociolinguists, given their interest in the factors that condition speakers’ choices between linguistic forms that convey the same meaning (Tagliamonte 2006). Formal syntactic theory and variationist sociolinguistics are often depicted as somewhat incompatible “opposites”, because of their respective focus on linguistic competence and general linguistic principles on the one hand, versus performance and variability on the other (Wilson and Henry 1998). However, recent studies have advocated bridging the gap between the two in analysing morpho-syntactic variation and change (Wilson and Henry 1998; Adger and Smith 2005; 2010; Cornips and Corrigan 2005a; b; Adger and Trousdale 2007; Buchstaller et al. 2013; Burnett et al. under review), with Barbiers (2005: 235) suggesting that “it is the task of sociolinguists to describe and explain the patterns of variation that occur within a linguistic community given the theoretical limits of this variation uncovered by generative linguistics [emphasis mine]”. This paper takes such an approach and argues that integrating formal theory into variationist analysis of morpho-syntactic variation allows for: (i) more careful delimitation of the linguistic variable and its contexts, taking into consideration the constraints of the grammar; (ii) theoretically-informed decision-making as to the inclusion and exclusion of tokens; and (iii) using production data to test hypotheses that can elucidate how variants are derived from the grammar. Adopting this approach, my investigation focuses specifically on the alternation between not-negation (1), no-negation (2) and negative concord (3) in English.15",1,"Formal syntactic theory and variationist sociolinguistics are often depicted as somewhat incompatible “opposites”, because of their respective focus on linguistic competence and general linguistic principles on the one hand, versus performance and variability on the other (Wilson and Henry 1998).",2,"Variationist sociolinguistics is often depicted as a somewhat incompatible ""opposite"" to formal syntactic theory because variationist sociolinguistics focuses on performance and variability (Wilson and Henry 1998)."
glossa-4968-childs,1 Introduction,"Negation is a fervently-debated phenomenon within formal syntactic enquiry, as it is a universal property of language that is, at the same time, highly variable in terms of how it is expressed (Mazzon 2004: 94). The variability of negation also makes it an intriguing object of study for variationist sociolinguists, given their interest in the factors that condition speakers’ choices between linguistic forms that convey the same meaning (Tagliamonte 2006). Formal syntactic theory and variationist sociolinguistics are often depicted as somewhat incompatible “opposites”, because of their respective focus on linguistic competence and general linguistic principles on the one hand, versus performance and variability on the other (Wilson and Henry 1998). However, recent studies have advocated bridging the gap between the two in analysing morpho-syntactic variation and change (Wilson and Henry 1998; Adger and Smith 2005; 2010; Cornips and Corrigan 2005a; b; Adger and Trousdale 2007; Buchstaller et al. 2013; Burnett et al. under review), with Barbiers (2005: 235) suggesting that “it is the task of sociolinguists to describe and explain the patterns of variation that occur within a linguistic community given the theoretical limits of this variation uncovered by generative linguistics [emphasis mine]”. This paper takes such an approach and argues that integrating formal theory into variationist analysis of morpho-syntactic variation allows for: (i) more careful delimitation of the linguistic variable and its contexts, taking into consideration the constraints of the grammar; (ii) theoretically-informed decision-making as to the inclusion and exclusion of tokens; and (iii) using production data to test hypotheses that can elucidate how variants are derived from the grammar. Adopting this approach, my investigation focuses specifically on the alternation between not-negation (1), no-negation (2) and negative concord (3) in English.16",1,"However, recent studies have advocated bridging the gap between the two in analysing morpho-syntactic variation and change (Wilson and Henry 1998; Adger and Smith 2005; 2010; Cornips and Corrigan 2005a; b; Adger and Trousdale 2007; Buchstaller et al. 2013; Burnett et al. under review), with Barbiers (2005: 235) suggesting that “it is the task of sociolinguists to describe and explain the patterns of variation that occur within a linguistic community given the theoretical limits of this variation uncovered by generative linguistics [emphasis mine]”.",1,Recent studies (Wilson and Henry 1998; Adger and Smith 2005; 2010; Cornips and Corrigan 2005a; b; Adger and Trousdale 2007; Buchstaller et al. 2013; Burnett et al. under review) have advocated bridging the gap between formal syntactic theory and variationist sociolinguistics in analysing morpho-syntactic variation and change.
glossa-4968-childs,1 Introduction,"Negation is a fervently-debated phenomenon within formal syntactic enquiry, as it is a universal property of language that is, at the same time, highly variable in terms of how it is expressed (Mazzon 2004: 94). The variability of negation also makes it an intriguing object of study for variationist sociolinguists, given their interest in the factors that condition speakers’ choices between linguistic forms that convey the same meaning (Tagliamonte 2006). Formal syntactic theory and variationist sociolinguistics are often depicted as somewhat incompatible “opposites”, because of their respective focus on linguistic competence and general linguistic principles on the one hand, versus performance and variability on the other (Wilson and Henry 1998). However, recent studies have advocated bridging the gap between the two in analysing morpho-syntactic variation and change (Wilson and Henry 1998; Adger and Smith 2005; 2010; Cornips and Corrigan 2005a; b; Adger and Trousdale 2007; Buchstaller et al. 2013; Burnett et al. under review), with Barbiers (2005: 235) suggesting that “it is the task of sociolinguists to describe and explain the patterns of variation that occur within a linguistic community given the theoretical limits of this variation uncovered by generative linguistics [emphasis mine]”. This paper takes such an approach and argues that integrating formal theory into variationist analysis of morpho-syntactic variation allows for: (i) more careful delimitation of the linguistic variable and its contexts, taking into consideration the constraints of the grammar; (ii) theoretically-informed decision-making as to the inclusion and exclusion of tokens; and (iii) using production data to test hypotheses that can elucidate how variants are derived from the grammar. Adopting this approach, my investigation focuses specifically on the alternation between not-negation (1), no-negation (2) and negative concord (3) in English.16",1,"However, recent studies have advocated bridging the gap between the two in analysing morpho-syntactic variation and change (Wilson and Henry 1998; Adger and Smith 2005; 2010; Cornips and Corrigan 2005a; b; Adger and Trousdale 2007; Buchstaller et al. 2013; Burnett et al. under review), with Barbiers (2005: 235) suggesting that “it is the task of sociolinguists to describe and explain the patterns of variation that occur within a linguistic community given the theoretical limits of this variation uncovered by generative linguistics [emphasis mine]”.",2,"Barbiers (2005: 235) suggests that ""it is the task of sociolinguists to describe and explain the patterns of variation that occur within a linguistic community given the theoretical limits of this variation uncovered by generative linguistics [emphasis mine]""."
glossa-4968-childs,1 Introduction,"Negation is a fervently-debated phenomenon within formal syntactic enquiry, as it is a universal property of language that is, at the same time, highly variable in terms of how it is expressed (Mazzon 2004: 94). The variability of negation also makes it an intriguing object of study for variationist sociolinguists, given their interest in the factors that condition speakers’ choices between linguistic forms that convey the same meaning (Tagliamonte 2006). Formal syntactic theory and variationist sociolinguistics are often depicted as somewhat incompatible “opposites”, because of their respective focus on linguistic competence and general linguistic principles on the one hand, versus performance and variability on the other (Wilson and Henry 1998). However, recent studies have advocated bridging the gap between the two in analysing morpho-syntactic variation and change (Wilson and Henry 1998; Adger and Smith 2005; 2010; Cornips and Corrigan 2005a; b; Adger and Trousdale 2007; Buchstaller et al. 2013; Burnett et al. under review), with Barbiers (2005: 235) suggesting that “it is the task of sociolinguists to describe and explain the patterns of variation that occur within a linguistic community given the theoretical limits of this variation uncovered by generative linguistics [emphasis mine]”. This paper takes such an approach and argues that integrating formal theory into variationist analysis of morpho-syntactic variation allows for: (i) more careful delimitation of the linguistic variable and its contexts, taking into consideration the constraints of the grammar; (ii) theoretically-informed decision-making as to the inclusion and exclusion of tokens; and (iii) using production data to test hypotheses that can elucidate how variants are derived from the grammar. Adopting this approach, my investigation focuses specifically on the alternation between not-negation (1), no-negation (2) and negative concord (3) in English.17",1,"However, recent studies have advocated bridging the gap between the two in analysing morpho-syntactic variation and change (Wilson and Henry 1998; Adger and Smith 2005; 2010; Cornips and Corrigan 2005a; b; Adger and Trousdale 2007; Buchstaller et al. 2013; Burnett et al. under review), with Barbiers (2005: 235) suggesting that “it is the task of sociolinguists to describe and explain the patterns of variation that occur within a linguistic community given the theoretical limits of this variation uncovered by generative linguistics [emphasis mine]”.",1,"Wilson and Henry (1998), Adger and Smith (2005; 2010), Cornips and Corrigan (2005a; b), Adger and Trousdale (2007), Buchstaller et al. (2013), and Burnett et al. (under review) advocated bridging the gap between formal syntactic theory and variationist sociolinguistics in analysing morpho-syntactic variation and change."
glossa-4968-childs,1 Introduction,"Negation is a fervently-debated phenomenon within formal syntactic enquiry, as it is a universal property of language that is, at the same time, highly variable in terms of how it is expressed (Mazzon 2004: 94). The variability of negation also makes it an intriguing object of study for variationist sociolinguists, given their interest in the factors that condition speakers’ choices between linguistic forms that convey the same meaning (Tagliamonte 2006). Formal syntactic theory and variationist sociolinguistics are often depicted as somewhat incompatible “opposites”, because of their respective focus on linguistic competence and general linguistic principles on the one hand, versus performance and variability on the other (Wilson and Henry 1998). However, recent studies have advocated bridging the gap between the two in analysing morpho-syntactic variation and change (Wilson and Henry 1998; Adger and Smith 2005; 2010; Cornips and Corrigan 2005a; b; Adger and Trousdale 2007; Buchstaller et al. 2013; Burnett et al. under review), with Barbiers (2005: 235) suggesting that “it is the task of sociolinguists to describe and explain the patterns of variation that occur within a linguistic community given the theoretical limits of this variation uncovered by generative linguistics [emphasis mine]”. This paper takes such an approach and argues that integrating formal theory into variationist analysis of morpho-syntactic variation allows for: (i) more careful delimitation of the linguistic variable and its contexts, taking into consideration the constraints of the grammar; (ii) theoretically-informed decision-making as to the inclusion and exclusion of tokens; and (iii) using production data to test hypotheses that can elucidate how variants are derived from the grammar. Adopting this approach, my investigation focuses specifically on the alternation between not-negation (1), no-negation (2) and negative concord (3) in English.17",1,"However, recent studies have advocated bridging the gap between the two in analysing morpho-syntactic variation and change (Wilson and Henry 1998; Adger and Smith 2005; 2010; Cornips and Corrigan 2005a; b; Adger and Trousdale 2007; Buchstaller et al. 2013; Burnett et al. under review), with Barbiers (2005: 235) suggesting that “it is the task of sociolinguists to describe and explain the patterns of variation that occur within a linguistic community given the theoretical limits of this variation uncovered by generative linguistics [emphasis mine]”.",2,Barbiers (2005: 235) suggests that “it is the task of sociolinguists to describe and explain the patterns of variation that occur within a linguistic community given the theoretical limits of this variation uncovered by generative linguistics [emphasis mine]”.
glossa-4968-childs,1 Introduction,"Negation is a fervently-debated phenomenon within formal syntactic enquiry, as it is a universal property of language that is, at the same time, highly variable in terms of how it is expressed (Mazzon 2004: 94). The variability of negation also makes it an intriguing object of study for variationist sociolinguists, given their interest in the factors that condition speakers’ choices between linguistic forms that convey the same meaning (Tagliamonte 2006). Formal syntactic theory and variationist sociolinguistics are often depicted as somewhat incompatible “opposites”, because of their respective focus on linguistic competence and general linguistic principles on the one hand, versus performance and variability on the other (Wilson and Henry 1998). However, recent studies have advocated bridging the gap between the two in analysing morpho-syntactic variation and change (Wilson and Henry 1998; Adger and Smith 2005; 2010; Cornips and Corrigan 2005a; b; Adger and Trousdale 2007; Buchstaller et al. 2013; Burnett et al. under review), with Barbiers (2005: 235) suggesting that “it is the task of sociolinguists to describe and explain the patterns of variation that occur within a linguistic community given the theoretical limits of this variation uncovered by generative linguistics [emphasis mine]”. This paper takes such an approach and argues that integrating formal theory into variationist analysis of morpho-syntactic variation allows for: (i) more careful delimitation of the linguistic variable and its contexts, taking into consideration the constraints of the grammar; (ii) theoretically-informed decision-making as to the inclusion and exclusion of tokens; and (iii) using production data to test hypotheses that can elucidate how variants are derived from the grammar. Adopting this approach, my investigation focuses specifically on the alternation between not-negation (1), no-negation (2) and negative concord (3) in English.18",1,"However, recent studies have advocated bridging the gap between the two in analysing morpho-syntactic variation and change (Wilson and Henry 1998; Adger and Smith 2005; 2010; Cornips and Corrigan 2005a; b; Adger and Trousdale 2007; Buchstaller et al. 2013; Burnett et al. under review), with Barbiers (2005: 235) suggesting that “it is the task of sociolinguists to describe and explain the patterns of variation that occur within a linguistic community given the theoretical limits of this variation uncovered by generative linguistics [emphasis mine]”.",1,"Wilson and Henry (1998), Adger and Smith (2005; 2010), Cornips and Corrigan (2005a; b), Adger and Trousdale (2007), Buchstaller et al. (2013), and Burnett et al. (under review) advocated bridging the gap between formal syntactic theory and variationist sociolinguistics in analysing morpho-syntactic variation and change."
glossa-4968-childs,1 Introduction,"Negation is a fervently-debated phenomenon within formal syntactic enquiry, as it is a universal property of language that is, at the same time, highly variable in terms of how it is expressed (Mazzon 2004: 94). The variability of negation also makes it an intriguing object of study for variationist sociolinguists, given their interest in the factors that condition speakers’ choices between linguistic forms that convey the same meaning (Tagliamonte 2006). Formal syntactic theory and variationist sociolinguistics are often depicted as somewhat incompatible “opposites”, because of their respective focus on linguistic competence and general linguistic principles on the one hand, versus performance and variability on the other (Wilson and Henry 1998). However, recent studies have advocated bridging the gap between the two in analysing morpho-syntactic variation and change (Wilson and Henry 1998; Adger and Smith 2005; 2010; Cornips and Corrigan 2005a; b; Adger and Trousdale 2007; Buchstaller et al. 2013; Burnett et al. under review), with Barbiers (2005: 235) suggesting that “it is the task of sociolinguists to describe and explain the patterns of variation that occur within a linguistic community given the theoretical limits of this variation uncovered by generative linguistics [emphasis mine]”. This paper takes such an approach and argues that integrating formal theory into variationist analysis of morpho-syntactic variation allows for: (i) more careful delimitation of the linguistic variable and its contexts, taking into consideration the constraints of the grammar; (ii) theoretically-informed decision-making as to the inclusion and exclusion of tokens; and (iii) using production data to test hypotheses that can elucidate how variants are derived from the grammar. Adopting this approach, my investigation focuses specifically on the alternation between not-negation (1), no-negation (2) and negative concord (3) in English.18",1,"However, recent studies have advocated bridging the gap between the two in analysing morpho-syntactic variation and change (Wilson and Henry 1998; Adger and Smith 2005; 2010; Cornips and Corrigan 2005a; b; Adger and Trousdale 2007; Buchstaller et al. 2013; Burnett et al. under review), with Barbiers (2005: 235) suggesting that “it is the task of sociolinguists to describe and explain the patterns of variation that occur within a linguistic community given the theoretical limits of this variation uncovered by generative linguistics [emphasis mine]”.",2,Barbiers (2005: 235) suggests that “it is the task of sociolinguists to describe and explain the patterns of variation that occur within a linguistic community given the theoretical limits of this variation uncovered by generative linguistics [emphasis mine]”.
glossa-4968-childs,1 Introduction,"Negation is a fervently-debated phenomenon within formal syntactic enquiry, as it is a universal property of language that is, at the same time, highly variable in terms of how it is expressed (Mazzon 2004: 94). The variability of negation also makes it an intriguing object of study for variationist sociolinguists, given their interest in the factors that condition speakers’ choices between linguistic forms that convey the same meaning (Tagliamonte 2006). Formal syntactic theory and variationist sociolinguistics are often depicted as somewhat incompatible “opposites”, because of their respective focus on linguistic competence and general linguistic principles on the one hand, versus performance and variability on the other (Wilson and Henry 1998). However, recent studies have advocated bridging the gap between the two in analysing morpho-syntactic variation and change (Wilson and Henry 1998; Adger and Smith 2005; 2010; Cornips and Corrigan 2005a; b; Adger and Trousdale 2007; Buchstaller et al. 2013; Burnett et al. under review), with Barbiers (2005: 235) suggesting that “it is the task of sociolinguists to describe and explain the patterns of variation that occur within a linguistic community given the theoretical limits of this variation uncovered by generative linguistics [emphasis mine]”. This paper takes such an approach and argues that integrating formal theory into variationist analysis of morpho-syntactic variation allows for: (i) more careful delimitation of the linguistic variable and its contexts, taking into consideration the constraints of the grammar; (ii) theoretically-informed decision-making as to the inclusion and exclusion of tokens; and (iii) using production data to test hypotheses that can elucidate how variants are derived from the grammar. Adopting this approach, my investigation focuses specifically on the alternation between not-negation (1), no-negation (2) and negative concord (3) in English.19",1,"However, recent studies have advocated bridging the gap between the two in analysing morpho-syntactic variation and change (Wilson and Henry 1998; Adger and Smith 2005; 2010; Cornips and Corrigan 2005a; b; Adger and Trousdale 2007; Buchstaller et al. 2013; Burnett et al. under review), with Barbiers (2005: 235) suggesting that “it is the task of sociolinguists to describe and explain the patterns of variation that occur within a linguistic community given the theoretical limits of this variation uncovered by generative linguistics [emphasis mine]”.",1,"Wilson and Henry (1998), Adger and Smith (2005, 2010), Cornips and Corrigan (2005a,b), Adger and Trousdale (2007), Buchstaller et al. (2013), and Burnett et al. (under review) have advocated bridging the gap between formal syntactic theory and variationist sociolinguistics in analysing morpho-syntactic variation and change."
glossa-4968-childs,1 Introduction,"Negation is a fervently-debated phenomenon within formal syntactic enquiry, as it is a universal property of language that is, at the same time, highly variable in terms of how it is expressed (Mazzon 2004: 94). The variability of negation also makes it an intriguing object of study for variationist sociolinguists, given their interest in the factors that condition speakers’ choices between linguistic forms that convey the same meaning (Tagliamonte 2006). Formal syntactic theory and variationist sociolinguistics are often depicted as somewhat incompatible “opposites”, because of their respective focus on linguistic competence and general linguistic principles on the one hand, versus performance and variability on the other (Wilson and Henry 1998). However, recent studies have advocated bridging the gap between the two in analysing morpho-syntactic variation and change (Wilson and Henry 1998; Adger and Smith 2005; 2010; Cornips and Corrigan 2005a; b; Adger and Trousdale 2007; Buchstaller et al. 2013; Burnett et al. under review), with Barbiers (2005: 235) suggesting that “it is the task of sociolinguists to describe and explain the patterns of variation that occur within a linguistic community given the theoretical limits of this variation uncovered by generative linguistics [emphasis mine]”. This paper takes such an approach and argues that integrating formal theory into variationist analysis of morpho-syntactic variation allows for: (i) more careful delimitation of the linguistic variable and its contexts, taking into consideration the constraints of the grammar; (ii) theoretically-informed decision-making as to the inclusion and exclusion of tokens; and (iii) using production data to test hypotheses that can elucidate how variants are derived from the grammar. Adopting this approach, my investigation focuses specifically on the alternation between not-negation (1), no-negation (2) and negative concord (3) in English.19",1,"However, recent studies have advocated bridging the gap between the two in analysing morpho-syntactic variation and change (Wilson and Henry 1998; Adger and Smith 2005; 2010; Cornips and Corrigan 2005a; b; Adger and Trousdale 2007; Buchstaller et al. 2013; Burnett et al. under review), with Barbiers (2005: 235) suggesting that “it is the task of sociolinguists to describe and explain the patterns of variation that occur within a linguistic community given the theoretical limits of this variation uncovered by generative linguistics [emphasis mine]”.",2,"Barbiers (2005: 235) suggests that ""it is the task of sociolinguists to describe and explain the patterns of variation that occur within a linguistic community given the theoretical limits of this variation uncovered by generative linguistics""."
glossa-4968-childs,1 Introduction,"Negation is a fervently-debated phenomenon within formal syntactic enquiry, as it is a universal property of language that is, at the same time, highly variable in terms of how it is expressed (Mazzon 2004: 94). The variability of negation also makes it an intriguing object of study for variationist sociolinguists, given their interest in the factors that condition speakers’ choices between linguistic forms that convey the same meaning (Tagliamonte 2006). Formal syntactic theory and variationist sociolinguistics are often depicted as somewhat incompatible “opposites”, because of their respective focus on linguistic competence and general linguistic principles on the one hand, versus performance and variability on the other (Wilson and Henry 1998). However, recent studies have advocated bridging the gap between the two in analysing morpho-syntactic variation and change (Wilson and Henry 1998; Adger and Smith 2005; 2010; Cornips and Corrigan 2005a; b; Adger and Trousdale 2007; Buchstaller et al. 2013; Burnett et al. under review), with Barbiers (2005: 235) suggesting that “it is the task of sociolinguists to describe and explain the patterns of variation that occur within a linguistic community given the theoretical limits of this variation uncovered by generative linguistics [emphasis mine]”. This paper takes such an approach and argues that integrating formal theory into variationist analysis of morpho-syntactic variation allows for: (i) more careful delimitation of the linguistic variable and its contexts, taking into consideration the constraints of the grammar; (ii) theoretically-informed decision-making as to the inclusion and exclusion of tokens; and (iii) using production data to test hypotheses that can elucidate how variants are derived from the grammar. Adopting this approach, my investigation focuses specifically on the alternation between not-negation (1), no-negation (2) and negative concord (3) in English.20",1,"This paper takes such an approach and argues that integrating formal theory into variationist analysis of morpho-syntactic variation allows for: (i) more careful delimitation of the linguistic variable and its contexts, taking into consideration the constraints of the grammar; (ii) theoretically-informed decision-making as to the inclusion and exclusion of tokens; and (iii) using production data to test hypotheses that can elucidate how variants are derived from the grammar.",1,"Integrating formal theory into variationist analysis of morpho-syntactic variation allows for more careful delimitation of the linguistic variable and its contexts, taking into consideration the constraints of the grammar."
glossa-4968-childs,1 Introduction,"Negation is a fervently-debated phenomenon within formal syntactic enquiry, as it is a universal property of language that is, at the same time, highly variable in terms of how it is expressed (Mazzon 2004: 94). The variability of negation also makes it an intriguing object of study for variationist sociolinguists, given their interest in the factors that condition speakers’ choices between linguistic forms that convey the same meaning (Tagliamonte 2006). Formal syntactic theory and variationist sociolinguistics are often depicted as somewhat incompatible “opposites”, because of their respective focus on linguistic competence and general linguistic principles on the one hand, versus performance and variability on the other (Wilson and Henry 1998). However, recent studies have advocated bridging the gap between the two in analysing morpho-syntactic variation and change (Wilson and Henry 1998; Adger and Smith 2005; 2010; Cornips and Corrigan 2005a; b; Adger and Trousdale 2007; Buchstaller et al. 2013; Burnett et al. under review), with Barbiers (2005: 235) suggesting that “it is the task of sociolinguists to describe and explain the patterns of variation that occur within a linguistic community given the theoretical limits of this variation uncovered by generative linguistics [emphasis mine]”. This paper takes such an approach and argues that integrating formal theory into variationist analysis of morpho-syntactic variation allows for: (i) more careful delimitation of the linguistic variable and its contexts, taking into consideration the constraints of the grammar; (ii) theoretically-informed decision-making as to the inclusion and exclusion of tokens; and (iii) using production data to test hypotheses that can elucidate how variants are derived from the grammar. Adopting this approach, my investigation focuses specifically on the alternation between not-negation (1), no-negation (2) and negative concord (3) in English.20",1,"This paper takes such an approach and argues that integrating formal theory into variationist analysis of morpho-syntactic variation allows for: (i) more careful delimitation of the linguistic variable and its contexts, taking into consideration the constraints of the grammar; (ii) theoretically-informed decision-making as to the inclusion and exclusion of tokens; and (iii) using production data to test hypotheses that can elucidate how variants are derived from the grammar.",2,Integrating formal theory into variationist analysis of morpho-syntactic variation allows for theoretically-informed decision-making as to the inclusion and exclusion of tokens.
glossa-4968-childs,1 Introduction,"Negation is a fervently-debated phenomenon within formal syntactic enquiry, as it is a universal property of language that is, at the same time, highly variable in terms of how it is expressed (Mazzon 2004: 94). The variability of negation also makes it an intriguing object of study for variationist sociolinguists, given their interest in the factors that condition speakers’ choices between linguistic forms that convey the same meaning (Tagliamonte 2006). Formal syntactic theory and variationist sociolinguistics are often depicted as somewhat incompatible “opposites”, because of their respective focus on linguistic competence and general linguistic principles on the one hand, versus performance and variability on the other (Wilson and Henry 1998). However, recent studies have advocated bridging the gap between the two in analysing morpho-syntactic variation and change (Wilson and Henry 1998; Adger and Smith 2005; 2010; Cornips and Corrigan 2005a; b; Adger and Trousdale 2007; Buchstaller et al. 2013; Burnett et al. under review), with Barbiers (2005: 235) suggesting that “it is the task of sociolinguists to describe and explain the patterns of variation that occur within a linguistic community given the theoretical limits of this variation uncovered by generative linguistics [emphasis mine]”. This paper takes such an approach and argues that integrating formal theory into variationist analysis of morpho-syntactic variation allows for: (i) more careful delimitation of the linguistic variable and its contexts, taking into consideration the constraints of the grammar; (ii) theoretically-informed decision-making as to the inclusion and exclusion of tokens; and (iii) using production data to test hypotheses that can elucidate how variants are derived from the grammar. Adopting this approach, my investigation focuses specifically on the alternation between not-negation (1), no-negation (2) and negative concord (3) in English.20",1,"This paper takes such an approach and argues that integrating formal theory into variationist analysis of morpho-syntactic variation allows for: (i) more careful delimitation of the linguistic variable and its contexts, taking into consideration the constraints of the grammar; (ii) theoretically-informed decision-making as to the inclusion and exclusion of tokens; and (iii) using production data to test hypotheses that can elucidate how variants are derived from the grammar.",3,Integrating formal theory into variationist analysis of morpho-syntactic variation allows for using production data to test hypotheses that can elucidate how variants are derived from the grammar.
glossa-4968-childs,1 Introduction,"Negation is a fervently-debated phenomenon within formal syntactic enquiry, as it is a universal property of language that is, at the same time, highly variable in terms of how it is expressed (Mazzon 2004: 94). The variability of negation also makes it an intriguing object of study for variationist sociolinguists, given their interest in the factors that condition speakers’ choices between linguistic forms that convey the same meaning (Tagliamonte 2006). Formal syntactic theory and variationist sociolinguistics are often depicted as somewhat incompatible “opposites”, because of their respective focus on linguistic competence and general linguistic principles on the one hand, versus performance and variability on the other (Wilson and Henry 1998). However, recent studies have advocated bridging the gap between the two in analysing morpho-syntactic variation and change (Wilson and Henry 1998; Adger and Smith 2005; 2010; Cornips and Corrigan 2005a; b; Adger and Trousdale 2007; Buchstaller et al. 2013; Burnett et al. under review), with Barbiers (2005: 235) suggesting that “it is the task of sociolinguists to describe and explain the patterns of variation that occur within a linguistic community given the theoretical limits of this variation uncovered by generative linguistics [emphasis mine]”. This paper takes such an approach and argues that integrating formal theory into variationist analysis of morpho-syntactic variation allows for: (i) more careful delimitation of the linguistic variable and its contexts, taking into consideration the constraints of the grammar; (ii) theoretically-informed decision-making as to the inclusion and exclusion of tokens; and (iii) using production data to test hypotheses that can elucidate how variants are derived from the grammar. Adopting this approach, my investigation focuses specifically on the alternation between not-negation (1), no-negation (2) and negative concord (3) in English.21",1,"This paper takes such an approach and argues that integrating formal theory into variationist analysis of morpho-syntactic variation allows for: (i) more careful delimitation of the linguistic variable and its contexts, taking into consideration the constraints of the grammar; (ii) theoretically-informed decision-making as to the inclusion and exclusion of tokens; and (iii) using production data to test hypotheses that can elucidate how variants are derived from the grammar.",1,"Integrating formal theory into variationist analysis of morpho-syntactic variation allows for more careful delimitation of the linguistic variable and its contexts, taking into consideration the constraints of the grammar."
glossa-4968-childs,1 Introduction,"Negation is a fervently-debated phenomenon within formal syntactic enquiry, as it is a universal property of language that is, at the same time, highly variable in terms of how it is expressed (Mazzon 2004: 94). The variability of negation also makes it an intriguing object of study for variationist sociolinguists, given their interest in the factors that condition speakers’ choices between linguistic forms that convey the same meaning (Tagliamonte 2006). Formal syntactic theory and variationist sociolinguistics are often depicted as somewhat incompatible “opposites”, because of their respective focus on linguistic competence and general linguistic principles on the one hand, versus performance and variability on the other (Wilson and Henry 1998). However, recent studies have advocated bridging the gap between the two in analysing morpho-syntactic variation and change (Wilson and Henry 1998; Adger and Smith 2005; 2010; Cornips and Corrigan 2005a; b; Adger and Trousdale 2007; Buchstaller et al. 2013; Burnett et al. under review), with Barbiers (2005: 235) suggesting that “it is the task of sociolinguists to describe and explain the patterns of variation that occur within a linguistic community given the theoretical limits of this variation uncovered by generative linguistics [emphasis mine]”. This paper takes such an approach and argues that integrating formal theory into variationist analysis of morpho-syntactic variation allows for: (i) more careful delimitation of the linguistic variable and its contexts, taking into consideration the constraints of the grammar; (ii) theoretically-informed decision-making as to the inclusion and exclusion of tokens; and (iii) using production data to test hypotheses that can elucidate how variants are derived from the grammar. Adopting this approach, my investigation focuses specifically on the alternation between not-negation (1), no-negation (2) and negative concord (3) in English.21",1,"This paper takes such an approach and argues that integrating formal theory into variationist analysis of morpho-syntactic variation allows for: (i) more careful delimitation of the linguistic variable and its contexts, taking into consideration the constraints of the grammar; (ii) theoretically-informed decision-making as to the inclusion and exclusion of tokens; and (iii) using production data to test hypotheses that can elucidate how variants are derived from the grammar.",2,Integrating formal theory into variationist analysis of morpho-syntactic variation allows for theoretically-informed decision-making as to the inclusion and exclusion of tokens.
glossa-4968-childs,1 Introduction,"Negation is a fervently-debated phenomenon within formal syntactic enquiry, as it is a universal property of language that is, at the same time, highly variable in terms of how it is expressed (Mazzon 2004: 94). The variability of negation also makes it an intriguing object of study for variationist sociolinguists, given their interest in the factors that condition speakers’ choices between linguistic forms that convey the same meaning (Tagliamonte 2006). Formal syntactic theory and variationist sociolinguistics are often depicted as somewhat incompatible “opposites”, because of their respective focus on linguistic competence and general linguistic principles on the one hand, versus performance and variability on the other (Wilson and Henry 1998). However, recent studies have advocated bridging the gap between the two in analysing morpho-syntactic variation and change (Wilson and Henry 1998; Adger and Smith 2005; 2010; Cornips and Corrigan 2005a; b; Adger and Trousdale 2007; Buchstaller et al. 2013; Burnett et al. under review), with Barbiers (2005: 235) suggesting that “it is the task of sociolinguists to describe and explain the patterns of variation that occur within a linguistic community given the theoretical limits of this variation uncovered by generative linguistics [emphasis mine]”. This paper takes such an approach and argues that integrating formal theory into variationist analysis of morpho-syntactic variation allows for: (i) more careful delimitation of the linguistic variable and its contexts, taking into consideration the constraints of the grammar; (ii) theoretically-informed decision-making as to the inclusion and exclusion of tokens; and (iii) using production data to test hypotheses that can elucidate how variants are derived from the grammar. Adopting this approach, my investigation focuses specifically on the alternation between not-negation (1), no-negation (2) and negative concord (3) in English.21",1,"This paper takes such an approach and argues that integrating formal theory into variationist analysis of morpho-syntactic variation allows for: (i) more careful delimitation of the linguistic variable and its contexts, taking into consideration the constraints of the grammar; (ii) theoretically-informed decision-making as to the inclusion and exclusion of tokens; and (iii) using production data to test hypotheses that can elucidate how variants are derived from the grammar.",3,Integrating formal theory into variationist analysis of morpho-syntactic variation allows for using production data to test hypotheses that can elucidate how variants are derived from the grammar.
glossa-4968-childs,1 Introduction,"Negation is a fervently-debated phenomenon within formal syntactic enquiry, as it is a universal property of language that is, at the same time, highly variable in terms of how it is expressed (Mazzon 2004: 94). The variability of negation also makes it an intriguing object of study for variationist sociolinguists, given their interest in the factors that condition speakers’ choices between linguistic forms that convey the same meaning (Tagliamonte 2006). Formal syntactic theory and variationist sociolinguistics are often depicted as somewhat incompatible “opposites”, because of their respective focus on linguistic competence and general linguistic principles on the one hand, versus performance and variability on the other (Wilson and Henry 1998). However, recent studies have advocated bridging the gap between the two in analysing morpho-syntactic variation and change (Wilson and Henry 1998; Adger and Smith 2005; 2010; Cornips and Corrigan 2005a; b; Adger and Trousdale 2007; Buchstaller et al. 2013; Burnett et al. under review), with Barbiers (2005: 235) suggesting that “it is the task of sociolinguists to describe and explain the patterns of variation that occur within a linguistic community given the theoretical limits of this variation uncovered by generative linguistics [emphasis mine]”. This paper takes such an approach and argues that integrating formal theory into variationist analysis of morpho-syntactic variation allows for: (i) more careful delimitation of the linguistic variable and its contexts, taking into consideration the constraints of the grammar; (ii) theoretically-informed decision-making as to the inclusion and exclusion of tokens; and (iii) using production data to test hypotheses that can elucidate how variants are derived from the grammar. Adopting this approach, my investigation focuses specifically on the alternation between not-negation (1), no-negation (2) and negative concord (3) in English.22",1,"This paper takes such an approach and argues that integrating formal theory into variationist analysis of morpho-syntactic variation allows for: (i) more careful delimitation of the linguistic variable and its contexts, taking into consideration the constraints of the grammar; (ii) theoretically-informed decision-making as to the inclusion and exclusion of tokens; and (iii) using production data to test hypotheses that can elucidate how variants are derived from the grammar.",1,"Integrating formal theory into variationist analysis of morpho-syntactic variation allows for more careful delimitation of the linguistic variable and its contexts, taking into consideration the constraints of the grammar."
glossa-4968-childs,1 Introduction,"Negation is a fervently-debated phenomenon within formal syntactic enquiry, as it is a universal property of language that is, at the same time, highly variable in terms of how it is expressed (Mazzon 2004: 94). The variability of negation also makes it an intriguing object of study for variationist sociolinguists, given their interest in the factors that condition speakers’ choices between linguistic forms that convey the same meaning (Tagliamonte 2006). Formal syntactic theory and variationist sociolinguistics are often depicted as somewhat incompatible “opposites”, because of their respective focus on linguistic competence and general linguistic principles on the one hand, versus performance and variability on the other (Wilson and Henry 1998). However, recent studies have advocated bridging the gap between the two in analysing morpho-syntactic variation and change (Wilson and Henry 1998; Adger and Smith 2005; 2010; Cornips and Corrigan 2005a; b; Adger and Trousdale 2007; Buchstaller et al. 2013; Burnett et al. under review), with Barbiers (2005: 235) suggesting that “it is the task of sociolinguists to describe and explain the patterns of variation that occur within a linguistic community given the theoretical limits of this variation uncovered by generative linguistics [emphasis mine]”. This paper takes such an approach and argues that integrating formal theory into variationist analysis of morpho-syntactic variation allows for: (i) more careful delimitation of the linguistic variable and its contexts, taking into consideration the constraints of the grammar; (ii) theoretically-informed decision-making as to the inclusion and exclusion of tokens; and (iii) using production data to test hypotheses that can elucidate how variants are derived from the grammar. Adopting this approach, my investigation focuses specifically on the alternation between not-negation (1), no-negation (2) and negative concord (3) in English.22",1,"This paper takes such an approach and argues that integrating formal theory into variationist analysis of morpho-syntactic variation allows for: (i) more careful delimitation of the linguistic variable and its contexts, taking into consideration the constraints of the grammar; (ii) theoretically-informed decision-making as to the inclusion and exclusion of tokens; and (iii) using production data to test hypotheses that can elucidate how variants are derived from the grammar.",2,Integrating formal theory into variationist analysis of morpho-syntactic variation allows for theoretically-informed decision-making as to the inclusion and exclusion of tokens.
glossa-4968-childs,1 Introduction,"Negation is a fervently-debated phenomenon within formal syntactic enquiry, as it is a universal property of language that is, at the same time, highly variable in terms of how it is expressed (Mazzon 2004: 94). The variability of negation also makes it an intriguing object of study for variationist sociolinguists, given their interest in the factors that condition speakers’ choices between linguistic forms that convey the same meaning (Tagliamonte 2006). Formal syntactic theory and variationist sociolinguistics are often depicted as somewhat incompatible “opposites”, because of their respective focus on linguistic competence and general linguistic principles on the one hand, versus performance and variability on the other (Wilson and Henry 1998). However, recent studies have advocated bridging the gap between the two in analysing morpho-syntactic variation and change (Wilson and Henry 1998; Adger and Smith 2005; 2010; Cornips and Corrigan 2005a; b; Adger and Trousdale 2007; Buchstaller et al. 2013; Burnett et al. under review), with Barbiers (2005: 235) suggesting that “it is the task of sociolinguists to describe and explain the patterns of variation that occur within a linguistic community given the theoretical limits of this variation uncovered by generative linguistics [emphasis mine]”. This paper takes such an approach and argues that integrating formal theory into variationist analysis of morpho-syntactic variation allows for: (i) more careful delimitation of the linguistic variable and its contexts, taking into consideration the constraints of the grammar; (ii) theoretically-informed decision-making as to the inclusion and exclusion of tokens; and (iii) using production data to test hypotheses that can elucidate how variants are derived from the grammar. Adopting this approach, my investigation focuses specifically on the alternation between not-negation (1), no-negation (2) and negative concord (3) in English.22",1,"This paper takes such an approach and argues that integrating formal theory into variationist analysis of morpho-syntactic variation allows for: (i) more careful delimitation of the linguistic variable and its contexts, taking into consideration the constraints of the grammar; (ii) theoretically-informed decision-making as to the inclusion and exclusion of tokens; and (iii) using production data to test hypotheses that can elucidate how variants are derived from the grammar.",3,Integrating formal theory into variationist analysis of morpho-syntactic variation allows for using production data to test hypotheses that can elucidate how variants are derived from the grammar.
glossa-4968-childs,1 Introduction,"Negation is a fervently-debated phenomenon within formal syntactic enquiry, as it is a universal property of language that is, at the same time, highly variable in terms of how it is expressed (Mazzon 2004: 94). The variability of negation also makes it an intriguing object of study for variationist sociolinguists, given their interest in the factors that condition speakers’ choices between linguistic forms that convey the same meaning (Tagliamonte 2006). Formal syntactic theory and variationist sociolinguistics are often depicted as somewhat incompatible “opposites”, because of their respective focus on linguistic competence and general linguistic principles on the one hand, versus performance and variability on the other (Wilson and Henry 1998). However, recent studies have advocated bridging the gap between the two in analysing morpho-syntactic variation and change (Wilson and Henry 1998; Adger and Smith 2005; 2010; Cornips and Corrigan 2005a; b; Adger and Trousdale 2007; Buchstaller et al. 2013; Burnett et al. under review), with Barbiers (2005: 235) suggesting that “it is the task of sociolinguists to describe and explain the patterns of variation that occur within a linguistic community given the theoretical limits of this variation uncovered by generative linguistics [emphasis mine]”. This paper takes such an approach and argues that integrating formal theory into variationist analysis of morpho-syntactic variation allows for: (i) more careful delimitation of the linguistic variable and its contexts, taking into consideration the constraints of the grammar; (ii) theoretically-informed decision-making as to the inclusion and exclusion of tokens; and (iii) using production data to test hypotheses that can elucidate how variants are derived from the grammar. Adopting this approach, my investigation focuses specifically on the alternation between not-negation (1), no-negation (2) and negative concord (3) in English.23",1,"Adopting this approach, my investigation focuses specifically on the alternation between not-negation (1), no-negation (2) and negative concord (3) in English.1",1,"This investigation focuses specifically on the alternation between not-negation, no-negation, and negative concord in English."
glossa-15197-hassen,1 Introduction,"P(reposition)-omission under sluicing is an important point for theories of ellipsis. Ross (1969), who coined the term sluicing, derives elliptical interrogatives from verbal ones by a deletion operation. Levin (1982) was the first to point out that the preposition can be omitted in a sluice, unlike a verbal interrogative (1a).",1,P(reposition)-omission under sluicing is an important point for theories of ellipsis.,1,Preposition-omission under sluicing is an important point for theories of ellipsis.
glossa-15197-hassen,1 Introduction,"P(reposition)-omission under sluicing is an important point for theories of ellipsis. Ross (1969), who coined the term sluicing, derives elliptical interrogatives from verbal ones by a deletion operation. Levin (1982) was the first to point out that the preposition can be omitted in a sluice, unlike a verbal interrogative (1a).",2,"Ross (1969), who coined the term sluicing, derives elliptical interrogatives from verbal ones by a deletion operation.",1,Ross (1969) coined the term sluicing.
glossa-15197-hassen,1 Introduction,"P(reposition)-omission under sluicing is an important point for theories of ellipsis. Ross (1969), who coined the term sluicing, derives elliptical interrogatives from verbal ones by a deletion operation. Levin (1982) was the first to point out that the preposition can be omitted in a sluice, unlike a verbal interrogative (1a).",2,"Ross (1969), who coined the term sluicing, derives elliptical interrogatives from verbal ones by a deletion operation.",2,Ross (1969) derives elliptical interrogatives from verbal interrogatives by a deletion operation.
glossa-15197-hassen,1 Introduction,"P(reposition)-omission under sluicing is an important point for theories of ellipsis. Ross (1969), who coined the term sluicing, derives elliptical interrogatives from verbal ones by a deletion operation. Levin (1982) was the first to point out that the preposition can be omitted in a sluice, unlike a verbal interrogative (1a).",3,"Levin (1982) was the first to point out that the preposition can be omitted in a sluice, unlike a verbal interrogative (1a).",1,"Levin (1982) was the first to point out that the preposition can be omitted in a sluice, unlike in a verbal interrogative."
glossa-15197-hassen,1 Introduction,"This highlights a major mismatch between sluices and verbal interrogatives, which may cast doubts on syntactic theories deriving the former from the latter (cf. Ross 1969). Other mismatches have been noticed in the literature, such as verb form mismatch (Merchant 2001) and person mismatch (Ross 1969).",1,"This highlights a major mismatch between sluices and verbal interrogatives, which may cast doubts on syntactic theories deriving the former from the latter (cf. Ross 1969).",1,Preposition-omission under sluicing highlights a major mismatch between sluices and verbal interrogatives.
glossa-15197-hassen,1 Introduction,"This highlights a major mismatch between sluices and verbal interrogatives, which may cast doubts on syntactic theories deriving the former from the latter (cf. Ross 1969). Other mismatches have been noticed in the literature, such as verb form mismatch (Merchant 2001) and person mismatch (Ross 1969).",1,"This highlights a major mismatch between sluices and verbal interrogatives, which may cast doubts on syntactic theories deriving the former from the latter (cf. Ross 1969).",2,"Preposition-omission under sluicing highlighting a major mismatch between sluices and verbal interrogatives implies, cf. Ross 1969, that this mismatch may cast doubts on syntactic theories deriving sluices from verbal interrogatives."
glossa-15197-hassen,1 Introduction,"This highlights a major mismatch between sluices and verbal interrogatives, which may cast doubts on syntactic theories deriving the former from the latter (cf. Ross 1969). Other mismatches have been noticed in the literature, such as verb form mismatch (Merchant 2001) and person mismatch (Ross 1969).",2,"Other mismatches have been noticed in the literature, such as verb form mismatch (Merchant 2001) and person mismatch (Ross 1969).",1,Other mismatches have been noticed in the literature.
glossa-15197-hassen,1 Introduction,"This highlights a major mismatch between sluices and verbal interrogatives, which may cast doubts on syntactic theories deriving the former from the latter (cf. Ross 1969). Other mismatches have been noticed in the literature, such as verb form mismatch (Merchant 2001) and person mismatch (Ross 1969).",2,"Other mismatches have been noticed in the literature, such as verb form mismatch (Merchant 2001) and person mismatch (Ross 1969).",2,Merchant (2001) notices a verb form mismatch in the literature.
glossa-15197-hassen,1 Introduction,"This highlights a major mismatch between sluices and verbal interrogatives, which may cast doubts on syntactic theories deriving the former from the latter (cf. Ross 1969). Other mismatches have been noticed in the literature, such as verb form mismatch (Merchant 2001) and person mismatch (Ross 1969).",2,"Other mismatches have been noticed in the literature, such as verb form mismatch (Merchant 2001) and person mismatch (Ross 1969).",3,Ross (1969) notices a person mismatch in the literature.
glossa-15197-hassen,1.1 Two structural analyses of P-omission under sluicing,"Merchant (2001) derives sluices from verbal counterparts and P-omission under sluicing from P-stranding in regular wh-questions. Thus English, which has two options for wh-questions, allows for sluices with (3a) and without (3b) a preposition.",1,Merchant (2001) derives sluices from verbal counterparts and P-omission under sluicing from P-stranding in regular wh-questions.,1,Merchant (2001) derives sluices from their verbal counterparts.
glossa-15197-hassen,1.1 Two structural analyses of P-omission under sluicing,"Merchant (2001) derives sluices from verbal counterparts and P-omission under sluicing from P-stranding in regular wh-questions. Thus English, which has two options for wh-questions, allows for sluices with (3a) and without (3b) a preposition.",1,Merchant (2001) derives sluices from verbal counterparts and P-omission under sluicing from P-stranding in regular wh-questions.,2,Merchant (2001) derives preposition-omission under sluicing from preposition-stranding in regular wh-questions.
glossa-15197-hassen,1.1 Two structural analyses of P-omission under sluicing,"Merchant (2001) derives sluices from verbal counterparts and P-omission under sluicing from P-stranding in regular wh-questions. Thus English, which has two options for wh-questions, allows for sluices with (3a) and without (3b) a preposition.",2,"Thus English, which has two options for wh-questions, allows for sluices with (3a) and without (3b) a preposition.",1,English has two options for forming wh-questions.
glossa-15197-hassen,1.1 Two structural analyses of P-omission under sluicing,"Merchant (2001) derives sluices from verbal counterparts and P-omission under sluicing from P-stranding in regular wh-questions. Thus English, which has two options for wh-questions, allows for sluices with (3a) and without (3b) a preposition.",2,"Thus English, which has two options for wh-questions, allows for sluices with (3a) and without (3b) a preposition.",2,"In English, sluices are allowed with a preposition."
glossa-15197-hassen,1.1 Two structural analyses of P-omission under sluicing,"Merchant (2001) derives sluices from verbal counterparts and P-omission under sluicing from P-stranding in regular wh-questions. Thus English, which has two options for wh-questions, allows for sluices with (3a) and without (3b) a preposition.",2,"Thus English, which has two options for wh-questions, allows for sluices with (3a) and without (3b) a preposition.",3,"In English, sluices are allowed without a preposition."
glossa-15197-hassen,1.1 Two structural analyses of P-omission under sluicing,"He claims that non-P-stranding languages ban P-omission under sluicing, which he calls the Preposition Stranding Generalization. However, many non-P-stranding languages have been shown to allow for it, including Indonesian (Fortin 2007; Sato 2011), Brazilian Portuguese (Almeida & Yoshida 2007), Spanish (Rodrigues et al. 2009), Polish (Sag & Nykiel 2011; Nykiel 2013), Russian (Philippova 2014), Bulgarian (Abels 2017), Greek and German (Molimpakis 2019), Mauritian creole (Abeillé & Hassamal 2019) and Saudi Arabic (Alshaalan & Abels 2020).",1,"He claims that non-P-stranding languages ban P-omission under sluicing, which he calls the Preposition Stranding Generalization.",1,Merchant (2001) claims that non-preposition-stranding languages ban preposition-omission under sluicing.
glossa-15197-hassen,1.1 Two structural analyses of P-omission under sluicing,"He claims that non-P-stranding languages ban P-omission under sluicing, which he calls the Preposition Stranding Generalization. However, many non-P-stranding languages have been shown to allow for it, including Indonesian (Fortin 2007; Sato 2011), Brazilian Portuguese (Almeida & Yoshida 2007), Spanish (Rodrigues et al. 2009), Polish (Sag & Nykiel 2011; Nykiel 2013), Russian (Philippova 2014), Bulgarian (Abels 2017), Greek and German (Molimpakis 2019), Mauritian creole (Abeillé & Hassamal 2019) and Saudi Arabic (Alshaalan & Abels 2020).",1,"He claims that non-P-stranding languages ban P-omission under sluicing, which he calls the Preposition Stranding Generalization.",2,Merchant (2001) calls this ban the Preposition Stranding Generalization.
glossa-15197-hassen,1.1 Two structural analyses of P-omission under sluicing,"He claims that non-P-stranding languages ban P-omission under sluicing, which he calls the Preposition Stranding Generalization. However, many non-P-stranding languages have been shown to allow for it, including Indonesian (Fortin 2007; Sato 2011), Brazilian Portuguese (Almeida & Yoshida 2007), Spanish (Rodrigues et al. 2009), Polish (Sag & Nykiel 2011; Nykiel 2013), Russian (Philippova 2014), Bulgarian (Abels 2017), Greek and German (Molimpakis 2019), Mauritian creole (Abeillé & Hassamal 2019) and Saudi Arabic (Alshaalan & Abels 2020).",2,"However, many non-P-stranding languages have been shown to allow for it, including Indonesian (Fortin 2007; Sato 2011), Brazilian Portuguese (Almeida & Yoshida 2007), Spanish (Rodrigues et al. 2009), Polish (Sag & Nykiel 2011; Nykiel 2013), Russian (Philippova 2014), Bulgarian (Abels 2017), Greek and German (Molimpakis 2019), Mauritian creole (Abeillé & Hassamal 2019) and Saudi Arabic (Alshaalan & Abels 2020).",1,"Many non-preposition-stranding languages have been shown to allow preposition-omission under sluicing, including Indonesian (Fortin 2007; Sato 2011), Brazilian Portuguese (Almeida & Yoshida 2007), Spanish (Rodrigues et al. 2009), Polish (Sag & Nykiel 2011; Nykiel 2013), Russian (Philippova 2014), Bulgarian (Abels 2017), Greek and German (Molimpakis 2019), Mauritian Creole (Abeillé & Hassamal 2019) and Saudi Arabic (Alshaalan & Abels 2020)."
glossa-15197-hassen,1.1 Two structural analyses of P-omission under sluicing,"Following Szczegielniak (2008) and van Craenenbroeck (2004), Rodrigues et al. suggest that, in non-P-stranding languages, the possibility of P-omission in sluices comes from the deletion of a cleft structure, with the wh-remnant functioning as the pivot of the cleft, as in Spanish (4).",1,"Following Szczegielniak (2008) and van Craenenbroeck (2004), Rodrigues et al. suggest that, in non-P-stranding languages, the possibility of P-omission in sluices comes from the deletion of a cleft structure, with the wh-remnant functioning as the pivot of the cleft, as in Spanish (4).",1,Szczegielniak (2008) and van Craenenbroeck (2004) analyse preposition-omission in sluices in non-preposition-stranding languages as resulting from deletion of a cleft structure with the wh-remnant functioning as the pivot.
glossa-15197-hassen,1.1 Two structural analyses of P-omission under sluicing,"Following Szczegielniak (2008) and van Craenenbroeck (2004), Rodrigues et al. suggest that, in non-P-stranding languages, the possibility of P-omission in sluices comes from the deletion of a cleft structure, with the wh-remnant functioning as the pivot of the cleft, as in Spanish (4).",1,"Following Szczegielniak (2008) and van Craenenbroeck (2004), Rodrigues et al. suggest that, in non-P-stranding languages, the possibility of P-omission in sluices comes from the deletion of a cleft structure, with the wh-remnant functioning as the pivot of the cleft, as in Spanish (4).",2,Rodrigues et al. follow Szczegielniak (2008) and van Craenenbroeck (2004) in this analysis.
glossa-15197-hassen,1.1 Two structural analyses of P-omission under sluicing,"Following Szczegielniak (2008) and van Craenenbroeck (2004), Rodrigues et al. suggest that, in non-P-stranding languages, the possibility of P-omission in sluices comes from the deletion of a cleft structure, with the wh-remnant functioning as the pivot of the cleft, as in Spanish (4).",1,"Following Szczegielniak (2008) and van Craenenbroeck (2004), Rodrigues et al. suggest that, in non-P-stranding languages, the possibility of P-omission in sluices comes from the deletion of a cleft structure, with the wh-remnant functioning as the pivot of the cleft, as in Spanish (4).",3,"Rodrigues et al. suggest that, in non-preposition-stranding languages, the possibility of preposition-omission in sluices comes from deletion of a cleft structure with the wh-remnant functioning as the pivot, as in Spanish."
glossa-15197-hassen,1.1 Two structural analyses of P-omission under sluicing,"Since clefts are used to focus an element in a set, they suggest that P-omission improves when the remnant belongs to such a set, as is the case with a nominal correlate (una chica ‘a girl’) and an anaphoric remnant (cuál ‘which’) (see (4)), compared to a pronominal correlate (alguien ‘someone’) and a non-anaphoric remnant (quién ‘who’) as in (5).",1,"Since clefts are used to focus an element in a set, they suggest that P-omission improves when the remnant belongs to such a set, as is the case with a nominal correlate (una chica ‘a girl’) and an anaphoric remnant (cuál ‘which’) (see (4)), compared to a pronominal correlate (alguien ‘someone’) and a non-anaphoric remnant (quién ‘who’) as in (5).",1,Clefts are used to focus an element in a set.
glossa-15197-hassen,1.1 Two structural analyses of P-omission under sluicing,"Since clefts are used to focus an element in a set, they suggest that P-omission improves when the remnant belongs to such a set, as is the case with a nominal correlate (una chica ‘a girl’) and an anaphoric remnant (cuál ‘which’) (see (4)), compared to a pronominal correlate (alguien ‘someone’) and a non-anaphoric remnant (quién ‘who’) as in (5).",1,"Since clefts are used to focus an element in a set, they suggest that P-omission improves when the remnant belongs to such a set, as is the case with a nominal correlate (una chica ‘a girl’) and an anaphoric remnant (cuál ‘which’) (see (4)), compared to a pronominal correlate (alguien ‘someone’) and a non-anaphoric remnant (quién ‘who’) as in (5).",2,Rodrigues et al. suggest that the acceptability of preposition-omission under sluicing improves when the wh-remnant belongs to such a set.
glossa-15197-hassen,1.1 Two structural analyses of P-omission under sluicing,"Since clefts are used to focus an element in a set, they suggest that P-omission improves when the remnant belongs to such a set, as is the case with a nominal correlate (una chica ‘a girl’) and an anaphoric remnant (cuál ‘which’) (see (4)), compared to a pronominal correlate (alguien ‘someone’) and a non-anaphoric remnant (quién ‘who’) as in (5).",1,"Since clefts are used to focus an element in a set, they suggest that P-omission improves when the remnant belongs to such a set, as is the case with a nominal correlate (una chica ‘a girl’) and an anaphoric remnant (cuál ‘which’) (see (4)), compared to a pronominal correlate (alguien ‘someone’) and a non-anaphoric remnant (quién ‘who’) as in (5).",3,"Rodrigues et al. suggest that, in Spanish, this improvement occurs with a nominal correlate una chica and an anaphoric remnant cuál."
glossa-15197-hassen,1.1 Two structural analyses of P-omission under sluicing,"Since clefts are used to focus an element in a set, they suggest that P-omission improves when the remnant belongs to such a set, as is the case with a nominal correlate (una chica ‘a girl’) and an anaphoric remnant (cuál ‘which’) (see (4)), compared to a pronominal correlate (alguien ‘someone’) and a non-anaphoric remnant (quién ‘who’) as in (5).",1,"Since clefts are used to focus an element in a set, they suggest that P-omission improves when the remnant belongs to such a set, as is the case with a nominal correlate (una chica ‘a girl’) and an anaphoric remnant (cuál ‘which’) (see (4)), compared to a pronominal correlate (alguien ‘someone’) and a non-anaphoric remnant (quién ‘who’) as in (5).",4,"Rodrigues et al. suggest that, in Spanish, preposition-omission is less improved when the correlate is a pronominal alguien and the remnant is a non-anaphoric quién, compared to the nominal-anaphoric case."
glossa-15197-hassen,1.2 Alternative analyses of P-omission under sluicing,"Under direct interpretation approaches to ellipsis (Ginzburg & Sag 2000; Culicover & Jackendoff 2005; Sag & Nykiel 2011), an interrogative sluice is not derived from a full interrogative counterpart: a wh-fragment recovers its propositional meaning from an antecedent available in the context, and it inherits its syntactic and semantic properties from a contextual correlate.",1,"Under direct interpretation approaches to ellipsis (Ginzburg & Sag 2000; Culicover & Jackendoff 2005; Sag & Nykiel 2011), an interrogative sluice is not derived from a full interrogative counterpart: a wh-fragment recovers its propositional meaning from an antecedent available in the context, and it inherits its syntactic and semantic properties from a contextual correlate.",1,"Under direct interpretation approaches to ellipsis (Ginzburg & Sag 2000; Culicover & Jackendoff 2005; Sag & Nykiel 2011), an interrogative sluice is not derived from a full interrogative counterpart."
glossa-15197-hassen,1.2 Alternative analyses of P-omission under sluicing,"Under direct interpretation approaches to ellipsis (Ginzburg & Sag 2000; Culicover & Jackendoff 2005; Sag & Nykiel 2011), an interrogative sluice is not derived from a full interrogative counterpart: a wh-fragment recovers its propositional meaning from an antecedent available in the context, and it inherits its syntactic and semantic properties from a contextual correlate.",1,"Under direct interpretation approaches to ellipsis (Ginzburg & Sag 2000; Culicover & Jackendoff 2005; Sag & Nykiel 2011), an interrogative sluice is not derived from a full interrogative counterpart: a wh-fragment recovers its propositional meaning from an antecedent available in the context, and it inherits its syntactic and semantic properties from a contextual correlate.",2,"Under direct interpretation approaches to ellipsis (Ginzburg & Sag 2000; Culicover & Jackendoff 2005; Sag & Nykiel 2011), a wh-fragment recovers its propositional meaning from an antecedent available in the context."
glossa-15197-hassen,1.2 Alternative analyses of P-omission under sluicing,"Under direct interpretation approaches to ellipsis (Ginzburg & Sag 2000; Culicover & Jackendoff 2005; Sag & Nykiel 2011), an interrogative sluice is not derived from a full interrogative counterpart: a wh-fragment recovers its propositional meaning from an antecedent available in the context, and it inherits its syntactic and semantic properties from a contextual correlate.",1,"Under direct interpretation approaches to ellipsis (Ginzburg & Sag 2000; Culicover & Jackendoff 2005; Sag & Nykiel 2011), an interrogative sluice is not derived from a full interrogative counterpart: a wh-fragment recovers its propositional meaning from an antecedent available in the context, and it inherits its syntactic and semantic properties from a contextual correlate.",3,"Under direct interpretation approaches to ellipsis (Ginzburg & Sag 2000; Culicover & Jackendoff 2005; Sag & Nykiel 2011), a wh-fragment inherits its syntactic and semantic properties from a contextual correlate."
glossa-15197-hassen,1.2 Alternative analyses of P-omission under sluicing,"This is why, when the correlate is an animate NP, the remnant must be an animate NP, not a PP (6).",1,"1. 1. This is why, when the correlate is an animate NP, the remnant must be an animate NP, not a PP (6).",1,"When the contextual correlate is an animate noun phrase (NP), the sluice remnant must be an animate noun phrase (NP) and not a prepositional phrase (PP)."
glossa-15197-hassen,1.2 Alternative analyses of P-omission under sluicing,"If the antecedent clause includes a PP, two correlates are in fact available; the whole PP or the NP inside it (7), hence two possible corresponding remnants (an NP or a PP), and the possibility of P-omission (7b).",1,"If the antecedent clause includes a PP, two correlates are in fact available; the whole PP or the NP inside it (7), hence two possible corresponding remnants (an NP or a PP), and the possibility of P-omission (7b).",1,"If the antecedent clause includes a prepositional phrase (PP), then the whole PP and the noun phrase (NP) inside it are available as correlates, hence two possible corresponding remnants (an NP or a PP) and the possibility of preposition (P)-omission."
glossa-15197-hassen,1.2 Alternative analyses of P-omission under sluicing,"Under such theories, any language may allow P-omission in sluices, and non-syntactic factors may play a role. Nykiel (2013), working on Polish, a non-P-stranding language, found that P-omission is acceptable in sluices, while the cleft source proposed by Szczegielniak (2008) was as degraded as ungrammatical controls. She also found that P-omission is favored by nominal correlates and remnants (8a), while pronominal correlates (8b) favor PP remnants.",1,"Under such theories, any language may allow P-omission in sluices, and non-syntactic factors may play a role.",1,"Under such theories, any language may allow preposition (P)-omission in sluices."
glossa-15197-hassen,1.2 Alternative analyses of P-omission under sluicing,"Under such theories, any language may allow P-omission in sluices, and non-syntactic factors may play a role. Nykiel (2013), working on Polish, a non-P-stranding language, found that P-omission is acceptable in sluices, while the cleft source proposed by Szczegielniak (2008) was as degraded as ungrammatical controls. She also found that P-omission is favored by nominal correlates and remnants (8a), while pronominal correlates (8b) favor PP remnants.",1,"Under such theories, any language may allow P-omission in sluices, and non-syntactic factors may play a role.",2,"Under such theories, non-syntactic factors may play a role in preposition (P)-omission in sluices."
glossa-15197-hassen,1.2 Alternative analyses of P-omission under sluicing,"Under such theories, any language may allow P-omission in sluices, and non-syntactic factors may play a role. Nykiel (2013), working on Polish, a non-P-stranding language, found that P-omission is acceptable in sluices, while the cleft source proposed by Szczegielniak (2008) was as degraded as ungrammatical controls. She also found that P-omission is favored by nominal correlates and remnants (8a), while pronominal correlates (8b) favor PP remnants.",2,"Nykiel (2013), working on Polish, a non-P-stranding language, found that P-omission is acceptable in sluices, while the cleft source proposed by Szczegielniak (2008) was as degraded as ungrammatical controls.",1,"Nykiel (2013), working on Polish, found that preposition (P)-omission is acceptable in sluices in Polish."
glossa-15197-hassen,1.2 Alternative analyses of P-omission under sluicing,"Under such theories, any language may allow P-omission in sluices, and non-syntactic factors may play a role. Nykiel (2013), working on Polish, a non-P-stranding language, found that P-omission is acceptable in sluices, while the cleft source proposed by Szczegielniak (2008) was as degraded as ungrammatical controls. She also found that P-omission is favored by nominal correlates and remnants (8a), while pronominal correlates (8b) favor PP remnants.",2,"Nykiel (2013), working on Polish, a non-P-stranding language, found that P-omission is acceptable in sluices, while the cleft source proposed by Szczegielniak (2008) was as degraded as ungrammatical controls.",2,Nykiel (2013) found that the cleft source proposed by Szczegielniak (2008) was as degraded as ungrammatical controls.
glossa-15197-hassen,1.2 Alternative analyses of P-omission under sluicing,"Under such theories, any language may allow P-omission in sluices, and non-syntactic factors may play a role. Nykiel (2013), working on Polish, a non-P-stranding language, found that P-omission is acceptable in sluices, while the cleft source proposed by Szczegielniak (2008) was as degraded as ungrammatical controls. She also found that P-omission is favored by nominal correlates and remnants (8a), while pronominal correlates (8b) favor PP remnants.",2,"Nykiel (2013), working on Polish, a non-P-stranding language, found that P-omission is acceptable in sluices, while the cleft source proposed by Szczegielniak (2008) was as degraded as ungrammatical controls.",3,Polish is a non-P-stranding language.
glossa-15197-hassen,1.2 Alternative analyses of P-omission under sluicing,"Under such theories, any language may allow P-omission in sluices, and non-syntactic factors may play a role. Nykiel (2013), working on Polish, a non-P-stranding language, found that P-omission is acceptable in sluices, while the cleft source proposed by Szczegielniak (2008) was as degraded as ungrammatical controls. She also found that P-omission is favored by nominal correlates and remnants (8a), while pronominal correlates (8b) favor PP remnants.",3,"She also found that P-omission is favored by nominal correlates and remnants (8a), while pronominal correlates (8b) favor PP remnants.",1,Nykiel (2013) found that preposition (P)-omission in Polish sluices is favored by nominal correlates and nominal remnants.
glossa-15197-hassen,1.2 Alternative analyses of P-omission under sluicing,"Under such theories, any language may allow P-omission in sluices, and non-syntactic factors may play a role. Nykiel (2013), working on Polish, a non-P-stranding language, found that P-omission is acceptable in sluices, while the cleft source proposed by Szczegielniak (2008) was as degraded as ungrammatical controls. She also found that P-omission is favored by nominal correlates and remnants (8a), while pronominal correlates (8b) favor PP remnants.",3,"She also found that P-omission is favored by nominal correlates and remnants (8a), while pronominal correlates (8b) favor PP remnants.",2,Nykiel (2013) found that pronominal correlates favor prepositional phrase (PP) remnants in Polish sluices.
glossa-15197-hassen,1.2 Alternative analyses of P-omission under sluicing,"Based on these results, Nykiel suggested a processing-based theory. Interpreting a sluice comes with a processing cost since an antecedent has to be found. As in anaphora processing, some antecedents are more accessible than others, and some cues are better than others (Lewis & Vasishth 2005; Martin & McElree 2011; Parker 2019). Nominal correlates are more accessible than pronominal ones due to their richer semantic and morphosyntactic content (Hofmeister et al. 2007).",1,"Based on these results, Nykiel suggested a processing-based theory.",1,"Based on these results, Nykiel suggested a processing-based theory."
glossa-15197-hassen,1.2 Alternative analyses of P-omission under sluicing,"Based on these results, Nykiel suggested a processing-based theory. Interpreting a sluice comes with a processing cost since an antecedent has to be found. As in anaphora processing, some antecedents are more accessible than others, and some cues are better than others (Lewis & Vasishth 2005; Martin & McElree 2011; Parker 2019). Nominal correlates are more accessible than pronominal ones due to their richer semantic and morphosyntactic content (Hofmeister et al. 2007).",2,Interpreting a sluice comes with a processing cost since an antecedent has to be found.,1,An antecedent has to be found when interpreting a sluice.
glossa-15197-hassen,1.2 Alternative analyses of P-omission under sluicing,"Based on these results, Nykiel suggested a processing-based theory. Interpreting a sluice comes with a processing cost since an antecedent has to be found. As in anaphora processing, some antecedents are more accessible than others, and some cues are better than others (Lewis & Vasishth 2005; Martin & McElree 2011; Parker 2019). Nominal correlates are more accessible than pronominal ones due to their richer semantic and morphosyntactic content (Hofmeister et al. 2007).",2,Interpreting a sluice comes with a processing cost since an antecedent has to be found.,2,An antecedent having to be found when interpreting a sluice implies that interpreting a sluice comes with a processing cost.
glossa-15197-hassen,1.2 Alternative analyses of P-omission under sluicing,"Based on these results, Nykiel suggested a processing-based theory. Interpreting a sluice comes with a processing cost since an antecedent has to be found. As in anaphora processing, some antecedents are more accessible than others, and some cues are better than others (Lewis & Vasishth 2005; Martin & McElree 2011; Parker 2019). Nominal correlates are more accessible than pronominal ones due to their richer semantic and morphosyntactic content (Hofmeister et al. 2007).",3,"As in anaphora processing, some antecedents are more accessible than others, and some cues are better than others (Lewis & Vasishth 2005; Martin & McElree 2011; Parker 2019).",1,"As in anaphora processing, some antecedents are more accessible than others (Lewis & Vasishth 2005; Martin & McElree 2011; Parker 2019)."
glossa-15197-hassen,1.2 Alternative analyses of P-omission under sluicing,"Based on these results, Nykiel suggested a processing-based theory. Interpreting a sluice comes with a processing cost since an antecedent has to be found. As in anaphora processing, some antecedents are more accessible than others, and some cues are better than others (Lewis & Vasishth 2005; Martin & McElree 2011; Parker 2019). Nominal correlates are more accessible than pronominal ones due to their richer semantic and morphosyntactic content (Hofmeister et al. 2007).",3,"As in anaphora processing, some antecedents are more accessible than others, and some cues are better than others (Lewis & Vasishth 2005; Martin & McElree 2011; Parker 2019).",2,"As in anaphora processing, some cues are better than others (Lewis & Vasishth 2005; Martin & McElree 2011; Parker 2019)."
glossa-15197-hassen,1.2 Alternative analyses of P-omission under sluicing,"Based on these results, Nykiel suggested a processing-based theory. Interpreting a sluice comes with a processing cost since an antecedent has to be found. As in anaphora processing, some antecedents are more accessible than others, and some cues are better than others (Lewis & Vasishth 2005; Martin & McElree 2011; Parker 2019). Nominal correlates are more accessible than pronominal ones due to their richer semantic and morphosyntactic content (Hofmeister et al. 2007).",4,Nominal correlates are more accessible than pronominal ones due to their richer semantic and morphosyntactic content (Hofmeister et al. 2007).,1,Nominal correlates are more accessible than pronominal correlates because nominal correlates have richer semantic and morphosyntactic content (Hofmeister et al. 2007).
glossa-15197-hassen,1.2 Alternative analyses of P-omission under sluicing,"Prepositions also act as cues to retrieve the PP correlate (preventing who to be misinterpreted as referring to Paul in (7b), for instance), hence P-omission in sluices comes with a processing cost (Nykiel & Hawkins 2020). Philippova (2014) found that preposition length favors P-omission in Russian, longer prepositions offering a better cue for ellipsis resolution, and Nykiel & Kim (2022b) found a similar effect for Polish.",1,"Prepositions also act as cues to retrieve the PP correlate (preventing who to be misinterpreted as referring to Paul in (7b), for instance), hence P-omission in sluices comes with a processing cost (Nykiel & Hawkins 2020).",1,"Prepositions act as cues to retrieve the prepositional phrase (PP) correlate, preventing 'who' from being misinterpreted as referring to Paul in the given example (Nykiel & Hawkins 2020)."
glossa-15197-hassen,1.2 Alternative analyses of P-omission under sluicing,"Prepositions also act as cues to retrieve the PP correlate (preventing who to be misinterpreted as referring to Paul in (7b), for instance), hence P-omission in sluices comes with a processing cost (Nykiel & Hawkins 2020). Philippova (2014) found that preposition length favors P-omission in Russian, longer prepositions offering a better cue for ellipsis resolution, and Nykiel & Kim (2022b) found a similar effect for Polish.",1,"Prepositions also act as cues to retrieve the PP correlate (preventing who to be misinterpreted as referring to Paul in (7b), for instance), hence P-omission in sluices comes with a processing cost (Nykiel & Hawkins 2020).",2,Prepositions acting as cues to retrieve the prepositional phrase (PP) correlate implies that preposition (P)-omission in sluices comes with a processing cost (Nykiel & Hawkins 2020).
glossa-15197-hassen,1.2 Alternative analyses of P-omission under sluicing,"Prepositions also act as cues to retrieve the PP correlate (preventing who to be misinterpreted as referring to Paul in (7b), for instance), hence P-omission in sluices comes with a processing cost (Nykiel & Hawkins 2020). Philippova (2014) found that preposition length favors P-omission in Russian, longer prepositions offering a better cue for ellipsis resolution, and Nykiel & Kim (2022b) found a similar effect for Polish.",2,"Philippova (2014) found that preposition length favors P-omission in Russian, longer prepositions offering a better cue for ellipsis resolution, and Nykiel & Kim (2022b) found a similar effect for Polish.",1,Philippova (2014) found that preposition length favors preposition (P)-omission in Russian.
glossa-15197-hassen,1.2 Alternative analyses of P-omission under sluicing,"Prepositions also act as cues to retrieve the PP correlate (preventing who to be misinterpreted as referring to Paul in (7b), for instance), hence P-omission in sluices comes with a processing cost (Nykiel & Hawkins 2020). Philippova (2014) found that preposition length favors P-omission in Russian, longer prepositions offering a better cue for ellipsis resolution, and Nykiel & Kim (2022b) found a similar effect for Polish.",2,"Philippova (2014) found that preposition length favors P-omission in Russian, longer prepositions offering a better cue for ellipsis resolution, and Nykiel & Kim (2022b) found a similar effect for Polish.",2,Philippova (2014) found that longer prepositions offer a better cue for ellipsis resolution in Russian.
glossa-15197-hassen,1.2 Alternative analyses of P-omission under sluicing,"Prepositions also act as cues to retrieve the PP correlate (preventing who to be misinterpreted as referring to Paul in (7b), for instance), hence P-omission in sluices comes with a processing cost (Nykiel & Hawkins 2020). Philippova (2014) found that preposition length favors P-omission in Russian, longer prepositions offering a better cue for ellipsis resolution, and Nykiel & Kim (2022b) found a similar effect for Polish.",2,"Philippova (2014) found that preposition length favors P-omission in Russian, longer prepositions offering a better cue for ellipsis resolution, and Nykiel & Kim (2022b) found a similar effect for Polish.",3,Nykiel & Kim (2022b) found a similar effect of preposition length favoring preposition (P)-omission in Polish.
glossa-15197-hassen,1.2 Alternative analyses of P-omission under sluicing,"According to Nykiel & Hawkins (2020)’s theory, two general principles are at play: Minimize Forms (MiF) (Hawkins 2004), favoring ellipsis and P-omission, and Minimize Domains (MiD), which may disfavor P-omission. According to MiF, forms can be reduced (e.g., via ellipsis) when the necessary information can be easily retrieved from the context, with full noun phrases being more accessible than pronouns. For sluices, MiF predicts that P-omission is more likely to occur with nominal correlates, which are easily accessible, and also with nominal remnants, which are better cues than pronominal ones.",1,"According to Nykiel & Hawkins (2020)’s theory, two general principles are at play: Minimize Forms (MiF) (Hawkins 2004), favoring ellipsis and P-omission, and Minimize Domains (MiD), which may disfavor P-omission.",1,"According to Nykiel & Hawkins (2020), Minimize Forms (MiF) (Hawkins 2004) favors ellipsis and preposition (P)-omission."
glossa-15197-hassen,1.2 Alternative analyses of P-omission under sluicing,"According to Nykiel & Hawkins (2020)’s theory, two general principles are at play: Minimize Forms (MiF) (Hawkins 2004), favoring ellipsis and P-omission, and Minimize Domains (MiD), which may disfavor P-omission. According to MiF, forms can be reduced (e.g., via ellipsis) when the necessary information can be easily retrieved from the context, with full noun phrases being more accessible than pronouns. For sluices, MiF predicts that P-omission is more likely to occur with nominal correlates, which are easily accessible, and also with nominal remnants, which are better cues than pronominal ones.",1,"According to Nykiel & Hawkins (2020)’s theory, two general principles are at play: Minimize Forms (MiF) (Hawkins 2004), favoring ellipsis and P-omission, and Minimize Domains (MiD), which may disfavor P-omission.",2,"According to Nykiel & Hawkins (2020), Minimize Domains (MiD) may disfavor preposition (P)-omission."
glossa-15197-hassen,1.2 Alternative analyses of P-omission under sluicing,"According to Nykiel & Hawkins (2020)’s theory, two general principles are at play: Minimize Forms (MiF) (Hawkins 2004), favoring ellipsis and P-omission, and Minimize Domains (MiD), which may disfavor P-omission. According to MiF, forms can be reduced (e.g., via ellipsis) when the necessary information can be easily retrieved from the context, with full noun phrases being more accessible than pronouns. For sluices, MiF predicts that P-omission is more likely to occur with nominal correlates, which are easily accessible, and also with nominal remnants, which are better cues than pronominal ones.",2,"According to MiF, forms can be reduced (e.g., via ellipsis) when the necessary information can be easily retrieved from the context, with full noun phrases being more accessible than pronouns.",1,"According to Minimize Forms (MiF), forms can be reduced, for example via ellipsis, when the necessary information can be easily retrieved from the context."
glossa-15197-hassen,1.2 Alternative analyses of P-omission under sluicing,"According to Nykiel & Hawkins (2020)’s theory, two general principles are at play: Minimize Forms (MiF) (Hawkins 2004), favoring ellipsis and P-omission, and Minimize Domains (MiD), which may disfavor P-omission. According to MiF, forms can be reduced (e.g., via ellipsis) when the necessary information can be easily retrieved from the context, with full noun phrases being more accessible than pronouns. For sluices, MiF predicts that P-omission is more likely to occur with nominal correlates, which are easily accessible, and also with nominal remnants, which are better cues than pronominal ones.",2,"According to MiF, forms can be reduced (e.g., via ellipsis) when the necessary information can be easily retrieved from the context, with full noun phrases being more accessible than pronouns.",2,"According to Minimize Forms (MiF), full noun phrases (NPs) are more accessible than pronouns."
glossa-15197-hassen,1.2 Alternative analyses of P-omission under sluicing,"According to Nykiel & Hawkins (2020)’s theory, two general principles are at play: Minimize Forms (MiF) (Hawkins 2004), favoring ellipsis and P-omission, and Minimize Domains (MiD), which may disfavor P-omission. According to MiF, forms can be reduced (e.g., via ellipsis) when the necessary information can be easily retrieved from the context, with full noun phrases being more accessible than pronouns. For sluices, MiF predicts that P-omission is more likely to occur with nominal correlates, which are easily accessible, and also with nominal remnants, which are better cues than pronominal ones.",3,"For sluices, MiF predicts that P-omission is more likely to occur with nominal correlates, which are easily accessible, and also with nominal remnants, which are better cues than pronominal ones.",1,"For sluices, Minimize Forms (MiF) predicts that preposition (P)-omission is more likely to occur with nominal correlates because nominal correlates are easily accessible."
glossa-15197-hassen,1.2 Alternative analyses of P-omission under sluicing,"According to Nykiel & Hawkins (2020)’s theory, two general principles are at play: Minimize Forms (MiF) (Hawkins 2004), favoring ellipsis and P-omission, and Minimize Domains (MiD), which may disfavor P-omission. According to MiF, forms can be reduced (e.g., via ellipsis) when the necessary information can be easily retrieved from the context, with full noun phrases being more accessible than pronouns. For sluices, MiF predicts that P-omission is more likely to occur with nominal correlates, which are easily accessible, and also with nominal remnants, which are better cues than pronominal ones.",3,"For sluices, MiF predicts that P-omission is more likely to occur with nominal correlates, which are easily accessible, and also with nominal remnants, which are better cues than pronominal ones.",2,"For sluices, Minimize Forms (MiF) predicts that preposition (P)-omission is more likely to occur with nominal remnants because nominal remnants are better cues than pronominal remnants."
glossa-15197-hassen,1.2 Alternative analyses of P-omission under sluicing,"According to MiD, on the other hand, processing efficiency increases when semantically and syntactically dependent elements are processed in the smallest possible processing domain. In a PP sluice, P is typically processed within the PP domain when P is independent from the verb as in (9a). However, if the P is dependent on the verb as in (9b), it is interpreted in the VP domain. This domain extension creates an additional processing cost for sluices as P in the remnant must go back to re-establish its dependency relation with the V for interpretation. Therefore, MiD predicts that V-dependent Ps are more easily omitted in a sluice.",1,"According to MiD, on the other hand, processing efficiency increases when semantically and syntactically dependent elements are processed in the smallest possible processing domain.",1,"According to Minimize Domains (MiD), processing efficiency increases when semantically and syntactically dependent elements are processed in the smallest possible processing domain."
glossa-15197-hassen,1.2 Alternative analyses of P-omission under sluicing,"According to MiD, on the other hand, processing efficiency increases when semantically and syntactically dependent elements are processed in the smallest possible processing domain. In a PP sluice, P is typically processed within the PP domain when P is independent from the verb as in (9a). However, if the P is dependent on the verb as in (9b), it is interpreted in the VP domain. This domain extension creates an additional processing cost for sluices as P in the remnant must go back to re-establish its dependency relation with the V for interpretation. Therefore, MiD predicts that V-dependent Ps are more easily omitted in a sluice.",2,"In a PP sluice, P is typically processed within the PP domain when P is independent from the verb as in (9a).",1,"In a prepositional phrase (PP) sluice, the preposition (P) is typically processed within the PP domain when the preposition is independent from the verb."
glossa-15197-hassen,1.2 Alternative analyses of P-omission under sluicing,"According to MiD, on the other hand, processing efficiency increases when semantically and syntactically dependent elements are processed in the smallest possible processing domain. In a PP sluice, P is typically processed within the PP domain when P is independent from the verb as in (9a). However, if the P is dependent on the verb as in (9b), it is interpreted in the VP domain. This domain extension creates an additional processing cost for sluices as P in the remnant must go back to re-establish its dependency relation with the V for interpretation. Therefore, MiD predicts that V-dependent Ps are more easily omitted in a sluice.",3,"However, if the P is dependent on the verb as in (9b), it is interpreted in the VP domain.",1,"If the preposition is dependent on the verb, then the preposition is interpreted in the verb phrase (VP) domain."
glossa-15197-hassen,1.2 Alternative analyses of P-omission under sluicing,"According to MiD, on the other hand, processing efficiency increases when semantically and syntactically dependent elements are processed in the smallest possible processing domain. In a PP sluice, P is typically processed within the PP domain when P is independent from the verb as in (9a). However, if the P is dependent on the verb as in (9b), it is interpreted in the VP domain. This domain extension creates an additional processing cost for sluices as P in the remnant must go back to re-establish its dependency relation with the V for interpretation. Therefore, MiD predicts that V-dependent Ps are more easily omitted in a sluice.",4,This domain extension creates an additional processing cost for sluices as P in the remnant must go back to re-establish its dependency relation with the V for interpretation.,1,The preposition in the remnant must go back to re-establish its dependency relation with the verb for interpretation.
glossa-15197-hassen,1.2 Alternative analyses of P-omission under sluicing,"According to MiD, on the other hand, processing efficiency increases when semantically and syntactically dependent elements are processed in the smallest possible processing domain. In a PP sluice, P is typically processed within the PP domain when P is independent from the verb as in (9a). However, if the P is dependent on the verb as in (9b), it is interpreted in the VP domain. This domain extension creates an additional processing cost for sluices as P in the remnant must go back to re-establish its dependency relation with the V for interpretation. Therefore, MiD predicts that V-dependent Ps are more easily omitted in a sluice.",4,This domain extension creates an additional processing cost for sluices as P in the remnant must go back to re-establish its dependency relation with the V for interpretation.,2,The preposition in the remnant having to go back to re-establish its dependency relation with the verb for interpretation implies that this domain extension creates an additional processing cost for sluices.
glossa-15197-hassen,1.2 Alternative analyses of P-omission under sluicing,"According to MiD, on the other hand, processing efficiency increases when semantically and syntactically dependent elements are processed in the smallest possible processing domain. In a PP sluice, P is typically processed within the PP domain when P is independent from the verb as in (9a). However, if the P is dependent on the verb as in (9b), it is interpreted in the VP domain. This domain extension creates an additional processing cost for sluices as P in the remnant must go back to re-establish its dependency relation with the V for interpretation. Therefore, MiD predicts that V-dependent Ps are more easily omitted in a sluice.",5,"Therefore, MiD predicts that V-dependent Ps are more easily omitted in a sluice.",1,"According to Minimize Domains (MiD), verb-dependent prepositions (Ps) are more easily omitted in a sluice."
glossa-15197-hassen,1.2 Alternative analyses of P-omission under sluicing,"In such a theory, the acceptability of P-omission under sluicing is flexible, and favored by contentful remnants and correlates, and also by more dependent prepositions.",1,"In such a theory, the acceptability of P-omission under sluicing is flexible, and favored by contentful remnants and correlates, and also by more dependent prepositions.",1,"In such a theory, the acceptability of preposition (P)-omission under sluicing is flexible."
glossa-15197-hassen,1.2 Alternative analyses of P-omission under sluicing,"In such a theory, the acceptability of P-omission under sluicing is flexible, and favored by contentful remnants and correlates, and also by more dependent prepositions.",1,"In such a theory, the acceptability of P-omission under sluicing is flexible, and favored by contentful remnants and correlates, and also by more dependent prepositions.",2,"In such a theory, the acceptability of preposition (P)-omission under sluicing is favored by contentful remnants and contentful correlates."
glossa-15197-hassen,1.2 Alternative analyses of P-omission under sluicing,"In such a theory, the acceptability of P-omission under sluicing is flexible, and favored by contentful remnants and correlates, and also by more dependent prepositions.",1,"In such a theory, the acceptability of P-omission under sluicing is flexible, and favored by contentful remnants and correlates, and also by more dependent prepositions.",3,"In such a theory, the acceptability of preposition (P)-omission under sluicing is favored by more dependent prepositions."
