article,section,paragraph,sentence_idx,sentence_text,statement_idx,predicted_statement
glossa-5462-julien,Title and Abstract,"North Sámi has a class of derived verbs called sensive verbs. Descriptively, these verbs are formed by adding the suffix /ʃ/ to an adjectival or nominal base, and the resulting verb means ‘find [object] (too) ADJECTIVE/NOUN’. In this paper it is argued that the sensive verbs do not involve any psychological verb, and the suffix is not specified as “sensive” in the lexicon. Rather, the suffix is specified as a realisation of a stative verbaliser in a transitive structure. The interpretation of the verb and the experiencer role of the subject follow from this specification in combination with the syntax of the verb phrase as a whole, which has a stative verbaliser and a Voice head on top of a minimal aP or nP. Other vocabulary items that could spell out the stative verbaliser are prevented from appearing in the sensive verb phrase, since the conditions for inserting them are not met. The consequence is that the suffix /ʃ/ is restricted to sensive verbs.",1,North Sámi has a class of derived verbs called sensive verbs.,1,North Sámi has a class of derived verbs called sensive verbs.
glossa-5462-julien,Title and Abstract,"North Sámi has a class of derived verbs called sensive verbs. Descriptively, these verbs are formed by adding the suffix /ʃ/ to an adjectival or nominal base, and the resulting verb means ‘find [object] (too) ADJECTIVE/NOUN’. In this paper it is argued that the sensive verbs do not involve any psychological verb, and the suffix is not specified as “sensive” in the lexicon. Rather, the suffix is specified as a realisation of a stative verbaliser in a transitive structure. The interpretation of the verb and the experiencer role of the subject follow from this specification in combination with the syntax of the verb phrase as a whole, which has a stative verbaliser and a Voice head on top of a minimal aP or nP. Other vocabulary items that could spell out the stative verbaliser are prevented from appearing in the sensive verb phrase, since the conditions for inserting them are not met. The consequence is that the suffix /ʃ/ is restricted to sensive verbs.",2,"Descriptively, these verbs are formed by adding the suffix /ʃ/ to an adjectival or nominal base, and the resulting verb means ‘find [object] (too) ADJECTIVE/NOUN’.",1,"In North Sámi, sensive verbs are formed by adding the suffix /ʃ/ to an adjectival or nominal base."
glossa-5462-julien,Title and Abstract,"North Sámi has a class of derived verbs called sensive verbs. Descriptively, these verbs are formed by adding the suffix /ʃ/ to an adjectival or nominal base, and the resulting verb means ‘find [object] (too) ADJECTIVE/NOUN’. In this paper it is argued that the sensive verbs do not involve any psychological verb, and the suffix is not specified as “sensive” in the lexicon. Rather, the suffix is specified as a realisation of a stative verbaliser in a transitive structure. The interpretation of the verb and the experiencer role of the subject follow from this specification in combination with the syntax of the verb phrase as a whole, which has a stative verbaliser and a Voice head on top of a minimal aP or nP. Other vocabulary items that could spell out the stative verbaliser are prevented from appearing in the sensive verb phrase, since the conditions for inserting them are not met. The consequence is that the suffix /ʃ/ is restricted to sensive verbs.",2,"Descriptively, these verbs are formed by adding the suffix /ʃ/ to an adjectival or nominal base, and the resulting verb means ‘find [object] (too) ADJECTIVE/NOUN’.",2,"In North Sámi, a sensive verb formed by adding the suffix /ʃ/ to an adjectival or nominal base means ‘find [object] (too) ADJECTIVE/NOUN’."
glossa-5462-julien,Title and Abstract,"North Sámi has a class of derived verbs called sensive verbs. Descriptively, these verbs are formed by adding the suffix /ʃ/ to an adjectival or nominal base, and the resulting verb means ‘find [object] (too) ADJECTIVE/NOUN’. In this paper it is argued that the sensive verbs do not involve any psychological verb, and the suffix is not specified as “sensive” in the lexicon. Rather, the suffix is specified as a realisation of a stative verbaliser in a transitive structure. The interpretation of the verb and the experiencer role of the subject follow from this specification in combination with the syntax of the verb phrase as a whole, which has a stative verbaliser and a Voice head on top of a minimal aP or nP. Other vocabulary items that could spell out the stative verbaliser are prevented from appearing in the sensive verb phrase, since the conditions for inserting them are not met. The consequence is that the suffix /ʃ/ is restricted to sensive verbs.",3,"In this paper it is argued that the sensive verbs do not involve any psychological verb, and the suffix is not specified as “sensive” in the lexicon.",1,North Sámi sensive verbs do not involve any psychological verb.
glossa-5462-julien,Title and Abstract,"North Sámi has a class of derived verbs called sensive verbs. Descriptively, these verbs are formed by adding the suffix /ʃ/ to an adjectival or nominal base, and the resulting verb means ‘find [object] (too) ADJECTIVE/NOUN’. In this paper it is argued that the sensive verbs do not involve any psychological verb, and the suffix is not specified as “sensive” in the lexicon. Rather, the suffix is specified as a realisation of a stative verbaliser in a transitive structure. The interpretation of the verb and the experiencer role of the subject follow from this specification in combination with the syntax of the verb phrase as a whole, which has a stative verbaliser and a Voice head on top of a minimal aP or nP. Other vocabulary items that could spell out the stative verbaliser are prevented from appearing in the sensive verb phrase, since the conditions for inserting them are not met. The consequence is that the suffix /ʃ/ is restricted to sensive verbs.",3,"In this paper it is argued that the sensive verbs do not involve any psychological verb, and the suffix is not specified as “sensive” in the lexicon.",2,"In North Sámi, the suffix /ʃ/ is not specified as “sensive” in the lexicon."
glossa-5462-julien,Title and Abstract,"North Sámi has a class of derived verbs called sensive verbs. Descriptively, these verbs are formed by adding the suffix /ʃ/ to an adjectival or nominal base, and the resulting verb means ‘find [object] (too) ADJECTIVE/NOUN’. In this paper it is argued that the sensive verbs do not involve any psychological verb, and the suffix is not specified as “sensive” in the lexicon. Rather, the suffix is specified as a realisation of a stative verbaliser in a transitive structure. The interpretation of the verb and the experiencer role of the subject follow from this specification in combination with the syntax of the verb phrase as a whole, which has a stative verbaliser and a Voice head on top of a minimal aP or nP. Other vocabulary items that could spell out the stative verbaliser are prevented from appearing in the sensive verb phrase, since the conditions for inserting them are not met. The consequence is that the suffix /ʃ/ is restricted to sensive verbs.",4,"Rather, the suffix is specified as a realisation of a stative verbaliser in a transitive structure.",1,"In North Sámi, the suffix /ʃ/ is specified as a realisation of a stative verbaliser in a transitive structure."
glossa-5462-julien,Title and Abstract,"North Sámi has a class of derived verbs called sensive verbs. Descriptively, these verbs are formed by adding the suffix /ʃ/ to an adjectival or nominal base, and the resulting verb means ‘find [object] (too) ADJECTIVE/NOUN’. In this paper it is argued that the sensive verbs do not involve any psychological verb, and the suffix is not specified as “sensive” in the lexicon. Rather, the suffix is specified as a realisation of a stative verbaliser in a transitive structure. The interpretation of the verb and the experiencer role of the subject follow from this specification in combination with the syntax of the verb phrase as a whole, which has a stative verbaliser and a Voice head on top of a minimal aP or nP. Other vocabulary items that could spell out the stative verbaliser are prevented from appearing in the sensive verb phrase, since the conditions for inserting them are not met. The consequence is that the suffix /ʃ/ is restricted to sensive verbs.",5,"The interpretation of the verb and the experiencer role of the subject follow from this specification in combination with the syntax of the verb phrase as a whole, which has a stative verbaliser and a Voice head on top of a minimal aP or nP.",1,"In a North Sámi sensive verb phrase, the syntax of the verb phrase as a whole has a stative verbaliser and a Voice head on top of a minimal aP or nP."
glossa-5462-julien,Title and Abstract,"North Sámi has a class of derived verbs called sensive verbs. Descriptively, these verbs are formed by adding the suffix /ʃ/ to an adjectival or nominal base, and the resulting verb means ‘find [object] (too) ADJECTIVE/NOUN’. In this paper it is argued that the sensive verbs do not involve any psychological verb, and the suffix is not specified as “sensive” in the lexicon. Rather, the suffix is specified as a realisation of a stative verbaliser in a transitive structure. The interpretation of the verb and the experiencer role of the subject follow from this specification in combination with the syntax of the verb phrase as a whole, which has a stative verbaliser and a Voice head on top of a minimal aP or nP. Other vocabulary items that could spell out the stative verbaliser are prevented from appearing in the sensive verb phrase, since the conditions for inserting them are not met. The consequence is that the suffix /ʃ/ is restricted to sensive verbs.",5,"The interpretation of the verb and the experiencer role of the subject follow from this specification in combination with the syntax of the verb phrase as a whole, which has a stative verbaliser and a Voice head on top of a minimal aP or nP.",2,The interpretation of the North Sámi sensive verb and the experiencer role of the subject follow from the specification of the suffix /ʃ/ as a stative verbaliser in combination with the syntax of the verb phrase.
glossa-5462-julien,Title and Abstract,"North Sámi has a class of derived verbs called sensive verbs. Descriptively, these verbs are formed by adding the suffix /ʃ/ to an adjectival or nominal base, and the resulting verb means ‘find [object] (too) ADJECTIVE/NOUN’. In this paper it is argued that the sensive verbs do not involve any psychological verb, and the suffix is not specified as “sensive” in the lexicon. Rather, the suffix is specified as a realisation of a stative verbaliser in a transitive structure. The interpretation of the verb and the experiencer role of the subject follow from this specification in combination with the syntax of the verb phrase as a whole, which has a stative verbaliser and a Voice head on top of a minimal aP or nP. Other vocabulary items that could spell out the stative verbaliser are prevented from appearing in the sensive verb phrase, since the conditions for inserting them are not met. The consequence is that the suffix /ʃ/ is restricted to sensive verbs.",6,"Other vocabulary items that could spell out the stative verbaliser are prevented from appearing in the sensive verb phrase, since the conditions for inserting them are not met.",1,"In a North Sámi sensive verb phrase, the conditions for inserting other vocabulary items that could spell out the stative verbaliser are not met."
glossa-5462-julien,Title and Abstract,"North Sámi has a class of derived verbs called sensive verbs. Descriptively, these verbs are formed by adding the suffix /ʃ/ to an adjectival or nominal base, and the resulting verb means ‘find [object] (too) ADJECTIVE/NOUN’. In this paper it is argued that the sensive verbs do not involve any psychological verb, and the suffix is not specified as “sensive” in the lexicon. Rather, the suffix is specified as a realisation of a stative verbaliser in a transitive structure. The interpretation of the verb and the experiencer role of the subject follow from this specification in combination with the syntax of the verb phrase as a whole, which has a stative verbaliser and a Voice head on top of a minimal aP or nP. Other vocabulary items that could spell out the stative verbaliser are prevented from appearing in the sensive verb phrase, since the conditions for inserting them are not met. The consequence is that the suffix /ʃ/ is restricted to sensive verbs.",6,"Other vocabulary items that could spell out the stative verbaliser are prevented from appearing in the sensive verb phrase, since the conditions for inserting them are not met.",2,The conditions for inserting other vocabulary items that could spell out the stative verbaliser not being met implies that other vocabulary items are prevented from appearing in the North Sámi sensive verb phrase.
glossa-5462-julien,Title and Abstract,"North Sámi has a class of derived verbs called sensive verbs. Descriptively, these verbs are formed by adding the suffix /ʃ/ to an adjectival or nominal base, and the resulting verb means ‘find [object] (too) ADJECTIVE/NOUN’. In this paper it is argued that the sensive verbs do not involve any psychological verb, and the suffix is not specified as “sensive” in the lexicon. Rather, the suffix is specified as a realisation of a stative verbaliser in a transitive structure. The interpretation of the verb and the experiencer role of the subject follow from this specification in combination with the syntax of the verb phrase as a whole, which has a stative verbaliser and a Voice head on top of a minimal aP or nP. Other vocabulary items that could spell out the stative verbaliser are prevented from appearing in the sensive verb phrase, since the conditions for inserting them are not met. The consequence is that the suffix /ʃ/ is restricted to sensive verbs.",7,The consequence is that the suffix /ʃ/ is restricted to sensive verbs.,1,"In North Sámi, the suffix /ʃ/ is restricted to sensive verbs."
glossa-5462-julien,1 Introduction,"North Sámi is known to have a rich inventory of derivational suffixes – suffixes that form verbs from nouns and adjectives or from other verbs, nouns from verbs, adjectives from nouns and verbs, to mention some main types. In this paper, I will take a closer look at one particular derivational suffix, the suffix /ʃ/, spelled š, which forms verbs from adjectives or nouns. More precisely, the suffix attaches to an adjective or noun and returns a transitive verb meaning ‘[subject] find [object] (too) ADJECTIVE/NOUN’.1 A few examples are given in (1). Note that the verbs are given in the infinitive, with the infinitival suffix -it following the derivational suffix.2",1,"North Sámi is known to have a rich inventory of derivational suffixes – suffixes that form verbs from nouns and adjectives or from other verbs, nouns from verbs, adjectives from nouns and verbs, to mention some main types.",1,North Sámi has a rich inventory of derivational suffixes.
glossa-5462-julien,1 Introduction,"North Sámi is known to have a rich inventory of derivational suffixes – suffixes that form verbs from nouns and adjectives or from other verbs, nouns from verbs, adjectives from nouns and verbs, to mention some main types. In this paper, I will take a closer look at one particular derivational suffix, the suffix /ʃ/, spelled š, which forms verbs from adjectives or nouns. More precisely, the suffix attaches to an adjective or noun and returns a transitive verb meaning ‘[subject] find [object] (too) ADJECTIVE/NOUN’.1 A few examples are given in (1). Note that the verbs are given in the infinitive, with the infinitival suffix -it following the derivational suffix.2",1,"North Sámi is known to have a rich inventory of derivational suffixes – suffixes that form verbs from nouns and adjectives or from other verbs, nouns from verbs, adjectives from nouns and verbs, to mention some main types.",2,Derivational suffixes in North Sámi form verbs from nouns and adjectives.
glossa-5462-julien,1 Introduction,"North Sámi is known to have a rich inventory of derivational suffixes – suffixes that form verbs from nouns and adjectives or from other verbs, nouns from verbs, adjectives from nouns and verbs, to mention some main types. In this paper, I will take a closer look at one particular derivational suffix, the suffix /ʃ/, spelled š, which forms verbs from adjectives or nouns. More precisely, the suffix attaches to an adjective or noun and returns a transitive verb meaning ‘[subject] find [object] (too) ADJECTIVE/NOUN’.1 A few examples are given in (1). Note that the verbs are given in the infinitive, with the infinitival suffix -it following the derivational suffix.2",1,"North Sámi is known to have a rich inventory of derivational suffixes – suffixes that form verbs from nouns and adjectives or from other verbs, nouns from verbs, adjectives from nouns and verbs, to mention some main types.",3,Derivational suffixes in North Sámi form verbs from other verbs.
glossa-5462-julien,1 Introduction,"North Sámi is known to have a rich inventory of derivational suffixes – suffixes that form verbs from nouns and adjectives or from other verbs, nouns from verbs, adjectives from nouns and verbs, to mention some main types. In this paper, I will take a closer look at one particular derivational suffix, the suffix /ʃ/, spelled š, which forms verbs from adjectives or nouns. More precisely, the suffix attaches to an adjective or noun and returns a transitive verb meaning ‘[subject] find [object] (too) ADJECTIVE/NOUN’.1 A few examples are given in (1). Note that the verbs are given in the infinitive, with the infinitival suffix -it following the derivational suffix.2",1,"North Sámi is known to have a rich inventory of derivational suffixes – suffixes that form verbs from nouns and adjectives or from other verbs, nouns from verbs, adjectives from nouns and verbs, to mention some main types.",4,Derivational suffixes in North Sámi form nouns from verbs.
glossa-5462-julien,1 Introduction,"North Sámi is known to have a rich inventory of derivational suffixes – suffixes that form verbs from nouns and adjectives or from other verbs, nouns from verbs, adjectives from nouns and verbs, to mention some main types. In this paper, I will take a closer look at one particular derivational suffix, the suffix /ʃ/, spelled š, which forms verbs from adjectives or nouns. More precisely, the suffix attaches to an adjective or noun and returns a transitive verb meaning ‘[subject] find [object] (too) ADJECTIVE/NOUN’.1 A few examples are given in (1). Note that the verbs are given in the infinitive, with the infinitival suffix -it following the derivational suffix.2",1,"North Sámi is known to have a rich inventory of derivational suffixes – suffixes that form verbs from nouns and adjectives or from other verbs, nouns from verbs, adjectives from nouns and verbs, to mention some main types.",5,Derivational suffixes in North Sámi form adjectives from nouns and verbs.
glossa-5462-julien,1 Introduction,"North Sámi is known to have a rich inventory of derivational suffixes – suffixes that form verbs from nouns and adjectives or from other verbs, nouns from verbs, adjectives from nouns and verbs, to mention some main types. In this paper, I will take a closer look at one particular derivational suffix, the suffix /ʃ/, spelled š, which forms verbs from adjectives or nouns. More precisely, the suffix attaches to an adjective or noun and returns a transitive verb meaning ‘[subject] find [object] (too) ADJECTIVE/NOUN’.1 A few examples are given in (1). Note that the verbs are given in the infinitive, with the infinitival suffix -it following the derivational suffix.3",1,"North Sámi is known to have a rich inventory of derivational suffixes – suffixes that form verbs from nouns and adjectives or from other verbs, nouns from verbs, adjectives from nouns and verbs, to mention some main types.",1,North Sámi has a rich inventory of derivational suffixes.
glossa-5462-julien,1 Introduction,"North Sámi is known to have a rich inventory of derivational suffixes – suffixes that form verbs from nouns and adjectives or from other verbs, nouns from verbs, adjectives from nouns and verbs, to mention some main types. In this paper, I will take a closer look at one particular derivational suffix, the suffix /ʃ/, spelled š, which forms verbs from adjectives or nouns. More precisely, the suffix attaches to an adjective or noun and returns a transitive verb meaning ‘[subject] find [object] (too) ADJECTIVE/NOUN’.1 A few examples are given in (1). Note that the verbs are given in the infinitive, with the infinitival suffix -it following the derivational suffix.3",1,"North Sámi is known to have a rich inventory of derivational suffixes – suffixes that form verbs from nouns and adjectives or from other verbs, nouns from verbs, adjectives from nouns and verbs, to mention some main types.",2,Derivational suffixes in North Sámi form verbs from nouns and adjectives.
glossa-5462-julien,1 Introduction,"North Sámi is known to have a rich inventory of derivational suffixes – suffixes that form verbs from nouns and adjectives or from other verbs, nouns from verbs, adjectives from nouns and verbs, to mention some main types. In this paper, I will take a closer look at one particular derivational suffix, the suffix /ʃ/, spelled š, which forms verbs from adjectives or nouns. More precisely, the suffix attaches to an adjective or noun and returns a transitive verb meaning ‘[subject] find [object] (too) ADJECTIVE/NOUN’.1 A few examples are given in (1). Note that the verbs are given in the infinitive, with the infinitival suffix -it following the derivational suffix.3",1,"North Sámi is known to have a rich inventory of derivational suffixes – suffixes that form verbs from nouns and adjectives or from other verbs, nouns from verbs, adjectives from nouns and verbs, to mention some main types.",3,Derivational suffixes in North Sámi form verbs from other verbs.
glossa-5462-julien,1 Introduction,"North Sámi is known to have a rich inventory of derivational suffixes – suffixes that form verbs from nouns and adjectives or from other verbs, nouns from verbs, adjectives from nouns and verbs, to mention some main types. In this paper, I will take a closer look at one particular derivational suffix, the suffix /ʃ/, spelled š, which forms verbs from adjectives or nouns. More precisely, the suffix attaches to an adjective or noun and returns a transitive verb meaning ‘[subject] find [object] (too) ADJECTIVE/NOUN’.1 A few examples are given in (1). Note that the verbs are given in the infinitive, with the infinitival suffix -it following the derivational suffix.3",1,"North Sámi is known to have a rich inventory of derivational suffixes – suffixes that form verbs from nouns and adjectives or from other verbs, nouns from verbs, adjectives from nouns and verbs, to mention some main types.",4,Derivational suffixes in North Sámi form nouns from verbs.
glossa-5462-julien,1 Introduction,"North Sámi is known to have a rich inventory of derivational suffixes – suffixes that form verbs from nouns and adjectives or from other verbs, nouns from verbs, adjectives from nouns and verbs, to mention some main types. In this paper, I will take a closer look at one particular derivational suffix, the suffix /ʃ/, spelled š, which forms verbs from adjectives or nouns. More precisely, the suffix attaches to an adjective or noun and returns a transitive verb meaning ‘[subject] find [object] (too) ADJECTIVE/NOUN’.1 A few examples are given in (1). Note that the verbs are given in the infinitive, with the infinitival suffix -it following the derivational suffix.3",1,"North Sámi is known to have a rich inventory of derivational suffixes – suffixes that form verbs from nouns and adjectives or from other verbs, nouns from verbs, adjectives from nouns and verbs, to mention some main types.",5,Derivational suffixes in North Sámi form adjectives from nouns and verbs.
glossa-5462-julien,1 Introduction,"North Sámi is known to have a rich inventory of derivational suffixes – suffixes that form verbs from nouns and adjectives or from other verbs, nouns from verbs, adjectives from nouns and verbs, to mention some main types. In this paper, I will take a closer look at one particular derivational suffix, the suffix /ʃ/, spelled š, which forms verbs from adjectives or nouns. More precisely, the suffix attaches to an adjective or noun and returns a transitive verb meaning ‘[subject] find [object] (too) ADJECTIVE/NOUN’.1 A few examples are given in (1). Note that the verbs are given in the infinitive, with the infinitival suffix -it following the derivational suffix.4",1,"North Sámi is known to have a rich inventory of derivational suffixes – suffixes that form verbs from nouns and adjectives or from other verbs, nouns from verbs, adjectives from nouns and verbs, to mention some main types.",1,North Sámi has a rich inventory of derivational suffixes.
glossa-5462-julien,1 Introduction,"North Sámi is known to have a rich inventory of derivational suffixes – suffixes that form verbs from nouns and adjectives or from other verbs, nouns from verbs, adjectives from nouns and verbs, to mention some main types. In this paper, I will take a closer look at one particular derivational suffix, the suffix /ʃ/, spelled š, which forms verbs from adjectives or nouns. More precisely, the suffix attaches to an adjective or noun and returns a transitive verb meaning ‘[subject] find [object] (too) ADJECTIVE/NOUN’.1 A few examples are given in (1). Note that the verbs are given in the infinitive, with the infinitival suffix -it following the derivational suffix.4",1,"North Sámi is known to have a rich inventory of derivational suffixes – suffixes that form verbs from nouns and adjectives or from other verbs, nouns from verbs, adjectives from nouns and verbs, to mention some main types.",2,Derivational suffixes in North Sámi form verbs from nouns and adjectives.
glossa-5462-julien,1 Introduction,"North Sámi is known to have a rich inventory of derivational suffixes – suffixes that form verbs from nouns and adjectives or from other verbs, nouns from verbs, adjectives from nouns and verbs, to mention some main types. In this paper, I will take a closer look at one particular derivational suffix, the suffix /ʃ/, spelled š, which forms verbs from adjectives or nouns. More precisely, the suffix attaches to an adjective or noun and returns a transitive verb meaning ‘[subject] find [object] (too) ADJECTIVE/NOUN’.1 A few examples are given in (1). Note that the verbs are given in the infinitive, with the infinitival suffix -it following the derivational suffix.4",1,"North Sámi is known to have a rich inventory of derivational suffixes – suffixes that form verbs from nouns and adjectives or from other verbs, nouns from verbs, adjectives from nouns and verbs, to mention some main types.",3,Derivational suffixes in North Sámi form verbs from other verbs.
glossa-5462-julien,1 Introduction,"North Sámi is known to have a rich inventory of derivational suffixes – suffixes that form verbs from nouns and adjectives or from other verbs, nouns from verbs, adjectives from nouns and verbs, to mention some main types. In this paper, I will take a closer look at one particular derivational suffix, the suffix /ʃ/, spelled š, which forms verbs from adjectives or nouns. More precisely, the suffix attaches to an adjective or noun and returns a transitive verb meaning ‘[subject] find [object] (too) ADJECTIVE/NOUN’.1 A few examples are given in (1). Note that the verbs are given in the infinitive, with the infinitival suffix -it following the derivational suffix.4",1,"North Sámi is known to have a rich inventory of derivational suffixes – suffixes that form verbs from nouns and adjectives or from other verbs, nouns from verbs, adjectives from nouns and verbs, to mention some main types.",4,Derivational suffixes in North Sámi form nouns from verbs.
glossa-5462-julien,1 Introduction,"North Sámi is known to have a rich inventory of derivational suffixes – suffixes that form verbs from nouns and adjectives or from other verbs, nouns from verbs, adjectives from nouns and verbs, to mention some main types. In this paper, I will take a closer look at one particular derivational suffix, the suffix /ʃ/, spelled š, which forms verbs from adjectives or nouns. More precisely, the suffix attaches to an adjective or noun and returns a transitive verb meaning ‘[subject] find [object] (too) ADJECTIVE/NOUN’.1 A few examples are given in (1). Note that the verbs are given in the infinitive, with the infinitival suffix -it following the derivational suffix.4",1,"North Sámi is known to have a rich inventory of derivational suffixes – suffixes that form verbs from nouns and adjectives or from other verbs, nouns from verbs, adjectives from nouns and verbs, to mention some main types.",5,Derivational suffixes in North Sámi form adjectives from nouns and verbs.
glossa-5462-julien,1 Introduction,"North Sámi is known to have a rich inventory of derivational suffixes – suffixes that form verbs from nouns and adjectives or from other verbs, nouns from verbs, adjectives from nouns and verbs, to mention some main types. In this paper, I will take a closer look at one particular derivational suffix, the suffix /ʃ/, spelled š, which forms verbs from adjectives or nouns. More precisely, the suffix attaches to an adjective or noun and returns a transitive verb meaning ‘[subject] find [object] (too) ADJECTIVE/NOUN’.1 A few examples are given in (1). Note that the verbs are given in the infinitive, with the infinitival suffix -it following the derivational suffix.5",1,"North Sámi is known to have a rich inventory of derivational suffixes – suffixes that form verbs from nouns and adjectives or from other verbs, nouns from verbs, adjectives from nouns and verbs, to mention some main types.",1,North Sámi has a rich inventory of derivational suffixes.
glossa-5462-julien,1 Introduction,"North Sámi is known to have a rich inventory of derivational suffixes – suffixes that form verbs from nouns and adjectives or from other verbs, nouns from verbs, adjectives from nouns and verbs, to mention some main types. In this paper, I will take a closer look at one particular derivational suffix, the suffix /ʃ/, spelled š, which forms verbs from adjectives or nouns. More precisely, the suffix attaches to an adjective or noun and returns a transitive verb meaning ‘[subject] find [object] (too) ADJECTIVE/NOUN’.1 A few examples are given in (1). Note that the verbs are given in the infinitive, with the infinitival suffix -it following the derivational suffix.5",1,"North Sámi is known to have a rich inventory of derivational suffixes – suffixes that form verbs from nouns and adjectives or from other verbs, nouns from verbs, adjectives from nouns and verbs, to mention some main types.",2,Some derivational suffixes in North Sámi form verbs from nouns.
glossa-5462-julien,1 Introduction,"North Sámi is known to have a rich inventory of derivational suffixes – suffixes that form verbs from nouns and adjectives or from other verbs, nouns from verbs, adjectives from nouns and verbs, to mention some main types. In this paper, I will take a closer look at one particular derivational suffix, the suffix /ʃ/, spelled š, which forms verbs from adjectives or nouns. More precisely, the suffix attaches to an adjective or noun and returns a transitive verb meaning ‘[subject] find [object] (too) ADJECTIVE/NOUN’.1 A few examples are given in (1). Note that the verbs are given in the infinitive, with the infinitival suffix -it following the derivational suffix.5",1,"North Sámi is known to have a rich inventory of derivational suffixes – suffixes that form verbs from nouns and adjectives or from other verbs, nouns from verbs, adjectives from nouns and verbs, to mention some main types.",3,Some derivational suffixes in North Sámi form verbs from adjectives.
glossa-5462-julien,1 Introduction,"North Sámi is known to have a rich inventory of derivational suffixes – suffixes that form verbs from nouns and adjectives or from other verbs, nouns from verbs, adjectives from nouns and verbs, to mention some main types. In this paper, I will take a closer look at one particular derivational suffix, the suffix /ʃ/, spelled š, which forms verbs from adjectives or nouns. More precisely, the suffix attaches to an adjective or noun and returns a transitive verb meaning ‘[subject] find [object] (too) ADJECTIVE/NOUN’.1 A few examples are given in (1). Note that the verbs are given in the infinitive, with the infinitival suffix -it following the derivational suffix.5",1,"North Sámi is known to have a rich inventory of derivational suffixes – suffixes that form verbs from nouns and adjectives or from other verbs, nouns from verbs, adjectives from nouns and verbs, to mention some main types.",4,Some derivational suffixes in North Sámi form verbs from other verbs.
glossa-5462-julien,1 Introduction,"North Sámi is known to have a rich inventory of derivational suffixes – suffixes that form verbs from nouns and adjectives or from other verbs, nouns from verbs, adjectives from nouns and verbs, to mention some main types. In this paper, I will take a closer look at one particular derivational suffix, the suffix /ʃ/, spelled š, which forms verbs from adjectives or nouns. More precisely, the suffix attaches to an adjective or noun and returns a transitive verb meaning ‘[subject] find [object] (too) ADJECTIVE/NOUN’.1 A few examples are given in (1). Note that the verbs are given in the infinitive, with the infinitival suffix -it following the derivational suffix.5",1,"North Sámi is known to have a rich inventory of derivational suffixes – suffixes that form verbs from nouns and adjectives or from other verbs, nouns from verbs, adjectives from nouns and verbs, to mention some main types.",5,Some derivational suffixes in North Sámi form nouns from verbs.
glossa-5462-julien,1 Introduction,"North Sámi is known to have a rich inventory of derivational suffixes – suffixes that form verbs from nouns and adjectives or from other verbs, nouns from verbs, adjectives from nouns and verbs, to mention some main types. In this paper, I will take a closer look at one particular derivational suffix, the suffix /ʃ/, spelled š, which forms verbs from adjectives or nouns. More precisely, the suffix attaches to an adjective or noun and returns a transitive verb meaning ‘[subject] find [object] (too) ADJECTIVE/NOUN’.1 A few examples are given in (1). Note that the verbs are given in the infinitive, with the infinitival suffix -it following the derivational suffix.5",1,"North Sámi is known to have a rich inventory of derivational suffixes – suffixes that form verbs from nouns and adjectives or from other verbs, nouns from verbs, adjectives from nouns and verbs, to mention some main types.",6,Some derivational suffixes in North Sámi form adjectives from nouns.
glossa-5462-julien,1 Introduction,"North Sámi is known to have a rich inventory of derivational suffixes – suffixes that form verbs from nouns and adjectives or from other verbs, nouns from verbs, adjectives from nouns and verbs, to mention some main types. In this paper, I will take a closer look at one particular derivational suffix, the suffix /ʃ/, spelled š, which forms verbs from adjectives or nouns. More precisely, the suffix attaches to an adjective or noun and returns a transitive verb meaning ‘[subject] find [object] (too) ADJECTIVE/NOUN’.1 A few examples are given in (1). Note that the verbs are given in the infinitive, with the infinitival suffix -it following the derivational suffix.5",1,"North Sámi is known to have a rich inventory of derivational suffixes – suffixes that form verbs from nouns and adjectives or from other verbs, nouns from verbs, adjectives from nouns and verbs, to mention some main types.",7,Some derivational suffixes in North Sámi form adjectives from verbs.
glossa-5462-julien,1 Introduction,"North Sámi is known to have a rich inventory of derivational suffixes – suffixes that form verbs from nouns and adjectives or from other verbs, nouns from verbs, adjectives from nouns and verbs, to mention some main types. In this paper, I will take a closer look at one particular derivational suffix, the suffix /ʃ/, spelled š, which forms verbs from adjectives or nouns. More precisely, the suffix attaches to an adjective or noun and returns a transitive verb meaning ‘[subject] find [object] (too) ADJECTIVE/NOUN’.1 A few examples are given in (1). Note that the verbs are given in the infinitive, with the infinitival suffix -it following the derivational suffix.6",1,"North Sámi is known to have a rich inventory of derivational suffixes – suffixes that form verbs from nouns and adjectives or from other verbs, nouns from verbs, adjectives from nouns and verbs, to mention some main types.",1,North Sámi has a rich inventory of derivational suffixes.
glossa-5462-julien,1 Introduction,"North Sámi is known to have a rich inventory of derivational suffixes – suffixes that form verbs from nouns and adjectives or from other verbs, nouns from verbs, adjectives from nouns and verbs, to mention some main types. In this paper, I will take a closer look at one particular derivational suffix, the suffix /ʃ/, spelled š, which forms verbs from adjectives or nouns. More precisely, the suffix attaches to an adjective or noun and returns a transitive verb meaning ‘[subject] find [object] (too) ADJECTIVE/NOUN’.1 A few examples are given in (1). Note that the verbs are given in the infinitive, with the infinitival suffix -it following the derivational suffix.6",1,"North Sámi is known to have a rich inventory of derivational suffixes – suffixes that form verbs from nouns and adjectives or from other verbs, nouns from verbs, adjectives from nouns and verbs, to mention some main types.",2,Some derivational suffixes in North Sámi form verbs from nouns.
glossa-5462-julien,1 Introduction,"North Sámi is known to have a rich inventory of derivational suffixes – suffixes that form verbs from nouns and adjectives or from other verbs, nouns from verbs, adjectives from nouns and verbs, to mention some main types. In this paper, I will take a closer look at one particular derivational suffix, the suffix /ʃ/, spelled š, which forms verbs from adjectives or nouns. More precisely, the suffix attaches to an adjective or noun and returns a transitive verb meaning ‘[subject] find [object] (too) ADJECTIVE/NOUN’.1 A few examples are given in (1). Note that the verbs are given in the infinitive, with the infinitival suffix -it following the derivational suffix.6",1,"North Sámi is known to have a rich inventory of derivational suffixes – suffixes that form verbs from nouns and adjectives or from other verbs, nouns from verbs, adjectives from nouns and verbs, to mention some main types.",3,Some derivational suffixes in North Sámi form verbs from adjectives.
glossa-5462-julien,1 Introduction,"North Sámi is known to have a rich inventory of derivational suffixes – suffixes that form verbs from nouns and adjectives or from other verbs, nouns from verbs, adjectives from nouns and verbs, to mention some main types. In this paper, I will take a closer look at one particular derivational suffix, the suffix /ʃ/, spelled š, which forms verbs from adjectives or nouns. More precisely, the suffix attaches to an adjective or noun and returns a transitive verb meaning ‘[subject] find [object] (too) ADJECTIVE/NOUN’.1 A few examples are given in (1). Note that the verbs are given in the infinitive, with the infinitival suffix -it following the derivational suffix.6",1,"North Sámi is known to have a rich inventory of derivational suffixes – suffixes that form verbs from nouns and adjectives or from other verbs, nouns from verbs, adjectives from nouns and verbs, to mention some main types.",4,Some derivational suffixes in North Sámi form verbs from other verbs.
glossa-5462-julien,1 Introduction,"North Sámi is known to have a rich inventory of derivational suffixes – suffixes that form verbs from nouns and adjectives or from other verbs, nouns from verbs, adjectives from nouns and verbs, to mention some main types. In this paper, I will take a closer look at one particular derivational suffix, the suffix /ʃ/, spelled š, which forms verbs from adjectives or nouns. More precisely, the suffix attaches to an adjective or noun and returns a transitive verb meaning ‘[subject] find [object] (too) ADJECTIVE/NOUN’.1 A few examples are given in (1). Note that the verbs are given in the infinitive, with the infinitival suffix -it following the derivational suffix.6",1,"North Sámi is known to have a rich inventory of derivational suffixes – suffixes that form verbs from nouns and adjectives or from other verbs, nouns from verbs, adjectives from nouns and verbs, to mention some main types.",5,Some derivational suffixes in North Sámi form nouns from verbs.
glossa-5462-julien,1 Introduction,"North Sámi is known to have a rich inventory of derivational suffixes – suffixes that form verbs from nouns and adjectives or from other verbs, nouns from verbs, adjectives from nouns and verbs, to mention some main types. In this paper, I will take a closer look at one particular derivational suffix, the suffix /ʃ/, spelled š, which forms verbs from adjectives or nouns. More precisely, the suffix attaches to an adjective or noun and returns a transitive verb meaning ‘[subject] find [object] (too) ADJECTIVE/NOUN’.1 A few examples are given in (1). Note that the verbs are given in the infinitive, with the infinitival suffix -it following the derivational suffix.6",1,"North Sámi is known to have a rich inventory of derivational suffixes – suffixes that form verbs from nouns and adjectives or from other verbs, nouns from verbs, adjectives from nouns and verbs, to mention some main types.",6,Some derivational suffixes in North Sámi form adjectives from nouns.
glossa-5462-julien,1 Introduction,"North Sámi is known to have a rich inventory of derivational suffixes – suffixes that form verbs from nouns and adjectives or from other verbs, nouns from verbs, adjectives from nouns and verbs, to mention some main types. In this paper, I will take a closer look at one particular derivational suffix, the suffix /ʃ/, spelled š, which forms verbs from adjectives or nouns. More precisely, the suffix attaches to an adjective or noun and returns a transitive verb meaning ‘[subject] find [object] (too) ADJECTIVE/NOUN’.1 A few examples are given in (1). Note that the verbs are given in the infinitive, with the infinitival suffix -it following the derivational suffix.6",1,"North Sámi is known to have a rich inventory of derivational suffixes – suffixes that form verbs from nouns and adjectives or from other verbs, nouns from verbs, adjectives from nouns and verbs, to mention some main types.",7,Some derivational suffixes in North Sámi form adjectives from verbs.
glossa-5462-julien,1 Introduction,"North Sámi is known to have a rich inventory of derivational suffixes – suffixes that form verbs from nouns and adjectives or from other verbs, nouns from verbs, adjectives from nouns and verbs, to mention some main types. In this paper, I will take a closer look at one particular derivational suffix, the suffix /ʃ/, spelled š, which forms verbs from adjectives or nouns. More precisely, the suffix attaches to an adjective or noun and returns a transitive verb meaning ‘[subject] find [object] (too) ADJECTIVE/NOUN’.1 A few examples are given in (1). Note that the verbs are given in the infinitive, with the infinitival suffix -it following the derivational suffix.7",1,"In this paper, I will take a closer look at one particular derivational suffix, the suffix /ʃ/, spelled š, which forms verbs from adjectives or nouns.",1,The derivational suffix /ʃ/ (spelled š) in North Sámi forms verbs from adjectives.
glossa-5462-julien,1 Introduction,"North Sámi is known to have a rich inventory of derivational suffixes – suffixes that form verbs from nouns and adjectives or from other verbs, nouns from verbs, adjectives from nouns and verbs, to mention some main types. In this paper, I will take a closer look at one particular derivational suffix, the suffix /ʃ/, spelled š, which forms verbs from adjectives or nouns. More precisely, the suffix attaches to an adjective or noun and returns a transitive verb meaning ‘[subject] find [object] (too) ADJECTIVE/NOUN’.1 A few examples are given in (1). Note that the verbs are given in the infinitive, with the infinitival suffix -it following the derivational suffix.7",1,"In this paper, I will take a closer look at one particular derivational suffix, the suffix /ʃ/, spelled š, which forms verbs from adjectives or nouns.",2,The derivational suffix /ʃ/ (spelled š) in North Sámi forms verbs from nouns.
glossa-5462-julien,1 Introduction,"North Sámi is known to have a rich inventory of derivational suffixes – suffixes that form verbs from nouns and adjectives or from other verbs, nouns from verbs, adjectives from nouns and verbs, to mention some main types. In this paper, I will take a closer look at one particular derivational suffix, the suffix /ʃ/, spelled š, which forms verbs from adjectives or nouns. More precisely, the suffix attaches to an adjective or noun and returns a transitive verb meaning ‘[subject] find [object] (too) ADJECTIVE/NOUN’.1 A few examples are given in (1). Note that the verbs are given in the infinitive, with the infinitival suffix -it following the derivational suffix.8",1,"In this paper, I will take a closer look at one particular derivational suffix, the suffix /ʃ/, spelled š, which forms verbs from adjectives or nouns.",1,The derivational suffix /ʃ/ (spelled š) in North Sámi forms verbs from adjectives.
glossa-5462-julien,1 Introduction,"North Sámi is known to have a rich inventory of derivational suffixes – suffixes that form verbs from nouns and adjectives or from other verbs, nouns from verbs, adjectives from nouns and verbs, to mention some main types. In this paper, I will take a closer look at one particular derivational suffix, the suffix /ʃ/, spelled š, which forms verbs from adjectives or nouns. More precisely, the suffix attaches to an adjective or noun and returns a transitive verb meaning ‘[subject] find [object] (too) ADJECTIVE/NOUN’.1 A few examples are given in (1). Note that the verbs are given in the infinitive, with the infinitival suffix -it following the derivational suffix.8",1,"In this paper, I will take a closer look at one particular derivational suffix, the suffix /ʃ/, spelled š, which forms verbs from adjectives or nouns.",2,The derivational suffix /ʃ/ (spelled š) in North Sámi forms verbs from nouns.
glossa-5462-julien,1 Introduction,"North Sámi is known to have a rich inventory of derivational suffixes – suffixes that form verbs from nouns and adjectives or from other verbs, nouns from verbs, adjectives from nouns and verbs, to mention some main types. In this paper, I will take a closer look at one particular derivational suffix, the suffix /ʃ/, spelled š, which forms verbs from adjectives or nouns. More precisely, the suffix attaches to an adjective or noun and returns a transitive verb meaning ‘[subject] find [object] (too) ADJECTIVE/NOUN’.1 A few examples are given in (1). Note that the verbs are given in the infinitive, with the infinitival suffix -it following the derivational suffix.9",1,"More precisely, the suffix attaches to an adjective or noun and returns a transitive verb meaning ‘[subject] find [object] (too) ADJECTIVE/NOUN’.1 A few examples are given in (1)",1,The derivational suffix /ʃ/ (spelled š) in North Sámi attaches to an adjective.
glossa-5462-julien,1 Introduction,"North Sámi is known to have a rich inventory of derivational suffixes – suffixes that form verbs from nouns and adjectives or from other verbs, nouns from verbs, adjectives from nouns and verbs, to mention some main types. In this paper, I will take a closer look at one particular derivational suffix, the suffix /ʃ/, spelled š, which forms verbs from adjectives or nouns. More precisely, the suffix attaches to an adjective or noun and returns a transitive verb meaning ‘[subject] find [object] (too) ADJECTIVE/NOUN’.1 A few examples are given in (1). Note that the verbs are given in the infinitive, with the infinitival suffix -it following the derivational suffix.9",1,"More precisely, the suffix attaches to an adjective or noun and returns a transitive verb meaning ‘[subject] find [object] (too) ADJECTIVE/NOUN’.1 A few examples are given in (1)",2,The derivational suffix /ʃ/ (spelled š) in North Sámi attaches to a noun.
glossa-5462-julien,1 Introduction,"North Sámi is known to have a rich inventory of derivational suffixes – suffixes that form verbs from nouns and adjectives or from other verbs, nouns from verbs, adjectives from nouns and verbs, to mention some main types. In this paper, I will take a closer look at one particular derivational suffix, the suffix /ʃ/, spelled š, which forms verbs from adjectives or nouns. More precisely, the suffix attaches to an adjective or noun and returns a transitive verb meaning ‘[subject] find [object] (too) ADJECTIVE/NOUN’.1 A few examples are given in (1). Note that the verbs are given in the infinitive, with the infinitival suffix -it following the derivational suffix.9",1,"More precisely, the suffix attaches to an adjective or noun and returns a transitive verb meaning ‘[subject] find [object] (too) ADJECTIVE/NOUN’.1 A few examples are given in (1)",3,The derivational suffix /ʃ/ (spelled š) in North Sámi returns a transitive verb.
glossa-5462-julien,1 Introduction,"North Sámi is known to have a rich inventory of derivational suffixes – suffixes that form verbs from nouns and adjectives or from other verbs, nouns from verbs, adjectives from nouns and verbs, to mention some main types. In this paper, I will take a closer look at one particular derivational suffix, the suffix /ʃ/, spelled š, which forms verbs from adjectives or nouns. More precisely, the suffix attaches to an adjective or noun and returns a transitive verb meaning ‘[subject] find [object] (too) ADJECTIVE/NOUN’.1 A few examples are given in (1). Note that the verbs are given in the infinitive, with the infinitival suffix -it following the derivational suffix.9",1,"More precisely, the suffix attaches to an adjective or noun and returns a transitive verb meaning ‘[subject] find [object] (too) ADJECTIVE/NOUN’.1 A few examples are given in (1)",4,The transitive verb formed by the derivational suffix /ʃ/ (spelled š) in North Sámi means '[subject] find [object] (too) ADJECTIVE/NOUN'.
glossa-5462-julien,1 Introduction,"North Sámi is known to have a rich inventory of derivational suffixes – suffixes that form verbs from nouns and adjectives or from other verbs, nouns from verbs, adjectives from nouns and verbs, to mention some main types. In this paper, I will take a closer look at one particular derivational suffix, the suffix /ʃ/, spelled š, which forms verbs from adjectives or nouns. More precisely, the suffix attaches to an adjective or noun and returns a transitive verb meaning ‘[subject] find [object] (too) ADJECTIVE/NOUN’.1 A few examples are given in (1). Note that the verbs are given in the infinitive, with the infinitival suffix -it following the derivational suffix.10",1,"More precisely, the suffix attaches to an adjective or noun and returns a transitive verb meaning ‘[subject] find [object] (too) ADJECTIVE/NOUN’.1 A few examples are given in (1)",1,The North Sámi derivational suffix /ʃ/ (spelled š) attaches to an adjective or noun.
glossa-5462-julien,1 Introduction,"North Sámi is known to have a rich inventory of derivational suffixes – suffixes that form verbs from nouns and adjectives or from other verbs, nouns from verbs, adjectives from nouns and verbs, to mention some main types. In this paper, I will take a closer look at one particular derivational suffix, the suffix /ʃ/, spelled š, which forms verbs from adjectives or nouns. More precisely, the suffix attaches to an adjective or noun and returns a transitive verb meaning ‘[subject] find [object] (too) ADJECTIVE/NOUN’.1 A few examples are given in (1). Note that the verbs are given in the infinitive, with the infinitival suffix -it following the derivational suffix.10",1,"More precisely, the suffix attaches to an adjective or noun and returns a transitive verb meaning ‘[subject] find [object] (too) ADJECTIVE/NOUN’.1 A few examples are given in (1)",2,The North Sámi derivational suffix /ʃ/ (spelled š) returns a transitive verb.
glossa-5462-julien,1 Introduction,"North Sámi is known to have a rich inventory of derivational suffixes – suffixes that form verbs from nouns and adjectives or from other verbs, nouns from verbs, adjectives from nouns and verbs, to mention some main types. In this paper, I will take a closer look at one particular derivational suffix, the suffix /ʃ/, spelled š, which forms verbs from adjectives or nouns. More precisely, the suffix attaches to an adjective or noun and returns a transitive verb meaning ‘[subject] find [object] (too) ADJECTIVE/NOUN’.1 A few examples are given in (1). Note that the verbs are given in the infinitive, with the infinitival suffix -it following the derivational suffix.10",1,"More precisely, the suffix attaches to an adjective or noun and returns a transitive verb meaning ‘[subject] find [object] (too) ADJECTIVE/NOUN’.1 A few examples are given in (1)",3,The North Sámi derivational suffix /ʃ/ (spelled š) forms a verb meaning ‘[subject] find [object] (too) ADJECTIVE/NOUN’.
glossa-5462-julien,1 Introduction,"North Sámi is known to have a rich inventory of derivational suffixes – suffixes that form verbs from nouns and adjectives or from other verbs, nouns from verbs, adjectives from nouns and verbs, to mention some main types. In this paper, I will take a closer look at one particular derivational suffix, the suffix /ʃ/, spelled š, which forms verbs from adjectives or nouns. More precisely, the suffix attaches to an adjective or noun and returns a transitive verb meaning ‘[subject] find [object] (too) ADJECTIVE/NOUN’.1 A few examples are given in (1). Note that the verbs are given in the infinitive, with the infinitival suffix -it following the derivational suffix.11",1,"More precisely, the suffix attaches to an adjective or noun and returns a transitive verb meaning ‘[subject] find [object] (too) ADJECTIVE/NOUN’.1 A few examples are given in (1)",1,The North Sámi derivational suffix /ʃ/ (spelled š) attaches to an adjective or noun.
glossa-5462-julien,1 Introduction,"North Sámi is known to have a rich inventory of derivational suffixes – suffixes that form verbs from nouns and adjectives or from other verbs, nouns from verbs, adjectives from nouns and verbs, to mention some main types. In this paper, I will take a closer look at one particular derivational suffix, the suffix /ʃ/, spelled š, which forms verbs from adjectives or nouns. More precisely, the suffix attaches to an adjective or noun and returns a transitive verb meaning ‘[subject] find [object] (too) ADJECTIVE/NOUN’.1 A few examples are given in (1). Note that the verbs are given in the infinitive, with the infinitival suffix -it following the derivational suffix.11",1,"More precisely, the suffix attaches to an adjective or noun and returns a transitive verb meaning ‘[subject] find [object] (too) ADJECTIVE/NOUN’.1 A few examples are given in (1)",2,The North Sámi derivational suffix /ʃ/ (spelled š) returns a transitive verb.
glossa-5462-julien,1 Introduction,"North Sámi is known to have a rich inventory of derivational suffixes – suffixes that form verbs from nouns and adjectives or from other verbs, nouns from verbs, adjectives from nouns and verbs, to mention some main types. In this paper, I will take a closer look at one particular derivational suffix, the suffix /ʃ/, spelled š, which forms verbs from adjectives or nouns. More precisely, the suffix attaches to an adjective or noun and returns a transitive verb meaning ‘[subject] find [object] (too) ADJECTIVE/NOUN’.1 A few examples are given in (1). Note that the verbs are given in the infinitive, with the infinitival suffix -it following the derivational suffix.11",1,"More precisely, the suffix attaches to an adjective or noun and returns a transitive verb meaning ‘[subject] find [object] (too) ADJECTIVE/NOUN’.1 A few examples are given in (1)",3,The North Sámi derivational suffix /ʃ/ (spelled š) forms a verb meaning ‘[subject] find [object] (too) ADJECTIVE/NOUN’.
glossa-5462-julien,1 Introduction,"North Sámi is known to have a rich inventory of derivational suffixes – suffixes that form verbs from nouns and adjectives or from other verbs, nouns from verbs, adjectives from nouns and verbs, to mention some main types. In this paper, I will take a closer look at one particular derivational suffix, the suffix /ʃ/, spelled š, which forms verbs from adjectives or nouns. More precisely, the suffix attaches to an adjective or noun and returns a transitive verb meaning ‘[subject] find [object] (too) ADJECTIVE/NOUN’.1 A few examples are given in (1). Note that the verbs are given in the infinitive, with the infinitival suffix -it following the derivational suffix.12",1,"Note that the verbs are given in the infinitive, with the infinitival suffix -it following the derivational suffix.2",1,"In North Sámi, the verbs formed by the derivational suffix /ʃ/ (spelled š) are given in the infinitive."
glossa-5462-julien,1 Introduction,"North Sámi is known to have a rich inventory of derivational suffixes – suffixes that form verbs from nouns and adjectives or from other verbs, nouns from verbs, adjectives from nouns and verbs, to mention some main types. In this paper, I will take a closer look at one particular derivational suffix, the suffix /ʃ/, spelled š, which forms verbs from adjectives or nouns. More precisely, the suffix attaches to an adjective or noun and returns a transitive verb meaning ‘[subject] find [object] (too) ADJECTIVE/NOUN’.1 A few examples are given in (1). Note that the verbs are given in the infinitive, with the infinitival suffix -it following the derivational suffix.12",1,"Note that the verbs are given in the infinitive, with the infinitival suffix -it following the derivational suffix.2",2,"In North Sámi, the infinitival suffix -it follows the derivational suffix /ʃ/ (spelled š)."
glossa-5462-julien,1 Introduction,"North Sámi is known to have a rich inventory of derivational suffixes – suffixes that form verbs from nouns and adjectives or from other verbs, nouns from verbs, adjectives from nouns and verbs, to mention some main types. In this paper, I will take a closer look at one particular derivational suffix, the suffix /ʃ/, spelled š, which forms verbs from adjectives or nouns. More precisely, the suffix attaches to an adjective or noun and returns a transitive verb meaning ‘[subject] find [object] (too) ADJECTIVE/NOUN’.1 A few examples are given in (1). Note that the verbs are given in the infinitive, with the infinitival suffix -it following the derivational suffix.13",1,"Note that the verbs are given in the infinitive, with the infinitival suffix -it following the derivational suffix.3",1,"In North Sámi, the verbs formed by the derivational suffix /ʃ/ (spelled š) are given in the infinitive."
glossa-5462-julien,1 Introduction,"North Sámi is known to have a rich inventory of derivational suffixes – suffixes that form verbs from nouns and adjectives or from other verbs, nouns from verbs, adjectives from nouns and verbs, to mention some main types. In this paper, I will take a closer look at one particular derivational suffix, the suffix /ʃ/, spelled š, which forms verbs from adjectives or nouns. More precisely, the suffix attaches to an adjective or noun and returns a transitive verb meaning ‘[subject] find [object] (too) ADJECTIVE/NOUN’.1 A few examples are given in (1). Note that the verbs are given in the infinitive, with the infinitival suffix -it following the derivational suffix.13",1,"Note that the verbs are given in the infinitive, with the infinitival suffix -it following the derivational suffix.3",2,"In North Sámi, the infinitival suffix -it follows the derivational suffix /ʃ/ (spelled š)."
glossa-8784-kocher,Title and Abstract,A sentence mood account for Spanish verum,1,A sentence mood account for Spanish verum,1,There is a sentence mood account for Spanish verum.
glossa-4968-childs,1 Introduction,"Negation is a fervently-debated phenomenon within formal syntactic enquiry, as it is a universal property of language that is, at the same time, highly variable in terms of how it is expressed (Mazzon 2004: 94). The variability of negation also makes it an intriguing object of study for variationist sociolinguists, given their interest in the factors that condition speakers’ choices between linguistic forms that convey the same meaning (Tagliamonte 2006). Formal syntactic theory and variationist sociolinguistics are often depicted as somewhat incompatible “opposites”, because of their respective focus on linguistic competence and general linguistic principles on the one hand, versus performance and variability on the other (Wilson and Henry 1998). However, recent studies have advocated bridging the gap between the two in analysing morpho-syntactic variation and change (Wilson and Henry 1998; Adger and Smith 2005; 2010; Cornips and Corrigan 2005a; b; Adger and Trousdale 2007; Buchstaller et al. 2013; Burnett et al. under review), with Barbiers (2005: 235) suggesting that “it is the task of sociolinguists to describe and explain the patterns of variation that occur within a linguistic community given the theoretical limits of this variation uncovered by generative linguistics [emphasis mine]”. This paper takes such an approach and argues that integrating formal theory into variationist analysis of morpho-syntactic variation allows for: (i) more careful delimitation of the linguistic variable and its contexts, taking into consideration the constraints of the grammar; (ii) theoretically-informed decision-making as to the inclusion and exclusion of tokens; and (iii) using production data to test hypotheses that can elucidate how variants are derived from the grammar. Adopting this approach, my investigation focuses specifically on the alternation between not-negation (1), no-negation (2) and negative concord (3) in English.1",1,"Negation is a fervently-debated phenomenon within formal syntactic enquiry, as it is a universal property of language that is, at the same time, highly variable in terms of how it is expressed (Mazzon 2004: 94).",1,Negation is a fervently-debated phenomenon within formal syntactic enquiry.
glossa-4968-childs,1 Introduction,"Negation is a fervently-debated phenomenon within formal syntactic enquiry, as it is a universal property of language that is, at the same time, highly variable in terms of how it is expressed (Mazzon 2004: 94). The variability of negation also makes it an intriguing object of study for variationist sociolinguists, given their interest in the factors that condition speakers’ choices between linguistic forms that convey the same meaning (Tagliamonte 2006). Formal syntactic theory and variationist sociolinguistics are often depicted as somewhat incompatible “opposites”, because of their respective focus on linguistic competence and general linguistic principles on the one hand, versus performance and variability on the other (Wilson and Henry 1998). However, recent studies have advocated bridging the gap between the two in analysing morpho-syntactic variation and change (Wilson and Henry 1998; Adger and Smith 2005; 2010; Cornips and Corrigan 2005a; b; Adger and Trousdale 2007; Buchstaller et al. 2013; Burnett et al. under review), with Barbiers (2005: 235) suggesting that “it is the task of sociolinguists to describe and explain the patterns of variation that occur within a linguistic community given the theoretical limits of this variation uncovered by generative linguistics [emphasis mine]”. This paper takes such an approach and argues that integrating formal theory into variationist analysis of morpho-syntactic variation allows for: (i) more careful delimitation of the linguistic variable and its contexts, taking into consideration the constraints of the grammar; (ii) theoretically-informed decision-making as to the inclusion and exclusion of tokens; and (iii) using production data to test hypotheses that can elucidate how variants are derived from the grammar. Adopting this approach, my investigation focuses specifically on the alternation between not-negation (1), no-negation (2) and negative concord (3) in English.1",1,"Negation is a fervently-debated phenomenon within formal syntactic enquiry, as it is a universal property of language that is, at the same time, highly variable in terms of how it is expressed (Mazzon 2004: 94).",2,Negation is a universal property of language.
glossa-4968-childs,1 Introduction,"Negation is a fervently-debated phenomenon within formal syntactic enquiry, as it is a universal property of language that is, at the same time, highly variable in terms of how it is expressed (Mazzon 2004: 94). The variability of negation also makes it an intriguing object of study for variationist sociolinguists, given their interest in the factors that condition speakers’ choices between linguistic forms that convey the same meaning (Tagliamonte 2006). Formal syntactic theory and variationist sociolinguistics are often depicted as somewhat incompatible “opposites”, because of their respective focus on linguistic competence and general linguistic principles on the one hand, versus performance and variability on the other (Wilson and Henry 1998). However, recent studies have advocated bridging the gap between the two in analysing morpho-syntactic variation and change (Wilson and Henry 1998; Adger and Smith 2005; 2010; Cornips and Corrigan 2005a; b; Adger and Trousdale 2007; Buchstaller et al. 2013; Burnett et al. under review), with Barbiers (2005: 235) suggesting that “it is the task of sociolinguists to describe and explain the patterns of variation that occur within a linguistic community given the theoretical limits of this variation uncovered by generative linguistics [emphasis mine]”. This paper takes such an approach and argues that integrating formal theory into variationist analysis of morpho-syntactic variation allows for: (i) more careful delimitation of the linguistic variable and its contexts, taking into consideration the constraints of the grammar; (ii) theoretically-informed decision-making as to the inclusion and exclusion of tokens; and (iii) using production data to test hypotheses that can elucidate how variants are derived from the grammar. Adopting this approach, my investigation focuses specifically on the alternation between not-negation (1), no-negation (2) and negative concord (3) in English.1",1,"Negation is a fervently-debated phenomenon within formal syntactic enquiry, as it is a universal property of language that is, at the same time, highly variable in terms of how it is expressed (Mazzon 2004: 94).",3,Negation is highly variable in terms of how it is expressed (Mazzon 2004: 94).
glossa-4968-childs,1 Introduction,"Negation is a fervently-debated phenomenon within formal syntactic enquiry, as it is a universal property of language that is, at the same time, highly variable in terms of how it is expressed (Mazzon 2004: 94). The variability of negation also makes it an intriguing object of study for variationist sociolinguists, given their interest in the factors that condition speakers’ choices between linguistic forms that convey the same meaning (Tagliamonte 2006). Formal syntactic theory and variationist sociolinguistics are often depicted as somewhat incompatible “opposites”, because of their respective focus on linguistic competence and general linguistic principles on the one hand, versus performance and variability on the other (Wilson and Henry 1998). However, recent studies have advocated bridging the gap between the two in analysing morpho-syntactic variation and change (Wilson and Henry 1998; Adger and Smith 2005; 2010; Cornips and Corrigan 2005a; b; Adger and Trousdale 2007; Buchstaller et al. 2013; Burnett et al. under review), with Barbiers (2005: 235) suggesting that “it is the task of sociolinguists to describe and explain the patterns of variation that occur within a linguistic community given the theoretical limits of this variation uncovered by generative linguistics [emphasis mine]”. This paper takes such an approach and argues that integrating formal theory into variationist analysis of morpho-syntactic variation allows for: (i) more careful delimitation of the linguistic variable and its contexts, taking into consideration the constraints of the grammar; (ii) theoretically-informed decision-making as to the inclusion and exclusion of tokens; and (iii) using production data to test hypotheses that can elucidate how variants are derived from the grammar. Adopting this approach, my investigation focuses specifically on the alternation between not-negation (1), no-negation (2) and negative concord (3) in English.2",1,"Negation is a fervently-debated phenomenon within formal syntactic enquiry, as it is a universal property of language that is, at the same time, highly variable in terms of how it is expressed (Mazzon 2004: 94).",1,Negation is a fervently-debated phenomenon within formal syntactic enquiry.
glossa-4968-childs,1 Introduction,"Negation is a fervently-debated phenomenon within formal syntactic enquiry, as it is a universal property of language that is, at the same time, highly variable in terms of how it is expressed (Mazzon 2004: 94). The variability of negation also makes it an intriguing object of study for variationist sociolinguists, given their interest in the factors that condition speakers’ choices between linguistic forms that convey the same meaning (Tagliamonte 2006). Formal syntactic theory and variationist sociolinguistics are often depicted as somewhat incompatible “opposites”, because of their respective focus on linguistic competence and general linguistic principles on the one hand, versus performance and variability on the other (Wilson and Henry 1998). However, recent studies have advocated bridging the gap between the two in analysing morpho-syntactic variation and change (Wilson and Henry 1998; Adger and Smith 2005; 2010; Cornips and Corrigan 2005a; b; Adger and Trousdale 2007; Buchstaller et al. 2013; Burnett et al. under review), with Barbiers (2005: 235) suggesting that “it is the task of sociolinguists to describe and explain the patterns of variation that occur within a linguistic community given the theoretical limits of this variation uncovered by generative linguistics [emphasis mine]”. This paper takes such an approach and argues that integrating formal theory into variationist analysis of morpho-syntactic variation allows for: (i) more careful delimitation of the linguistic variable and its contexts, taking into consideration the constraints of the grammar; (ii) theoretically-informed decision-making as to the inclusion and exclusion of tokens; and (iii) using production data to test hypotheses that can elucidate how variants are derived from the grammar. Adopting this approach, my investigation focuses specifically on the alternation between not-negation (1), no-negation (2) and negative concord (3) in English.2",1,"Negation is a fervently-debated phenomenon within formal syntactic enquiry, as it is a universal property of language that is, at the same time, highly variable in terms of how it is expressed (Mazzon 2004: 94).",2,Negation is a universal property of language.
glossa-4968-childs,1 Introduction,"Negation is a fervently-debated phenomenon within formal syntactic enquiry, as it is a universal property of language that is, at the same time, highly variable in terms of how it is expressed (Mazzon 2004: 94). The variability of negation also makes it an intriguing object of study for variationist sociolinguists, given their interest in the factors that condition speakers’ choices between linguistic forms that convey the same meaning (Tagliamonte 2006). Formal syntactic theory and variationist sociolinguistics are often depicted as somewhat incompatible “opposites”, because of their respective focus on linguistic competence and general linguistic principles on the one hand, versus performance and variability on the other (Wilson and Henry 1998). However, recent studies have advocated bridging the gap between the two in analysing morpho-syntactic variation and change (Wilson and Henry 1998; Adger and Smith 2005; 2010; Cornips and Corrigan 2005a; b; Adger and Trousdale 2007; Buchstaller et al. 2013; Burnett et al. under review), with Barbiers (2005: 235) suggesting that “it is the task of sociolinguists to describe and explain the patterns of variation that occur within a linguistic community given the theoretical limits of this variation uncovered by generative linguistics [emphasis mine]”. This paper takes such an approach and argues that integrating formal theory into variationist analysis of morpho-syntactic variation allows for: (i) more careful delimitation of the linguistic variable and its contexts, taking into consideration the constraints of the grammar; (ii) theoretically-informed decision-making as to the inclusion and exclusion of tokens; and (iii) using production data to test hypotheses that can elucidate how variants are derived from the grammar. Adopting this approach, my investigation focuses specifically on the alternation between not-negation (1), no-negation (2) and negative concord (3) in English.2",1,"Negation is a fervently-debated phenomenon within formal syntactic enquiry, as it is a universal property of language that is, at the same time, highly variable in terms of how it is expressed (Mazzon 2004: 94).",3,Negation is highly variable in terms of how it is expressed (Mazzon 2004: 94).
glossa-4968-childs,1 Introduction,"Negation is a fervently-debated phenomenon within formal syntactic enquiry, as it is a universal property of language that is, at the same time, highly variable in terms of how it is expressed (Mazzon 2004: 94). The variability of negation also makes it an intriguing object of study for variationist sociolinguists, given their interest in the factors that condition speakers’ choices between linguistic forms that convey the same meaning (Tagliamonte 2006). Formal syntactic theory and variationist sociolinguistics are often depicted as somewhat incompatible “opposites”, because of their respective focus on linguistic competence and general linguistic principles on the one hand, versus performance and variability on the other (Wilson and Henry 1998). However, recent studies have advocated bridging the gap between the two in analysing morpho-syntactic variation and change (Wilson and Henry 1998; Adger and Smith 2005; 2010; Cornips and Corrigan 2005a; b; Adger and Trousdale 2007; Buchstaller et al. 2013; Burnett et al. under review), with Barbiers (2005: 235) suggesting that “it is the task of sociolinguists to describe and explain the patterns of variation that occur within a linguistic community given the theoretical limits of this variation uncovered by generative linguistics [emphasis mine]”. This paper takes such an approach and argues that integrating formal theory into variationist analysis of morpho-syntactic variation allows for: (i) more careful delimitation of the linguistic variable and its contexts, taking into consideration the constraints of the grammar; (ii) theoretically-informed decision-making as to the inclusion and exclusion of tokens; and (iii) using production data to test hypotheses that can elucidate how variants are derived from the grammar. Adopting this approach, my investigation focuses specifically on the alternation between not-negation (1), no-negation (2) and negative concord (3) in English.3",1,"Negation is a fervently-debated phenomenon within formal syntactic enquiry, as it is a universal property of language that is, at the same time, highly variable in terms of how it is expressed (Mazzon 2004: 94).",1,Negation is a fervently-debated phenomenon within formal syntactic enquiry.
glossa-4968-childs,1 Introduction,"Negation is a fervently-debated phenomenon within formal syntactic enquiry, as it is a universal property of language that is, at the same time, highly variable in terms of how it is expressed (Mazzon 2004: 94). The variability of negation also makes it an intriguing object of study for variationist sociolinguists, given their interest in the factors that condition speakers’ choices between linguistic forms that convey the same meaning (Tagliamonte 2006). Formal syntactic theory and variationist sociolinguistics are often depicted as somewhat incompatible “opposites”, because of their respective focus on linguistic competence and general linguistic principles on the one hand, versus performance and variability on the other (Wilson and Henry 1998). However, recent studies have advocated bridging the gap between the two in analysing morpho-syntactic variation and change (Wilson and Henry 1998; Adger and Smith 2005; 2010; Cornips and Corrigan 2005a; b; Adger and Trousdale 2007; Buchstaller et al. 2013; Burnett et al. under review), with Barbiers (2005: 235) suggesting that “it is the task of sociolinguists to describe and explain the patterns of variation that occur within a linguistic community given the theoretical limits of this variation uncovered by generative linguistics [emphasis mine]”. This paper takes such an approach and argues that integrating formal theory into variationist analysis of morpho-syntactic variation allows for: (i) more careful delimitation of the linguistic variable and its contexts, taking into consideration the constraints of the grammar; (ii) theoretically-informed decision-making as to the inclusion and exclusion of tokens; and (iii) using production data to test hypotheses that can elucidate how variants are derived from the grammar. Adopting this approach, my investigation focuses specifically on the alternation between not-negation (1), no-negation (2) and negative concord (3) in English.3",1,"Negation is a fervently-debated phenomenon within formal syntactic enquiry, as it is a universal property of language that is, at the same time, highly variable in terms of how it is expressed (Mazzon 2004: 94).",2,Negation is a universal property of language.
glossa-4968-childs,1 Introduction,"Negation is a fervently-debated phenomenon within formal syntactic enquiry, as it is a universal property of language that is, at the same time, highly variable in terms of how it is expressed (Mazzon 2004: 94). The variability of negation also makes it an intriguing object of study for variationist sociolinguists, given their interest in the factors that condition speakers’ choices between linguistic forms that convey the same meaning (Tagliamonte 2006). Formal syntactic theory and variationist sociolinguistics are often depicted as somewhat incompatible “opposites”, because of their respective focus on linguistic competence and general linguistic principles on the one hand, versus performance and variability on the other (Wilson and Henry 1998). However, recent studies have advocated bridging the gap between the two in analysing morpho-syntactic variation and change (Wilson and Henry 1998; Adger and Smith 2005; 2010; Cornips and Corrigan 2005a; b; Adger and Trousdale 2007; Buchstaller et al. 2013; Burnett et al. under review), with Barbiers (2005: 235) suggesting that “it is the task of sociolinguists to describe and explain the patterns of variation that occur within a linguistic community given the theoretical limits of this variation uncovered by generative linguistics [emphasis mine]”. This paper takes such an approach and argues that integrating formal theory into variationist analysis of morpho-syntactic variation allows for: (i) more careful delimitation of the linguistic variable and its contexts, taking into consideration the constraints of the grammar; (ii) theoretically-informed decision-making as to the inclusion and exclusion of tokens; and (iii) using production data to test hypotheses that can elucidate how variants are derived from the grammar. Adopting this approach, my investigation focuses specifically on the alternation between not-negation (1), no-negation (2) and negative concord (3) in English.3",1,"Negation is a fervently-debated phenomenon within formal syntactic enquiry, as it is a universal property of language that is, at the same time, highly variable in terms of how it is expressed (Mazzon 2004: 94).",3,Negation is highly variable in terms of how it is expressed.
glossa-4968-childs,1 Introduction,"Negation is a fervently-debated phenomenon within formal syntactic enquiry, as it is a universal property of language that is, at the same time, highly variable in terms of how it is expressed (Mazzon 2004: 94). The variability of negation also makes it an intriguing object of study for variationist sociolinguists, given their interest in the factors that condition speakers’ choices between linguistic forms that convey the same meaning (Tagliamonte 2006). Formal syntactic theory and variationist sociolinguistics are often depicted as somewhat incompatible “opposites”, because of their respective focus on linguistic competence and general linguistic principles on the one hand, versus performance and variability on the other (Wilson and Henry 1998). However, recent studies have advocated bridging the gap between the two in analysing morpho-syntactic variation and change (Wilson and Henry 1998; Adger and Smith 2005; 2010; Cornips and Corrigan 2005a; b; Adger and Trousdale 2007; Buchstaller et al. 2013; Burnett et al. under review), with Barbiers (2005: 235) suggesting that “it is the task of sociolinguists to describe and explain the patterns of variation that occur within a linguistic community given the theoretical limits of this variation uncovered by generative linguistics [emphasis mine]”. This paper takes such an approach and argues that integrating formal theory into variationist analysis of morpho-syntactic variation allows for: (i) more careful delimitation of the linguistic variable and its contexts, taking into consideration the constraints of the grammar; (ii) theoretically-informed decision-making as to the inclusion and exclusion of tokens; and (iii) using production data to test hypotheses that can elucidate how variants are derived from the grammar. Adopting this approach, my investigation focuses specifically on the alternation between not-negation (1), no-negation (2) and negative concord (3) in English.3",1,"Negation is a fervently-debated phenomenon within formal syntactic enquiry, as it is a universal property of language that is, at the same time, highly variable in terms of how it is expressed (Mazzon 2004: 94).",4,Mazzon (2004:94) states that negation is a universal property of language that is highly variable in terms of how it is expressed.
glossa-4968-childs,1 Introduction,"Negation is a fervently-debated phenomenon within formal syntactic enquiry, as it is a universal property of language that is, at the same time, highly variable in terms of how it is expressed (Mazzon 2004: 94). The variability of negation also makes it an intriguing object of study for variationist sociolinguists, given their interest in the factors that condition speakers’ choices between linguistic forms that convey the same meaning (Tagliamonte 2006). Formal syntactic theory and variationist sociolinguistics are often depicted as somewhat incompatible “opposites”, because of their respective focus on linguistic competence and general linguistic principles on the one hand, versus performance and variability on the other (Wilson and Henry 1998). However, recent studies have advocated bridging the gap between the two in analysing morpho-syntactic variation and change (Wilson and Henry 1998; Adger and Smith 2005; 2010; Cornips and Corrigan 2005a; b; Adger and Trousdale 2007; Buchstaller et al. 2013; Burnett et al. under review), with Barbiers (2005: 235) suggesting that “it is the task of sociolinguists to describe and explain the patterns of variation that occur within a linguistic community given the theoretical limits of this variation uncovered by generative linguistics [emphasis mine]”. This paper takes such an approach and argues that integrating formal theory into variationist analysis of morpho-syntactic variation allows for: (i) more careful delimitation of the linguistic variable and its contexts, taking into consideration the constraints of the grammar; (ii) theoretically-informed decision-making as to the inclusion and exclusion of tokens; and (iii) using production data to test hypotheses that can elucidate how variants are derived from the grammar. Adopting this approach, my investigation focuses specifically on the alternation between not-negation (1), no-negation (2) and negative concord (3) in English.5",1,"Negation is a fervently-debated phenomenon within formal syntactic enquiry, as it is a universal property of language that is, at the same time, highly variable in terms of how it is expressed (Mazzon 2004: 94).",1,Negation is a fervently-debated phenomenon within formal syntactic enquiry.
glossa-4968-childs,1 Introduction,"Negation is a fervently-debated phenomenon within formal syntactic enquiry, as it is a universal property of language that is, at the same time, highly variable in terms of how it is expressed (Mazzon 2004: 94). The variability of negation also makes it an intriguing object of study for variationist sociolinguists, given their interest in the factors that condition speakers’ choices between linguistic forms that convey the same meaning (Tagliamonte 2006). Formal syntactic theory and variationist sociolinguistics are often depicted as somewhat incompatible “opposites”, because of their respective focus on linguistic competence and general linguistic principles on the one hand, versus performance and variability on the other (Wilson and Henry 1998). However, recent studies have advocated bridging the gap between the two in analysing morpho-syntactic variation and change (Wilson and Henry 1998; Adger and Smith 2005; 2010; Cornips and Corrigan 2005a; b; Adger and Trousdale 2007; Buchstaller et al. 2013; Burnett et al. under review), with Barbiers (2005: 235) suggesting that “it is the task of sociolinguists to describe and explain the patterns of variation that occur within a linguistic community given the theoretical limits of this variation uncovered by generative linguistics [emphasis mine]”. This paper takes such an approach and argues that integrating formal theory into variationist analysis of morpho-syntactic variation allows for: (i) more careful delimitation of the linguistic variable and its contexts, taking into consideration the constraints of the grammar; (ii) theoretically-informed decision-making as to the inclusion and exclusion of tokens; and (iii) using production data to test hypotheses that can elucidate how variants are derived from the grammar. Adopting this approach, my investigation focuses specifically on the alternation between not-negation (1), no-negation (2) and negative concord (3) in English.5",1,"Negation is a fervently-debated phenomenon within formal syntactic enquiry, as it is a universal property of language that is, at the same time, highly variable in terms of how it is expressed (Mazzon 2004: 94).",2,Negation is a universal property of language.
glossa-4968-childs,1 Introduction,"Negation is a fervently-debated phenomenon within formal syntactic enquiry, as it is a universal property of language that is, at the same time, highly variable in terms of how it is expressed (Mazzon 2004: 94). The variability of negation also makes it an intriguing object of study for variationist sociolinguists, given their interest in the factors that condition speakers’ choices between linguistic forms that convey the same meaning (Tagliamonte 2006). Formal syntactic theory and variationist sociolinguistics are often depicted as somewhat incompatible “opposites”, because of their respective focus on linguistic competence and general linguistic principles on the one hand, versus performance and variability on the other (Wilson and Henry 1998). However, recent studies have advocated bridging the gap between the two in analysing morpho-syntactic variation and change (Wilson and Henry 1998; Adger and Smith 2005; 2010; Cornips and Corrigan 2005a; b; Adger and Trousdale 2007; Buchstaller et al. 2013; Burnett et al. under review), with Barbiers (2005: 235) suggesting that “it is the task of sociolinguists to describe and explain the patterns of variation that occur within a linguistic community given the theoretical limits of this variation uncovered by generative linguistics [emphasis mine]”. This paper takes such an approach and argues that integrating formal theory into variationist analysis of morpho-syntactic variation allows for: (i) more careful delimitation of the linguistic variable and its contexts, taking into consideration the constraints of the grammar; (ii) theoretically-informed decision-making as to the inclusion and exclusion of tokens; and (iii) using production data to test hypotheses that can elucidate how variants are derived from the grammar. Adopting this approach, my investigation focuses specifically on the alternation between not-negation (1), no-negation (2) and negative concord (3) in English.5",1,"Negation is a fervently-debated phenomenon within formal syntactic enquiry, as it is a universal property of language that is, at the same time, highly variable in terms of how it is expressed (Mazzon 2004: 94).",3,Negation is highly variable in terms of how it is expressed.
glossa-4968-childs,1 Introduction,"Negation is a fervently-debated phenomenon within formal syntactic enquiry, as it is a universal property of language that is, at the same time, highly variable in terms of how it is expressed (Mazzon 2004: 94). The variability of negation also makes it an intriguing object of study for variationist sociolinguists, given their interest in the factors that condition speakers’ choices between linguistic forms that convey the same meaning (Tagliamonte 2006). Formal syntactic theory and variationist sociolinguistics are often depicted as somewhat incompatible “opposites”, because of their respective focus on linguistic competence and general linguistic principles on the one hand, versus performance and variability on the other (Wilson and Henry 1998). However, recent studies have advocated bridging the gap between the two in analysing morpho-syntactic variation and change (Wilson and Henry 1998; Adger and Smith 2005; 2010; Cornips and Corrigan 2005a; b; Adger and Trousdale 2007; Buchstaller et al. 2013; Burnett et al. under review), with Barbiers (2005: 235) suggesting that “it is the task of sociolinguists to describe and explain the patterns of variation that occur within a linguistic community given the theoretical limits of this variation uncovered by generative linguistics [emphasis mine]”. This paper takes such an approach and argues that integrating formal theory into variationist analysis of morpho-syntactic variation allows for: (i) more careful delimitation of the linguistic variable and its contexts, taking into consideration the constraints of the grammar; (ii) theoretically-informed decision-making as to the inclusion and exclusion of tokens; and (iii) using production data to test hypotheses that can elucidate how variants are derived from the grammar. Adopting this approach, my investigation focuses specifically on the alternation between not-negation (1), no-negation (2) and negative concord (3) in English.5",1,"Negation is a fervently-debated phenomenon within formal syntactic enquiry, as it is a universal property of language that is, at the same time, highly variable in terms of how it is expressed (Mazzon 2004: 94).",4,Mazzon (2004:94) states that negation is a universal property of language that is highly variable in terms of how it is expressed.
glossa-4968-childs,1 Introduction,"Negation is a fervently-debated phenomenon within formal syntactic enquiry, as it is a universal property of language that is, at the same time, highly variable in terms of how it is expressed (Mazzon 2004: 94). The variability of negation also makes it an intriguing object of study for variationist sociolinguists, given their interest in the factors that condition speakers’ choices between linguistic forms that convey the same meaning (Tagliamonte 2006). Formal syntactic theory and variationist sociolinguistics are often depicted as somewhat incompatible “opposites”, because of their respective focus on linguistic competence and general linguistic principles on the one hand, versus performance and variability on the other (Wilson and Henry 1998). However, recent studies have advocated bridging the gap between the two in analysing morpho-syntactic variation and change (Wilson and Henry 1998; Adger and Smith 2005; 2010; Cornips and Corrigan 2005a; b; Adger and Trousdale 2007; Buchstaller et al. 2013; Burnett et al. under review), with Barbiers (2005: 235) suggesting that “it is the task of sociolinguists to describe and explain the patterns of variation that occur within a linguistic community given the theoretical limits of this variation uncovered by generative linguistics [emphasis mine]”. This paper takes such an approach and argues that integrating formal theory into variationist analysis of morpho-syntactic variation allows for: (i) more careful delimitation of the linguistic variable and its contexts, taking into consideration the constraints of the grammar; (ii) theoretically-informed decision-making as to the inclusion and exclusion of tokens; and (iii) using production data to test hypotheses that can elucidate how variants are derived from the grammar. Adopting this approach, my investigation focuses specifically on the alternation between not-negation (1), no-negation (2) and negative concord (3) in English.6",1,"Negation is a fervently-debated phenomenon within formal syntactic enquiry, as it is a universal property of language that is, at the same time, highly variable in terms of how it is expressed (Mazzon 2004: 94).",1,Negation is a fervently-debated phenomenon within formal syntactic enquiry.
glossa-4968-childs,1 Introduction,"Negation is a fervently-debated phenomenon within formal syntactic enquiry, as it is a universal property of language that is, at the same time, highly variable in terms of how it is expressed (Mazzon 2004: 94). The variability of negation also makes it an intriguing object of study for variationist sociolinguists, given their interest in the factors that condition speakers’ choices between linguistic forms that convey the same meaning (Tagliamonte 2006). Formal syntactic theory and variationist sociolinguistics are often depicted as somewhat incompatible “opposites”, because of their respective focus on linguistic competence and general linguistic principles on the one hand, versus performance and variability on the other (Wilson and Henry 1998). However, recent studies have advocated bridging the gap between the two in analysing morpho-syntactic variation and change (Wilson and Henry 1998; Adger and Smith 2005; 2010; Cornips and Corrigan 2005a; b; Adger and Trousdale 2007; Buchstaller et al. 2013; Burnett et al. under review), with Barbiers (2005: 235) suggesting that “it is the task of sociolinguists to describe and explain the patterns of variation that occur within a linguistic community given the theoretical limits of this variation uncovered by generative linguistics [emphasis mine]”. This paper takes such an approach and argues that integrating formal theory into variationist analysis of morpho-syntactic variation allows for: (i) more careful delimitation of the linguistic variable and its contexts, taking into consideration the constraints of the grammar; (ii) theoretically-informed decision-making as to the inclusion and exclusion of tokens; and (iii) using production data to test hypotheses that can elucidate how variants are derived from the grammar. Adopting this approach, my investigation focuses specifically on the alternation between not-negation (1), no-negation (2) and negative concord (3) in English.6",1,"Negation is a fervently-debated phenomenon within formal syntactic enquiry, as it is a universal property of language that is, at the same time, highly variable in terms of how it is expressed (Mazzon 2004: 94).",2,Negation is a universal property of language.
glossa-4968-childs,1 Introduction,"Negation is a fervently-debated phenomenon within formal syntactic enquiry, as it is a universal property of language that is, at the same time, highly variable in terms of how it is expressed (Mazzon 2004: 94). The variability of negation also makes it an intriguing object of study for variationist sociolinguists, given their interest in the factors that condition speakers’ choices between linguistic forms that convey the same meaning (Tagliamonte 2006). Formal syntactic theory and variationist sociolinguistics are often depicted as somewhat incompatible “opposites”, because of their respective focus on linguistic competence and general linguistic principles on the one hand, versus performance and variability on the other (Wilson and Henry 1998). However, recent studies have advocated bridging the gap between the two in analysing morpho-syntactic variation and change (Wilson and Henry 1998; Adger and Smith 2005; 2010; Cornips and Corrigan 2005a; b; Adger and Trousdale 2007; Buchstaller et al. 2013; Burnett et al. under review), with Barbiers (2005: 235) suggesting that “it is the task of sociolinguists to describe and explain the patterns of variation that occur within a linguistic community given the theoretical limits of this variation uncovered by generative linguistics [emphasis mine]”. This paper takes such an approach and argues that integrating formal theory into variationist analysis of morpho-syntactic variation allows for: (i) more careful delimitation of the linguistic variable and its contexts, taking into consideration the constraints of the grammar; (ii) theoretically-informed decision-making as to the inclusion and exclusion of tokens; and (iii) using production data to test hypotheses that can elucidate how variants are derived from the grammar. Adopting this approach, my investigation focuses specifically on the alternation between not-negation (1), no-negation (2) and negative concord (3) in English.6",1,"Negation is a fervently-debated phenomenon within formal syntactic enquiry, as it is a universal property of language that is, at the same time, highly variable in terms of how it is expressed (Mazzon 2004: 94).",3,Negation is highly variable in terms of how it is expressed.
glossa-4968-childs,1 Introduction,"Negation is a fervently-debated phenomenon within formal syntactic enquiry, as it is a universal property of language that is, at the same time, highly variable in terms of how it is expressed (Mazzon 2004: 94). The variability of negation also makes it an intriguing object of study for variationist sociolinguists, given their interest in the factors that condition speakers’ choices between linguistic forms that convey the same meaning (Tagliamonte 2006). Formal syntactic theory and variationist sociolinguistics are often depicted as somewhat incompatible “opposites”, because of their respective focus on linguistic competence and general linguistic principles on the one hand, versus performance and variability on the other (Wilson and Henry 1998). However, recent studies have advocated bridging the gap between the two in analysing morpho-syntactic variation and change (Wilson and Henry 1998; Adger and Smith 2005; 2010; Cornips and Corrigan 2005a; b; Adger and Trousdale 2007; Buchstaller et al. 2013; Burnett et al. under review), with Barbiers (2005: 235) suggesting that “it is the task of sociolinguists to describe and explain the patterns of variation that occur within a linguistic community given the theoretical limits of this variation uncovered by generative linguistics [emphasis mine]”. This paper takes such an approach and argues that integrating formal theory into variationist analysis of morpho-syntactic variation allows for: (i) more careful delimitation of the linguistic variable and its contexts, taking into consideration the constraints of the grammar; (ii) theoretically-informed decision-making as to the inclusion and exclusion of tokens; and (iii) using production data to test hypotheses that can elucidate how variants are derived from the grammar. Adopting this approach, my investigation focuses specifically on the alternation between not-negation (1), no-negation (2) and negative concord (3) in English.6",1,"Negation is a fervently-debated phenomenon within formal syntactic enquiry, as it is a universal property of language that is, at the same time, highly variable in terms of how it is expressed (Mazzon 2004: 94).",4,Mazzon (2004:94) states that negation is a universal property of language that is highly variable in terms of how it is expressed.
glossa-4968-childs,1 Introduction,"Negation is a fervently-debated phenomenon within formal syntactic enquiry, as it is a universal property of language that is, at the same time, highly variable in terms of how it is expressed (Mazzon 2004: 94). The variability of negation also makes it an intriguing object of study for variationist sociolinguists, given their interest in the factors that condition speakers’ choices between linguistic forms that convey the same meaning (Tagliamonte 2006). Formal syntactic theory and variationist sociolinguistics are often depicted as somewhat incompatible “opposites”, because of their respective focus on linguistic competence and general linguistic principles on the one hand, versus performance and variability on the other (Wilson and Henry 1998). However, recent studies have advocated bridging the gap between the two in analysing morpho-syntactic variation and change (Wilson and Henry 1998; Adger and Smith 2005; 2010; Cornips and Corrigan 2005a; b; Adger and Trousdale 2007; Buchstaller et al. 2013; Burnett et al. under review), with Barbiers (2005: 235) suggesting that “it is the task of sociolinguists to describe and explain the patterns of variation that occur within a linguistic community given the theoretical limits of this variation uncovered by generative linguistics [emphasis mine]”. This paper takes such an approach and argues that integrating formal theory into variationist analysis of morpho-syntactic variation allows for: (i) more careful delimitation of the linguistic variable and its contexts, taking into consideration the constraints of the grammar; (ii) theoretically-informed decision-making as to the inclusion and exclusion of tokens; and (iii) using production data to test hypotheses that can elucidate how variants are derived from the grammar. Adopting this approach, my investigation focuses specifically on the alternation between not-negation (1), no-negation (2) and negative concord (3) in English.7",1,"The variability of negation also makes it an intriguing object of study for variationist sociolinguists, given their interest in the factors that condition speakers’ choices between linguistic forms that convey the same meaning (Tagliamonte 2006).",1,Negation is variable.
glossa-4968-childs,1 Introduction,"Negation is a fervently-debated phenomenon within formal syntactic enquiry, as it is a universal property of language that is, at the same time, highly variable in terms of how it is expressed (Mazzon 2004: 94). The variability of negation also makes it an intriguing object of study for variationist sociolinguists, given their interest in the factors that condition speakers’ choices between linguistic forms that convey the same meaning (Tagliamonte 2006). Formal syntactic theory and variationist sociolinguistics are often depicted as somewhat incompatible “opposites”, because of their respective focus on linguistic competence and general linguistic principles on the one hand, versus performance and variability on the other (Wilson and Henry 1998). However, recent studies have advocated bridging the gap between the two in analysing morpho-syntactic variation and change (Wilson and Henry 1998; Adger and Smith 2005; 2010; Cornips and Corrigan 2005a; b; Adger and Trousdale 2007; Buchstaller et al. 2013; Burnett et al. under review), with Barbiers (2005: 235) suggesting that “it is the task of sociolinguists to describe and explain the patterns of variation that occur within a linguistic community given the theoretical limits of this variation uncovered by generative linguistics [emphasis mine]”. This paper takes such an approach and argues that integrating formal theory into variationist analysis of morpho-syntactic variation allows for: (i) more careful delimitation of the linguistic variable and its contexts, taking into consideration the constraints of the grammar; (ii) theoretically-informed decision-making as to the inclusion and exclusion of tokens; and (iii) using production data to test hypotheses that can elucidate how variants are derived from the grammar. Adopting this approach, my investigation focuses specifically on the alternation between not-negation (1), no-negation (2) and negative concord (3) in English.7",1,"The variability of negation also makes it an intriguing object of study for variationist sociolinguists, given their interest in the factors that condition speakers’ choices between linguistic forms that convey the same meaning (Tagliamonte 2006).",2,The variability of negation makes negation an intriguing object of study for variationist sociolinguists.
glossa-4968-childs,1 Introduction,"Negation is a fervently-debated phenomenon within formal syntactic enquiry, as it is a universal property of language that is, at the same time, highly variable in terms of how it is expressed (Mazzon 2004: 94). The variability of negation also makes it an intriguing object of study for variationist sociolinguists, given their interest in the factors that condition speakers’ choices between linguistic forms that convey the same meaning (Tagliamonte 2006). Formal syntactic theory and variationist sociolinguistics are often depicted as somewhat incompatible “opposites”, because of their respective focus on linguistic competence and general linguistic principles on the one hand, versus performance and variability on the other (Wilson and Henry 1998). However, recent studies have advocated bridging the gap between the two in analysing morpho-syntactic variation and change (Wilson and Henry 1998; Adger and Smith 2005; 2010; Cornips and Corrigan 2005a; b; Adger and Trousdale 2007; Buchstaller et al. 2013; Burnett et al. under review), with Barbiers (2005: 235) suggesting that “it is the task of sociolinguists to describe and explain the patterns of variation that occur within a linguistic community given the theoretical limits of this variation uncovered by generative linguistics [emphasis mine]”. This paper takes such an approach and argues that integrating formal theory into variationist analysis of morpho-syntactic variation allows for: (i) more careful delimitation of the linguistic variable and its contexts, taking into consideration the constraints of the grammar; (ii) theoretically-informed decision-making as to the inclusion and exclusion of tokens; and (iii) using production data to test hypotheses that can elucidate how variants are derived from the grammar. Adopting this approach, my investigation focuses specifically on the alternation between not-negation (1), no-negation (2) and negative concord (3) in English.7",1,"The variability of negation also makes it an intriguing object of study for variationist sociolinguists, given their interest in the factors that condition speakers’ choices between linguistic forms that convey the same meaning (Tagliamonte 2006).",3,Variationist sociolinguists have an interest in the factors that condition speakers’ choices between linguistic forms that convey the same meaning (Tagliamonte 2006).
glossa-4968-childs,1 Introduction,"Negation is a fervently-debated phenomenon within formal syntactic enquiry, as it is a universal property of language that is, at the same time, highly variable in terms of how it is expressed (Mazzon 2004: 94). The variability of negation also makes it an intriguing object of study for variationist sociolinguists, given their interest in the factors that condition speakers’ choices between linguistic forms that convey the same meaning (Tagliamonte 2006). Formal syntactic theory and variationist sociolinguistics are often depicted as somewhat incompatible “opposites”, because of their respective focus on linguistic competence and general linguistic principles on the one hand, versus performance and variability on the other (Wilson and Henry 1998). However, recent studies have advocated bridging the gap between the two in analysing morpho-syntactic variation and change (Wilson and Henry 1998; Adger and Smith 2005; 2010; Cornips and Corrigan 2005a; b; Adger and Trousdale 2007; Buchstaller et al. 2013; Burnett et al. under review), with Barbiers (2005: 235) suggesting that “it is the task of sociolinguists to describe and explain the patterns of variation that occur within a linguistic community given the theoretical limits of this variation uncovered by generative linguistics [emphasis mine]”. This paper takes such an approach and argues that integrating formal theory into variationist analysis of morpho-syntactic variation allows for: (i) more careful delimitation of the linguistic variable and its contexts, taking into consideration the constraints of the grammar; (ii) theoretically-informed decision-making as to the inclusion and exclusion of tokens; and (iii) using production data to test hypotheses that can elucidate how variants are derived from the grammar. Adopting this approach, my investigation focuses specifically on the alternation between not-negation (1), no-negation (2) and negative concord (3) in English.8",1,"The variability of negation also makes it an intriguing object of study for variationist sociolinguists, given their interest in the factors that condition speakers’ choices between linguistic forms that convey the same meaning (Tagliamonte 2006).",1,Negation is variable.
glossa-4968-childs,1 Introduction,"Negation is a fervently-debated phenomenon within formal syntactic enquiry, as it is a universal property of language that is, at the same time, highly variable in terms of how it is expressed (Mazzon 2004: 94). The variability of negation also makes it an intriguing object of study for variationist sociolinguists, given their interest in the factors that condition speakers’ choices between linguistic forms that convey the same meaning (Tagliamonte 2006). Formal syntactic theory and variationist sociolinguistics are often depicted as somewhat incompatible “opposites”, because of their respective focus on linguistic competence and general linguistic principles on the one hand, versus performance and variability on the other (Wilson and Henry 1998). However, recent studies have advocated bridging the gap between the two in analysing morpho-syntactic variation and change (Wilson and Henry 1998; Adger and Smith 2005; 2010; Cornips and Corrigan 2005a; b; Adger and Trousdale 2007; Buchstaller et al. 2013; Burnett et al. under review), with Barbiers (2005: 235) suggesting that “it is the task of sociolinguists to describe and explain the patterns of variation that occur within a linguistic community given the theoretical limits of this variation uncovered by generative linguistics [emphasis mine]”. This paper takes such an approach and argues that integrating formal theory into variationist analysis of morpho-syntactic variation allows for: (i) more careful delimitation of the linguistic variable and its contexts, taking into consideration the constraints of the grammar; (ii) theoretically-informed decision-making as to the inclusion and exclusion of tokens; and (iii) using production data to test hypotheses that can elucidate how variants are derived from the grammar. Adopting this approach, my investigation focuses specifically on the alternation between not-negation (1), no-negation (2) and negative concord (3) in English.8",1,"The variability of negation also makes it an intriguing object of study for variationist sociolinguists, given their interest in the factors that condition speakers’ choices between linguistic forms that convey the same meaning (Tagliamonte 2006).",2,The variability of negation makes negation an intriguing object of study for variationist sociolinguists.
glossa-4968-childs,1 Introduction,"Negation is a fervently-debated phenomenon within formal syntactic enquiry, as it is a universal property of language that is, at the same time, highly variable in terms of how it is expressed (Mazzon 2004: 94). The variability of negation also makes it an intriguing object of study for variationist sociolinguists, given their interest in the factors that condition speakers’ choices between linguistic forms that convey the same meaning (Tagliamonte 2006). Formal syntactic theory and variationist sociolinguistics are often depicted as somewhat incompatible “opposites”, because of their respective focus on linguistic competence and general linguistic principles on the one hand, versus performance and variability on the other (Wilson and Henry 1998). However, recent studies have advocated bridging the gap between the two in analysing morpho-syntactic variation and change (Wilson and Henry 1998; Adger and Smith 2005; 2010; Cornips and Corrigan 2005a; b; Adger and Trousdale 2007; Buchstaller et al. 2013; Burnett et al. under review), with Barbiers (2005: 235) suggesting that “it is the task of sociolinguists to describe and explain the patterns of variation that occur within a linguistic community given the theoretical limits of this variation uncovered by generative linguistics [emphasis mine]”. This paper takes such an approach and argues that integrating formal theory into variationist analysis of morpho-syntactic variation allows for: (i) more careful delimitation of the linguistic variable and its contexts, taking into consideration the constraints of the grammar; (ii) theoretically-informed decision-making as to the inclusion and exclusion of tokens; and (iii) using production data to test hypotheses that can elucidate how variants are derived from the grammar. Adopting this approach, my investigation focuses specifically on the alternation between not-negation (1), no-negation (2) and negative concord (3) in English.8",1,"The variability of negation also makes it an intriguing object of study for variationist sociolinguists, given their interest in the factors that condition speakers’ choices between linguistic forms that convey the same meaning (Tagliamonte 2006).",3,Variationist sociolinguists have an interest in the factors that condition speakers’ choices between linguistic forms that convey the same meaning (Tagliamonte 2006).
glossa-4968-childs,1 Introduction,"Negation is a fervently-debated phenomenon within formal syntactic enquiry, as it is a universal property of language that is, at the same time, highly variable in terms of how it is expressed (Mazzon 2004: 94). The variability of negation also makes it an intriguing object of study for variationist sociolinguists, given their interest in the factors that condition speakers’ choices between linguistic forms that convey the same meaning (Tagliamonte 2006). Formal syntactic theory and variationist sociolinguistics are often depicted as somewhat incompatible “opposites”, because of their respective focus on linguistic competence and general linguistic principles on the one hand, versus performance and variability on the other (Wilson and Henry 1998). However, recent studies have advocated bridging the gap between the two in analysing morpho-syntactic variation and change (Wilson and Henry 1998; Adger and Smith 2005; 2010; Cornips and Corrigan 2005a; b; Adger and Trousdale 2007; Buchstaller et al. 2013; Burnett et al. under review), with Barbiers (2005: 235) suggesting that “it is the task of sociolinguists to describe and explain the patterns of variation that occur within a linguistic community given the theoretical limits of this variation uncovered by generative linguistics [emphasis mine]”. This paper takes such an approach and argues that integrating formal theory into variationist analysis of morpho-syntactic variation allows for: (i) more careful delimitation of the linguistic variable and its contexts, taking into consideration the constraints of the grammar; (ii) theoretically-informed decision-making as to the inclusion and exclusion of tokens; and (iii) using production data to test hypotheses that can elucidate how variants are derived from the grammar. Adopting this approach, my investigation focuses specifically on the alternation between not-negation (1), no-negation (2) and negative concord (3) in English.9",1,"The variability of negation also makes it an intriguing object of study for variationist sociolinguists, given their interest in the factors that condition speakers’ choices between linguistic forms that convey the same meaning (Tagliamonte 2006).",1,The variability of negation makes negation an intriguing object of study for variationist sociolinguists.
glossa-4968-childs,1 Introduction,"Negation is a fervently-debated phenomenon within formal syntactic enquiry, as it is a universal property of language that is, at the same time, highly variable in terms of how it is expressed (Mazzon 2004: 94). The variability of negation also makes it an intriguing object of study for variationist sociolinguists, given their interest in the factors that condition speakers’ choices between linguistic forms that convey the same meaning (Tagliamonte 2006). Formal syntactic theory and variationist sociolinguistics are often depicted as somewhat incompatible “opposites”, because of their respective focus on linguistic competence and general linguistic principles on the one hand, versus performance and variability on the other (Wilson and Henry 1998). However, recent studies have advocated bridging the gap between the two in analysing morpho-syntactic variation and change (Wilson and Henry 1998; Adger and Smith 2005; 2010; Cornips and Corrigan 2005a; b; Adger and Trousdale 2007; Buchstaller et al. 2013; Burnett et al. under review), with Barbiers (2005: 235) suggesting that “it is the task of sociolinguists to describe and explain the patterns of variation that occur within a linguistic community given the theoretical limits of this variation uncovered by generative linguistics [emphasis mine]”. This paper takes such an approach and argues that integrating formal theory into variationist analysis of morpho-syntactic variation allows for: (i) more careful delimitation of the linguistic variable and its contexts, taking into consideration the constraints of the grammar; (ii) theoretically-informed decision-making as to the inclusion and exclusion of tokens; and (iii) using production data to test hypotheses that can elucidate how variants are derived from the grammar. Adopting this approach, my investigation focuses specifically on the alternation between not-negation (1), no-negation (2) and negative concord (3) in English.9",1,"The variability of negation also makes it an intriguing object of study for variationist sociolinguists, given their interest in the factors that condition speakers’ choices between linguistic forms that convey the same meaning (Tagliamonte 2006).",2,Variationist sociolinguists have an interest in the factors that condition speakers’ choices between linguistic forms that convey the same meaning (Tagliamonte 2006).
glossa-4968-childs,1 Introduction,"Negation is a fervently-debated phenomenon within formal syntactic enquiry, as it is a universal property of language that is, at the same time, highly variable in terms of how it is expressed (Mazzon 2004: 94). The variability of negation also makes it an intriguing object of study for variationist sociolinguists, given their interest in the factors that condition speakers’ choices between linguistic forms that convey the same meaning (Tagliamonte 2006). Formal syntactic theory and variationist sociolinguistics are often depicted as somewhat incompatible “opposites”, because of their respective focus on linguistic competence and general linguistic principles on the one hand, versus performance and variability on the other (Wilson and Henry 1998). However, recent studies have advocated bridging the gap between the two in analysing morpho-syntactic variation and change (Wilson and Henry 1998; Adger and Smith 2005; 2010; Cornips and Corrigan 2005a; b; Adger and Trousdale 2007; Buchstaller et al. 2013; Burnett et al. under review), with Barbiers (2005: 235) suggesting that “it is the task of sociolinguists to describe and explain the patterns of variation that occur within a linguistic community given the theoretical limits of this variation uncovered by generative linguistics [emphasis mine]”. This paper takes such an approach and argues that integrating formal theory into variationist analysis of morpho-syntactic variation allows for: (i) more careful delimitation of the linguistic variable and its contexts, taking into consideration the constraints of the grammar; (ii) theoretically-informed decision-making as to the inclusion and exclusion of tokens; and (iii) using production data to test hypotheses that can elucidate how variants are derived from the grammar. Adopting this approach, my investigation focuses specifically on the alternation between not-negation (1), no-negation (2) and negative concord (3) in English.10",1,"Formal syntactic theory and variationist sociolinguistics are often depicted as somewhat incompatible “opposites”, because of their respective focus on linguistic competence and general linguistic principles on the one hand, versus performance and variability on the other (Wilson and Henry 1998).",1,Formal syntactic theory and variationist sociolinguistics are often depicted as somewhat incompatible opposites (Wilson and Henry 1998).
glossa-4968-childs,1 Introduction,"Negation is a fervently-debated phenomenon within formal syntactic enquiry, as it is a universal property of language that is, at the same time, highly variable in terms of how it is expressed (Mazzon 2004: 94). The variability of negation also makes it an intriguing object of study for variationist sociolinguists, given their interest in the factors that condition speakers’ choices between linguistic forms that convey the same meaning (Tagliamonte 2006). Formal syntactic theory and variationist sociolinguistics are often depicted as somewhat incompatible “opposites”, because of their respective focus on linguistic competence and general linguistic principles on the one hand, versus performance and variability on the other (Wilson and Henry 1998). However, recent studies have advocated bridging the gap between the two in analysing morpho-syntactic variation and change (Wilson and Henry 1998; Adger and Smith 2005; 2010; Cornips and Corrigan 2005a; b; Adger and Trousdale 2007; Buchstaller et al. 2013; Burnett et al. under review), with Barbiers (2005: 235) suggesting that “it is the task of sociolinguists to describe and explain the patterns of variation that occur within a linguistic community given the theoretical limits of this variation uncovered by generative linguistics [emphasis mine]”. This paper takes such an approach and argues that integrating formal theory into variationist analysis of morpho-syntactic variation allows for: (i) more careful delimitation of the linguistic variable and its contexts, taking into consideration the constraints of the grammar; (ii) theoretically-informed decision-making as to the inclusion and exclusion of tokens; and (iii) using production data to test hypotheses that can elucidate how variants are derived from the grammar. Adopting this approach, my investigation focuses specifically on the alternation between not-negation (1), no-negation (2) and negative concord (3) in English.10",1,"Formal syntactic theory and variationist sociolinguistics are often depicted as somewhat incompatible “opposites”, because of their respective focus on linguistic competence and general linguistic principles on the one hand, versus performance and variability on the other (Wilson and Henry 1998).",2,Formal syntactic theory focuses on linguistic competence and general linguistic principles.
glossa-4968-childs,1 Introduction,"Negation is a fervently-debated phenomenon within formal syntactic enquiry, as it is a universal property of language that is, at the same time, highly variable in terms of how it is expressed (Mazzon 2004: 94). The variability of negation also makes it an intriguing object of study for variationist sociolinguists, given their interest in the factors that condition speakers’ choices between linguistic forms that convey the same meaning (Tagliamonte 2006). Formal syntactic theory and variationist sociolinguistics are often depicted as somewhat incompatible “opposites”, because of their respective focus on linguistic competence and general linguistic principles on the one hand, versus performance and variability on the other (Wilson and Henry 1998). However, recent studies have advocated bridging the gap between the two in analysing morpho-syntactic variation and change (Wilson and Henry 1998; Adger and Smith 2005; 2010; Cornips and Corrigan 2005a; b; Adger and Trousdale 2007; Buchstaller et al. 2013; Burnett et al. under review), with Barbiers (2005: 235) suggesting that “it is the task of sociolinguists to describe and explain the patterns of variation that occur within a linguistic community given the theoretical limits of this variation uncovered by generative linguistics [emphasis mine]”. This paper takes such an approach and argues that integrating formal theory into variationist analysis of morpho-syntactic variation allows for: (i) more careful delimitation of the linguistic variable and its contexts, taking into consideration the constraints of the grammar; (ii) theoretically-informed decision-making as to the inclusion and exclusion of tokens; and (iii) using production data to test hypotheses that can elucidate how variants are derived from the grammar. Adopting this approach, my investigation focuses specifically on the alternation between not-negation (1), no-negation (2) and negative concord (3) in English.10",1,"Formal syntactic theory and variationist sociolinguistics are often depicted as somewhat incompatible “opposites”, because of their respective focus on linguistic competence and general linguistic principles on the one hand, versus performance and variability on the other (Wilson and Henry 1998).",3,Variationist sociolinguistics focuses on performance and variability.
glossa-4968-childs,1 Introduction,"Negation is a fervently-debated phenomenon within formal syntactic enquiry, as it is a universal property of language that is, at the same time, highly variable in terms of how it is expressed (Mazzon 2004: 94). The variability of negation also makes it an intriguing object of study for variationist sociolinguists, given their interest in the factors that condition speakers’ choices between linguistic forms that convey the same meaning (Tagliamonte 2006). Formal syntactic theory and variationist sociolinguistics are often depicted as somewhat incompatible “opposites”, because of their respective focus on linguistic competence and general linguistic principles on the one hand, versus performance and variability on the other (Wilson and Henry 1998). However, recent studies have advocated bridging the gap between the two in analysing morpho-syntactic variation and change (Wilson and Henry 1998; Adger and Smith 2005; 2010; Cornips and Corrigan 2005a; b; Adger and Trousdale 2007; Buchstaller et al. 2013; Burnett et al. under review), with Barbiers (2005: 235) suggesting that “it is the task of sociolinguists to describe and explain the patterns of variation that occur within a linguistic community given the theoretical limits of this variation uncovered by generative linguistics [emphasis mine]”. This paper takes such an approach and argues that integrating formal theory into variationist analysis of morpho-syntactic variation allows for: (i) more careful delimitation of the linguistic variable and its contexts, taking into consideration the constraints of the grammar; (ii) theoretically-informed decision-making as to the inclusion and exclusion of tokens; and (iii) using production data to test hypotheses that can elucidate how variants are derived from the grammar. Adopting this approach, my investigation focuses specifically on the alternation between not-negation (1), no-negation (2) and negative concord (3) in English.10",1,"Formal syntactic theory and variationist sociolinguistics are often depicted as somewhat incompatible “opposites”, because of their respective focus on linguistic competence and general linguistic principles on the one hand, versus performance and variability on the other (Wilson and Henry 1998).",4,The respective focus on linguistic competence and general linguistic principles versus performance and variability causes formal syntactic theory and variationist sociolinguistics to be depicted as somewhat incompatible opposites (Wilson and Henry 1998).
glossa-4968-childs,1 Introduction,"Negation is a fervently-debated phenomenon within formal syntactic enquiry, as it is a universal property of language that is, at the same time, highly variable in terms of how it is expressed (Mazzon 2004: 94). The variability of negation also makes it an intriguing object of study for variationist sociolinguists, given their interest in the factors that condition speakers’ choices between linguistic forms that convey the same meaning (Tagliamonte 2006). Formal syntactic theory and variationist sociolinguistics are often depicted as somewhat incompatible “opposites”, because of their respective focus on linguistic competence and general linguistic principles on the one hand, versus performance and variability on the other (Wilson and Henry 1998). However, recent studies have advocated bridging the gap between the two in analysing morpho-syntactic variation and change (Wilson and Henry 1998; Adger and Smith 2005; 2010; Cornips and Corrigan 2005a; b; Adger and Trousdale 2007; Buchstaller et al. 2013; Burnett et al. under review), with Barbiers (2005: 235) suggesting that “it is the task of sociolinguists to describe and explain the patterns of variation that occur within a linguistic community given the theoretical limits of this variation uncovered by generative linguistics [emphasis mine]”. This paper takes such an approach and argues that integrating formal theory into variationist analysis of morpho-syntactic variation allows for: (i) more careful delimitation of the linguistic variable and its contexts, taking into consideration the constraints of the grammar; (ii) theoretically-informed decision-making as to the inclusion and exclusion of tokens; and (iii) using production data to test hypotheses that can elucidate how variants are derived from the grammar. Adopting this approach, my investigation focuses specifically on the alternation between not-negation (1), no-negation (2) and negative concord (3) in English.11",1,"Formal syntactic theory and variationist sociolinguistics are often depicted as somewhat incompatible “opposites”, because of their respective focus on linguistic competence and general linguistic principles on the one hand, versus performance and variability on the other (Wilson and Henry 1998).",1,Formal syntactic theory and variationist sociolinguistics are often depicted as somewhat incompatible opposites (Wilson and Henry 1998).
glossa-4968-childs,1 Introduction,"Negation is a fervently-debated phenomenon within formal syntactic enquiry, as it is a universal property of language that is, at the same time, highly variable in terms of how it is expressed (Mazzon 2004: 94). The variability of negation also makes it an intriguing object of study for variationist sociolinguists, given their interest in the factors that condition speakers’ choices between linguistic forms that convey the same meaning (Tagliamonte 2006). Formal syntactic theory and variationist sociolinguistics are often depicted as somewhat incompatible “opposites”, because of their respective focus on linguistic competence and general linguistic principles on the one hand, versus performance and variability on the other (Wilson and Henry 1998). However, recent studies have advocated bridging the gap between the two in analysing morpho-syntactic variation and change (Wilson and Henry 1998; Adger and Smith 2005; 2010; Cornips and Corrigan 2005a; b; Adger and Trousdale 2007; Buchstaller et al. 2013; Burnett et al. under review), with Barbiers (2005: 235) suggesting that “it is the task of sociolinguists to describe and explain the patterns of variation that occur within a linguistic community given the theoretical limits of this variation uncovered by generative linguistics [emphasis mine]”. This paper takes such an approach and argues that integrating formal theory into variationist analysis of morpho-syntactic variation allows for: (i) more careful delimitation of the linguistic variable and its contexts, taking into consideration the constraints of the grammar; (ii) theoretically-informed decision-making as to the inclusion and exclusion of tokens; and (iii) using production data to test hypotheses that can elucidate how variants are derived from the grammar. Adopting this approach, my investigation focuses specifically on the alternation between not-negation (1), no-negation (2) and negative concord (3) in English.11",1,"Formal syntactic theory and variationist sociolinguistics are often depicted as somewhat incompatible “opposites”, because of their respective focus on linguistic competence and general linguistic principles on the one hand, versus performance and variability on the other (Wilson and Henry 1998).",2,Formal syntactic theory focuses on linguistic competence and general linguistic principles (Wilson and Henry 1998).
glossa-4968-childs,1 Introduction,"Negation is a fervently-debated phenomenon within formal syntactic enquiry, as it is a universal property of language that is, at the same time, highly variable in terms of how it is expressed (Mazzon 2004: 94). The variability of negation also makes it an intriguing object of study for variationist sociolinguists, given their interest in the factors that condition speakers’ choices between linguistic forms that convey the same meaning (Tagliamonte 2006). Formal syntactic theory and variationist sociolinguistics are often depicted as somewhat incompatible “opposites”, because of their respective focus on linguistic competence and general linguistic principles on the one hand, versus performance and variability on the other (Wilson and Henry 1998). However, recent studies have advocated bridging the gap between the two in analysing morpho-syntactic variation and change (Wilson and Henry 1998; Adger and Smith 2005; 2010; Cornips and Corrigan 2005a; b; Adger and Trousdale 2007; Buchstaller et al. 2013; Burnett et al. under review), with Barbiers (2005: 235) suggesting that “it is the task of sociolinguists to describe and explain the patterns of variation that occur within a linguistic community given the theoretical limits of this variation uncovered by generative linguistics [emphasis mine]”. This paper takes such an approach and argues that integrating formal theory into variationist analysis of morpho-syntactic variation allows for: (i) more careful delimitation of the linguistic variable and its contexts, taking into consideration the constraints of the grammar; (ii) theoretically-informed decision-making as to the inclusion and exclusion of tokens; and (iii) using production data to test hypotheses that can elucidate how variants are derived from the grammar. Adopting this approach, my investigation focuses specifically on the alternation between not-negation (1), no-negation (2) and negative concord (3) in English.11",1,"Formal syntactic theory and variationist sociolinguistics are often depicted as somewhat incompatible “opposites”, because of their respective focus on linguistic competence and general linguistic principles on the one hand, versus performance and variability on the other (Wilson and Henry 1998).",3,Variationist sociolinguistics focuses on performance and variability (Wilson and Henry 1998).
glossa-4968-childs,1 Introduction,"Negation is a fervently-debated phenomenon within formal syntactic enquiry, as it is a universal property of language that is, at the same time, highly variable in terms of how it is expressed (Mazzon 2004: 94). The variability of negation also makes it an intriguing object of study for variationist sociolinguists, given their interest in the factors that condition speakers’ choices between linguistic forms that convey the same meaning (Tagliamonte 2006). Formal syntactic theory and variationist sociolinguistics are often depicted as somewhat incompatible “opposites”, because of their respective focus on linguistic competence and general linguistic principles on the one hand, versus performance and variability on the other (Wilson and Henry 1998). However, recent studies have advocated bridging the gap between the two in analysing morpho-syntactic variation and change (Wilson and Henry 1998; Adger and Smith 2005; 2010; Cornips and Corrigan 2005a; b; Adger and Trousdale 2007; Buchstaller et al. 2013; Burnett et al. under review), with Barbiers (2005: 235) suggesting that “it is the task of sociolinguists to describe and explain the patterns of variation that occur within a linguistic community given the theoretical limits of this variation uncovered by generative linguistics [emphasis mine]”. This paper takes such an approach and argues that integrating formal theory into variationist analysis of morpho-syntactic variation allows for: (i) more careful delimitation of the linguistic variable and its contexts, taking into consideration the constraints of the grammar; (ii) theoretically-informed decision-making as to the inclusion and exclusion of tokens; and (iii) using production data to test hypotheses that can elucidate how variants are derived from the grammar. Adopting this approach, my investigation focuses specifically on the alternation between not-negation (1), no-negation (2) and negative concord (3) in English.11",1,"Formal syntactic theory and variationist sociolinguistics are often depicted as somewhat incompatible “opposites”, because of their respective focus on linguistic competence and general linguistic principles on the one hand, versus performance and variability on the other (Wilson and Henry 1998).",4,The focus of formal syntactic theory on linguistic competence and general linguistic principles versus the focus of variationist sociolinguistics on performance and variability causes them to be depicted as somewhat incompatible opposites (Wilson and Henry 1998).
glossa-4968-childs,1 Introduction,"Negation is a fervently-debated phenomenon within formal syntactic enquiry, as it is a universal property of language that is, at the same time, highly variable in terms of how it is expressed (Mazzon 2004: 94). The variability of negation also makes it an intriguing object of study for variationist sociolinguists, given their interest in the factors that condition speakers’ choices between linguistic forms that convey the same meaning (Tagliamonte 2006). Formal syntactic theory and variationist sociolinguistics are often depicted as somewhat incompatible “opposites”, because of their respective focus on linguistic competence and general linguistic principles on the one hand, versus performance and variability on the other (Wilson and Henry 1998). However, recent studies have advocated bridging the gap between the two in analysing morpho-syntactic variation and change (Wilson and Henry 1998; Adger and Smith 2005; 2010; Cornips and Corrigan 2005a; b; Adger and Trousdale 2007; Buchstaller et al. 2013; Burnett et al. under review), with Barbiers (2005: 235) suggesting that “it is the task of sociolinguists to describe and explain the patterns of variation that occur within a linguistic community given the theoretical limits of this variation uncovered by generative linguistics [emphasis mine]”. This paper takes such an approach and argues that integrating formal theory into variationist analysis of morpho-syntactic variation allows for: (i) more careful delimitation of the linguistic variable and its contexts, taking into consideration the constraints of the grammar; (ii) theoretically-informed decision-making as to the inclusion and exclusion of tokens; and (iii) using production data to test hypotheses that can elucidate how variants are derived from the grammar. Adopting this approach, my investigation focuses specifically on the alternation between not-negation (1), no-negation (2) and negative concord (3) in English.13",1,"Formal syntactic theory and variationist sociolinguistics are often depicted as somewhat incompatible “opposites”, because of their respective focus on linguistic competence and general linguistic principles on the one hand, versus performance and variability on the other (Wilson and Henry 1998).",1,Formal syntactic theory and variationist sociolinguistics are often depicted as somewhat incompatible opposites (Wilson and Henry 1998).
glossa-4968-childs,1 Introduction,"Negation is a fervently-debated phenomenon within formal syntactic enquiry, as it is a universal property of language that is, at the same time, highly variable in terms of how it is expressed (Mazzon 2004: 94). The variability of negation also makes it an intriguing object of study for variationist sociolinguists, given their interest in the factors that condition speakers’ choices between linguistic forms that convey the same meaning (Tagliamonte 2006). Formal syntactic theory and variationist sociolinguistics are often depicted as somewhat incompatible “opposites”, because of their respective focus on linguistic competence and general linguistic principles on the one hand, versus performance and variability on the other (Wilson and Henry 1998). However, recent studies have advocated bridging the gap between the two in analysing morpho-syntactic variation and change (Wilson and Henry 1998; Adger and Smith 2005; 2010; Cornips and Corrigan 2005a; b; Adger and Trousdale 2007; Buchstaller et al. 2013; Burnett et al. under review), with Barbiers (2005: 235) suggesting that “it is the task of sociolinguists to describe and explain the patterns of variation that occur within a linguistic community given the theoretical limits of this variation uncovered by generative linguistics [emphasis mine]”. This paper takes such an approach and argues that integrating formal theory into variationist analysis of morpho-syntactic variation allows for: (i) more careful delimitation of the linguistic variable and its contexts, taking into consideration the constraints of the grammar; (ii) theoretically-informed decision-making as to the inclusion and exclusion of tokens; and (iii) using production data to test hypotheses that can elucidate how variants are derived from the grammar. Adopting this approach, my investigation focuses specifically on the alternation between not-negation (1), no-negation (2) and negative concord (3) in English.13",1,"Formal syntactic theory and variationist sociolinguistics are often depicted as somewhat incompatible “opposites”, because of their respective focus on linguistic competence and general linguistic principles on the one hand, versus performance and variability on the other (Wilson and Henry 1998).",2,Formal syntactic theory focuses on linguistic competence and general linguistic principles (Wilson and Henry 1998).
glossa-4968-childs,1 Introduction,"Negation is a fervently-debated phenomenon within formal syntactic enquiry, as it is a universal property of language that is, at the same time, highly variable in terms of how it is expressed (Mazzon 2004: 94). The variability of negation also makes it an intriguing object of study for variationist sociolinguists, given their interest in the factors that condition speakers’ choices between linguistic forms that convey the same meaning (Tagliamonte 2006). Formal syntactic theory and variationist sociolinguistics are often depicted as somewhat incompatible “opposites”, because of their respective focus on linguistic competence and general linguistic principles on the one hand, versus performance and variability on the other (Wilson and Henry 1998). However, recent studies have advocated bridging the gap between the two in analysing morpho-syntactic variation and change (Wilson and Henry 1998; Adger and Smith 2005; 2010; Cornips and Corrigan 2005a; b; Adger and Trousdale 2007; Buchstaller et al. 2013; Burnett et al. under review), with Barbiers (2005: 235) suggesting that “it is the task of sociolinguists to describe and explain the patterns of variation that occur within a linguistic community given the theoretical limits of this variation uncovered by generative linguistics [emphasis mine]”. This paper takes such an approach and argues that integrating formal theory into variationist analysis of morpho-syntactic variation allows for: (i) more careful delimitation of the linguistic variable and its contexts, taking into consideration the constraints of the grammar; (ii) theoretically-informed decision-making as to the inclusion and exclusion of tokens; and (iii) using production data to test hypotheses that can elucidate how variants are derived from the grammar. Adopting this approach, my investigation focuses specifically on the alternation between not-negation (1), no-negation (2) and negative concord (3) in English.13",1,"Formal syntactic theory and variationist sociolinguistics are often depicted as somewhat incompatible “opposites”, because of their respective focus on linguistic competence and general linguistic principles on the one hand, versus performance and variability on the other (Wilson and Henry 1998).",3,Variationist sociolinguistics focuses on performance and variability (Wilson and Henry 1998).
glossa-4968-childs,1 Introduction,"Negation is a fervently-debated phenomenon within formal syntactic enquiry, as it is a universal property of language that is, at the same time, highly variable in terms of how it is expressed (Mazzon 2004: 94). The variability of negation also makes it an intriguing object of study for variationist sociolinguists, given their interest in the factors that condition speakers’ choices between linguistic forms that convey the same meaning (Tagliamonte 2006). Formal syntactic theory and variationist sociolinguistics are often depicted as somewhat incompatible “opposites”, because of their respective focus on linguistic competence and general linguistic principles on the one hand, versus performance and variability on the other (Wilson and Henry 1998). However, recent studies have advocated bridging the gap between the two in analysing morpho-syntactic variation and change (Wilson and Henry 1998; Adger and Smith 2005; 2010; Cornips and Corrigan 2005a; b; Adger and Trousdale 2007; Buchstaller et al. 2013; Burnett et al. under review), with Barbiers (2005: 235) suggesting that “it is the task of sociolinguists to describe and explain the patterns of variation that occur within a linguistic community given the theoretical limits of this variation uncovered by generative linguistics [emphasis mine]”. This paper takes such an approach and argues that integrating formal theory into variationist analysis of morpho-syntactic variation allows for: (i) more careful delimitation of the linguistic variable and its contexts, taking into consideration the constraints of the grammar; (ii) theoretically-informed decision-making as to the inclusion and exclusion of tokens; and (iii) using production data to test hypotheses that can elucidate how variants are derived from the grammar. Adopting this approach, my investigation focuses specifically on the alternation between not-negation (1), no-negation (2) and negative concord (3) in English.13",1,"Formal syntactic theory and variationist sociolinguistics are often depicted as somewhat incompatible “opposites”, because of their respective focus on linguistic competence and general linguistic principles on the one hand, versus performance and variability on the other (Wilson and Henry 1998).",4,The focus of formal syntactic theory on linguistic competence and general linguistic principles versus the focus of variationist sociolinguistics on performance and variability is the reason why the two are often depicted as somewhat incompatible opposites (Wilson and Henry 1998).
glossa-4968-childs,1 Introduction,"Negation is a fervently-debated phenomenon within formal syntactic enquiry, as it is a universal property of language that is, at the same time, highly variable in terms of how it is expressed (Mazzon 2004: 94). The variability of negation also makes it an intriguing object of study for variationist sociolinguists, given their interest in the factors that condition speakers’ choices between linguistic forms that convey the same meaning (Tagliamonte 2006). Formal syntactic theory and variationist sociolinguistics are often depicted as somewhat incompatible “opposites”, because of their respective focus on linguistic competence and general linguistic principles on the one hand, versus performance and variability on the other (Wilson and Henry 1998). However, recent studies have advocated bridging the gap between the two in analysing morpho-syntactic variation and change (Wilson and Henry 1998; Adger and Smith 2005; 2010; Cornips and Corrigan 2005a; b; Adger and Trousdale 2007; Buchstaller et al. 2013; Burnett et al. under review), with Barbiers (2005: 235) suggesting that “it is the task of sociolinguists to describe and explain the patterns of variation that occur within a linguistic community given the theoretical limits of this variation uncovered by generative linguistics [emphasis mine]”. This paper takes such an approach and argues that integrating formal theory into variationist analysis of morpho-syntactic variation allows for: (i) more careful delimitation of the linguistic variable and its contexts, taking into consideration the constraints of the grammar; (ii) theoretically-informed decision-making as to the inclusion and exclusion of tokens; and (iii) using production data to test hypotheses that can elucidate how variants are derived from the grammar. Adopting this approach, my investigation focuses specifically on the alternation between not-negation (1), no-negation (2) and negative concord (3) in English.17",1,"However, recent studies have advocated bridging the gap between the two in analysing morpho-syntactic variation and change (Wilson and Henry 1998; Adger and Smith 2005; 2010; Cornips and Corrigan 2005a; b; Adger and Trousdale 2007; Buchstaller et al. 2013; Burnett et al. under review), with Barbiers (2005: 235) suggesting that “it is the task of sociolinguists to describe and explain the patterns of variation that occur within a linguistic community given the theoretical limits of this variation uncovered by generative linguistics [emphasis mine]”.",1,Recent studies have advocated bridging the gap between formal syntactic theory and variationist sociolinguistics in analysing morpho-syntactic variation and change (Wilson and Henry 1998; Adger and Smith 2005; 2010; Cornips and Corrigan 2005a; b; Adger and Trousdale 2007; Buchstaller et al. 2013; Burnett et al. under review).
glossa-4968-childs,1 Introduction,"Negation is a fervently-debated phenomenon within formal syntactic enquiry, as it is a universal property of language that is, at the same time, highly variable in terms of how it is expressed (Mazzon 2004: 94). The variability of negation also makes it an intriguing object of study for variationist sociolinguists, given their interest in the factors that condition speakers’ choices between linguistic forms that convey the same meaning (Tagliamonte 2006). Formal syntactic theory and variationist sociolinguistics are often depicted as somewhat incompatible “opposites”, because of their respective focus on linguistic competence and general linguistic principles on the one hand, versus performance and variability on the other (Wilson and Henry 1998). However, recent studies have advocated bridging the gap between the two in analysing morpho-syntactic variation and change (Wilson and Henry 1998; Adger and Smith 2005; 2010; Cornips and Corrigan 2005a; b; Adger and Trousdale 2007; Buchstaller et al. 2013; Burnett et al. under review), with Barbiers (2005: 235) suggesting that “it is the task of sociolinguists to describe and explain the patterns of variation that occur within a linguistic community given the theoretical limits of this variation uncovered by generative linguistics [emphasis mine]”. This paper takes such an approach and argues that integrating formal theory into variationist analysis of morpho-syntactic variation allows for: (i) more careful delimitation of the linguistic variable and its contexts, taking into consideration the constraints of the grammar; (ii) theoretically-informed decision-making as to the inclusion and exclusion of tokens; and (iii) using production data to test hypotheses that can elucidate how variants are derived from the grammar. Adopting this approach, my investigation focuses specifically on the alternation between not-negation (1), no-negation (2) and negative concord (3) in English.17",1,"However, recent studies have advocated bridging the gap between the two in analysing morpho-syntactic variation and change (Wilson and Henry 1998; Adger and Smith 2005; 2010; Cornips and Corrigan 2005a; b; Adger and Trousdale 2007; Buchstaller et al. 2013; Burnett et al. under review), with Barbiers (2005: 235) suggesting that “it is the task of sociolinguists to describe and explain the patterns of variation that occur within a linguistic community given the theoretical limits of this variation uncovered by generative linguistics [emphasis mine]”.",2,Barbiers (2005: 235) suggests that 'it is the task of sociolinguists to describe and explain the patterns of variation that occur within a linguistic community given the theoretical limits of this variation uncovered by generative linguistics [emphasis mine]'.
glossa-4968-childs,1 Introduction,"Negation is a fervently-debated phenomenon within formal syntactic enquiry, as it is a universal property of language that is, at the same time, highly variable in terms of how it is expressed (Mazzon 2004: 94). The variability of negation also makes it an intriguing object of study for variationist sociolinguists, given their interest in the factors that condition speakers’ choices between linguistic forms that convey the same meaning (Tagliamonte 2006). Formal syntactic theory and variationist sociolinguistics are often depicted as somewhat incompatible “opposites”, because of their respective focus on linguistic competence and general linguistic principles on the one hand, versus performance and variability on the other (Wilson and Henry 1998). However, recent studies have advocated bridging the gap between the two in analysing morpho-syntactic variation and change (Wilson and Henry 1998; Adger and Smith 2005; 2010; Cornips and Corrigan 2005a; b; Adger and Trousdale 2007; Buchstaller et al. 2013; Burnett et al. under review), with Barbiers (2005: 235) suggesting that “it is the task of sociolinguists to describe and explain the patterns of variation that occur within a linguistic community given the theoretical limits of this variation uncovered by generative linguistics [emphasis mine]”. This paper takes such an approach and argues that integrating formal theory into variationist analysis of morpho-syntactic variation allows for: (i) more careful delimitation of the linguistic variable and its contexts, taking into consideration the constraints of the grammar; (ii) theoretically-informed decision-making as to the inclusion and exclusion of tokens; and (iii) using production data to test hypotheses that can elucidate how variants are derived from the grammar. Adopting this approach, my investigation focuses specifically on the alternation between not-negation (1), no-negation (2) and negative concord (3) in English.17",1,"However, recent studies have advocated bridging the gap between the two in analysing morpho-syntactic variation and change (Wilson and Henry 1998; Adger and Smith 2005; 2010; Cornips and Corrigan 2005a; b; Adger and Trousdale 2007; Buchstaller et al. 2013; Burnett et al. under review), with Barbiers (2005: 235) suggesting that “it is the task of sociolinguists to describe and explain the patterns of variation that occur within a linguistic community given the theoretical limits of this variation uncovered by generative linguistics [emphasis mine]”.",3,Generative linguistics uncovers the theoretical limits of variation.
glossa-4968-childs,1 Introduction,"Negation is a fervently-debated phenomenon within formal syntactic enquiry, as it is a universal property of language that is, at the same time, highly variable in terms of how it is expressed (Mazzon 2004: 94). The variability of negation also makes it an intriguing object of study for variationist sociolinguists, given their interest in the factors that condition speakers’ choices between linguistic forms that convey the same meaning (Tagliamonte 2006). Formal syntactic theory and variationist sociolinguistics are often depicted as somewhat incompatible “opposites”, because of their respective focus on linguistic competence and general linguistic principles on the one hand, versus performance and variability on the other (Wilson and Henry 1998). However, recent studies have advocated bridging the gap between the two in analysing morpho-syntactic variation and change (Wilson and Henry 1998; Adger and Smith 2005; 2010; Cornips and Corrigan 2005a; b; Adger and Trousdale 2007; Buchstaller et al. 2013; Burnett et al. under review), with Barbiers (2005: 235) suggesting that “it is the task of sociolinguists to describe and explain the patterns of variation that occur within a linguistic community given the theoretical limits of this variation uncovered by generative linguistics [emphasis mine]”. This paper takes such an approach and argues that integrating formal theory into variationist analysis of morpho-syntactic variation allows for: (i) more careful delimitation of the linguistic variable and its contexts, taking into consideration the constraints of the grammar; (ii) theoretically-informed decision-making as to the inclusion and exclusion of tokens; and (iii) using production data to test hypotheses that can elucidate how variants are derived from the grammar. Adopting this approach, my investigation focuses specifically on the alternation between not-negation (1), no-negation (2) and negative concord (3) in English.18",1,"However, recent studies have advocated bridging the gap between the two in analysing morpho-syntactic variation and change (Wilson and Henry 1998; Adger and Smith 2005; 2010; Cornips and Corrigan 2005a; b; Adger and Trousdale 2007; Buchstaller et al. 2013; Burnett et al. under review), with Barbiers (2005: 235) suggesting that “it is the task of sociolinguists to describe and explain the patterns of variation that occur within a linguistic community given the theoretical limits of this variation uncovered by generative linguistics [emphasis mine]”.",1,Recent studies have advocated bridging the gap between formal syntactic theory and variationist sociolinguistics in analysing morpho-syntactic variation and change (Wilson and Henry 1998; Adger and Smith 2005; 2010; Cornips and Corrigan 2005a; b; Adger and Trousdale 2007; Buchstaller et al. 2013; Burnett et al. under review).
glossa-4968-childs,1 Introduction,"Negation is a fervently-debated phenomenon within formal syntactic enquiry, as it is a universal property of language that is, at the same time, highly variable in terms of how it is expressed (Mazzon 2004: 94). The variability of negation also makes it an intriguing object of study for variationist sociolinguists, given their interest in the factors that condition speakers’ choices between linguistic forms that convey the same meaning (Tagliamonte 2006). Formal syntactic theory and variationist sociolinguistics are often depicted as somewhat incompatible “opposites”, because of their respective focus on linguistic competence and general linguistic principles on the one hand, versus performance and variability on the other (Wilson and Henry 1998). However, recent studies have advocated bridging the gap between the two in analysing morpho-syntactic variation and change (Wilson and Henry 1998; Adger and Smith 2005; 2010; Cornips and Corrigan 2005a; b; Adger and Trousdale 2007; Buchstaller et al. 2013; Burnett et al. under review), with Barbiers (2005: 235) suggesting that “it is the task of sociolinguists to describe and explain the patterns of variation that occur within a linguistic community given the theoretical limits of this variation uncovered by generative linguistics [emphasis mine]”. This paper takes such an approach and argues that integrating formal theory into variationist analysis of morpho-syntactic variation allows for: (i) more careful delimitation of the linguistic variable and its contexts, taking into consideration the constraints of the grammar; (ii) theoretically-informed decision-making as to the inclusion and exclusion of tokens; and (iii) using production data to test hypotheses that can elucidate how variants are derived from the grammar. Adopting this approach, my investigation focuses specifically on the alternation between not-negation (1), no-negation (2) and negative concord (3) in English.18",1,"However, recent studies have advocated bridging the gap between the two in analysing morpho-syntactic variation and change (Wilson and Henry 1998; Adger and Smith 2005; 2010; Cornips and Corrigan 2005a; b; Adger and Trousdale 2007; Buchstaller et al. 2013; Burnett et al. under review), with Barbiers (2005: 235) suggesting that “it is the task of sociolinguists to describe and explain the patterns of variation that occur within a linguistic community given the theoretical limits of this variation uncovered by generative linguistics [emphasis mine]”.",2,Barbiers (2005: 235) suggests that 'it is the task of sociolinguists to describe and explain the patterns of variation that occur within a linguistic community given the theoretical limits of this variation uncovered by generative linguistics [emphasis mine]'.
glossa-4968-childs,1 Introduction,"Negation is a fervently-debated phenomenon within formal syntactic enquiry, as it is a universal property of language that is, at the same time, highly variable in terms of how it is expressed (Mazzon 2004: 94). The variability of negation also makes it an intriguing object of study for variationist sociolinguists, given their interest in the factors that condition speakers’ choices between linguistic forms that convey the same meaning (Tagliamonte 2006). Formal syntactic theory and variationist sociolinguistics are often depicted as somewhat incompatible “opposites”, because of their respective focus on linguistic competence and general linguistic principles on the one hand, versus performance and variability on the other (Wilson and Henry 1998). However, recent studies have advocated bridging the gap between the two in analysing morpho-syntactic variation and change (Wilson and Henry 1998; Adger and Smith 2005; 2010; Cornips and Corrigan 2005a; b; Adger and Trousdale 2007; Buchstaller et al. 2013; Burnett et al. under review), with Barbiers (2005: 235) suggesting that “it is the task of sociolinguists to describe and explain the patterns of variation that occur within a linguistic community given the theoretical limits of this variation uncovered by generative linguistics [emphasis mine]”. This paper takes such an approach and argues that integrating formal theory into variationist analysis of morpho-syntactic variation allows for: (i) more careful delimitation of the linguistic variable and its contexts, taking into consideration the constraints of the grammar; (ii) theoretically-informed decision-making as to the inclusion and exclusion of tokens; and (iii) using production data to test hypotheses that can elucidate how variants are derived from the grammar. Adopting this approach, my investigation focuses specifically on the alternation between not-negation (1), no-negation (2) and negative concord (3) in English.18",1,"However, recent studies have advocated bridging the gap between the two in analysing morpho-syntactic variation and change (Wilson and Henry 1998; Adger and Smith 2005; 2010; Cornips and Corrigan 2005a; b; Adger and Trousdale 2007; Buchstaller et al. 2013; Burnett et al. under review), with Barbiers (2005: 235) suggesting that “it is the task of sociolinguists to describe and explain the patterns of variation that occur within a linguistic community given the theoretical limits of this variation uncovered by generative linguistics [emphasis mine]”.",3,Generative linguistics uncovers the theoretical limits of variation.
glossa-4968-childs,1 Introduction,"Negation is a fervently-debated phenomenon within formal syntactic enquiry, as it is a universal property of language that is, at the same time, highly variable in terms of how it is expressed (Mazzon 2004: 94). The variability of negation also makes it an intriguing object of study for variationist sociolinguists, given their interest in the factors that condition speakers’ choices between linguistic forms that convey the same meaning (Tagliamonte 2006). Formal syntactic theory and variationist sociolinguistics are often depicted as somewhat incompatible “opposites”, because of their respective focus on linguistic competence and general linguistic principles on the one hand, versus performance and variability on the other (Wilson and Henry 1998). However, recent studies have advocated bridging the gap between the two in analysing morpho-syntactic variation and change (Wilson and Henry 1998; Adger and Smith 2005; 2010; Cornips and Corrigan 2005a; b; Adger and Trousdale 2007; Buchstaller et al. 2013; Burnett et al. under review), with Barbiers (2005: 235) suggesting that “it is the task of sociolinguists to describe and explain the patterns of variation that occur within a linguistic community given the theoretical limits of this variation uncovered by generative linguistics [emphasis mine]”. This paper takes such an approach and argues that integrating formal theory into variationist analysis of morpho-syntactic variation allows for: (i) more careful delimitation of the linguistic variable and its contexts, taking into consideration the constraints of the grammar; (ii) theoretically-informed decision-making as to the inclusion and exclusion of tokens; and (iii) using production data to test hypotheses that can elucidate how variants are derived from the grammar. Adopting this approach, my investigation focuses specifically on the alternation between not-negation (1), no-negation (2) and negative concord (3) in English.19",1,"However, recent studies have advocated bridging the gap between the two in analysing morpho-syntactic variation and change (Wilson and Henry 1998; Adger and Smith 2005; 2010; Cornips and Corrigan 2005a; b; Adger and Trousdale 2007; Buchstaller et al. 2013; Burnett et al. under review), with Barbiers (2005: 235) suggesting that ""it is the task of sociolinguists to describe and explain the patterns of variation that occur within a linguistic community given the theoretical limits of this variation uncovered by generative linguistics [emphasis mine]"".",1,Recent studies have advocated bridging the gap between formal syntactic theory and variationist sociolinguistics in analysing morpho-syntactic variation and change (Wilson and Henry 1998; Adger and Smith 2005; 2010; Cornips and Corrigan 2005a; b; Adger and Trousdale 2007; Buchstaller et al. 2013; Burnett et al. under review).
glossa-4968-childs,1 Introduction,"Negation is a fervently-debated phenomenon within formal syntactic enquiry, as it is a universal property of language that is, at the same time, highly variable in terms of how it is expressed (Mazzon 2004: 94). The variability of negation also makes it an intriguing object of study for variationist sociolinguists, given their interest in the factors that condition speakers’ choices between linguistic forms that convey the same meaning (Tagliamonte 2006). Formal syntactic theory and variationist sociolinguistics are often depicted as somewhat incompatible “opposites”, because of their respective focus on linguistic competence and general linguistic principles on the one hand, versus performance and variability on the other (Wilson and Henry 1998). However, recent studies have advocated bridging the gap between the two in analysing morpho-syntactic variation and change (Wilson and Henry 1998; Adger and Smith 2005; 2010; Cornips and Corrigan 2005a; b; Adger and Trousdale 2007; Buchstaller et al. 2013; Burnett et al. under review), with Barbiers (2005: 235) suggesting that “it is the task of sociolinguists to describe and explain the patterns of variation that occur within a linguistic community given the theoretical limits of this variation uncovered by generative linguistics [emphasis mine]”. This paper takes such an approach and argues that integrating formal theory into variationist analysis of morpho-syntactic variation allows for: (i) more careful delimitation of the linguistic variable and its contexts, taking into consideration the constraints of the grammar; (ii) theoretically-informed decision-making as to the inclusion and exclusion of tokens; and (iii) using production data to test hypotheses that can elucidate how variants are derived from the grammar. Adopting this approach, my investigation focuses specifically on the alternation between not-negation (1), no-negation (2) and negative concord (3) in English.19",1,"However, recent studies have advocated bridging the gap between the two in analysing morpho-syntactic variation and change (Wilson and Henry 1998; Adger and Smith 2005; 2010; Cornips and Corrigan 2005a; b; Adger and Trousdale 2007; Buchstaller et al. 2013; Burnett et al. under review), with Barbiers (2005: 235) suggesting that ""it is the task of sociolinguists to describe and explain the patterns of variation that occur within a linguistic community given the theoretical limits of this variation uncovered by generative linguistics [emphasis mine]"".",2,"Barbiers (2005: 235) suggests that ""it is the task of sociolinguists to describe and explain the patterns of variation that occur within a linguistic community given the theoretical limits of this variation uncovered by generative linguistics""."
glossa-4968-childs,1 Introduction,"Negation is a fervently-debated phenomenon within formal syntactic enquiry, as it is a universal property of language that is, at the same time, highly variable in terms of how it is expressed (Mazzon 2004: 94). The variability of negation also makes it an intriguing object of study for variationist sociolinguists, given their interest in the factors that condition speakers’ choices between linguistic forms that convey the same meaning (Tagliamonte 2006). Formal syntactic theory and variationist sociolinguistics are often depicted as somewhat incompatible “opposites”, because of their respective focus on linguistic competence and general linguistic principles on the one hand, versus performance and variability on the other (Wilson and Henry 1998). However, recent studies have advocated bridging the gap between the two in analysing morpho-syntactic variation and change (Wilson and Henry 1998; Adger and Smith 2005; 2010; Cornips and Corrigan 2005a; b; Adger and Trousdale 2007; Buchstaller et al. 2013; Burnett et al. under review), with Barbiers (2005: 235) suggesting that “it is the task of sociolinguists to describe and explain the patterns of variation that occur within a linguistic community given the theoretical limits of this variation uncovered by generative linguistics [emphasis mine]”. This paper takes such an approach and argues that integrating formal theory into variationist analysis of morpho-syntactic variation allows for: (i) more careful delimitation of the linguistic variable and its contexts, taking into consideration the constraints of the grammar; (ii) theoretically-informed decision-making as to the inclusion and exclusion of tokens; and (iii) using production data to test hypotheses that can elucidate how variants are derived from the grammar. Adopting this approach, my investigation focuses specifically on the alternation between not-negation (1), no-negation (2) and negative concord (3) in English.20",1,"This paper takes such an approach and argues that integrating formal theory into variationist analysis of morpho-syntactic variation allows for: (i) more careful delimitation of the linguistic variable and its contexts, taking into consideration the constraints of the grammar; (ii) theoretically-informed decision-making as to the inclusion and exclusion of tokens; and (iii) using production data to test hypotheses that can elucidate how variants are derived from the grammar.",1,"Integrating formal theory into variationist analysis of morpho-syntactic variation allows for more careful delimitation of the linguistic variable and its contexts, taking into consideration the constraints of the grammar."
glossa-4968-childs,1 Introduction,"Negation is a fervently-debated phenomenon within formal syntactic enquiry, as it is a universal property of language that is, at the same time, highly variable in terms of how it is expressed (Mazzon 2004: 94). The variability of negation also makes it an intriguing object of study for variationist sociolinguists, given their interest in the factors that condition speakers’ choices between linguistic forms that convey the same meaning (Tagliamonte 2006). Formal syntactic theory and variationist sociolinguistics are often depicted as somewhat incompatible “opposites”, because of their respective focus on linguistic competence and general linguistic principles on the one hand, versus performance and variability on the other (Wilson and Henry 1998). However, recent studies have advocated bridging the gap between the two in analysing morpho-syntactic variation and change (Wilson and Henry 1998; Adger and Smith 2005; 2010; Cornips and Corrigan 2005a; b; Adger and Trousdale 2007; Buchstaller et al. 2013; Burnett et al. under review), with Barbiers (2005: 235) suggesting that “it is the task of sociolinguists to describe and explain the patterns of variation that occur within a linguistic community given the theoretical limits of this variation uncovered by generative linguistics [emphasis mine]”. This paper takes such an approach and argues that integrating formal theory into variationist analysis of morpho-syntactic variation allows for: (i) more careful delimitation of the linguistic variable and its contexts, taking into consideration the constraints of the grammar; (ii) theoretically-informed decision-making as to the inclusion and exclusion of tokens; and (iii) using production data to test hypotheses that can elucidate how variants are derived from the grammar. Adopting this approach, my investigation focuses specifically on the alternation between not-negation (1), no-negation (2) and negative concord (3) in English.20",1,"This paper takes such an approach and argues that integrating formal theory into variationist analysis of morpho-syntactic variation allows for: (i) more careful delimitation of the linguistic variable and its contexts, taking into consideration the constraints of the grammar; (ii) theoretically-informed decision-making as to the inclusion and exclusion of tokens; and (iii) using production data to test hypotheses that can elucidate how variants are derived from the grammar.",2,Integrating formal theory into variationist analysis of morpho-syntactic variation allows for theoretically-informed decision-making as to the inclusion and exclusion of tokens.
glossa-4968-childs,1 Introduction,"Negation is a fervently-debated phenomenon within formal syntactic enquiry, as it is a universal property of language that is, at the same time, highly variable in terms of how it is expressed (Mazzon 2004: 94). The variability of negation also makes it an intriguing object of study for variationist sociolinguists, given their interest in the factors that condition speakers’ choices between linguistic forms that convey the same meaning (Tagliamonte 2006). Formal syntactic theory and variationist sociolinguistics are often depicted as somewhat incompatible “opposites”, because of their respective focus on linguistic competence and general linguistic principles on the one hand, versus performance and variability on the other (Wilson and Henry 1998). However, recent studies have advocated bridging the gap between the two in analysing morpho-syntactic variation and change (Wilson and Henry 1998; Adger and Smith 2005; 2010; Cornips and Corrigan 2005a; b; Adger and Trousdale 2007; Buchstaller et al. 2013; Burnett et al. under review), with Barbiers (2005: 235) suggesting that “it is the task of sociolinguists to describe and explain the patterns of variation that occur within a linguistic community given the theoretical limits of this variation uncovered by generative linguistics [emphasis mine]”. This paper takes such an approach and argues that integrating formal theory into variationist analysis of morpho-syntactic variation allows for: (i) more careful delimitation of the linguistic variable and its contexts, taking into consideration the constraints of the grammar; (ii) theoretically-informed decision-making as to the inclusion and exclusion of tokens; and (iii) using production data to test hypotheses that can elucidate how variants are derived from the grammar. Adopting this approach, my investigation focuses specifically on the alternation between not-negation (1), no-negation (2) and negative concord (3) in English.20",1,"This paper takes such an approach and argues that integrating formal theory into variationist analysis of morpho-syntactic variation allows for: (i) more careful delimitation of the linguistic variable and its contexts, taking into consideration the constraints of the grammar; (ii) theoretically-informed decision-making as to the inclusion and exclusion of tokens; and (iii) using production data to test hypotheses that can elucidate how variants are derived from the grammar.",3,Integrating formal theory into variationist analysis of morpho-syntactic variation allows for using production data to test hypotheses that can elucidate how variants are derived from the grammar.
glossa-4968-childs,1 Introduction,"Negation is a fervently-debated phenomenon within formal syntactic enquiry, as it is a universal property of language that is, at the same time, highly variable in terms of how it is expressed (Mazzon 2004: 94). The variability of negation also makes it an intriguing object of study for variationist sociolinguists, given their interest in the factors that condition speakers’ choices between linguistic forms that convey the same meaning (Tagliamonte 2006). Formal syntactic theory and variationist sociolinguistics are often depicted as somewhat incompatible “opposites”, because of their respective focus on linguistic competence and general linguistic principles on the one hand, versus performance and variability on the other (Wilson and Henry 1998). However, recent studies have advocated bridging the gap between the two in analysing morpho-syntactic variation and change (Wilson and Henry 1998; Adger and Smith 2005; 2010; Cornips and Corrigan 2005a; b; Adger and Trousdale 2007; Buchstaller et al. 2013; Burnett et al. under review), with Barbiers (2005: 235) suggesting that “it is the task of sociolinguists to describe and explain the patterns of variation that occur within a linguistic community given the theoretical limits of this variation uncovered by generative linguistics [emphasis mine]”. This paper takes such an approach and argues that integrating formal theory into variationist analysis of morpho-syntactic variation allows for: (i) more careful delimitation of the linguistic variable and its contexts, taking into consideration the constraints of the grammar; (ii) theoretically-informed decision-making as to the inclusion and exclusion of tokens; and (iii) using production data to test hypotheses that can elucidate how variants are derived from the grammar. Adopting this approach, my investigation focuses specifically on the alternation between not-negation (1), no-negation (2) and negative concord (3) in English.21",1,"This paper takes such an approach and argues that integrating formal theory into variationist analysis of morpho-syntactic variation allows for: (i) more careful delimitation of the linguistic variable and its contexts, taking into consideration the constraints of the grammar; (ii) theoretically-informed decision-making as to the inclusion and exclusion of tokens; and (iii) using production data to test hypotheses that can elucidate how variants are derived from the grammar.",1,"Integrating formal theory into variationist analysis of morpho-syntactic variation allows for more careful delimitation of the linguistic variable and its contexts, taking into consideration the constraints of the grammar."
glossa-4968-childs,1 Introduction,"Negation is a fervently-debated phenomenon within formal syntactic enquiry, as it is a universal property of language that is, at the same time, highly variable in terms of how it is expressed (Mazzon 2004: 94). The variability of negation also makes it an intriguing object of study for variationist sociolinguists, given their interest in the factors that condition speakers’ choices between linguistic forms that convey the same meaning (Tagliamonte 2006). Formal syntactic theory and variationist sociolinguistics are often depicted as somewhat incompatible “opposites”, because of their respective focus on linguistic competence and general linguistic principles on the one hand, versus performance and variability on the other (Wilson and Henry 1998). However, recent studies have advocated bridging the gap between the two in analysing morpho-syntactic variation and change (Wilson and Henry 1998; Adger and Smith 2005; 2010; Cornips and Corrigan 2005a; b; Adger and Trousdale 2007; Buchstaller et al. 2013; Burnett et al. under review), with Barbiers (2005: 235) suggesting that “it is the task of sociolinguists to describe and explain the patterns of variation that occur within a linguistic community given the theoretical limits of this variation uncovered by generative linguistics [emphasis mine]”. This paper takes such an approach and argues that integrating formal theory into variationist analysis of morpho-syntactic variation allows for: (i) more careful delimitation of the linguistic variable and its contexts, taking into consideration the constraints of the grammar; (ii) theoretically-informed decision-making as to the inclusion and exclusion of tokens; and (iii) using production data to test hypotheses that can elucidate how variants are derived from the grammar. Adopting this approach, my investigation focuses specifically on the alternation between not-negation (1), no-negation (2) and negative concord (3) in English.21",1,"This paper takes such an approach and argues that integrating formal theory into variationist analysis of morpho-syntactic variation allows for: (i) more careful delimitation of the linguistic variable and its contexts, taking into consideration the constraints of the grammar; (ii) theoretically-informed decision-making as to the inclusion and exclusion of tokens; and (iii) using production data to test hypotheses that can elucidate how variants are derived from the grammar.",2,Integrating formal theory into variationist analysis of morpho-syntactic variation allows for theoretically-informed decision-making as to the inclusion and exclusion of tokens.
glossa-4968-childs,1 Introduction,"Negation is a fervently-debated phenomenon within formal syntactic enquiry, as it is a universal property of language that is, at the same time, highly variable in terms of how it is expressed (Mazzon 2004: 94). The variability of negation also makes it an intriguing object of study for variationist sociolinguists, given their interest in the factors that condition speakers’ choices between linguistic forms that convey the same meaning (Tagliamonte 2006). Formal syntactic theory and variationist sociolinguistics are often depicted as somewhat incompatible “opposites”, because of their respective focus on linguistic competence and general linguistic principles on the one hand, versus performance and variability on the other (Wilson and Henry 1998). However, recent studies have advocated bridging the gap between the two in analysing morpho-syntactic variation and change (Wilson and Henry 1998; Adger and Smith 2005; 2010; Cornips and Corrigan 2005a; b; Adger and Trousdale 2007; Buchstaller et al. 2013; Burnett et al. under review), with Barbiers (2005: 235) suggesting that “it is the task of sociolinguists to describe and explain the patterns of variation that occur within a linguistic community given the theoretical limits of this variation uncovered by generative linguistics [emphasis mine]”. This paper takes such an approach and argues that integrating formal theory into variationist analysis of morpho-syntactic variation allows for: (i) more careful delimitation of the linguistic variable and its contexts, taking into consideration the constraints of the grammar; (ii) theoretically-informed decision-making as to the inclusion and exclusion of tokens; and (iii) using production data to test hypotheses that can elucidate how variants are derived from the grammar. Adopting this approach, my investigation focuses specifically on the alternation between not-negation (1), no-negation (2) and negative concord (3) in English.21",1,"This paper takes such an approach and argues that integrating formal theory into variationist analysis of morpho-syntactic variation allows for: (i) more careful delimitation of the linguistic variable and its contexts, taking into consideration the constraints of the grammar; (ii) theoretically-informed decision-making as to the inclusion and exclusion of tokens; and (iii) using production data to test hypotheses that can elucidate how variants are derived from the grammar.",3,Integrating formal theory into variationist analysis of morpho-syntactic variation allows for using production data to test hypotheses that can elucidate how variants are derived from the grammar.
