article,section,paragraph,sentence_idx,sentence_text,statement_idx,predicted_statement
glossa-5270-pineda,,"Basque is a morphologically ergative language in which intransitive verbs show two different morphological alignments: broadly speaking, agentive verbs usually occur with an ergative subject and the auxiliary edun ‘have’, whereas patientive verbs combine with an absolutive subject and the auxiliary izan ‘be’ (Levin 1983). Nevertheless, there exists some dialectal variation regarding the use of certain agentive verbs, specifically those that convey (non-static) processes, where the subject is interpreted as both the force initiating the process and the entity undergoing it. We will henceforth refer to this group of verbs as agentive process verbs. In Eastern dialects,1 some agentive process verbs combine an absolutive subject with the auxiliary izan ‘be’ (Oyharçabal 1992; Aldai 2006; 2009; 2010; Berro 2010; 2012), thus resembling other ergative – non-active – languages like Warlpiri, Niuean and Samoan, where all intransitive verbs combine with an absolutive subject (Levin 1983; Massam 2009; Tollan 2018). Even if we do not believe that verb meaning by itself (in rough terms, agentive vs. patientive) is a totally reliable predictor of the syntactic behavior of verbs, it is important to pay attention to and account for those cases where semantic generalizations are clearly contravened, as occurs with the verbs under study. With the exception of Levin (1983), previous studies have assumed that the agentive process verbs that combine with an absolutive subject in Eastern dialects are unergative and have accounted independently for the absolutive marking. In fact, these verbs belong to semantic groups that are usually considered unergative (controlled and agentive processes), and include bazkaldu ‘have lunch’, solastatu ‘talk’, borrokatu ‘fight’ or jolastu ‘play’. Moreover, they behave syntactically like unergatives in their inability to undergo causativization (Oyharçabal 2003).",1,"Basque is a morphologically ergative language in which intransitive verbs show two different morphological alignments: broadly speaking, agentive verbs usually occur with an ergative subject and the auxiliary edun ‘have’, whereas patientive verbs combine with an absolutive subject and the auxiliary izan ‘be’ (Levin 1983).",1,Basque is a morphologically ergative language.
glossa-5270-pineda,,"Basque is a morphologically ergative language in which intransitive verbs show two different morphological alignments: broadly speaking, agentive verbs usually occur with an ergative subject and the auxiliary edun ‘have’, whereas patientive verbs combine with an absolutive subject and the auxiliary izan ‘be’ (Levin 1983). Nevertheless, there exists some dialectal variation regarding the use of certain agentive verbs, specifically those that convey (non-static) processes, where the subject is interpreted as both the force initiating the process and the entity undergoing it. We will henceforth refer to this group of verbs as agentive process verbs. In Eastern dialects,1 some agentive process verbs combine an absolutive subject with the auxiliary izan ‘be’ (Oyharçabal 1992; Aldai 2006; 2009; 2010; Berro 2010; 2012), thus resembling other ergative – non-active – languages like Warlpiri, Niuean and Samoan, where all intransitive verbs combine with an absolutive subject (Levin 1983; Massam 2009; Tollan 2018). Even if we do not believe that verb meaning by itself (in rough terms, agentive vs. patientive) is a totally reliable predictor of the syntactic behavior of verbs, it is important to pay attention to and account for those cases where semantic generalizations are clearly contravened, as occurs with the verbs under study. With the exception of Levin (1983), previous studies have assumed that the agentive process verbs that combine with an absolutive subject in Eastern dialects are unergative and have accounted independently for the absolutive marking. In fact, these verbs belong to semantic groups that are usually considered unergative (controlled and agentive processes), and include bazkaldu ‘have lunch’, solastatu ‘talk’, borrokatu ‘fight’ or jolastu ‘play’. Moreover, they behave syntactically like unergatives in their inability to undergo causativization (Oyharçabal 2003).",1,"Basque is a morphologically ergative language in which intransitive verbs show two different morphological alignments: broadly speaking, agentive verbs usually occur with an ergative subject and the auxiliary edun ‘have’, whereas patientive verbs combine with an absolutive subject and the auxiliary izan ‘be’ (Levin 1983).",2,"In Basque, intransitive verbs show two different morphological alignments."
glossa-5270-pineda,,"Basque is a morphologically ergative language in which intransitive verbs show two different morphological alignments: broadly speaking, agentive verbs usually occur with an ergative subject and the auxiliary edun ‘have’, whereas patientive verbs combine with an absolutive subject and the auxiliary izan ‘be’ (Levin 1983). Nevertheless, there exists some dialectal variation regarding the use of certain agentive verbs, specifically those that convey (non-static) processes, where the subject is interpreted as both the force initiating the process and the entity undergoing it. We will henceforth refer to this group of verbs as agentive process verbs. In Eastern dialects,1 some agentive process verbs combine an absolutive subject with the auxiliary izan ‘be’ (Oyharçabal 1992; Aldai 2006; 2009; 2010; Berro 2010; 2012), thus resembling other ergative – non-active – languages like Warlpiri, Niuean and Samoan, where all intransitive verbs combine with an absolutive subject (Levin 1983; Massam 2009; Tollan 2018). Even if we do not believe that verb meaning by itself (in rough terms, agentive vs. patientive) is a totally reliable predictor of the syntactic behavior of verbs, it is important to pay attention to and account for those cases where semantic generalizations are clearly contravened, as occurs with the verbs under study. With the exception of Levin (1983), previous studies have assumed that the agentive process verbs that combine with an absolutive subject in Eastern dialects are unergative and have accounted independently for the absolutive marking. In fact, these verbs belong to semantic groups that are usually considered unergative (controlled and agentive processes), and include bazkaldu ‘have lunch’, solastatu ‘talk’, borrokatu ‘fight’ or jolastu ‘play’. Moreover, they behave syntactically like unergatives in their inability to undergo causativization (Oyharçabal 2003).",1,"Basque is a morphologically ergative language in which intransitive verbs show two different morphological alignments: broadly speaking, agentive verbs usually occur with an ergative subject and the auxiliary edun ‘have’, whereas patientive verbs combine with an absolutive subject and the auxiliary izan ‘be’ (Levin 1983).",3,"In Basque, agentive verbs usually occur with an ergative subject and the auxiliary edun."
glossa-5270-pineda,,"Basque is a morphologically ergative language in which intransitive verbs show two different morphological alignments: broadly speaking, agentive verbs usually occur with an ergative subject and the auxiliary edun ‘have’, whereas patientive verbs combine with an absolutive subject and the auxiliary izan ‘be’ (Levin 1983). Nevertheless, there exists some dialectal variation regarding the use of certain agentive verbs, specifically those that convey (non-static) processes, where the subject is interpreted as both the force initiating the process and the entity undergoing it. We will henceforth refer to this group of verbs as agentive process verbs. In Eastern dialects,1 some agentive process verbs combine an absolutive subject with the auxiliary izan ‘be’ (Oyharçabal 1992; Aldai 2006; 2009; 2010; Berro 2010; 2012), thus resembling other ergative – non-active – languages like Warlpiri, Niuean and Samoan, where all intransitive verbs combine with an absolutive subject (Levin 1983; Massam 2009; Tollan 2018). Even if we do not believe that verb meaning by itself (in rough terms, agentive vs. patientive) is a totally reliable predictor of the syntactic behavior of verbs, it is important to pay attention to and account for those cases where semantic generalizations are clearly contravened, as occurs with the verbs under study. With the exception of Levin (1983), previous studies have assumed that the agentive process verbs that combine with an absolutive subject in Eastern dialects are unergative and have accounted independently for the absolutive marking. In fact, these verbs belong to semantic groups that are usually considered unergative (controlled and agentive processes), and include bazkaldu ‘have lunch’, solastatu ‘talk’, borrokatu ‘fight’ or jolastu ‘play’. Moreover, they behave syntactically like unergatives in their inability to undergo causativization (Oyharçabal 2003).",1,"Basque is a morphologically ergative language in which intransitive verbs show two different morphological alignments: broadly speaking, agentive verbs usually occur with an ergative subject and the auxiliary edun ‘have’, whereas patientive verbs combine with an absolutive subject and the auxiliary izan ‘be’ (Levin 1983).",4,"According to Levin (1983), in Basque, patientive verbs combine with an absolutive subject and the auxiliary izan."
glossa-5270-pineda,,"Basque is a morphologically ergative language in which intransitive verbs show two different morphological alignments: broadly speaking, agentive verbs usually occur with an ergative subject and the auxiliary edun ‘have’, whereas patientive verbs combine with an absolutive subject and the auxiliary izan ‘be’ (Levin 1983). Nevertheless, there exists some dialectal variation regarding the use of certain agentive verbs, specifically those that convey (non-static) processes, where the subject is interpreted as both the force initiating the process and the entity undergoing it. We will henceforth refer to this group of verbs as agentive process verbs. In Eastern dialects,1 some agentive process verbs combine an absolutive subject with the auxiliary izan ‘be’ (Oyharçabal 1992; Aldai 2006; 2009; 2010; Berro 2010; 2012), thus resembling other ergative – non-active – languages like Warlpiri, Niuean and Samoan, where all intransitive verbs combine with an absolutive subject (Levin 1983; Massam 2009; Tollan 2018). Even if we do not believe that verb meaning by itself (in rough terms, agentive vs. patientive) is a totally reliable predictor of the syntactic behavior of verbs, it is important to pay attention to and account for those cases where semantic generalizations are clearly contravened, as occurs with the verbs under study. With the exception of Levin (1983), previous studies have assumed that the agentive process verbs that combine with an absolutive subject in Eastern dialects are unergative and have accounted independently for the absolutive marking. In fact, these verbs belong to semantic groups that are usually considered unergative (controlled and agentive processes), and include bazkaldu ‘have lunch’, solastatu ‘talk’, borrokatu ‘fight’ or jolastu ‘play’. Moreover, they behave syntactically like unergatives in their inability to undergo causativization (Oyharçabal 2003).",2,"Nevertheless, there exists some dialectal variation regarding the use of certain agentive verbs, specifically those that convey (non-static) processes, where the subject is interpreted as both the force initiating the process and the entity undergoing it.",1,"In Basque, certain agentive verbs that convey non-static processes show dialectal variation in their use."
glossa-5270-pineda,,"Basque is a morphologically ergative language in which intransitive verbs show two different morphological alignments: broadly speaking, agentive verbs usually occur with an ergative subject and the auxiliary edun ‘have’, whereas patientive verbs combine with an absolutive subject and the auxiliary izan ‘be’ (Levin 1983). Nevertheless, there exists some dialectal variation regarding the use of certain agentive verbs, specifically those that convey (non-static) processes, where the subject is interpreted as both the force initiating the process and the entity undergoing it. We will henceforth refer to this group of verbs as agentive process verbs. In Eastern dialects,1 some agentive process verbs combine an absolutive subject with the auxiliary izan ‘be’ (Oyharçabal 1992; Aldai 2006; 2009; 2010; Berro 2010; 2012), thus resembling other ergative – non-active – languages like Warlpiri, Niuean and Samoan, where all intransitive verbs combine with an absolutive subject (Levin 1983; Massam 2009; Tollan 2018). Even if we do not believe that verb meaning by itself (in rough terms, agentive vs. patientive) is a totally reliable predictor of the syntactic behavior of verbs, it is important to pay attention to and account for those cases where semantic generalizations are clearly contravened, as occurs with the verbs under study. With the exception of Levin (1983), previous studies have assumed that the agentive process verbs that combine with an absolutive subject in Eastern dialects are unergative and have accounted independently for the absolutive marking. In fact, these verbs belong to semantic groups that are usually considered unergative (controlled and agentive processes), and include bazkaldu ‘have lunch’, solastatu ‘talk’, borrokatu ‘fight’ or jolastu ‘play’. Moreover, they behave syntactically like unergatives in their inability to undergo causativization (Oyharçabal 2003).",2,"Nevertheless, there exists some dialectal variation regarding the use of certain agentive verbs, specifically those that convey (non-static) processes, where the subject is interpreted as both the force initiating the process and the entity undergoing it.",2,"In Basque, for certain agentive verbs that convey non-static processes, the subject is interpreted as both the force initiating the process and the entity undergoing the process."
glossa-5270-pineda,,"Basque is a morphologically ergative language in which intransitive verbs show two different morphological alignments: broadly speaking, agentive verbs usually occur with an ergative subject and the auxiliary edun ‘have’, whereas patientive verbs combine with an absolutive subject and the auxiliary izan ‘be’ (Levin 1983). Nevertheless, there exists some dialectal variation regarding the use of certain agentive verbs, specifically those that convey (non-static) processes, where the subject is interpreted as both the force initiating the process and the entity undergoing it. We will henceforth refer to this group of verbs as agentive process verbs. In Eastern dialects,1 some agentive process verbs combine an absolutive subject with the auxiliary izan ‘be’ (Oyharçabal 1992; Aldai 2006; 2009; 2010; Berro 2010; 2012), thus resembling other ergative – non-active – languages like Warlpiri, Niuean and Samoan, where all intransitive verbs combine with an absolutive subject (Levin 1983; Massam 2009; Tollan 2018). Even if we do not believe that verb meaning by itself (in rough terms, agentive vs. patientive) is a totally reliable predictor of the syntactic behavior of verbs, it is important to pay attention to and account for those cases where semantic generalizations are clearly contravened, as occurs with the verbs under study. With the exception of Levin (1983), previous studies have assumed that the agentive process verbs that combine with an absolutive subject in Eastern dialects are unergative and have accounted independently for the absolutive marking. In fact, these verbs belong to semantic groups that are usually considered unergative (controlled and agentive processes), and include bazkaldu ‘have lunch’, solastatu ‘talk’, borrokatu ‘fight’ or jolastu ‘play’. Moreover, they behave syntactically like unergatives in their inability to undergo causativization (Oyharçabal 2003).",3,We will henceforth refer to this group of verbs as agentive process verbs.,1,The term agentive process verbs refers to agentive verbs in Basque that convey non-static processes in which the subject is both the initiator of the process and the entity undergoing the process.
glossa-5270-pineda,,"Basque is a morphologically ergative language in which intransitive verbs show two different morphological alignments: broadly speaking, agentive verbs usually occur with an ergative subject and the auxiliary edun ‘have’, whereas patientive verbs combine with an absolutive subject and the auxiliary izan ‘be’ (Levin 1983). Nevertheless, there exists some dialectal variation regarding the use of certain agentive verbs, specifically those that convey (non-static) processes, where the subject is interpreted as both the force initiating the process and the entity undergoing it. We will henceforth refer to this group of verbs as agentive process verbs. In Eastern dialects,1 some agentive process verbs combine an absolutive subject with the auxiliary izan ‘be’ (Oyharçabal 1992; Aldai 2006; 2009; 2010; Berro 2010; 2012), thus resembling other ergative – non-active – languages like Warlpiri, Niuean and Samoan, where all intransitive verbs combine with an absolutive subject (Levin 1983; Massam 2009; Tollan 2018). Even if we do not believe that verb meaning by itself (in rough terms, agentive vs. patientive) is a totally reliable predictor of the syntactic behavior of verbs, it is important to pay attention to and account for those cases where semantic generalizations are clearly contravened, as occurs with the verbs under study. With the exception of Levin (1983), previous studies have assumed that the agentive process verbs that combine with an absolutive subject in Eastern dialects are unergative and have accounted independently for the absolutive marking. In fact, these verbs belong to semantic groups that are usually considered unergative (controlled and agentive processes), and include bazkaldu ‘have lunch’, solastatu ‘talk’, borrokatu ‘fight’ or jolastu ‘play’. Moreover, they behave syntactically like unergatives in their inability to undergo causativization (Oyharçabal 2003).",4,"In Eastern dialects,1 some agentive process verbs combine an absolutive subject with the auxiliary izan ‘be’ (Oyharçabal 1992; Aldai 2006; 2009; 2010; Berro 2010; 2012), thus resembling other ergative – non-active – languages like Warlpiri, Niuean and Samoan, where all intransitive verbs combine with an absolutive subject (Levin 1983; Massam 2009; Tollan 2018).",1,"In Eastern dialects of Basque, some agentive process verbs combine an absolutive subject with the auxiliary izan."
glossa-5270-pineda,,"Basque is a morphologically ergative language in which intransitive verbs show two different morphological alignments: broadly speaking, agentive verbs usually occur with an ergative subject and the auxiliary edun ‘have’, whereas patientive verbs combine with an absolutive subject and the auxiliary izan ‘be’ (Levin 1983). Nevertheless, there exists some dialectal variation regarding the use of certain agentive verbs, specifically those that convey (non-static) processes, where the subject is interpreted as both the force initiating the process and the entity undergoing it. We will henceforth refer to this group of verbs as agentive process verbs. In Eastern dialects,1 some agentive process verbs combine an absolutive subject with the auxiliary izan ‘be’ (Oyharçabal 1992; Aldai 2006; 2009; 2010; Berro 2010; 2012), thus resembling other ergative – non-active – languages like Warlpiri, Niuean and Samoan, where all intransitive verbs combine with an absolutive subject (Levin 1983; Massam 2009; Tollan 2018). Even if we do not believe that verb meaning by itself (in rough terms, agentive vs. patientive) is a totally reliable predictor of the syntactic behavior of verbs, it is important to pay attention to and account for those cases where semantic generalizations are clearly contravened, as occurs with the verbs under study. With the exception of Levin (1983), previous studies have assumed that the agentive process verbs that combine with an absolutive subject in Eastern dialects are unergative and have accounted independently for the absolutive marking. In fact, these verbs belong to semantic groups that are usually considered unergative (controlled and agentive processes), and include bazkaldu ‘have lunch’, solastatu ‘talk’, borrokatu ‘fight’ or jolastu ‘play’. Moreover, they behave syntactically like unergatives in their inability to undergo causativization (Oyharçabal 2003).",4,"In Eastern dialects,1 some agentive process verbs combine an absolutive subject with the auxiliary izan ‘be’ (Oyharçabal 1992; Aldai 2006; 2009; 2010; Berro 2010; 2012), thus resembling other ergative – non-active – languages like Warlpiri, Niuean and Samoan, where all intransitive verbs combine with an absolutive subject (Levin 1983; Massam 2009; Tollan 2018).",2,"According to Oyharçabal (1992), Aldai (2006; 2009; 2010), and Berro (2010; 2012), in Eastern dialects of Basque, some agentive process verbs combine an absolutive subject with the auxiliary izan."
glossa-5270-pineda,,"Basque is a morphologically ergative language in which intransitive verbs show two different morphological alignments: broadly speaking, agentive verbs usually occur with an ergative subject and the auxiliary edun ‘have’, whereas patientive verbs combine with an absolutive subject and the auxiliary izan ‘be’ (Levin 1983). Nevertheless, there exists some dialectal variation regarding the use of certain agentive verbs, specifically those that convey (non-static) processes, where the subject is interpreted as both the force initiating the process and the entity undergoing it. We will henceforth refer to this group of verbs as agentive process verbs. In Eastern dialects,1 some agentive process verbs combine an absolutive subject with the auxiliary izan ‘be’ (Oyharçabal 1992; Aldai 2006; 2009; 2010; Berro 2010; 2012), thus resembling other ergative – non-active – languages like Warlpiri, Niuean and Samoan, where all intransitive verbs combine with an absolutive subject (Levin 1983; Massam 2009; Tollan 2018). Even if we do not believe that verb meaning by itself (in rough terms, agentive vs. patientive) is a totally reliable predictor of the syntactic behavior of verbs, it is important to pay attention to and account for those cases where semantic generalizations are clearly contravened, as occurs with the verbs under study. With the exception of Levin (1983), previous studies have assumed that the agentive process verbs that combine with an absolutive subject in Eastern dialects are unergative and have accounted independently for the absolutive marking. In fact, these verbs belong to semantic groups that are usually considered unergative (controlled and agentive processes), and include bazkaldu ‘have lunch’, solastatu ‘talk’, borrokatu ‘fight’ or jolastu ‘play’. Moreover, they behave syntactically like unergatives in their inability to undergo causativization (Oyharçabal 2003).",4,"In Eastern dialects,1 some agentive process verbs combine an absolutive subject with the auxiliary izan ‘be’ (Oyharçabal 1992; Aldai 2006; 2009; 2010; Berro 2010; 2012), thus resembling other ergative – non-active – languages like Warlpiri, Niuean and Samoan, where all intransitive verbs combine with an absolutive subject (Levin 1983; Massam 2009; Tollan 2018).",3,"According to Levin (1983), Massam (2009), and Tollan (2018), in Warlpiri, Niuean, and Samoan, all intransitive verbs combine with an absolutive subject."
glossa-5270-pineda,,"Basque is a morphologically ergative language in which intransitive verbs show two different morphological alignments: broadly speaking, agentive verbs usually occur with an ergative subject and the auxiliary edun ‘have’, whereas patientive verbs combine with an absolutive subject and the auxiliary izan ‘be’ (Levin 1983). Nevertheless, there exists some dialectal variation regarding the use of certain agentive verbs, specifically those that convey (non-static) processes, where the subject is interpreted as both the force initiating the process and the entity undergoing it. We will henceforth refer to this group of verbs as agentive process verbs. In Eastern dialects,1 some agentive process verbs combine an absolutive subject with the auxiliary izan ‘be’ (Oyharçabal 1992; Aldai 2006; 2009; 2010; Berro 2010; 2012), thus resembling other ergative – non-active – languages like Warlpiri, Niuean and Samoan, where all intransitive verbs combine with an absolutive subject (Levin 1983; Massam 2009; Tollan 2018). Even if we do not believe that verb meaning by itself (in rough terms, agentive vs. patientive) is a totally reliable predictor of the syntactic behavior of verbs, it is important to pay attention to and account for those cases where semantic generalizations are clearly contravened, as occurs with the verbs under study. With the exception of Levin (1983), previous studies have assumed that the agentive process verbs that combine with an absolutive subject in Eastern dialects are unergative and have accounted independently for the absolutive marking. In fact, these verbs belong to semantic groups that are usually considered unergative (controlled and agentive processes), and include bazkaldu ‘have lunch’, solastatu ‘talk’, borrokatu ‘fight’ or jolastu ‘play’. Moreover, they behave syntactically like unergatives in their inability to undergo causativization (Oyharçabal 2003).",4,"In Eastern dialects,1 some agentive process verbs combine an absolutive subject with the auxiliary izan ‘be’ (Oyharçabal 1992; Aldai 2006; 2009; 2010; Berro 2010; 2012), thus resembling other ergative – non-active – languages like Warlpiri, Niuean and Samoan, where all intransitive verbs combine with an absolutive subject (Levin 1983; Massam 2009; Tollan 2018).",4,"The fact that in Eastern dialects of Basque some agentive process verbs combine an absolutive subject with the auxiliary izan implies that Eastern dialects of Basque resemble ergative non-active languages such as Warlpiri, Niuean, and Samoan."
glossa-5270-pineda,,"Basque is a morphologically ergative language in which intransitive verbs show two different morphological alignments: broadly speaking, agentive verbs usually occur with an ergative subject and the auxiliary edun ‘have’, whereas patientive verbs combine with an absolutive subject and the auxiliary izan ‘be’ (Levin 1983). Nevertheless, there exists some dialectal variation regarding the use of certain agentive verbs, specifically those that convey (non-static) processes, where the subject is interpreted as both the force initiating the process and the entity undergoing it. We will henceforth refer to this group of verbs as agentive process verbs. In Eastern dialects,1 some agentive process verbs combine an absolutive subject with the auxiliary izan ‘be’ (Oyharçabal 1992; Aldai 2006; 2009; 2010; Berro 2010; 2012), thus resembling other ergative – non-active – languages like Warlpiri, Niuean and Samoan, where all intransitive verbs combine with an absolutive subject (Levin 1983; Massam 2009; Tollan 2018). Even if we do not believe that verb meaning by itself (in rough terms, agentive vs. patientive) is a totally reliable predictor of the syntactic behavior of verbs, it is important to pay attention to and account for those cases where semantic generalizations are clearly contravened, as occurs with the verbs under study. With the exception of Levin (1983), previous studies have assumed that the agentive process verbs that combine with an absolutive subject in Eastern dialects are unergative and have accounted independently for the absolutive marking. In fact, these verbs belong to semantic groups that are usually considered unergative (controlled and agentive processes), and include bazkaldu ‘have lunch’, solastatu ‘talk’, borrokatu ‘fight’ or jolastu ‘play’. Moreover, they behave syntactically like unergatives in their inability to undergo causativization (Oyharçabal 2003).",5,"Even if we do not believe that verb meaning by itself (in rough terms, agentive vs. patientive) is a totally reliable predictor of the syntactic behavior of verbs, it is important to pay attention to and account for those cases where semantic generalizations are clearly contravened, as occurs with the verbs under study.",1,"Verb meaning by itself, in terms of agentive versus patientive, is not a totally reliable predictor of the syntactic behavior of verbs."
glossa-5270-pineda,,"Basque is a morphologically ergative language in which intransitive verbs show two different morphological alignments: broadly speaking, agentive verbs usually occur with an ergative subject and the auxiliary edun ‘have’, whereas patientive verbs combine with an absolutive subject and the auxiliary izan ‘be’ (Levin 1983). Nevertheless, there exists some dialectal variation regarding the use of certain agentive verbs, specifically those that convey (non-static) processes, where the subject is interpreted as both the force initiating the process and the entity undergoing it. We will henceforth refer to this group of verbs as agentive process verbs. In Eastern dialects,1 some agentive process verbs combine an absolutive subject with the auxiliary izan ‘be’ (Oyharçabal 1992; Aldai 2006; 2009; 2010; Berro 2010; 2012), thus resembling other ergative – non-active – languages like Warlpiri, Niuean and Samoan, where all intransitive verbs combine with an absolutive subject (Levin 1983; Massam 2009; Tollan 2018). Even if we do not believe that verb meaning by itself (in rough terms, agentive vs. patientive) is a totally reliable predictor of the syntactic behavior of verbs, it is important to pay attention to and account for those cases where semantic generalizations are clearly contravened, as occurs with the verbs under study. With the exception of Levin (1983), previous studies have assumed that the agentive process verbs that combine with an absolutive subject in Eastern dialects are unergative and have accounted independently for the absolutive marking. In fact, these verbs belong to semantic groups that are usually considered unergative (controlled and agentive processes), and include bazkaldu ‘have lunch’, solastatu ‘talk’, borrokatu ‘fight’ or jolastu ‘play’. Moreover, they behave syntactically like unergatives in their inability to undergo causativization (Oyharçabal 2003).",5,"Even if we do not believe that verb meaning by itself (in rough terms, agentive vs. patientive) is a totally reliable predictor of the syntactic behavior of verbs, it is important to pay attention to and account for those cases where semantic generalizations are clearly contravened, as occurs with the verbs under study.",2,The behavior of the Basque agentive process verbs under study contravenes semantic generalizations linking verb meaning to syntactic behavior.
glossa-5270-pineda,,"Basque is a morphologically ergative language in which intransitive verbs show two different morphological alignments: broadly speaking, agentive verbs usually occur with an ergative subject and the auxiliary edun ‘have’, whereas patientive verbs combine with an absolutive subject and the auxiliary izan ‘be’ (Levin 1983). Nevertheless, there exists some dialectal variation regarding the use of certain agentive verbs, specifically those that convey (non-static) processes, where the subject is interpreted as both the force initiating the process and the entity undergoing it. We will henceforth refer to this group of verbs as agentive process verbs. In Eastern dialects,1 some agentive process verbs combine an absolutive subject with the auxiliary izan ‘be’ (Oyharçabal 1992; Aldai 2006; 2009; 2010; Berro 2010; 2012), thus resembling other ergative – non-active – languages like Warlpiri, Niuean and Samoan, where all intransitive verbs combine with an absolutive subject (Levin 1983; Massam 2009; Tollan 2018). Even if we do not believe that verb meaning by itself (in rough terms, agentive vs. patientive) is a totally reliable predictor of the syntactic behavior of verbs, it is important to pay attention to and account for those cases where semantic generalizations are clearly contravened, as occurs with the verbs under study. With the exception of Levin (1983), previous studies have assumed that the agentive process verbs that combine with an absolutive subject in Eastern dialects are unergative and have accounted independently for the absolutive marking. In fact, these verbs belong to semantic groups that are usually considered unergative (controlled and agentive processes), and include bazkaldu ‘have lunch’, solastatu ‘talk’, borrokatu ‘fight’ or jolastu ‘play’. Moreover, they behave syntactically like unergatives in their inability to undergo causativization (Oyharçabal 2003).",6,"With the exception of Levin (1983), previous studies have assumed that the agentive process verbs that combine with an absolutive subject in Eastern dialects are unergative and have accounted independently for the absolutive marking.",1,"With the exception of Levin (1983), previous studies assume that the agentive process verbs that combine with an absolutive subject in Eastern dialects of Basque are unergative."
glossa-5270-pineda,,"Basque is a morphologically ergative language in which intransitive verbs show two different morphological alignments: broadly speaking, agentive verbs usually occur with an ergative subject and the auxiliary edun ‘have’, whereas patientive verbs combine with an absolutive subject and the auxiliary izan ‘be’ (Levin 1983). Nevertheless, there exists some dialectal variation regarding the use of certain agentive verbs, specifically those that convey (non-static) processes, where the subject is interpreted as both the force initiating the process and the entity undergoing it. We will henceforth refer to this group of verbs as agentive process verbs. In Eastern dialects,1 some agentive process verbs combine an absolutive subject with the auxiliary izan ‘be’ (Oyharçabal 1992; Aldai 2006; 2009; 2010; Berro 2010; 2012), thus resembling other ergative – non-active – languages like Warlpiri, Niuean and Samoan, where all intransitive verbs combine with an absolutive subject (Levin 1983; Massam 2009; Tollan 2018). Even if we do not believe that verb meaning by itself (in rough terms, agentive vs. patientive) is a totally reliable predictor of the syntactic behavior of verbs, it is important to pay attention to and account for those cases where semantic generalizations are clearly contravened, as occurs with the verbs under study. With the exception of Levin (1983), previous studies have assumed that the agentive process verbs that combine with an absolutive subject in Eastern dialects are unergative and have accounted independently for the absolutive marking. In fact, these verbs belong to semantic groups that are usually considered unergative (controlled and agentive processes), and include bazkaldu ‘have lunch’, solastatu ‘talk’, borrokatu ‘fight’ or jolastu ‘play’. Moreover, they behave syntactically like unergatives in their inability to undergo causativization (Oyharçabal 2003).",6,"With the exception of Levin (1983), previous studies have assumed that the agentive process verbs that combine with an absolutive subject in Eastern dialects are unergative and have accounted independently for the absolutive marking.",2,"With the exception of Levin (1983), previous studies account independently for the absolutive marking on the agentive process verbs that combine with an absolutive subject in Eastern dialects of Basque."
glossa-5270-pineda,,"Basque is a morphologically ergative language in which intransitive verbs show two different morphological alignments: broadly speaking, agentive verbs usually occur with an ergative subject and the auxiliary edun ‘have’, whereas patientive verbs combine with an absolutive subject and the auxiliary izan ‘be’ (Levin 1983). Nevertheless, there exists some dialectal variation regarding the use of certain agentive verbs, specifically those that convey (non-static) processes, where the subject is interpreted as both the force initiating the process and the entity undergoing it. We will henceforth refer to this group of verbs as agentive process verbs. In Eastern dialects,1 some agentive process verbs combine an absolutive subject with the auxiliary izan ‘be’ (Oyharçabal 1992; Aldai 2006; 2009; 2010; Berro 2010; 2012), thus resembling other ergative – non-active – languages like Warlpiri, Niuean and Samoan, where all intransitive verbs combine with an absolutive subject (Levin 1983; Massam 2009; Tollan 2018). Even if we do not believe that verb meaning by itself (in rough terms, agentive vs. patientive) is a totally reliable predictor of the syntactic behavior of verbs, it is important to pay attention to and account for those cases where semantic generalizations are clearly contravened, as occurs with the verbs under study. With the exception of Levin (1983), previous studies have assumed that the agentive process verbs that combine with an absolutive subject in Eastern dialects are unergative and have accounted independently for the absolutive marking. In fact, these verbs belong to semantic groups that are usually considered unergative (controlled and agentive processes), and include bazkaldu ‘have lunch’, solastatu ‘talk’, borrokatu ‘fight’ or jolastu ‘play’. Moreover, they behave syntactically like unergatives in their inability to undergo causativization (Oyharçabal 2003).",7,"In fact, these verbs belong to semantic groups that are usually considered unergative (controlled and agentive processes), and include bazkaldu ‘have lunch’, solastatu ‘talk’, borrokatu ‘fight’ or jolastu ‘play’.",1,"The Basque agentive process verbs that combine with an absolutive subject belong to semantic groups that are usually considered unergative, specifically controlled processes and agentive processes."
glossa-5270-pineda,,"Basque is a morphologically ergative language in which intransitive verbs show two different morphological alignments: broadly speaking, agentive verbs usually occur with an ergative subject and the auxiliary edun ‘have’, whereas patientive verbs combine with an absolutive subject and the auxiliary izan ‘be’ (Levin 1983). Nevertheless, there exists some dialectal variation regarding the use of certain agentive verbs, specifically those that convey (non-static) processes, where the subject is interpreted as both the force initiating the process and the entity undergoing it. We will henceforth refer to this group of verbs as agentive process verbs. In Eastern dialects,1 some agentive process verbs combine an absolutive subject with the auxiliary izan ‘be’ (Oyharçabal 1992; Aldai 2006; 2009; 2010; Berro 2010; 2012), thus resembling other ergative – non-active – languages like Warlpiri, Niuean and Samoan, where all intransitive verbs combine with an absolutive subject (Levin 1983; Massam 2009; Tollan 2018). Even if we do not believe that verb meaning by itself (in rough terms, agentive vs. patientive) is a totally reliable predictor of the syntactic behavior of verbs, it is important to pay attention to and account for those cases where semantic generalizations are clearly contravened, as occurs with the verbs under study. With the exception of Levin (1983), previous studies have assumed that the agentive process verbs that combine with an absolutive subject in Eastern dialects are unergative and have accounted independently for the absolutive marking. In fact, these verbs belong to semantic groups that are usually considered unergative (controlled and agentive processes), and include bazkaldu ‘have lunch’, solastatu ‘talk’, borrokatu ‘fight’ or jolastu ‘play’. Moreover, they behave syntactically like unergatives in their inability to undergo causativization (Oyharçabal 2003).",7,"In fact, these verbs belong to semantic groups that are usually considered unergative (controlled and agentive processes), and include bazkaldu ‘have lunch’, solastatu ‘talk’, borrokatu ‘fight’ or jolastu ‘play’.",2,"The Basque agentive process verbs under discussion include bazkaldu, solastatu, borrokatu, and jolastu."
glossa-5270-pineda,,"Basque is a morphologically ergative language in which intransitive verbs show two different morphological alignments: broadly speaking, agentive verbs usually occur with an ergative subject and the auxiliary edun ‘have’, whereas patientive verbs combine with an absolutive subject and the auxiliary izan ‘be’ (Levin 1983). Nevertheless, there exists some dialectal variation regarding the use of certain agentive verbs, specifically those that convey (non-static) processes, where the subject is interpreted as both the force initiating the process and the entity undergoing it. We will henceforth refer to this group of verbs as agentive process verbs. In Eastern dialects,1 some agentive process verbs combine an absolutive subject with the auxiliary izan ‘be’ (Oyharçabal 1992; Aldai 2006; 2009; 2010; Berro 2010; 2012), thus resembling other ergative – non-active – languages like Warlpiri, Niuean and Samoan, where all intransitive verbs combine with an absolutive subject (Levin 1983; Massam 2009; Tollan 2018). Even if we do not believe that verb meaning by itself (in rough terms, agentive vs. patientive) is a totally reliable predictor of the syntactic behavior of verbs, it is important to pay attention to and account for those cases where semantic generalizations are clearly contravened, as occurs with the verbs under study. With the exception of Levin (1983), previous studies have assumed that the agentive process verbs that combine with an absolutive subject in Eastern dialects are unergative and have accounted independently for the absolutive marking. In fact, these verbs belong to semantic groups that are usually considered unergative (controlled and agentive processes), and include bazkaldu ‘have lunch’, solastatu ‘talk’, borrokatu ‘fight’ or jolastu ‘play’. Moreover, they behave syntactically like unergatives in their inability to undergo causativization (Oyharçabal 2003).",8,"Moreover, they behave syntactically like unergatives in their inability to undergo causativization (Oyharçabal 2003).",1,The Basque agentive process verbs under discussion behave syntactically like unergatives in that they cannot undergo causativization.
glossa-5270-pineda,,"Basque is a morphologically ergative language in which intransitive verbs show two different morphological alignments: broadly speaking, agentive verbs usually occur with an ergative subject and the auxiliary edun ‘have’, whereas patientive verbs combine with an absolutive subject and the auxiliary izan ‘be’ (Levin 1983). Nevertheless, there exists some dialectal variation regarding the use of certain agentive verbs, specifically those that convey (non-static) processes, where the subject is interpreted as both the force initiating the process and the entity undergoing it. We will henceforth refer to this group of verbs as agentive process verbs. In Eastern dialects,1 some agentive process verbs combine an absolutive subject with the auxiliary izan ‘be’ (Oyharçabal 1992; Aldai 2006; 2009; 2010; Berro 2010; 2012), thus resembling other ergative – non-active – languages like Warlpiri, Niuean and Samoan, where all intransitive verbs combine with an absolutive subject (Levin 1983; Massam 2009; Tollan 2018). Even if we do not believe that verb meaning by itself (in rough terms, agentive vs. patientive) is a totally reliable predictor of the syntactic behavior of verbs, it is important to pay attention to and account for those cases where semantic generalizations are clearly contravened, as occurs with the verbs under study. With the exception of Levin (1983), previous studies have assumed that the agentive process verbs that combine with an absolutive subject in Eastern dialects are unergative and have accounted independently for the absolutive marking. In fact, these verbs belong to semantic groups that are usually considered unergative (controlled and agentive processes), and include bazkaldu ‘have lunch’, solastatu ‘talk’, borrokatu ‘fight’ or jolastu ‘play’. Moreover, they behave syntactically like unergatives in their inability to undergo causativization (Oyharçabal 2003).",8,"Moreover, they behave syntactically like unergatives in their inability to undergo causativization (Oyharçabal 2003).",2,"According to Oyharçabal (2003), the Basque agentive process verbs under discussion behave syntactically like unergatives in that they cannot undergo causativization."
glossa-10899-aremu,Title and Abstract,Prosodically determined coordinator placement in Yorùbá,1,Prosodically determined coordinator placement in Yorùbá,1,"In Yorùbá, coordinator placement is prosodically determined."
glossa-10899-aremu,Title and Abstract,"In this paper, we look at the properties of the clausal coordinator sì in Yorùbá. We will show that despite its unusual surface position in the middle field of the second conjunct, the element should still be treated as a proper coordinator and not, as sometimes claimed, as an adverb. We then go on to fully describe the distribution of sì in simple clauses as well as in complex constructions involving focus movement, adverbial or relative clauses. Based on these configurations, we argue that a search for a uniform syntactic position of sì is bound to be unsuccessful. Rather, we claim that the uniform underlying factor in all of these constructions is that sì always right-attaches to the first phonological phrase of the second conjunct clause irrespective of syntactic constituents or islands. We provide evidence for this claim from various phonological processes such as (i) phonological fusion, (ii) the association of floating tones, (iii) assimilation, (iv) tonal OCP-effects, and (v) allomorphy. The present study thus not only solves a curious language-specific puzzle in Yorùbá but also provides a convincing case of prosodically driven clitic displacement to a position after the first phonological/prosodic phrase. In doing so, it falls nicely into emerging typologies of clitic placement patterns in the world’s languages.",1,"In this paper, we look at the properties of the clausal coordinator sì in Yorùbá.",1,"In Yorùbá, sì is a clausal coordinator."
glossa-10899-aremu,Title and Abstract,"In this paper, we look at the properties of the clausal coordinator sì in Yorùbá. We will show that despite its unusual surface position in the middle field of the second conjunct, the element should still be treated as a proper coordinator and not, as sometimes claimed, as an adverb. We then go on to fully describe the distribution of sì in simple clauses as well as in complex constructions involving focus movement, adverbial or relative clauses. Based on these configurations, we argue that a search for a uniform syntactic position of sì is bound to be unsuccessful. Rather, we claim that the uniform underlying factor in all of these constructions is that sì always right-attaches to the first phonological phrase of the second conjunct clause irrespective of syntactic constituents or islands. We provide evidence for this claim from various phonological processes such as (i) phonological fusion, (ii) the association of floating tones, (iii) assimilation, (iv) tonal OCP-effects, and (v) allomorphy. The present study thus not only solves a curious language-specific puzzle in Yorùbá but also provides a convincing case of prosodically driven clitic displacement to a position after the first phonological/prosodic phrase. In doing so, it falls nicely into emerging typologies of clitic placement patterns in the world’s languages.",2,"We will show that despite its unusual surface position in the middle field of the second conjunct, the element should still be treated as a proper coordinator and not, as sometimes claimed, as an adverb.",1,"In Yorùbá, the element sì occurs in the middle field of the second conjunct."
glossa-10899-aremu,Title and Abstract,"In this paper, we look at the properties of the clausal coordinator sì in Yorùbá. We will show that despite its unusual surface position in the middle field of the second conjunct, the element should still be treated as a proper coordinator and not, as sometimes claimed, as an adverb. We then go on to fully describe the distribution of sì in simple clauses as well as in complex constructions involving focus movement, adverbial or relative clauses. Based on these configurations, we argue that a search for a uniform syntactic position of sì is bound to be unsuccessful. Rather, we claim that the uniform underlying factor in all of these constructions is that sì always right-attaches to the first phonological phrase of the second conjunct clause irrespective of syntactic constituents or islands. We provide evidence for this claim from various phonological processes such as (i) phonological fusion, (ii) the association of floating tones, (iii) assimilation, (iv) tonal OCP-effects, and (v) allomorphy. The present study thus not only solves a curious language-specific puzzle in Yorùbá but also provides a convincing case of prosodically driven clitic displacement to a position after the first phonological/prosodic phrase. In doing so, it falls nicely into emerging typologies of clitic placement patterns in the world’s languages.",2,"We will show that despite its unusual surface position in the middle field of the second conjunct, the element should still be treated as a proper coordinator and not, as sometimes claimed, as an adverb.",2,Some analyses have claimed that in Yorùbá the element sì is an adverb.
glossa-10899-aremu,Title and Abstract,"In this paper, we look at the properties of the clausal coordinator sì in Yorùbá. We will show that despite its unusual surface position in the middle field of the second conjunct, the element should still be treated as a proper coordinator and not, as sometimes claimed, as an adverb. We then go on to fully describe the distribution of sì in simple clauses as well as in complex constructions involving focus movement, adverbial or relative clauses. Based on these configurations, we argue that a search for a uniform syntactic position of sì is bound to be unsuccessful. Rather, we claim that the uniform underlying factor in all of these constructions is that sì always right-attaches to the first phonological phrase of the second conjunct clause irrespective of syntactic constituents or islands. We provide evidence for this claim from various phonological processes such as (i) phonological fusion, (ii) the association of floating tones, (iii) assimilation, (iv) tonal OCP-effects, and (v) allomorphy. The present study thus not only solves a curious language-specific puzzle in Yorùbá but also provides a convincing case of prosodically driven clitic displacement to a position after the first phonological/prosodic phrase. In doing so, it falls nicely into emerging typologies of clitic placement patterns in the world’s languages.",2,"We will show that despite its unusual surface position in the middle field of the second conjunct, the element should still be treated as a proper coordinator and not, as sometimes claimed, as an adverb.",3,"In Yorùbá, the element sì should be treated as a coordinator rather than as an adverb."
glossa-10899-aremu,Title and Abstract,"In this paper, we look at the properties of the clausal coordinator sì in Yorùbá. We will show that despite its unusual surface position in the middle field of the second conjunct, the element should still be treated as a proper coordinator and not, as sometimes claimed, as an adverb. We then go on to fully describe the distribution of sì in simple clauses as well as in complex constructions involving focus movement, adverbial or relative clauses. Based on these configurations, we argue that a search for a uniform syntactic position of sì is bound to be unsuccessful. Rather, we claim that the uniform underlying factor in all of these constructions is that sì always right-attaches to the first phonological phrase of the second conjunct clause irrespective of syntactic constituents or islands. We provide evidence for this claim from various phonological processes such as (i) phonological fusion, (ii) the association of floating tones, (iii) assimilation, (iv) tonal OCP-effects, and (v) allomorphy. The present study thus not only solves a curious language-specific puzzle in Yorùbá but also provides a convincing case of prosodically driven clitic displacement to a position after the first phonological/prosodic phrase. In doing so, it falls nicely into emerging typologies of clitic placement patterns in the world’s languages.",3,"We then go on to fully describe the distribution of sì in simple clauses as well as in complex constructions involving focus movement, adverbial or relative clauses.",1,"In Yorùbá, sì occurs in simple clauses."
glossa-10899-aremu,Title and Abstract,"In this paper, we look at the properties of the clausal coordinator sì in Yorùbá. We will show that despite its unusual surface position in the middle field of the second conjunct, the element should still be treated as a proper coordinator and not, as sometimes claimed, as an adverb. We then go on to fully describe the distribution of sì in simple clauses as well as in complex constructions involving focus movement, adverbial or relative clauses. Based on these configurations, we argue that a search for a uniform syntactic position of sì is bound to be unsuccessful. Rather, we claim that the uniform underlying factor in all of these constructions is that sì always right-attaches to the first phonological phrase of the second conjunct clause irrespective of syntactic constituents or islands. We provide evidence for this claim from various phonological processes such as (i) phonological fusion, (ii) the association of floating tones, (iii) assimilation, (iv) tonal OCP-effects, and (v) allomorphy. The present study thus not only solves a curious language-specific puzzle in Yorùbá but also provides a convincing case of prosodically driven clitic displacement to a position after the first phonological/prosodic phrase. In doing so, it falls nicely into emerging typologies of clitic placement patterns in the world’s languages.",3,"We then go on to fully describe the distribution of sì in simple clauses as well as in complex constructions involving focus movement, adverbial or relative clauses.",2,"In Yorùbá, sì occurs in complex constructions involving focus movement."
glossa-10899-aremu,Title and Abstract,"In this paper, we look at the properties of the clausal coordinator sì in Yorùbá. We will show that despite its unusual surface position in the middle field of the second conjunct, the element should still be treated as a proper coordinator and not, as sometimes claimed, as an adverb. We then go on to fully describe the distribution of sì in simple clauses as well as in complex constructions involving focus movement, adverbial or relative clauses. Based on these configurations, we argue that a search for a uniform syntactic position of sì is bound to be unsuccessful. Rather, we claim that the uniform underlying factor in all of these constructions is that sì always right-attaches to the first phonological phrase of the second conjunct clause irrespective of syntactic constituents or islands. We provide evidence for this claim from various phonological processes such as (i) phonological fusion, (ii) the association of floating tones, (iii) assimilation, (iv) tonal OCP-effects, and (v) allomorphy. The present study thus not only solves a curious language-specific puzzle in Yorùbá but also provides a convincing case of prosodically driven clitic displacement to a position after the first phonological/prosodic phrase. In doing so, it falls nicely into emerging typologies of clitic placement patterns in the world’s languages.",3,"We then go on to fully describe the distribution of sì in simple clauses as well as in complex constructions involving focus movement, adverbial or relative clauses.",3,"In Yorùbá, sì occurs in adverbial clauses."
glossa-10899-aremu,Title and Abstract,"In this paper, we look at the properties of the clausal coordinator sì in Yorùbá. We will show that despite its unusual surface position in the middle field of the second conjunct, the element should still be treated as a proper coordinator and not, as sometimes claimed, as an adverb. We then go on to fully describe the distribution of sì in simple clauses as well as in complex constructions involving focus movement, adverbial or relative clauses. Based on these configurations, we argue that a search for a uniform syntactic position of sì is bound to be unsuccessful. Rather, we claim that the uniform underlying factor in all of these constructions is that sì always right-attaches to the first phonological phrase of the second conjunct clause irrespective of syntactic constituents or islands. We provide evidence for this claim from various phonological processes such as (i) phonological fusion, (ii) the association of floating tones, (iii) assimilation, (iv) tonal OCP-effects, and (v) allomorphy. The present study thus not only solves a curious language-specific puzzle in Yorùbá but also provides a convincing case of prosodically driven clitic displacement to a position after the first phonological/prosodic phrase. In doing so, it falls nicely into emerging typologies of clitic placement patterns in the world’s languages.",3,"We then go on to fully describe the distribution of sì in simple clauses as well as in complex constructions involving focus movement, adverbial or relative clauses.",4,"In Yorùbá, sì occurs in relative clauses."
glossa-10899-aremu,Title and Abstract,"In this paper, we look at the properties of the clausal coordinator sì in Yorùbá. We will show that despite its unusual surface position in the middle field of the second conjunct, the element should still be treated as a proper coordinator and not, as sometimes claimed, as an adverb. We then go on to fully describe the distribution of sì in simple clauses as well as in complex constructions involving focus movement, adverbial or relative clauses. Based on these configurations, we argue that a search for a uniform syntactic position of sì is bound to be unsuccessful. Rather, we claim that the uniform underlying factor in all of these constructions is that sì always right-attaches to the first phonological phrase of the second conjunct clause irrespective of syntactic constituents or islands. We provide evidence for this claim from various phonological processes such as (i) phonological fusion, (ii) the association of floating tones, (iii) assimilation, (iv) tonal OCP-effects, and (v) allomorphy. The present study thus not only solves a curious language-specific puzzle in Yorùbá but also provides a convincing case of prosodically driven clitic displacement to a position after the first phonological/prosodic phrase. In doing so, it falls nicely into emerging typologies of clitic placement patterns in the world’s languages.",4,"Based on these configurations, we argue that a search for a uniform syntactic position of sì is bound to be unsuccessful.",1,"In Yorùbá, a search for a uniform syntactic position of sì is bound to be unsuccessful."
glossa-10899-aremu,Title and Abstract,"In this paper, we look at the properties of the clausal coordinator sì in Yorùbá. We will show that despite its unusual surface position in the middle field of the second conjunct, the element should still be treated as a proper coordinator and not, as sometimes claimed, as an adverb. We then go on to fully describe the distribution of sì in simple clauses as well as in complex constructions involving focus movement, adverbial or relative clauses. Based on these configurations, we argue that a search for a uniform syntactic position of sì is bound to be unsuccessful. Rather, we claim that the uniform underlying factor in all of these constructions is that sì always right-attaches to the first phonological phrase of the second conjunct clause irrespective of syntactic constituents or islands. We provide evidence for this claim from various phonological processes such as (i) phonological fusion, (ii) the association of floating tones, (iii) assimilation, (iv) tonal OCP-effects, and (v) allomorphy. The present study thus not only solves a curious language-specific puzzle in Yorùbá but also provides a convincing case of prosodically driven clitic displacement to a position after the first phonological/prosodic phrase. In doing so, it falls nicely into emerging typologies of clitic placement patterns in the world’s languages.",5,"Rather, we claim that the uniform underlying factor in all of these constructions is that sì always right-attaches to the first phonological phrase of the second conjunct clause irrespective of syntactic constituents or islands.",1,"In Yorùbá, sì always right-attaches to the first phonological phrase of the second conjunct clause irrespective of syntactic constituents or islands."
glossa-10899-aremu,Title and Abstract,"In this paper, we look at the properties of the clausal coordinator sì in Yorùbá. We will show that despite its unusual surface position in the middle field of the second conjunct, the element should still be treated as a proper coordinator and not, as sometimes claimed, as an adverb. We then go on to fully describe the distribution of sì in simple clauses as well as in complex constructions involving focus movement, adverbial or relative clauses. Based on these configurations, we argue that a search for a uniform syntactic position of sì is bound to be unsuccessful. Rather, we claim that the uniform underlying factor in all of these constructions is that sì always right-attaches to the first phonological phrase of the second conjunct clause irrespective of syntactic constituents or islands. We provide evidence for this claim from various phonological processes such as (i) phonological fusion, (ii) the association of floating tones, (iii) assimilation, (iv) tonal OCP-effects, and (v) allomorphy. The present study thus not only solves a curious language-specific puzzle in Yorùbá but also provides a convincing case of prosodically driven clitic displacement to a position after the first phonological/prosodic phrase. In doing so, it falls nicely into emerging typologies of clitic placement patterns in the world’s languages.",6,"We provide evidence for this claim from various phonological processes such as (i) phonological fusion, (ii) the association of floating tones, (iii) assimilation, (iv) tonal OCP-effects, and (v) allomorphy.",1,Evidence for the claim about the placement of sì in Yorùbá comes from phonological fusion.
glossa-10899-aremu,Title and Abstract,"In this paper, we look at the properties of the clausal coordinator sì in Yorùbá. We will show that despite its unusual surface position in the middle field of the second conjunct, the element should still be treated as a proper coordinator and not, as sometimes claimed, as an adverb. We then go on to fully describe the distribution of sì in simple clauses as well as in complex constructions involving focus movement, adverbial or relative clauses. Based on these configurations, we argue that a search for a uniform syntactic position of sì is bound to be unsuccessful. Rather, we claim that the uniform underlying factor in all of these constructions is that sì always right-attaches to the first phonological phrase of the second conjunct clause irrespective of syntactic constituents or islands. We provide evidence for this claim from various phonological processes such as (i) phonological fusion, (ii) the association of floating tones, (iii) assimilation, (iv) tonal OCP-effects, and (v) allomorphy. The present study thus not only solves a curious language-specific puzzle in Yorùbá but also provides a convincing case of prosodically driven clitic displacement to a position after the first phonological/prosodic phrase. In doing so, it falls nicely into emerging typologies of clitic placement patterns in the world’s languages.",6,"We provide evidence for this claim from various phonological processes such as (i) phonological fusion, (ii) the association of floating tones, (iii) assimilation, (iv) tonal OCP-effects, and (v) allomorphy.",2,Evidence for the claim about the placement of sì in Yorùbá comes from the association of floating tones.
glossa-10899-aremu,Title and Abstract,"In this paper, we look at the properties of the clausal coordinator sì in Yorùbá. We will show that despite its unusual surface position in the middle field of the second conjunct, the element should still be treated as a proper coordinator and not, as sometimes claimed, as an adverb. We then go on to fully describe the distribution of sì in simple clauses as well as in complex constructions involving focus movement, adverbial or relative clauses. Based on these configurations, we argue that a search for a uniform syntactic position of sì is bound to be unsuccessful. Rather, we claim that the uniform underlying factor in all of these constructions is that sì always right-attaches to the first phonological phrase of the second conjunct clause irrespective of syntactic constituents or islands. We provide evidence for this claim from various phonological processes such as (i) phonological fusion, (ii) the association of floating tones, (iii) assimilation, (iv) tonal OCP-effects, and (v) allomorphy. The present study thus not only solves a curious language-specific puzzle in Yorùbá but also provides a convincing case of prosodically driven clitic displacement to a position after the first phonological/prosodic phrase. In doing so, it falls nicely into emerging typologies of clitic placement patterns in the world’s languages.",6,"We provide evidence for this claim from various phonological processes such as (i) phonological fusion, (ii) the association of floating tones, (iii) assimilation, (iv) tonal OCP-effects, and (v) allomorphy.",3,Evidence for the claim about the placement of sì in Yorùbá comes from assimilation.
glossa-10899-aremu,Title and Abstract,"In this paper, we look at the properties of the clausal coordinator sì in Yorùbá. We will show that despite its unusual surface position in the middle field of the second conjunct, the element should still be treated as a proper coordinator and not, as sometimes claimed, as an adverb. We then go on to fully describe the distribution of sì in simple clauses as well as in complex constructions involving focus movement, adverbial or relative clauses. Based on these configurations, we argue that a search for a uniform syntactic position of sì is bound to be unsuccessful. Rather, we claim that the uniform underlying factor in all of these constructions is that sì always right-attaches to the first phonological phrase of the second conjunct clause irrespective of syntactic constituents or islands. We provide evidence for this claim from various phonological processes such as (i) phonological fusion, (ii) the association of floating tones, (iii) assimilation, (iv) tonal OCP-effects, and (v) allomorphy. The present study thus not only solves a curious language-specific puzzle in Yorùbá but also provides a convincing case of prosodically driven clitic displacement to a position after the first phonological/prosodic phrase. In doing so, it falls nicely into emerging typologies of clitic placement patterns in the world’s languages.",6,"We provide evidence for this claim from various phonological processes such as (i) phonological fusion, (ii) the association of floating tones, (iii) assimilation, (iv) tonal OCP-effects, and (v) allomorphy.",4,Evidence for the claim about the placement of sì in Yorùbá comes from tonal Obligatory Contour Principle effects.
glossa-10899-aremu,Title and Abstract,"In this paper, we look at the properties of the clausal coordinator sì in Yorùbá. We will show that despite its unusual surface position in the middle field of the second conjunct, the element should still be treated as a proper coordinator and not, as sometimes claimed, as an adverb. We then go on to fully describe the distribution of sì in simple clauses as well as in complex constructions involving focus movement, adverbial or relative clauses. Based on these configurations, we argue that a search for a uniform syntactic position of sì is bound to be unsuccessful. Rather, we claim that the uniform underlying factor in all of these constructions is that sì always right-attaches to the first phonological phrase of the second conjunct clause irrespective of syntactic constituents or islands. We provide evidence for this claim from various phonological processes such as (i) phonological fusion, (ii) the association of floating tones, (iii) assimilation, (iv) tonal OCP-effects, and (v) allomorphy. The present study thus not only solves a curious language-specific puzzle in Yorùbá but also provides a convincing case of prosodically driven clitic displacement to a position after the first phonological/prosodic phrase. In doing so, it falls nicely into emerging typologies of clitic placement patterns in the world’s languages.",6,"We provide evidence for this claim from various phonological processes such as (i) phonological fusion, (ii) the association of floating tones, (iii) assimilation, (iv) tonal OCP-effects, and (v) allomorphy.",5,Evidence for the claim about the placement of sì in Yorùbá comes from allomorphy.
glossa-10899-aremu,Title and Abstract,"In this paper, we look at the properties of the clausal coordinator sì in Yorùbá. We will show that despite its unusual surface position in the middle field of the second conjunct, the element should still be treated as a proper coordinator and not, as sometimes claimed, as an adverb. We then go on to fully describe the distribution of sì in simple clauses as well as in complex constructions involving focus movement, adverbial or relative clauses. Based on these configurations, we argue that a search for a uniform syntactic position of sì is bound to be unsuccessful. Rather, we claim that the uniform underlying factor in all of these constructions is that sì always right-attaches to the first phonological phrase of the second conjunct clause irrespective of syntactic constituents or islands. We provide evidence for this claim from various phonological processes such as (i) phonological fusion, (ii) the association of floating tones, (iii) assimilation, (iv) tonal OCP-effects, and (v) allomorphy. The present study thus not only solves a curious language-specific puzzle in Yorùbá but also provides a convincing case of prosodically driven clitic displacement to a position after the first phonological/prosodic phrase. In doing so, it falls nicely into emerging typologies of clitic placement patterns in the world’s languages.",7,The present study thus not only solves a curious language-specific puzzle in Yorùbá but also provides a convincing case of prosodically driven clitic displacement to a position after the first phonological/prosodic phrase.,1,Yorùbá exhibits prosodically driven clitic displacement to a position after the first phonological phrase.
glossa-5462-julien,Title and Abstract,"North Sámi has a class of derived verbs called sensive verbs. Descriptively, these verbs are formed by adding the suffix /ʃ/ to an adjectival or nominal base, and the resulting verb means ‘find [object] (too) ADJECTIVE/NOUN’. In this paper it is argued that the sensive verbs do not involve any psychological verb, and the suffix is not specified as “sensive” in the lexicon. Rather, the suffix is specified as a realisation of a stative verbaliser in a transitive structure. The interpretation of the verb and the experiencer role of the subject follow from this specification in combination with the syntax of the verb phrase as a whole, which has a stative verbaliser and a Voice head on top of a minimal aP or nP. Other vocabulary items that could spell out the stative verbaliser are prevented from appearing in the sensive verb phrase, since the conditions for inserting them are not met. The consequence is that the suffix /ʃ/ is restricted to sensive verbs.",1,North Sámi has a class of derived verbs called sensive verbs.,1,North Sámi has a class of derived verbs called sensive verbs.
glossa-5462-julien,Title and Abstract,"North Sámi has a class of derived verbs called sensive verbs. Descriptively, these verbs are formed by adding the suffix /ʃ/ to an adjectival or nominal base, and the resulting verb means ‘find [object] (too) ADJECTIVE/NOUN’. In this paper it is argued that the sensive verbs do not involve any psychological verb, and the suffix is not specified as “sensive” in the lexicon. Rather, the suffix is specified as a realisation of a stative verbaliser in a transitive structure. The interpretation of the verb and the experiencer role of the subject follow from this specification in combination with the syntax of the verb phrase as a whole, which has a stative verbaliser and a Voice head on top of a minimal aP or nP. Other vocabulary items that could spell out the stative verbaliser are prevented from appearing in the sensive verb phrase, since the conditions for inserting them are not met. The consequence is that the suffix /ʃ/ is restricted to sensive verbs.",2,"Descriptively, these verbs are formed by adding the suffix /ʃ/ to an adjectival or nominal base, and the resulting verb means ‘find [object] (too) ADJECTIVE/NOUN’.",1,"In North Sámi, sensive verbs are formed by adding the suffix /ʃ/ to an adjectival base."
glossa-5462-julien,Title and Abstract,"North Sámi has a class of derived verbs called sensive verbs. Descriptively, these verbs are formed by adding the suffix /ʃ/ to an adjectival or nominal base, and the resulting verb means ‘find [object] (too) ADJECTIVE/NOUN’. In this paper it is argued that the sensive verbs do not involve any psychological verb, and the suffix is not specified as “sensive” in the lexicon. Rather, the suffix is specified as a realisation of a stative verbaliser in a transitive structure. The interpretation of the verb and the experiencer role of the subject follow from this specification in combination with the syntax of the verb phrase as a whole, which has a stative verbaliser and a Voice head on top of a minimal aP or nP. Other vocabulary items that could spell out the stative verbaliser are prevented from appearing in the sensive verb phrase, since the conditions for inserting them are not met. The consequence is that the suffix /ʃ/ is restricted to sensive verbs.",2,"Descriptively, these verbs are formed by adding the suffix /ʃ/ to an adjectival or nominal base, and the resulting verb means ‘find [object] (too) ADJECTIVE/NOUN’.",2,"In North Sámi, sensive verbs are formed by adding the suffix /ʃ/ to a nominal base."
glossa-5462-julien,Title and Abstract,"North Sámi has a class of derived verbs called sensive verbs. Descriptively, these verbs are formed by adding the suffix /ʃ/ to an adjectival or nominal base, and the resulting verb means ‘find [object] (too) ADJECTIVE/NOUN’. In this paper it is argued that the sensive verbs do not involve any psychological verb, and the suffix is not specified as “sensive” in the lexicon. Rather, the suffix is specified as a realisation of a stative verbaliser in a transitive structure. The interpretation of the verb and the experiencer role of the subject follow from this specification in combination with the syntax of the verb phrase as a whole, which has a stative verbaliser and a Voice head on top of a minimal aP or nP. Other vocabulary items that could spell out the stative verbaliser are prevented from appearing in the sensive verb phrase, since the conditions for inserting them are not met. The consequence is that the suffix /ʃ/ is restricted to sensive verbs.",2,"Descriptively, these verbs are formed by adding the suffix /ʃ/ to an adjectival or nominal base, and the resulting verb means ‘find [object] (too) ADJECTIVE/NOUN’.",3,"In North Sámi, a sensive verb formed with the suffix /ʃ/ means ‘the subject finds the object (too) ADJECTIVE or NOUN’."
glossa-5462-julien,Title and Abstract,"North Sámi has a class of derived verbs called sensive verbs. Descriptively, these verbs are formed by adding the suffix /ʃ/ to an adjectival or nominal base, and the resulting verb means ‘find [object] (too) ADJECTIVE/NOUN’. In this paper it is argued that the sensive verbs do not involve any psychological verb, and the suffix is not specified as “sensive” in the lexicon. Rather, the suffix is specified as a realisation of a stative verbaliser in a transitive structure. The interpretation of the verb and the experiencer role of the subject follow from this specification in combination with the syntax of the verb phrase as a whole, which has a stative verbaliser and a Voice head on top of a minimal aP or nP. Other vocabulary items that could spell out the stative verbaliser are prevented from appearing in the sensive verb phrase, since the conditions for inserting them are not met. The consequence is that the suffix /ʃ/ is restricted to sensive verbs.",3,"In this paper it is argued that the sensive verbs do not involve any psychological verb, and the suffix is not specified as “sensive” in the lexicon.",1,"In North Sámi, sensive verbs do not involve any psychological verb."
glossa-5462-julien,Title and Abstract,"North Sámi has a class of derived verbs called sensive verbs. Descriptively, these verbs are formed by adding the suffix /ʃ/ to an adjectival or nominal base, and the resulting verb means ‘find [object] (too) ADJECTIVE/NOUN’. In this paper it is argued that the sensive verbs do not involve any psychological verb, and the suffix is not specified as “sensive” in the lexicon. Rather, the suffix is specified as a realisation of a stative verbaliser in a transitive structure. The interpretation of the verb and the experiencer role of the subject follow from this specification in combination with the syntax of the verb phrase as a whole, which has a stative verbaliser and a Voice head on top of a minimal aP or nP. Other vocabulary items that could spell out the stative verbaliser are prevented from appearing in the sensive verb phrase, since the conditions for inserting them are not met. The consequence is that the suffix /ʃ/ is restricted to sensive verbs.",3,"In this paper it is argued that the sensive verbs do not involve any psychological verb, and the suffix is not specified as “sensive” in the lexicon.",2,"In North Sámi, the suffix /ʃ/ is not specified as ‘sensive’ in the lexicon."
glossa-5462-julien,Title and Abstract,"North Sámi has a class of derived verbs called sensive verbs. Descriptively, these verbs are formed by adding the suffix /ʃ/ to an adjectival or nominal base, and the resulting verb means ‘find [object] (too) ADJECTIVE/NOUN’. In this paper it is argued that the sensive verbs do not involve any psychological verb, and the suffix is not specified as “sensive” in the lexicon. Rather, the suffix is specified as a realisation of a stative verbaliser in a transitive structure. The interpretation of the verb and the experiencer role of the subject follow from this specification in combination with the syntax of the verb phrase as a whole, which has a stative verbaliser and a Voice head on top of a minimal aP or nP. Other vocabulary items that could spell out the stative verbaliser are prevented from appearing in the sensive verb phrase, since the conditions for inserting them are not met. The consequence is that the suffix /ʃ/ is restricted to sensive verbs.",4,"Rather, the suffix is specified as a realisation of a stative verbaliser in a transitive structure.",1,"In North Sámi, the suffix /ʃ/ is specified as a realization of a stative verbaliser in a transitive structure."
glossa-5462-julien,Title and Abstract,"North Sámi has a class of derived verbs called sensive verbs. Descriptively, these verbs are formed by adding the suffix /ʃ/ to an adjectival or nominal base, and the resulting verb means ‘find [object] (too) ADJECTIVE/NOUN’. In this paper it is argued that the sensive verbs do not involve any psychological verb, and the suffix is not specified as “sensive” in the lexicon. Rather, the suffix is specified as a realisation of a stative verbaliser in a transitive structure. The interpretation of the verb and the experiencer role of the subject follow from this specification in combination with the syntax of the verb phrase as a whole, which has a stative verbaliser and a Voice head on top of a minimal aP or nP. Other vocabulary items that could spell out the stative verbaliser are prevented from appearing in the sensive verb phrase, since the conditions for inserting them are not met. The consequence is that the suffix /ʃ/ is restricted to sensive verbs.",5,"The interpretation of the verb and the experiencer role of the subject follow from this specification in combination with the syntax of the verb phrase as a whole, which has a stative verbaliser and a Voice head on top of a minimal aP or nP.",1,"In North Sámi sensive verbs, the syntax of the verb phrase has a stative verbaliser and a Voice head on top of a minimal adjectival phrase (aP) or nominal phrase (nP)."
glossa-5462-julien,Title and Abstract,"North Sámi has a class of derived verbs called sensive verbs. Descriptively, these verbs are formed by adding the suffix /ʃ/ to an adjectival or nominal base, and the resulting verb means ‘find [object] (too) ADJECTIVE/NOUN’. In this paper it is argued that the sensive verbs do not involve any psychological verb, and the suffix is not specified as “sensive” in the lexicon. Rather, the suffix is specified as a realisation of a stative verbaliser in a transitive structure. The interpretation of the verb and the experiencer role of the subject follow from this specification in combination with the syntax of the verb phrase as a whole, which has a stative verbaliser and a Voice head on top of a minimal aP or nP. Other vocabulary items that could spell out the stative verbaliser are prevented from appearing in the sensive verb phrase, since the conditions for inserting them are not met. The consequence is that the suffix /ʃ/ is restricted to sensive verbs.",5,"The interpretation of the verb and the experiencer role of the subject follow from this specification in combination with the syntax of the verb phrase as a whole, which has a stative verbaliser and a Voice head on top of a minimal aP or nP.",2,"In North Sámi sensive verbs, specifying the suffix /ʃ/ as a realization of a stative verbaliser in a transitive structure, combined with a verb phrase syntax that has a stative verbaliser and a Voice head on top of a minimal adjectival phrase (aP) or nominal phrase (nP), implies that the interpretation of the verb and the experiencer role of the subject follow from that specification and syntax."
glossa-5462-julien,Title and Abstract,"North Sámi has a class of derived verbs called sensive verbs. Descriptively, these verbs are formed by adding the suffix /ʃ/ to an adjectival or nominal base, and the resulting verb means ‘find [object] (too) ADJECTIVE/NOUN’. In this paper it is argued that the sensive verbs do not involve any psychological verb, and the suffix is not specified as “sensive” in the lexicon. Rather, the suffix is specified as a realisation of a stative verbaliser in a transitive structure. The interpretation of the verb and the experiencer role of the subject follow from this specification in combination with the syntax of the verb phrase as a whole, which has a stative verbaliser and a Voice head on top of a minimal aP or nP. Other vocabulary items that could spell out the stative verbaliser are prevented from appearing in the sensive verb phrase, since the conditions for inserting them are not met. The consequence is that the suffix /ʃ/ is restricted to sensive verbs.",6,"Other vocabulary items that could spell out the stative verbaliser are prevented from appearing in the sensive verb phrase, since the conditions for inserting them are not met.",1,"In North Sámi sensive verb phrases, the conditions for inserting vocabulary items other than the suffix /ʃ/ that could spell out the stative verbaliser are not met."
glossa-5462-julien,Title and Abstract,"North Sámi has a class of derived verbs called sensive verbs. Descriptively, these verbs are formed by adding the suffix /ʃ/ to an adjectival or nominal base, and the resulting verb means ‘find [object] (too) ADJECTIVE/NOUN’. In this paper it is argued that the sensive verbs do not involve any psychological verb, and the suffix is not specified as “sensive” in the lexicon. Rather, the suffix is specified as a realisation of a stative verbaliser in a transitive structure. The interpretation of the verb and the experiencer role of the subject follow from this specification in combination with the syntax of the verb phrase as a whole, which has a stative verbaliser and a Voice head on top of a minimal aP or nP. Other vocabulary items that could spell out the stative verbaliser are prevented from appearing in the sensive verb phrase, since the conditions for inserting them are not met. The consequence is that the suffix /ʃ/ is restricted to sensive verbs.",6,"Other vocabulary items that could spell out the stative verbaliser are prevented from appearing in the sensive verb phrase, since the conditions for inserting them are not met.",2,"In North Sámi sensive verb phrases, the fact that the conditions for inserting vocabulary items other than the suffix /ʃ/ that could spell out the stative verbaliser are not met implies that those other vocabulary items are prevented from appearing."
glossa-5462-julien,Title and Abstract,"North Sámi has a class of derived verbs called sensive verbs. Descriptively, these verbs are formed by adding the suffix /ʃ/ to an adjectival or nominal base, and the resulting verb means ‘find [object] (too) ADJECTIVE/NOUN’. In this paper it is argued that the sensive verbs do not involve any psychological verb, and the suffix is not specified as “sensive” in the lexicon. Rather, the suffix is specified as a realisation of a stative verbaliser in a transitive structure. The interpretation of the verb and the experiencer role of the subject follow from this specification in combination with the syntax of the verb phrase as a whole, which has a stative verbaliser and a Voice head on top of a minimal aP or nP. Other vocabulary items that could spell out the stative verbaliser are prevented from appearing in the sensive verb phrase, since the conditions for inserting them are not met. The consequence is that the suffix /ʃ/ is restricted to sensive verbs.",7,The consequence is that the suffix /ʃ/ is restricted to sensive verbs.,1,"In North Sámi, the suffix /ʃ/ is restricted to sensive verbs."
glossa-5462-julien,1 Introduction,"North Sámi is known to have a rich inventory of derivational suffixes – suffixes that form verbs from nouns and adjectives or from other verbs, nouns from verbs, adjectives from nouns and verbs, to mention some main types. In this paper, I will take a closer look at one particular derivational suffix, the suffix /ʃ/, spelled š, which forms verbs from adjectives or nouns. More precisely, the suffix attaches to an adjective or noun and returns a transitive verb meaning ‘[subject] find [object] (too) ADJECTIVE/NOUN’.1 A few examples are given in (1). Note that the verbs are given in the infinitive, with the infinitival suffix -it following the derivational suffix.2",1,"North Sámi is known to have a rich inventory of derivational suffixes – suffixes that form verbs from nouns and adjectives or from other verbs, nouns from verbs, adjectives from nouns and verbs, to mention some main types.",1,North Sámi is known to have a rich inventory of derivational suffixes.
glossa-5462-julien,1 Introduction,"North Sámi is known to have a rich inventory of derivational suffixes – suffixes that form verbs from nouns and adjectives or from other verbs, nouns from verbs, adjectives from nouns and verbs, to mention some main types. In this paper, I will take a closer look at one particular derivational suffix, the suffix /ʃ/, spelled š, which forms verbs from adjectives or nouns. More precisely, the suffix attaches to an adjective or noun and returns a transitive verb meaning ‘[subject] find [object] (too) ADJECTIVE/NOUN’.1 A few examples are given in (1). Note that the verbs are given in the infinitive, with the infinitival suffix -it following the derivational suffix.2",1,"North Sámi is known to have a rich inventory of derivational suffixes – suffixes that form verbs from nouns and adjectives or from other verbs, nouns from verbs, adjectives from nouns and verbs, to mention some main types.",2,"In North Sámi, derivational suffixes can form verbs from nouns."
glossa-5462-julien,1 Introduction,"North Sámi is known to have a rich inventory of derivational suffixes – suffixes that form verbs from nouns and adjectives or from other verbs, nouns from verbs, adjectives from nouns and verbs, to mention some main types. In this paper, I will take a closer look at one particular derivational suffix, the suffix /ʃ/, spelled š, which forms verbs from adjectives or nouns. More precisely, the suffix attaches to an adjective or noun and returns a transitive verb meaning ‘[subject] find [object] (too) ADJECTIVE/NOUN’.1 A few examples are given in (1). Note that the verbs are given in the infinitive, with the infinitival suffix -it following the derivational suffix.2",1,"North Sámi is known to have a rich inventory of derivational suffixes – suffixes that form verbs from nouns and adjectives or from other verbs, nouns from verbs, adjectives from nouns and verbs, to mention some main types.",3,"In North Sámi, derivational suffixes can form verbs from adjectives."
glossa-5462-julien,1 Introduction,"North Sámi is known to have a rich inventory of derivational suffixes – suffixes that form verbs from nouns and adjectives or from other verbs, nouns from verbs, adjectives from nouns and verbs, to mention some main types. In this paper, I will take a closer look at one particular derivational suffix, the suffix /ʃ/, spelled š, which forms verbs from adjectives or nouns. More precisely, the suffix attaches to an adjective or noun and returns a transitive verb meaning ‘[subject] find [object] (too) ADJECTIVE/NOUN’.1 A few examples are given in (1). Note that the verbs are given in the infinitive, with the infinitival suffix -it following the derivational suffix.2",1,"North Sámi is known to have a rich inventory of derivational suffixes – suffixes that form verbs from nouns and adjectives or from other verbs, nouns from verbs, adjectives from nouns and verbs, to mention some main types.",4,"In North Sámi, derivational suffixes can form verbs from other verbs."
glossa-5462-julien,1 Introduction,"North Sámi is known to have a rich inventory of derivational suffixes – suffixes that form verbs from nouns and adjectives or from other verbs, nouns from verbs, adjectives from nouns and verbs, to mention some main types. In this paper, I will take a closer look at one particular derivational suffix, the suffix /ʃ/, spelled š, which forms verbs from adjectives or nouns. More precisely, the suffix attaches to an adjective or noun and returns a transitive verb meaning ‘[subject] find [object] (too) ADJECTIVE/NOUN’.1 A few examples are given in (1). Note that the verbs are given in the infinitive, with the infinitival suffix -it following the derivational suffix.2",1,"North Sámi is known to have a rich inventory of derivational suffixes – suffixes that form verbs from nouns and adjectives or from other verbs, nouns from verbs, adjectives from nouns and verbs, to mention some main types.",5,"In North Sámi, derivational suffixes can form nouns from verbs."
glossa-5462-julien,1 Introduction,"North Sámi is known to have a rich inventory of derivational suffixes – suffixes that form verbs from nouns and adjectives or from other verbs, nouns from verbs, adjectives from nouns and verbs, to mention some main types. In this paper, I will take a closer look at one particular derivational suffix, the suffix /ʃ/, spelled š, which forms verbs from adjectives or nouns. More precisely, the suffix attaches to an adjective or noun and returns a transitive verb meaning ‘[subject] find [object] (too) ADJECTIVE/NOUN’.1 A few examples are given in (1). Note that the verbs are given in the infinitive, with the infinitival suffix -it following the derivational suffix.2",1,"North Sámi is known to have a rich inventory of derivational suffixes – suffixes that form verbs from nouns and adjectives or from other verbs, nouns from verbs, adjectives from nouns and verbs, to mention some main types.",6,"In North Sámi, derivational suffixes can form adjectives from nouns."
glossa-5462-julien,1 Introduction,"North Sámi is known to have a rich inventory of derivational suffixes – suffixes that form verbs from nouns and adjectives or from other verbs, nouns from verbs, adjectives from nouns and verbs, to mention some main types. In this paper, I will take a closer look at one particular derivational suffix, the suffix /ʃ/, spelled š, which forms verbs from adjectives or nouns. More precisely, the suffix attaches to an adjective or noun and returns a transitive verb meaning ‘[subject] find [object] (too) ADJECTIVE/NOUN’.1 A few examples are given in (1). Note that the verbs are given in the infinitive, with the infinitival suffix -it following the derivational suffix.2",1,"North Sámi is known to have a rich inventory of derivational suffixes – suffixes that form verbs from nouns and adjectives or from other verbs, nouns from verbs, adjectives from nouns and verbs, to mention some main types.",7,"In North Sámi, derivational suffixes can form adjectives from verbs."
glossa-5462-julien,1 Introduction,"North Sámi is known to have a rich inventory of derivational suffixes – suffixes that form verbs from nouns and adjectives or from other verbs, nouns from verbs, adjectives from nouns and verbs, to mention some main types. In this paper, I will take a closer look at one particular derivational suffix, the suffix /ʃ/, spelled š, which forms verbs from adjectives or nouns. More precisely, the suffix attaches to an adjective or noun and returns a transitive verb meaning ‘[subject] find [object] (too) ADJECTIVE/NOUN’.1 A few examples are given in (1). Note that the verbs are given in the infinitive, with the infinitival suffix -it following the derivational suffix.3",1,"North Sámi is known to have a rich inventory of derivational suffixes – suffixes that form verbs from nouns and adjectives or from other verbs, nouns from verbs, adjectives from nouns and verbs, to mention some main types.",1,North Sámi is known to have a rich inventory of derivational suffixes.
glossa-5462-julien,1 Introduction,"North Sámi is known to have a rich inventory of derivational suffixes – suffixes that form verbs from nouns and adjectives or from other verbs, nouns from verbs, adjectives from nouns and verbs, to mention some main types. In this paper, I will take a closer look at one particular derivational suffix, the suffix /ʃ/, spelled š, which forms verbs from adjectives or nouns. More precisely, the suffix attaches to an adjective or noun and returns a transitive verb meaning ‘[subject] find [object] (too) ADJECTIVE/NOUN’.1 A few examples are given in (1). Note that the verbs are given in the infinitive, with the infinitival suffix -it following the derivational suffix.3",1,"North Sámi is known to have a rich inventory of derivational suffixes – suffixes that form verbs from nouns and adjectives or from other verbs, nouns from verbs, adjectives from nouns and verbs, to mention some main types.",2,"In North Sámi, derivational suffixes can form verbs from nouns."
glossa-5462-julien,1 Introduction,"North Sámi is known to have a rich inventory of derivational suffixes – suffixes that form verbs from nouns and adjectives or from other verbs, nouns from verbs, adjectives from nouns and verbs, to mention some main types. In this paper, I will take a closer look at one particular derivational suffix, the suffix /ʃ/, spelled š, which forms verbs from adjectives or nouns. More precisely, the suffix attaches to an adjective or noun and returns a transitive verb meaning ‘[subject] find [object] (too) ADJECTIVE/NOUN’.1 A few examples are given in (1). Note that the verbs are given in the infinitive, with the infinitival suffix -it following the derivational suffix.3",1,"North Sámi is known to have a rich inventory of derivational suffixes – suffixes that form verbs from nouns and adjectives or from other verbs, nouns from verbs, adjectives from nouns and verbs, to mention some main types.",3,"In North Sámi, derivational suffixes can form verbs from adjectives."
glossa-5462-julien,1 Introduction,"North Sámi is known to have a rich inventory of derivational suffixes – suffixes that form verbs from nouns and adjectives or from other verbs, nouns from verbs, adjectives from nouns and verbs, to mention some main types. In this paper, I will take a closer look at one particular derivational suffix, the suffix /ʃ/, spelled š, which forms verbs from adjectives or nouns. More precisely, the suffix attaches to an adjective or noun and returns a transitive verb meaning ‘[subject] find [object] (too) ADJECTIVE/NOUN’.1 A few examples are given in (1). Note that the verbs are given in the infinitive, with the infinitival suffix -it following the derivational suffix.3",1,"North Sámi is known to have a rich inventory of derivational suffixes – suffixes that form verbs from nouns and adjectives or from other verbs, nouns from verbs, adjectives from nouns and verbs, to mention some main types.",4,"In North Sámi, derivational suffixes can form verbs from other verbs."
glossa-5462-julien,1 Introduction,"North Sámi is known to have a rich inventory of derivational suffixes – suffixes that form verbs from nouns and adjectives or from other verbs, nouns from verbs, adjectives from nouns and verbs, to mention some main types. In this paper, I will take a closer look at one particular derivational suffix, the suffix /ʃ/, spelled š, which forms verbs from adjectives or nouns. More precisely, the suffix attaches to an adjective or noun and returns a transitive verb meaning ‘[subject] find [object] (too) ADJECTIVE/NOUN’.1 A few examples are given in (1). Note that the verbs are given in the infinitive, with the infinitival suffix -it following the derivational suffix.3",1,"North Sámi is known to have a rich inventory of derivational suffixes – suffixes that form verbs from nouns and adjectives or from other verbs, nouns from verbs, adjectives from nouns and verbs, to mention some main types.",5,"In North Sámi, derivational suffixes can form nouns from verbs."
glossa-5462-julien,1 Introduction,"North Sámi is known to have a rich inventory of derivational suffixes – suffixes that form verbs from nouns and adjectives or from other verbs, nouns from verbs, adjectives from nouns and verbs, to mention some main types. In this paper, I will take a closer look at one particular derivational suffix, the suffix /ʃ/, spelled š, which forms verbs from adjectives or nouns. More precisely, the suffix attaches to an adjective or noun and returns a transitive verb meaning ‘[subject] find [object] (too) ADJECTIVE/NOUN’.1 A few examples are given in (1). Note that the verbs are given in the infinitive, with the infinitival suffix -it following the derivational suffix.3",1,"North Sámi is known to have a rich inventory of derivational suffixes – suffixes that form verbs from nouns and adjectives or from other verbs, nouns from verbs, adjectives from nouns and verbs, to mention some main types.",6,"In North Sámi, derivational suffixes can form adjectives from nouns."
glossa-5462-julien,1 Introduction,"North Sámi is known to have a rich inventory of derivational suffixes – suffixes that form verbs from nouns and adjectives or from other verbs, nouns from verbs, adjectives from nouns and verbs, to mention some main types. In this paper, I will take a closer look at one particular derivational suffix, the suffix /ʃ/, spelled š, which forms verbs from adjectives or nouns. More precisely, the suffix attaches to an adjective or noun and returns a transitive verb meaning ‘[subject] find [object] (too) ADJECTIVE/NOUN’.1 A few examples are given in (1). Note that the verbs are given in the infinitive, with the infinitival suffix -it following the derivational suffix.3",1,"North Sámi is known to have a rich inventory of derivational suffixes – suffixes that form verbs from nouns and adjectives or from other verbs, nouns from verbs, adjectives from nouns and verbs, to mention some main types.",7,"In North Sámi, derivational suffixes can form adjectives from verbs."
glossa-5462-julien,1 Introduction,"North Sámi is known to have a rich inventory of derivational suffixes – suffixes that form verbs from nouns and adjectives or from other verbs, nouns from verbs, adjectives from nouns and verbs, to mention some main types. In this paper, I will take a closer look at one particular derivational suffix, the suffix /ʃ/, spelled š, which forms verbs from adjectives or nouns. More precisely, the suffix attaches to an adjective or noun and returns a transitive verb meaning ‘[subject] find [object] (too) ADJECTIVE/NOUN’.1 A few examples are given in (1). Note that the verbs are given in the infinitive, with the infinitival suffix -it following the derivational suffix.4",1,"North Sámi is known to have a rich inventory of derivational suffixes – suffixes that form verbs from nouns and adjectives or from other verbs, nouns from verbs, adjectives from nouns and verbs, to mention some main types.",1,North Sámi is known to have a rich inventory of derivational suffixes.
glossa-5462-julien,1 Introduction,"North Sámi is known to have a rich inventory of derivational suffixes – suffixes that form verbs from nouns and adjectives or from other verbs, nouns from verbs, adjectives from nouns and verbs, to mention some main types. In this paper, I will take a closer look at one particular derivational suffix, the suffix /ʃ/, spelled š, which forms verbs from adjectives or nouns. More precisely, the suffix attaches to an adjective or noun and returns a transitive verb meaning ‘[subject] find [object] (too) ADJECTIVE/NOUN’.1 A few examples are given in (1). Note that the verbs are given in the infinitive, with the infinitival suffix -it following the derivational suffix.4",1,"North Sámi is known to have a rich inventory of derivational suffixes – suffixes that form verbs from nouns and adjectives or from other verbs, nouns from verbs, adjectives from nouns and verbs, to mention some main types.",2,"In North Sámi, derivational suffixes can form verbs from nouns."
glossa-5462-julien,1 Introduction,"North Sámi is known to have a rich inventory of derivational suffixes – suffixes that form verbs from nouns and adjectives or from other verbs, nouns from verbs, adjectives from nouns and verbs, to mention some main types. In this paper, I will take a closer look at one particular derivational suffix, the suffix /ʃ/, spelled š, which forms verbs from adjectives or nouns. More precisely, the suffix attaches to an adjective or noun and returns a transitive verb meaning ‘[subject] find [object] (too) ADJECTIVE/NOUN’.1 A few examples are given in (1). Note that the verbs are given in the infinitive, with the infinitival suffix -it following the derivational suffix.4",1,"North Sámi is known to have a rich inventory of derivational suffixes – suffixes that form verbs from nouns and adjectives or from other verbs, nouns from verbs, adjectives from nouns and verbs, to mention some main types.",3,"In North Sámi, derivational suffixes can form verbs from adjectives."
glossa-5462-julien,1 Introduction,"North Sámi is known to have a rich inventory of derivational suffixes – suffixes that form verbs from nouns and adjectives or from other verbs, nouns from verbs, adjectives from nouns and verbs, to mention some main types. In this paper, I will take a closer look at one particular derivational suffix, the suffix /ʃ/, spelled š, which forms verbs from adjectives or nouns. More precisely, the suffix attaches to an adjective or noun and returns a transitive verb meaning ‘[subject] find [object] (too) ADJECTIVE/NOUN’.1 A few examples are given in (1). Note that the verbs are given in the infinitive, with the infinitival suffix -it following the derivational suffix.4",1,"North Sámi is known to have a rich inventory of derivational suffixes – suffixes that form verbs from nouns and adjectives or from other verbs, nouns from verbs, adjectives from nouns and verbs, to mention some main types.",4,"In North Sámi, derivational suffixes can form verbs from other verbs."
glossa-5462-julien,1 Introduction,"North Sámi is known to have a rich inventory of derivational suffixes – suffixes that form verbs from nouns and adjectives or from other verbs, nouns from verbs, adjectives from nouns and verbs, to mention some main types. In this paper, I will take a closer look at one particular derivational suffix, the suffix /ʃ/, spelled š, which forms verbs from adjectives or nouns. More precisely, the suffix attaches to an adjective or noun and returns a transitive verb meaning ‘[subject] find [object] (too) ADJECTIVE/NOUN’.1 A few examples are given in (1). Note that the verbs are given in the infinitive, with the infinitival suffix -it following the derivational suffix.4",1,"North Sámi is known to have a rich inventory of derivational suffixes – suffixes that form verbs from nouns and adjectives or from other verbs, nouns from verbs, adjectives from nouns and verbs, to mention some main types.",5,"In North Sámi, derivational suffixes can form nouns from verbs."
glossa-5462-julien,1 Introduction,"North Sámi is known to have a rich inventory of derivational suffixes – suffixes that form verbs from nouns and adjectives or from other verbs, nouns from verbs, adjectives from nouns and verbs, to mention some main types. In this paper, I will take a closer look at one particular derivational suffix, the suffix /ʃ/, spelled š, which forms verbs from adjectives or nouns. More precisely, the suffix attaches to an adjective or noun and returns a transitive verb meaning ‘[subject] find [object] (too) ADJECTIVE/NOUN’.1 A few examples are given in (1). Note that the verbs are given in the infinitive, with the infinitival suffix -it following the derivational suffix.4",1,"North Sámi is known to have a rich inventory of derivational suffixes – suffixes that form verbs from nouns and adjectives or from other verbs, nouns from verbs, adjectives from nouns and verbs, to mention some main types.",6,"In North Sámi, derivational suffixes can form adjectives from nouns."
glossa-5462-julien,1 Introduction,"North Sámi is known to have a rich inventory of derivational suffixes – suffixes that form verbs from nouns and adjectives or from other verbs, nouns from verbs, adjectives from nouns and verbs, to mention some main types. In this paper, I will take a closer look at one particular derivational suffix, the suffix /ʃ/, spelled š, which forms verbs from adjectives or nouns. More precisely, the suffix attaches to an adjective or noun and returns a transitive verb meaning ‘[subject] find [object] (too) ADJECTIVE/NOUN’.1 A few examples are given in (1). Note that the verbs are given in the infinitive, with the infinitival suffix -it following the derivational suffix.4",1,"North Sámi is known to have a rich inventory of derivational suffixes – suffixes that form verbs from nouns and adjectives or from other verbs, nouns from verbs, adjectives from nouns and verbs, to mention some main types.",7,"In North Sámi, derivational suffixes can form adjectives from verbs."
glossa-5462-julien,1 Introduction,"North Sámi is known to have a rich inventory of derivational suffixes – suffixes that form verbs from nouns and adjectives or from other verbs, nouns from verbs, adjectives from nouns and verbs, to mention some main types. In this paper, I will take a closer look at one particular derivational suffix, the suffix /ʃ/, spelled š, which forms verbs from adjectives or nouns. More precisely, the suffix attaches to an adjective or noun and returns a transitive verb meaning ‘[subject] find [object] (too) ADJECTIVE/NOUN’.1 A few examples are given in (1). Note that the verbs are given in the infinitive, with the infinitival suffix -it following the derivational suffix.5",1,"North Sámi is known to have a rich inventory of derivational suffixes – suffixes that form verbs from nouns and adjectives or from other verbs, nouns from verbs, adjectives from nouns and verbs, to mention some main types.",1,North Sámi has a rich inventory of derivational suffixes.
glossa-5462-julien,1 Introduction,"North Sámi is known to have a rich inventory of derivational suffixes – suffixes that form verbs from nouns and adjectives or from other verbs, nouns from verbs, adjectives from nouns and verbs, to mention some main types. In this paper, I will take a closer look at one particular derivational suffix, the suffix /ʃ/, spelled š, which forms verbs from adjectives or nouns. More precisely, the suffix attaches to an adjective or noun and returns a transitive verb meaning ‘[subject] find [object] (too) ADJECTIVE/NOUN’.1 A few examples are given in (1). Note that the verbs are given in the infinitive, with the infinitival suffix -it following the derivational suffix.5",1,"North Sámi is known to have a rich inventory of derivational suffixes – suffixes that form verbs from nouns and adjectives or from other verbs, nouns from verbs, adjectives from nouns and verbs, to mention some main types.",2,Derivational suffixes form verbs from nouns.
glossa-5462-julien,1 Introduction,"North Sámi is known to have a rich inventory of derivational suffixes – suffixes that form verbs from nouns and adjectives or from other verbs, nouns from verbs, adjectives from nouns and verbs, to mention some main types. In this paper, I will take a closer look at one particular derivational suffix, the suffix /ʃ/, spelled š, which forms verbs from adjectives or nouns. More precisely, the suffix attaches to an adjective or noun and returns a transitive verb meaning ‘[subject] find [object] (too) ADJECTIVE/NOUN’.1 A few examples are given in (1). Note that the verbs are given in the infinitive, with the infinitival suffix -it following the derivational suffix.5",1,"North Sámi is known to have a rich inventory of derivational suffixes – suffixes that form verbs from nouns and adjectives or from other verbs, nouns from verbs, adjectives from nouns and verbs, to mention some main types.",3,Derivational suffixes form verbs from adjectives.
glossa-5462-julien,1 Introduction,"North Sámi is known to have a rich inventory of derivational suffixes – suffixes that form verbs from nouns and adjectives or from other verbs, nouns from verbs, adjectives from nouns and verbs, to mention some main types. In this paper, I will take a closer look at one particular derivational suffix, the suffix /ʃ/, spelled š, which forms verbs from adjectives or nouns. More precisely, the suffix attaches to an adjective or noun and returns a transitive verb meaning ‘[subject] find [object] (too) ADJECTIVE/NOUN’.1 A few examples are given in (1). Note that the verbs are given in the infinitive, with the infinitival suffix -it following the derivational suffix.5",1,"North Sámi is known to have a rich inventory of derivational suffixes – suffixes that form verbs from nouns and adjectives or from other verbs, nouns from verbs, adjectives from nouns and verbs, to mention some main types.",4,Derivational suffixes form verbs from other verbs.
glossa-5462-julien,1 Introduction,"North Sámi is known to have a rich inventory of derivational suffixes – suffixes that form verbs from nouns and adjectives or from other verbs, nouns from verbs, adjectives from nouns and verbs, to mention some main types. In this paper, I will take a closer look at one particular derivational suffix, the suffix /ʃ/, spelled š, which forms verbs from adjectives or nouns. More precisely, the suffix attaches to an adjective or noun and returns a transitive verb meaning ‘[subject] find [object] (too) ADJECTIVE/NOUN’.1 A few examples are given in (1). Note that the verbs are given in the infinitive, with the infinitival suffix -it following the derivational suffix.5",1,"North Sámi is known to have a rich inventory of derivational suffixes – suffixes that form verbs from nouns and adjectives or from other verbs, nouns from verbs, adjectives from nouns and verbs, to mention some main types.",5,Derivational suffixes form nouns from verbs.
glossa-5462-julien,1 Introduction,"North Sámi is known to have a rich inventory of derivational suffixes – suffixes that form verbs from nouns and adjectives or from other verbs, nouns from verbs, adjectives from nouns and verbs, to mention some main types. In this paper, I will take a closer look at one particular derivational suffix, the suffix /ʃ/, spelled š, which forms verbs from adjectives or nouns. More precisely, the suffix attaches to an adjective or noun and returns a transitive verb meaning ‘[subject] find [object] (too) ADJECTIVE/NOUN’.1 A few examples are given in (1). Note that the verbs are given in the infinitive, with the infinitival suffix -it following the derivational suffix.5",1,"North Sámi is known to have a rich inventory of derivational suffixes – suffixes that form verbs from nouns and adjectives or from other verbs, nouns from verbs, adjectives from nouns and verbs, to mention some main types.",6,Derivational suffixes form adjectives from nouns.
glossa-5462-julien,1 Introduction,"North Sámi is known to have a rich inventory of derivational suffixes – suffixes that form verbs from nouns and adjectives or from other verbs, nouns from verbs, adjectives from nouns and verbs, to mention some main types. In this paper, I will take a closer look at one particular derivational suffix, the suffix /ʃ/, spelled š, which forms verbs from adjectives or nouns. More precisely, the suffix attaches to an adjective or noun and returns a transitive verb meaning ‘[subject] find [object] (too) ADJECTIVE/NOUN’.1 A few examples are given in (1). Note that the verbs are given in the infinitive, with the infinitival suffix -it following the derivational suffix.5",1,"North Sámi is known to have a rich inventory of derivational suffixes – suffixes that form verbs from nouns and adjectives or from other verbs, nouns from verbs, adjectives from nouns and verbs, to mention some main types.",7,Derivational suffixes form adjectives from verbs.
glossa-5462-julien,1 Introduction,"North Sámi is known to have a rich inventory of derivational suffixes – suffixes that form verbs from nouns and adjectives or from other verbs, nouns from verbs, adjectives from nouns and verbs, to mention some main types. In this paper, I will take a closer look at one particular derivational suffix, the suffix /ʃ/, spelled š, which forms verbs from adjectives or nouns. More precisely, the suffix attaches to an adjective or noun and returns a transitive verb meaning ‘[subject] find [object] (too) ADJECTIVE/NOUN’.1 A few examples are given in (1). Note that the verbs are given in the infinitive, with the infinitival suffix -it following the derivational suffix.6",1,"North Sámi is known to have a rich inventory of derivational suffixes – suffixes that form verbs from nouns and adjectives or from other verbs, nouns from verbs, adjectives from nouns and verbs, to mention some main types.",1,North Sámi has a rich inventory of derivational suffixes.
glossa-5462-julien,1 Introduction,"North Sámi is known to have a rich inventory of derivational suffixes – suffixes that form verbs from nouns and adjectives or from other verbs, nouns from verbs, adjectives from nouns and verbs, to mention some main types. In this paper, I will take a closer look at one particular derivational suffix, the suffix /ʃ/, spelled š, which forms verbs from adjectives or nouns. More precisely, the suffix attaches to an adjective or noun and returns a transitive verb meaning ‘[subject] find [object] (too) ADJECTIVE/NOUN’.1 A few examples are given in (1). Note that the verbs are given in the infinitive, with the infinitival suffix -it following the derivational suffix.6",1,"North Sámi is known to have a rich inventory of derivational suffixes – suffixes that form verbs from nouns and adjectives or from other verbs, nouns from verbs, adjectives from nouns and verbs, to mention some main types.",2,Derivational suffixes form verbs from nouns.
glossa-5462-julien,1 Introduction,"North Sámi is known to have a rich inventory of derivational suffixes – suffixes that form verbs from nouns and adjectives or from other verbs, nouns from verbs, adjectives from nouns and verbs, to mention some main types. In this paper, I will take a closer look at one particular derivational suffix, the suffix /ʃ/, spelled š, which forms verbs from adjectives or nouns. More precisely, the suffix attaches to an adjective or noun and returns a transitive verb meaning ‘[subject] find [object] (too) ADJECTIVE/NOUN’.1 A few examples are given in (1). Note that the verbs are given in the infinitive, with the infinitival suffix -it following the derivational suffix.6",1,"North Sámi is known to have a rich inventory of derivational suffixes – suffixes that form verbs from nouns and adjectives or from other verbs, nouns from verbs, adjectives from nouns and verbs, to mention some main types.",3,Derivational suffixes form verbs from adjectives.
glossa-5462-julien,1 Introduction,"North Sámi is known to have a rich inventory of derivational suffixes – suffixes that form verbs from nouns and adjectives or from other verbs, nouns from verbs, adjectives from nouns and verbs, to mention some main types. In this paper, I will take a closer look at one particular derivational suffix, the suffix /ʃ/, spelled š, which forms verbs from adjectives or nouns. More precisely, the suffix attaches to an adjective or noun and returns a transitive verb meaning ‘[subject] find [object] (too) ADJECTIVE/NOUN’.1 A few examples are given in (1). Note that the verbs are given in the infinitive, with the infinitival suffix -it following the derivational suffix.6",1,"North Sámi is known to have a rich inventory of derivational suffixes – suffixes that form verbs from nouns and adjectives or from other verbs, nouns from verbs, adjectives from nouns and verbs, to mention some main types.",4,Derivational suffixes form verbs from other verbs.
glossa-5462-julien,1 Introduction,"North Sámi is known to have a rich inventory of derivational suffixes – suffixes that form verbs from nouns and adjectives or from other verbs, nouns from verbs, adjectives from nouns and verbs, to mention some main types. In this paper, I will take a closer look at one particular derivational suffix, the suffix /ʃ/, spelled š, which forms verbs from adjectives or nouns. More precisely, the suffix attaches to an adjective or noun and returns a transitive verb meaning ‘[subject] find [object] (too) ADJECTIVE/NOUN’.1 A few examples are given in (1). Note that the verbs are given in the infinitive, with the infinitival suffix -it following the derivational suffix.6",1,"North Sámi is known to have a rich inventory of derivational suffixes – suffixes that form verbs from nouns and adjectives or from other verbs, nouns from verbs, adjectives from nouns and verbs, to mention some main types.",5,Derivational suffixes form nouns from verbs.
glossa-5462-julien,1 Introduction,"North Sámi is known to have a rich inventory of derivational suffixes – suffixes that form verbs from nouns and adjectives or from other verbs, nouns from verbs, adjectives from nouns and verbs, to mention some main types. In this paper, I will take a closer look at one particular derivational suffix, the suffix /ʃ/, spelled š, which forms verbs from adjectives or nouns. More precisely, the suffix attaches to an adjective or noun and returns a transitive verb meaning ‘[subject] find [object] (too) ADJECTIVE/NOUN’.1 A few examples are given in (1). Note that the verbs are given in the infinitive, with the infinitival suffix -it following the derivational suffix.6",1,"North Sámi is known to have a rich inventory of derivational suffixes – suffixes that form verbs from nouns and adjectives or from other verbs, nouns from verbs, adjectives from nouns and verbs, to mention some main types.",6,Derivational suffixes form adjectives from nouns.
glossa-5462-julien,1 Introduction,"North Sámi is known to have a rich inventory of derivational suffixes – suffixes that form verbs from nouns and adjectives or from other verbs, nouns from verbs, adjectives from nouns and verbs, to mention some main types. In this paper, I will take a closer look at one particular derivational suffix, the suffix /ʃ/, spelled š, which forms verbs from adjectives or nouns. More precisely, the suffix attaches to an adjective or noun and returns a transitive verb meaning ‘[subject] find [object] (too) ADJECTIVE/NOUN’.1 A few examples are given in (1). Note that the verbs are given in the infinitive, with the infinitival suffix -it following the derivational suffix.6",1,"North Sámi is known to have a rich inventory of derivational suffixes – suffixes that form verbs from nouns and adjectives or from other verbs, nouns from verbs, adjectives from nouns and verbs, to mention some main types.",7,Derivational suffixes form adjectives from verbs.
glossa-5462-julien,1 Introduction,"North Sámi is known to have a rich inventory of derivational suffixes – suffixes that form verbs from nouns and adjectives or from other verbs, nouns from verbs, adjectives from nouns and verbs, to mention some main types. In this paper, I will take a closer look at one particular derivational suffix, the suffix /ʃ/, spelled š, which forms verbs from adjectives or nouns. More precisely, the suffix attaches to an adjective or noun and returns a transitive verb meaning ‘[subject] find [object] (too) ADJECTIVE/NOUN’.1 A few examples are given in (1). Note that the verbs are given in the infinitive, with the infinitival suffix -it following the derivational suffix.7",1,"In this paper, I will take a closer look at one particular derivational suffix, the suffix /ʃ/, spelled š, which forms verbs from adjectives or nouns.",1,"In North Sámi, the derivational suffix /ʃ/ is spelled š."
glossa-5462-julien,1 Introduction,"North Sámi is known to have a rich inventory of derivational suffixes – suffixes that form verbs from nouns and adjectives or from other verbs, nouns from verbs, adjectives from nouns and verbs, to mention some main types. In this paper, I will take a closer look at one particular derivational suffix, the suffix /ʃ/, spelled š, which forms verbs from adjectives or nouns. More precisely, the suffix attaches to an adjective or noun and returns a transitive verb meaning ‘[subject] find [object] (too) ADJECTIVE/NOUN’.1 A few examples are given in (1). Note that the verbs are given in the infinitive, with the infinitival suffix -it following the derivational suffix.7",1,"In this paper, I will take a closer look at one particular derivational suffix, the suffix /ʃ/, spelled š, which forms verbs from adjectives or nouns.",2,"In North Sámi, the derivational suffix /ʃ/ forms verbs from adjectives."
glossa-5462-julien,1 Introduction,"North Sámi is known to have a rich inventory of derivational suffixes – suffixes that form verbs from nouns and adjectives or from other verbs, nouns from verbs, adjectives from nouns and verbs, to mention some main types. In this paper, I will take a closer look at one particular derivational suffix, the suffix /ʃ/, spelled š, which forms verbs from adjectives or nouns. More precisely, the suffix attaches to an adjective or noun and returns a transitive verb meaning ‘[subject] find [object] (too) ADJECTIVE/NOUN’.1 A few examples are given in (1). Note that the verbs are given in the infinitive, with the infinitival suffix -it following the derivational suffix.7",1,"In this paper, I will take a closer look at one particular derivational suffix, the suffix /ʃ/, spelled š, which forms verbs from adjectives or nouns.",3,"In North Sámi, the derivational suffix /ʃ/ forms verbs from nouns."
glossa-5462-julien,1 Introduction,"North Sámi is known to have a rich inventory of derivational suffixes – suffixes that form verbs from nouns and adjectives or from other verbs, nouns from verbs, adjectives from nouns and verbs, to mention some main types. In this paper, I will take a closer look at one particular derivational suffix, the suffix /ʃ/, spelled š, which forms verbs from adjectives or nouns. More precisely, the suffix attaches to an adjective or noun and returns a transitive verb meaning ‘[subject] find [object] (too) ADJECTIVE/NOUN’.1 A few examples are given in (1). Note that the verbs are given in the infinitive, with the infinitival suffix -it following the derivational suffix.8",1,"In this paper, I will take a closer look at one particular derivational suffix, the suffix /ʃ/, spelled š, which forms verbs from adjectives or nouns.",1,"In North Sámi, the derivational suffix /ʃ/ is spelled š."
glossa-5462-julien,1 Introduction,"North Sámi is known to have a rich inventory of derivational suffixes – suffixes that form verbs from nouns and adjectives or from other verbs, nouns from verbs, adjectives from nouns and verbs, to mention some main types. In this paper, I will take a closer look at one particular derivational suffix, the suffix /ʃ/, spelled š, which forms verbs from adjectives or nouns. More precisely, the suffix attaches to an adjective or noun and returns a transitive verb meaning ‘[subject] find [object] (too) ADJECTIVE/NOUN’.1 A few examples are given in (1). Note that the verbs are given in the infinitive, with the infinitival suffix -it following the derivational suffix.8",1,"In this paper, I will take a closer look at one particular derivational suffix, the suffix /ʃ/, spelled š, which forms verbs from adjectives or nouns.",2,"In North Sámi, the derivational suffix /ʃ/ forms verbs from adjectives."
glossa-5462-julien,1 Introduction,"North Sámi is known to have a rich inventory of derivational suffixes – suffixes that form verbs from nouns and adjectives or from other verbs, nouns from verbs, adjectives from nouns and verbs, to mention some main types. In this paper, I will take a closer look at one particular derivational suffix, the suffix /ʃ/, spelled š, which forms verbs from adjectives or nouns. More precisely, the suffix attaches to an adjective or noun and returns a transitive verb meaning ‘[subject] find [object] (too) ADJECTIVE/NOUN’.1 A few examples are given in (1). Note that the verbs are given in the infinitive, with the infinitival suffix -it following the derivational suffix.8",1,"In this paper, I will take a closer look at one particular derivational suffix, the suffix /ʃ/, spelled š, which forms verbs from adjectives or nouns.",3,"In North Sámi, the derivational suffix /ʃ/ forms verbs from nouns."
glossa-5462-julien,1 Introduction,"North Sámi is known to have a rich inventory of derivational suffixes – suffixes that form verbs from nouns and adjectives or from other verbs, nouns from verbs, adjectives from nouns and verbs, to mention some main types. In this paper, I will take a closer look at one particular derivational suffix, the suffix /ʃ/, spelled š, which forms verbs from adjectives or nouns. More precisely, the suffix attaches to an adjective or noun and returns a transitive verb meaning ‘[subject] find [object] (too) ADJECTIVE/NOUN’.1 A few examples are given in (1). Note that the verbs are given in the infinitive, with the infinitival suffix -it following the derivational suffix.9",1,"More precisely, the suffix attaches to an adjective or noun and returns a transitive verb meaning ‘[subject] find [object] (too) ADJECTIVE/NOUN’.1 A few examples are given in (1)",1,"In North Sámi, the derivational suffix /ʃ/ attaches to an adjective."
glossa-5462-julien,1 Introduction,"North Sámi is known to have a rich inventory of derivational suffixes – suffixes that form verbs from nouns and adjectives or from other verbs, nouns from verbs, adjectives from nouns and verbs, to mention some main types. In this paper, I will take a closer look at one particular derivational suffix, the suffix /ʃ/, spelled š, which forms verbs from adjectives or nouns. More precisely, the suffix attaches to an adjective or noun and returns a transitive verb meaning ‘[subject] find [object] (too) ADJECTIVE/NOUN’.1 A few examples are given in (1). Note that the verbs are given in the infinitive, with the infinitival suffix -it following the derivational suffix.9",1,"More precisely, the suffix attaches to an adjective or noun and returns a transitive verb meaning ‘[subject] find [object] (too) ADJECTIVE/NOUN’.1 A few examples are given in (1)",2,"In North Sámi, the derivational suffix /ʃ/ attaches to a noun."
glossa-5462-julien,1 Introduction,"North Sámi is known to have a rich inventory of derivational suffixes – suffixes that form verbs from nouns and adjectives or from other verbs, nouns from verbs, adjectives from nouns and verbs, to mention some main types. In this paper, I will take a closer look at one particular derivational suffix, the suffix /ʃ/, spelled š, which forms verbs from adjectives or nouns. More precisely, the suffix attaches to an adjective or noun and returns a transitive verb meaning ‘[subject] find [object] (too) ADJECTIVE/NOUN’.1 A few examples are given in (1). Note that the verbs are given in the infinitive, with the infinitival suffix -it following the derivational suffix.9",1,"More precisely, the suffix attaches to an adjective or noun and returns a transitive verb meaning ‘[subject] find [object] (too) ADJECTIVE/NOUN’.1 A few examples are given in (1)",3,"In North Sámi, attaching the derivational suffix /ʃ/ to an adjective yields a transitive verb meaning ""[subject] find [object] (too) ADJECTIVE""."
glossa-5462-julien,1 Introduction,"North Sámi is known to have a rich inventory of derivational suffixes – suffixes that form verbs from nouns and adjectives or from other verbs, nouns from verbs, adjectives from nouns and verbs, to mention some main types. In this paper, I will take a closer look at one particular derivational suffix, the suffix /ʃ/, spelled š, which forms verbs from adjectives or nouns. More precisely, the suffix attaches to an adjective or noun and returns a transitive verb meaning ‘[subject] find [object] (too) ADJECTIVE/NOUN’.1 A few examples are given in (1). Note that the verbs are given in the infinitive, with the infinitival suffix -it following the derivational suffix.9",1,"More precisely, the suffix attaches to an adjective or noun and returns a transitive verb meaning ‘[subject] find [object] (too) ADJECTIVE/NOUN’.1 A few examples are given in (1)",4,"In North Sámi, attaching the derivational suffix /ʃ/ to a noun yields a transitive verb meaning ""[subject] find [object] (too) NOUN""."
glossa-5462-julien,1 Introduction,"North Sámi is known to have a rich inventory of derivational suffixes – suffixes that form verbs from nouns and adjectives or from other verbs, nouns from verbs, adjectives from nouns and verbs, to mention some main types. In this paper, I will take a closer look at one particular derivational suffix, the suffix /ʃ/, spelled š, which forms verbs from adjectives or nouns. More precisely, the suffix attaches to an adjective or noun and returns a transitive verb meaning ‘[subject] find [object] (too) ADJECTIVE/NOUN’.1 A few examples are given in (1). Note that the verbs are given in the infinitive, with the infinitival suffix -it following the derivational suffix.10",1,"More precisely, the suffix attaches to an adjective or noun and returns a transitive verb meaning ‘[subject] find [object] (too) ADJECTIVE/NOUN’.1 A few examples are given in (1)",1,"In North Sámi, the derivational suffix /ʃ/ (spelled š) attaches to an adjective or a noun."
glossa-5462-julien,1 Introduction,"North Sámi is known to have a rich inventory of derivational suffixes – suffixes that form verbs from nouns and adjectives or from other verbs, nouns from verbs, adjectives from nouns and verbs, to mention some main types. In this paper, I will take a closer look at one particular derivational suffix, the suffix /ʃ/, spelled š, which forms verbs from adjectives or nouns. More precisely, the suffix attaches to an adjective or noun and returns a transitive verb meaning ‘[subject] find [object] (too) ADJECTIVE/NOUN’.1 A few examples are given in (1). Note that the verbs are given in the infinitive, with the infinitival suffix -it following the derivational suffix.10",1,"More precisely, the suffix attaches to an adjective or noun and returns a transitive verb meaning ‘[subject] find [object] (too) ADJECTIVE/NOUN’.1 A few examples are given in (1)",2,"In North Sámi, the derivational suffix /ʃ/ (spelled š) returns a transitive verb meaning '[subject] find [object] (too) ADJECTIVE or NOUN' when it attaches to an adjective or a noun."
glossa-5462-julien,1 Introduction,"North Sámi is known to have a rich inventory of derivational suffixes – suffixes that form verbs from nouns and adjectives or from other verbs, nouns from verbs, adjectives from nouns and verbs, to mention some main types. In this paper, I will take a closer look at one particular derivational suffix, the suffix /ʃ/, spelled š, which forms verbs from adjectives or nouns. More precisely, the suffix attaches to an adjective or noun and returns a transitive verb meaning ‘[subject] find [object] (too) ADJECTIVE/NOUN’.1 A few examples are given in (1). Note that the verbs are given in the infinitive, with the infinitival suffix -it following the derivational suffix.11",1,"More precisely, the suffix attaches to an adjective or noun and returns a transitive verb meaning ‘[subject] find [object] (too) ADJECTIVE/NOUN’.1 A few examples are given in (1)",1,"In North Sámi, the derivational suffix /ʃ/ (spelled š) attaches to an adjective or a noun."
glossa-5462-julien,1 Introduction,"North Sámi is known to have a rich inventory of derivational suffixes – suffixes that form verbs from nouns and adjectives or from other verbs, nouns from verbs, adjectives from nouns and verbs, to mention some main types. In this paper, I will take a closer look at one particular derivational suffix, the suffix /ʃ/, spelled š, which forms verbs from adjectives or nouns. More precisely, the suffix attaches to an adjective or noun and returns a transitive verb meaning ‘[subject] find [object] (too) ADJECTIVE/NOUN’.1 A few examples are given in (1). Note that the verbs are given in the infinitive, with the infinitival suffix -it following the derivational suffix.11",1,"More precisely, the suffix attaches to an adjective or noun and returns a transitive verb meaning ‘[subject] find [object] (too) ADJECTIVE/NOUN’.1 A few examples are given in (1)",2,"In North Sámi, the derivational suffix /ʃ/ (spelled š) returns a transitive verb meaning '[subject] find [object] (too) ADJECTIVE or NOUN' when it attaches to an adjective or a noun."
glossa-5462-julien,1 Introduction,"North Sámi is known to have a rich inventory of derivational suffixes – suffixes that form verbs from nouns and adjectives or from other verbs, nouns from verbs, adjectives from nouns and verbs, to mention some main types. In this paper, I will take a closer look at one particular derivational suffix, the suffix /ʃ/, spelled š, which forms verbs from adjectives or nouns. More precisely, the suffix attaches to an adjective or noun and returns a transitive verb meaning ‘[subject] find [object] (too) ADJECTIVE/NOUN’.1 A few examples are given in (1). Note that the verbs are given in the infinitive, with the infinitival suffix -it following the derivational suffix.12",1,"Note that the verbs are given in the infinitive, with the infinitival suffix -it following the derivational suffix.2",1,"In North Sámi, -it is an infinitival suffix."
glossa-5462-julien,1 Introduction,"North Sámi is known to have a rich inventory of derivational suffixes – suffixes that form verbs from nouns and adjectives or from other verbs, nouns from verbs, adjectives from nouns and verbs, to mention some main types. In this paper, I will take a closer look at one particular derivational suffix, the suffix /ʃ/, spelled š, which forms verbs from adjectives or nouns. More precisely, the suffix attaches to an adjective or noun and returns a transitive verb meaning ‘[subject] find [object] (too) ADJECTIVE/NOUN’.1 A few examples are given in (1). Note that the verbs are given in the infinitive, with the infinitival suffix -it following the derivational suffix.12",1,"Note that the verbs are given in the infinitive, with the infinitival suffix -it following the derivational suffix.2",2,"In North Sámi, in verbs derived with the suffix /ʃ/ (spelled š), the infinitival suffix -it follows the derivational suffix."
glossa-5462-julien,1 Introduction,"North Sámi is known to have a rich inventory of derivational suffixes – suffixes that form verbs from nouns and adjectives or from other verbs, nouns from verbs, adjectives from nouns and verbs, to mention some main types. In this paper, I will take a closer look at one particular derivational suffix, the suffix /ʃ/, spelled š, which forms verbs from adjectives or nouns. More precisely, the suffix attaches to an adjective or noun and returns a transitive verb meaning ‘[subject] find [object] (too) ADJECTIVE/NOUN’.1 A few examples are given in (1). Note that the verbs are given in the infinitive, with the infinitival suffix -it following the derivational suffix.13",1,"Note that the verbs are given in the infinitive, with the infinitival suffix -it following the derivational suffix.3",1,"In North Sámi, -it is an infinitival suffix."
glossa-5462-julien,1 Introduction,"North Sámi is known to have a rich inventory of derivational suffixes – suffixes that form verbs from nouns and adjectives or from other verbs, nouns from verbs, adjectives from nouns and verbs, to mention some main types. In this paper, I will take a closer look at one particular derivational suffix, the suffix /ʃ/, spelled š, which forms verbs from adjectives or nouns. More precisely, the suffix attaches to an adjective or noun and returns a transitive verb meaning ‘[subject] find [object] (too) ADJECTIVE/NOUN’.1 A few examples are given in (1). Note that the verbs are given in the infinitive, with the infinitival suffix -it following the derivational suffix.13",1,"Note that the verbs are given in the infinitive, with the infinitival suffix -it following the derivational suffix.3",2,"In North Sámi, in verbs derived with the suffix /ʃ/ (spelled š), the infinitival suffix -it follows the derivational suffix."
glossa-8784-kocher,Title and Abstract,"This article argues in favor of the idea that verum can result from focus marking on sentence mood. The empirical base are verum strategies in Spanish, English and German. It is shown that all of them result from stress on sentence mood, even though the strategies to express verum in the three languages appear unrelated on a superficial level: German and English rely on stress on a finite verb, Spanish inserts a particle. In the article, a semantic and syntactic account complete each other. The semantic approach is a revised version of Lohnstein’s sentence mood theory of verum focus. The effect of verum in different sentence moods is derived by the function each mood has and the alternatives that focus on them generates. The syntactic analysis is modeled in a cartographic framework (Rizzi 1997 et seq.) and motivates a projection in the lower section of the left periphery dedicated to sentence mood. A focus feature in this projection results in the verum interpretation of the proposition. The principal argument developed in this article is that the superficial differences across languages and clause types result from the fact that the focused mood feature is checked in different configurations.",1,This article argues in favor of the idea that verum can result from focus marking on sentence mood.,1,Verum can result from focus marking on sentence mood.
glossa-8784-kocher,Title and Abstract,"This article argues in favor of the idea that verum can result from focus marking on sentence mood. The empirical base are verum strategies in Spanish, English and German. It is shown that all of them result from stress on sentence mood, even though the strategies to express verum in the three languages appear unrelated on a superficial level: German and English rely on stress on a finite verb, Spanish inserts a particle. In the article, a semantic and syntactic account complete each other. The semantic approach is a revised version of Lohnstein’s sentence mood theory of verum focus. The effect of verum in different sentence moods is derived by the function each mood has and the alternatives that focus on them generates. The syntactic analysis is modeled in a cartographic framework (Rizzi 1997 et seq.) and motivates a projection in the lower section of the left periphery dedicated to sentence mood. A focus feature in this projection results in the verum interpretation of the proposition. The principal argument developed in this article is that the superficial differences across languages and clause types result from the fact that the focused mood feature is checked in different configurations.",2,"The empirical base are verum strategies in Spanish, English and German.",1,"The empirical base comprises verum strategies in Spanish, English, and German."
glossa-8784-kocher,Title and Abstract,"This article argues in favor of the idea that verum can result from focus marking on sentence mood. The empirical base are verum strategies in Spanish, English and German. It is shown that all of them result from stress on sentence mood, even though the strategies to express verum in the three languages appear unrelated on a superficial level: German and English rely on stress on a finite verb, Spanish inserts a particle. In the article, a semantic and syntactic account complete each other. The semantic approach is a revised version of Lohnstein’s sentence mood theory of verum focus. The effect of verum in different sentence moods is derived by the function each mood has and the alternatives that focus on them generates. The syntactic analysis is modeled in a cartographic framework (Rizzi 1997 et seq.) and motivates a projection in the lower section of the left periphery dedicated to sentence mood. A focus feature in this projection results in the verum interpretation of the proposition. The principal argument developed in this article is that the superficial differences across languages and clause types result from the fact that the focused mood feature is checked in different configurations.",3,"It is shown that all of them result from stress on sentence mood, even though the strategies to express verum in the three languages appear unrelated on a superficial level: German and English rely on stress on a finite verb, Spanish inserts a particle.",1,"Verum strategies in Spanish, English, and German result from stress on sentence mood."
glossa-8784-kocher,Title and Abstract,"This article argues in favor of the idea that verum can result from focus marking on sentence mood. The empirical base are verum strategies in Spanish, English and German. It is shown that all of them result from stress on sentence mood, even though the strategies to express verum in the three languages appear unrelated on a superficial level: German and English rely on stress on a finite verb, Spanish inserts a particle. In the article, a semantic and syntactic account complete each other. The semantic approach is a revised version of Lohnstein’s sentence mood theory of verum focus. The effect of verum in different sentence moods is derived by the function each mood has and the alternatives that focus on them generates. The syntactic analysis is modeled in a cartographic framework (Rizzi 1997 et seq.) and motivates a projection in the lower section of the left periphery dedicated to sentence mood. A focus feature in this projection results in the verum interpretation of the proposition. The principal argument developed in this article is that the superficial differences across languages and clause types result from the fact that the focused mood feature is checked in different configurations.",3,"It is shown that all of them result from stress on sentence mood, even though the strategies to express verum in the three languages appear unrelated on a superficial level: German and English rely on stress on a finite verb, Spanish inserts a particle.",2,"The strategies to express verum in Spanish, English, and German appear unrelated on a superficial level."
glossa-8784-kocher,Title and Abstract,"This article argues in favor of the idea that verum can result from focus marking on sentence mood. The empirical base are verum strategies in Spanish, English and German. It is shown that all of them result from stress on sentence mood, even though the strategies to express verum in the three languages appear unrelated on a superficial level: German and English rely on stress on a finite verb, Spanish inserts a particle. In the article, a semantic and syntactic account complete each other. The semantic approach is a revised version of Lohnstein’s sentence mood theory of verum focus. The effect of verum in different sentence moods is derived by the function each mood has and the alternatives that focus on them generates. The syntactic analysis is modeled in a cartographic framework (Rizzi 1997 et seq.) and motivates a projection in the lower section of the left periphery dedicated to sentence mood. A focus feature in this projection results in the verum interpretation of the proposition. The principal argument developed in this article is that the superficial differences across languages and clause types result from the fact that the focused mood feature is checked in different configurations.",3,"It is shown that all of them result from stress on sentence mood, even though the strategies to express verum in the three languages appear unrelated on a superficial level: German and English rely on stress on a finite verb, Spanish inserts a particle.",3,"In English, the expression of verum relies on stress on a finite verb."
glossa-8784-kocher,Title and Abstract,"This article argues in favor of the idea that verum can result from focus marking on sentence mood. The empirical base are verum strategies in Spanish, English and German. It is shown that all of them result from stress on sentence mood, even though the strategies to express verum in the three languages appear unrelated on a superficial level: German and English rely on stress on a finite verb, Spanish inserts a particle. In the article, a semantic and syntactic account complete each other. The semantic approach is a revised version of Lohnstein’s sentence mood theory of verum focus. The effect of verum in different sentence moods is derived by the function each mood has and the alternatives that focus on them generates. The syntactic analysis is modeled in a cartographic framework (Rizzi 1997 et seq.) and motivates a projection in the lower section of the left periphery dedicated to sentence mood. A focus feature in this projection results in the verum interpretation of the proposition. The principal argument developed in this article is that the superficial differences across languages and clause types result from the fact that the focused mood feature is checked in different configurations.",3,"It is shown that all of them result from stress on sentence mood, even though the strategies to express verum in the three languages appear unrelated on a superficial level: German and English rely on stress on a finite verb, Spanish inserts a particle.",4,"In German, the expression of verum relies on stress on a finite verb."
glossa-8784-kocher,Title and Abstract,"This article argues in favor of the idea that verum can result from focus marking on sentence mood. The empirical base are verum strategies in Spanish, English and German. It is shown that all of them result from stress on sentence mood, even though the strategies to express verum in the three languages appear unrelated on a superficial level: German and English rely on stress on a finite verb, Spanish inserts a particle. In the article, a semantic and syntactic account complete each other. The semantic approach is a revised version of Lohnstein’s sentence mood theory of verum focus. The effect of verum in different sentence moods is derived by the function each mood has and the alternatives that focus on them generates. The syntactic analysis is modeled in a cartographic framework (Rizzi 1997 et seq.) and motivates a projection in the lower section of the left periphery dedicated to sentence mood. A focus feature in this projection results in the verum interpretation of the proposition. The principal argument developed in this article is that the superficial differences across languages and clause types result from the fact that the focused mood feature is checked in different configurations.",3,"It is shown that all of them result from stress on sentence mood, even though the strategies to express verum in the three languages appear unrelated on a superficial level: German and English rely on stress on a finite verb, Spanish inserts a particle.",5,"In Spanish, the expression of verum relies on insertion of a particle."
glossa-8784-kocher,Title and Abstract,"This article argues in favor of the idea that verum can result from focus marking on sentence mood. The empirical base are verum strategies in Spanish, English and German. It is shown that all of them result from stress on sentence mood, even though the strategies to express verum in the three languages appear unrelated on a superficial level: German and English rely on stress on a finite verb, Spanish inserts a particle. In the article, a semantic and syntactic account complete each other. The semantic approach is a revised version of Lohnstein’s sentence mood theory of verum focus. The effect of verum in different sentence moods is derived by the function each mood has and the alternatives that focus on them generates. The syntactic analysis is modeled in a cartographic framework (Rizzi 1997 et seq.) and motivates a projection in the lower section of the left periphery dedicated to sentence mood. A focus feature in this projection results in the verum interpretation of the proposition. The principal argument developed in this article is that the superficial differences across languages and clause types result from the fact that the focused mood feature is checked in different configurations.",4,"In the article, a semantic and syntactic account complete each other.",1,A semantic account and a syntactic account of verum complement each other.
glossa-8784-kocher,Title and Abstract,"This article argues in favor of the idea that verum can result from focus marking on sentence mood. The empirical base are verum strategies in Spanish, English and German. It is shown that all of them result from stress on sentence mood, even though the strategies to express verum in the three languages appear unrelated on a superficial level: German and English rely on stress on a finite verb, Spanish inserts a particle. In the article, a semantic and syntactic account complete each other. The semantic approach is a revised version of Lohnstein’s sentence mood theory of verum focus. The effect of verum in different sentence moods is derived by the function each mood has and the alternatives that focus on them generates. The syntactic analysis is modeled in a cartographic framework (Rizzi 1997 et seq.) and motivates a projection in the lower section of the left periphery dedicated to sentence mood. A focus feature in this projection results in the verum interpretation of the proposition. The principal argument developed in this article is that the superficial differences across languages and clause types result from the fact that the focused mood feature is checked in different configurations.",5,The semantic approach is a revised version of Lohnstein’s sentence mood theory of verum focus.,1,The semantic approach is a revised version of Lohnstein’s sentence mood theory of verum focus.
glossa-8784-kocher,Title and Abstract,"This article argues in favor of the idea that verum can result from focus marking on sentence mood. The empirical base are verum strategies in Spanish, English and German. It is shown that all of them result from stress on sentence mood, even though the strategies to express verum in the three languages appear unrelated on a superficial level: German and English rely on stress on a finite verb, Spanish inserts a particle. In the article, a semantic and syntactic account complete each other. The semantic approach is a revised version of Lohnstein’s sentence mood theory of verum focus. The effect of verum in different sentence moods is derived by the function each mood has and the alternatives that focus on them generates. The syntactic analysis is modeled in a cartographic framework (Rizzi 1997 et seq.) and motivates a projection in the lower section of the left periphery dedicated to sentence mood. A focus feature in this projection results in the verum interpretation of the proposition. The principal argument developed in this article is that the superficial differences across languages and clause types result from the fact that the focused mood feature is checked in different configurations.",6,The effect of verum in different sentence moods is derived by the function each mood has and the alternatives that focus on them generates.,1,The effect of verum in different sentence moods is derived from the function that each sentence mood has and from the alternatives that focusing on sentence mood generates.
glossa-8784-kocher,Title and Abstract,"This article argues in favor of the idea that verum can result from focus marking on sentence mood. The empirical base are verum strategies in Spanish, English and German. It is shown that all of them result from stress on sentence mood, even though the strategies to express verum in the three languages appear unrelated on a superficial level: German and English rely on stress on a finite verb, Spanish inserts a particle. In the article, a semantic and syntactic account complete each other. The semantic approach is a revised version of Lohnstein’s sentence mood theory of verum focus. The effect of verum in different sentence moods is derived by the function each mood has and the alternatives that focus on them generates. The syntactic analysis is modeled in a cartographic framework (Rizzi 1997 et seq.) and motivates a projection in the lower section of the left periphery dedicated to sentence mood. A focus feature in this projection results in the verum interpretation of the proposition. The principal argument developed in this article is that the superficial differences across languages and clause types result from the fact that the focused mood feature is checked in different configurations.",7,The syntactic analysis is modeled in a cartographic framework (Rizzi 1997 et seq.) and motivates a projection in the lower section of the left periphery dedicated to sentence mood.,1,The syntactic analysis is modeled in a cartographic framework following Rizzi (1997 et seq.).
glossa-8784-kocher,Title and Abstract,"This article argues in favor of the idea that verum can result from focus marking on sentence mood. The empirical base are verum strategies in Spanish, English and German. It is shown that all of them result from stress on sentence mood, even though the strategies to express verum in the three languages appear unrelated on a superficial level: German and English rely on stress on a finite verb, Spanish inserts a particle. In the article, a semantic and syntactic account complete each other. The semantic approach is a revised version of Lohnstein’s sentence mood theory of verum focus. The effect of verum in different sentence moods is derived by the function each mood has and the alternatives that focus on them generates. The syntactic analysis is modeled in a cartographic framework (Rizzi 1997 et seq.) and motivates a projection in the lower section of the left periphery dedicated to sentence mood. A focus feature in this projection results in the verum interpretation of the proposition. The principal argument developed in this article is that the superficial differences across languages and clause types result from the fact that the focused mood feature is checked in different configurations.",7,The syntactic analysis is modeled in a cartographic framework (Rizzi 1997 et seq.) and motivates a projection in the lower section of the left periphery dedicated to sentence mood.,2,The syntactic analysis posits a projection in the lower section of the left periphery dedicated to sentence mood.
glossa-8784-kocher,Title and Abstract,"This article argues in favor of the idea that verum can result from focus marking on sentence mood. The empirical base are verum strategies in Spanish, English and German. It is shown that all of them result from stress on sentence mood, even though the strategies to express verum in the three languages appear unrelated on a superficial level: German and English rely on stress on a finite verb, Spanish inserts a particle. In the article, a semantic and syntactic account complete each other. The semantic approach is a revised version of Lohnstein’s sentence mood theory of verum focus. The effect of verum in different sentence moods is derived by the function each mood has and the alternatives that focus on them generates. The syntactic analysis is modeled in a cartographic framework (Rizzi 1997 et seq.) and motivates a projection in the lower section of the left periphery dedicated to sentence mood. A focus feature in this projection results in the verum interpretation of the proposition. The principal argument developed in this article is that the superficial differences across languages and clause types result from the fact that the focused mood feature is checked in different configurations.",8,A focus feature in this projection results in the verum interpretation of the proposition.,1,A focus feature in the sentence-mood projection results in a verum interpretation of the proposition.
glossa-8784-kocher,Title and Abstract,"This article argues in favor of the idea that verum can result from focus marking on sentence mood. The empirical base are verum strategies in Spanish, English and German. It is shown that all of them result from stress on sentence mood, even though the strategies to express verum in the three languages appear unrelated on a superficial level: German and English rely on stress on a finite verb, Spanish inserts a particle. In the article, a semantic and syntactic account complete each other. The semantic approach is a revised version of Lohnstein’s sentence mood theory of verum focus. The effect of verum in different sentence moods is derived by the function each mood has and the alternatives that focus on them generates. The syntactic analysis is modeled in a cartographic framework (Rizzi 1997 et seq.) and motivates a projection in the lower section of the left periphery dedicated to sentence mood. A focus feature in this projection results in the verum interpretation of the proposition. The principal argument developed in this article is that the superficial differences across languages and clause types result from the fact that the focused mood feature is checked in different configurations.",9,The principal argument developed in this article is that the superficial differences across languages and clause types result from the fact that the focused mood feature is checked in different configurations.,1,Superficial differences across languages and clause types result from the focused mood feature being checked in different configurations.
glossa-5286-contemori,,"Studies on second language (L2) anaphora resolution have mainly focused on learners of null-subject languages, demonstrating that L2 speakers show residual indeterminacy in the L2 referential choice, even at the highest levels of proficiency. On the other hand, studies on anaphora resolution in L2 learners of non-null-subject languages have shown conflicting results, indicating that L2 speakers may process referential expressions in the L2 like native speakers.Using a visual word paradigm task, we test the online processing of pronouns in highly proficient L2 speakers of English whose L1 is Spanish, and compare their performance to a group of native English speakers. The native speakers’ data show rapid use of the first mention bias (i.e., interpreting a pronoun towards the first-mentioned referent) and gender information upon encountering a gender ambiguous or unambiguous pronoun. For the L2 participants, we find similar underlying processes of pronoun resolution in comparison to native speakers. The results do not reveal a processing cost for L2 speakers of a non-null-subject language during anaphora resolution. Overall, our study demonstrates that L2 speakers of a non-null-subject language (English) can achieve native-like processing of the default referential form signaling topic continuity (i.e., the overt pronoun; Sorace 2011).",1,"Studies on second language (L2) anaphora resolution have mainly focused on learners of null-subject languages, demonstrating that L2 speakers show residual indeterminacy in the L2 referential choice, even at the highest levels of proficiency.",1,Studies on second language anaphora resolution have mainly focused on learners of null-subject languages.
glossa-5286-contemori,,"Studies on second language (L2) anaphora resolution have mainly focused on learners of null-subject languages, demonstrating that L2 speakers show residual indeterminacy in the L2 referential choice, even at the highest levels of proficiency. On the other hand, studies on anaphora resolution in L2 learners of non-null-subject languages have shown conflicting results, indicating that L2 speakers may process referential expressions in the L2 like native speakers.Using a visual word paradigm task, we test the online processing of pronouns in highly proficient L2 speakers of English whose L1 is Spanish, and compare their performance to a group of native English speakers. The native speakers’ data show rapid use of the first mention bias (i.e., interpreting a pronoun towards the first-mentioned referent) and gender information upon encountering a gender ambiguous or unambiguous pronoun. For the L2 participants, we find similar underlying processes of pronoun resolution in comparison to native speakers. The results do not reveal a processing cost for L2 speakers of a non-null-subject language during anaphora resolution. Overall, our study demonstrates that L2 speakers of a non-null-subject language (English) can achieve native-like processing of the default referential form signaling topic continuity (i.e., the overt pronoun; Sorace 2011).",1,"Studies on second language (L2) anaphora resolution have mainly focused on learners of null-subject languages, demonstrating that L2 speakers show residual indeterminacy in the L2 referential choice, even at the highest levels of proficiency.",2,"Second language learners of null-subject languages show residual indeterminacy in referential choice in the second language, even at the highest levels of proficiency."
glossa-5286-contemori,,"Studies on second language (L2) anaphora resolution have mainly focused on learners of null-subject languages, demonstrating that L2 speakers show residual indeterminacy in the L2 referential choice, even at the highest levels of proficiency. On the other hand, studies on anaphora resolution in L2 learners of non-null-subject languages have shown conflicting results, indicating that L2 speakers may process referential expressions in the L2 like native speakers.Using a visual word paradigm task, we test the online processing of pronouns in highly proficient L2 speakers of English whose L1 is Spanish, and compare their performance to a group of native English speakers. The native speakers’ data show rapid use of the first mention bias (i.e., interpreting a pronoun towards the first-mentioned referent) and gender information upon encountering a gender ambiguous or unambiguous pronoun. For the L2 participants, we find similar underlying processes of pronoun resolution in comparison to native speakers. The results do not reveal a processing cost for L2 speakers of a non-null-subject language during anaphora resolution. Overall, our study demonstrates that L2 speakers of a non-null-subject language (English) can achieve native-like processing of the default referential form signaling topic continuity (i.e., the overt pronoun; Sorace 2011).",2,"On the other hand, studies on anaphora resolution in L2 learners of non-null-subject languages have shown conflicting results, indicating that L2 speakers may process referential expressions in the L2 like native speakers.Using a visual word paradigm task, we test the online processing of pronouns in highly proficient L2 speakers of English whose L1 is Spanish, and compare their performance to a group of native English speakers.",1,Studies on anaphora resolution in second language learners of non-null-subject languages have shown conflicting results.
glossa-5286-contemori,,"Studies on second language (L2) anaphora resolution have mainly focused on learners of null-subject languages, demonstrating that L2 speakers show residual indeterminacy in the L2 referential choice, even at the highest levels of proficiency. On the other hand, studies on anaphora resolution in L2 learners of non-null-subject languages have shown conflicting results, indicating that L2 speakers may process referential expressions in the L2 like native speakers.Using a visual word paradigm task, we test the online processing of pronouns in highly proficient L2 speakers of English whose L1 is Spanish, and compare their performance to a group of native English speakers. The native speakers’ data show rapid use of the first mention bias (i.e., interpreting a pronoun towards the first-mentioned referent) and gender information upon encountering a gender ambiguous or unambiguous pronoun. For the L2 participants, we find similar underlying processes of pronoun resolution in comparison to native speakers. The results do not reveal a processing cost for L2 speakers of a non-null-subject language during anaphora resolution. Overall, our study demonstrates that L2 speakers of a non-null-subject language (English) can achieve native-like processing of the default referential form signaling topic continuity (i.e., the overt pronoun; Sorace 2011).",2,"On the other hand, studies on anaphora resolution in L2 learners of non-null-subject languages have shown conflicting results, indicating that L2 speakers may process referential expressions in the L2 like native speakers.Using a visual word paradigm task, we test the online processing of pronouns in highly proficient L2 speakers of English whose L1 is Spanish, and compare their performance to a group of native English speakers.",2,Some studies indicate that second language speakers may process referential expressions in a non-null-subject second language like native speakers.
glossa-5286-contemori,,"Studies on second language (L2) anaphora resolution have mainly focused on learners of null-subject languages, demonstrating that L2 speakers show residual indeterminacy in the L2 referential choice, even at the highest levels of proficiency. On the other hand, studies on anaphora resolution in L2 learners of non-null-subject languages have shown conflicting results, indicating that L2 speakers may process referential expressions in the L2 like native speakers.Using a visual word paradigm task, we test the online processing of pronouns in highly proficient L2 speakers of English whose L1 is Spanish, and compare their performance to a group of native English speakers. The native speakers’ data show rapid use of the first mention bias (i.e., interpreting a pronoun towards the first-mentioned referent) and gender information upon encountering a gender ambiguous or unambiguous pronoun. For the L2 participants, we find similar underlying processes of pronoun resolution in comparison to native speakers. The results do not reveal a processing cost for L2 speakers of a non-null-subject language during anaphora resolution. Overall, our study demonstrates that L2 speakers of a non-null-subject language (English) can achieve native-like processing of the default referential form signaling topic continuity (i.e., the overt pronoun; Sorace 2011).",2,"On the other hand, studies on anaphora resolution in L2 learners of non-null-subject languages have shown conflicting results, indicating that L2 speakers may process referential expressions in the L2 like native speakers.Using a visual word paradigm task, we test the online processing of pronouns in highly proficient L2 speakers of English whose L1 is Spanish, and compare their performance to a group of native English speakers.",3,Online processing of pronouns in highly proficient second language speakers of English with Spanish as a first language was tested using a visual word paradigm.
glossa-5286-contemori,,"Studies on second language (L2) anaphora resolution have mainly focused on learners of null-subject languages, demonstrating that L2 speakers show residual indeterminacy in the L2 referential choice, even at the highest levels of proficiency. On the other hand, studies on anaphora resolution in L2 learners of non-null-subject languages have shown conflicting results, indicating that L2 speakers may process referential expressions in the L2 like native speakers.Using a visual word paradigm task, we test the online processing of pronouns in highly proficient L2 speakers of English whose L1 is Spanish, and compare their performance to a group of native English speakers. The native speakers’ data show rapid use of the first mention bias (i.e., interpreting a pronoun towards the first-mentioned referent) and gender information upon encountering a gender ambiguous or unambiguous pronoun. For the L2 participants, we find similar underlying processes of pronoun resolution in comparison to native speakers. The results do not reveal a processing cost for L2 speakers of a non-null-subject language during anaphora resolution. Overall, our study demonstrates that L2 speakers of a non-null-subject language (English) can achieve native-like processing of the default referential form signaling topic continuity (i.e., the overt pronoun; Sorace 2011).",2,"On the other hand, studies on anaphora resolution in L2 learners of non-null-subject languages have shown conflicting results, indicating that L2 speakers may process referential expressions in the L2 like native speakers.Using a visual word paradigm task, we test the online processing of pronouns in highly proficient L2 speakers of English whose L1 is Spanish, and compare their performance to a group of native English speakers.",4,The performance of highly proficient second language speakers of English with Spanish as a first language was compared to the performance of native English speakers.
glossa-5286-contemori,,"Studies on second language (L2) anaphora resolution have mainly focused on learners of null-subject languages, demonstrating that L2 speakers show residual indeterminacy in the L2 referential choice, even at the highest levels of proficiency. On the other hand, studies on anaphora resolution in L2 learners of non-null-subject languages have shown conflicting results, indicating that L2 speakers may process referential expressions in the L2 like native speakers.Using a visual word paradigm task, we test the online processing of pronouns in highly proficient L2 speakers of English whose L1 is Spanish, and compare their performance to a group of native English speakers. The native speakers’ data show rapid use of the first mention bias (i.e., interpreting a pronoun towards the first-mentioned referent) and gender information upon encountering a gender ambiguous or unambiguous pronoun. For the L2 participants, we find similar underlying processes of pronoun resolution in comparison to native speakers. The results do not reveal a processing cost for L2 speakers of a non-null-subject language during anaphora resolution. Overall, our study demonstrates that L2 speakers of a non-null-subject language (English) can achieve native-like processing of the default referential form signaling topic continuity (i.e., the overt pronoun; Sorace 2011).",3,"The native speakers’ data show rapid use of the first mention bias (i.e., interpreting a pronoun towards the first-mentioned referent) and gender information upon encountering a gender ambiguous or unambiguous pronoun.",1,"Native English speakers rapidly use the first-mention bias, interpreting a pronoun toward the first-mentioned referent, when processing pronouns."
glossa-5286-contemori,,"Studies on second language (L2) anaphora resolution have mainly focused on learners of null-subject languages, demonstrating that L2 speakers show residual indeterminacy in the L2 referential choice, even at the highest levels of proficiency. On the other hand, studies on anaphora resolution in L2 learners of non-null-subject languages have shown conflicting results, indicating that L2 speakers may process referential expressions in the L2 like native speakers.Using a visual word paradigm task, we test the online processing of pronouns in highly proficient L2 speakers of English whose L1 is Spanish, and compare their performance to a group of native English speakers. The native speakers’ data show rapid use of the first mention bias (i.e., interpreting a pronoun towards the first-mentioned referent) and gender information upon encountering a gender ambiguous or unambiguous pronoun. For the L2 participants, we find similar underlying processes of pronoun resolution in comparison to native speakers. The results do not reveal a processing cost for L2 speakers of a non-null-subject language during anaphora resolution. Overall, our study demonstrates that L2 speakers of a non-null-subject language (English) can achieve native-like processing of the default referential form signaling topic continuity (i.e., the overt pronoun; Sorace 2011).",3,"The native speakers’ data show rapid use of the first mention bias (i.e., interpreting a pronoun towards the first-mentioned referent) and gender information upon encountering a gender ambiguous or unambiguous pronoun.",2,Native English speakers rapidly use gender information upon encountering a gender-ambiguous or gender-unambiguous pronoun.
glossa-5286-contemori,,"Studies on second language (L2) anaphora resolution have mainly focused on learners of null-subject languages, demonstrating that L2 speakers show residual indeterminacy in the L2 referential choice, even at the highest levels of proficiency. On the other hand, studies on anaphora resolution in L2 learners of non-null-subject languages have shown conflicting results, indicating that L2 speakers may process referential expressions in the L2 like native speakers.Using a visual word paradigm task, we test the online processing of pronouns in highly proficient L2 speakers of English whose L1 is Spanish, and compare their performance to a group of native English speakers. The native speakers’ data show rapid use of the first mention bias (i.e., interpreting a pronoun towards the first-mentioned referent) and gender information upon encountering a gender ambiguous or unambiguous pronoun. For the L2 participants, we find similar underlying processes of pronoun resolution in comparison to native speakers. The results do not reveal a processing cost for L2 speakers of a non-null-subject language during anaphora resolution. Overall, our study demonstrates that L2 speakers of a non-null-subject language (English) can achieve native-like processing of the default referential form signaling topic continuity (i.e., the overt pronoun; Sorace 2011).",4,"For the L2 participants, we find similar underlying processes of pronoun resolution in comparison to native speakers.",1,Highly proficient second language speakers of English with Spanish as a first language show similar underlying processes of pronoun resolution to native English speakers.
glossa-5286-contemori,,"Studies on second language (L2) anaphora resolution have mainly focused on learners of null-subject languages, demonstrating that L2 speakers show residual indeterminacy in the L2 referential choice, even at the highest levels of proficiency. On the other hand, studies on anaphora resolution in L2 learners of non-null-subject languages have shown conflicting results, indicating that L2 speakers may process referential expressions in the L2 like native speakers.Using a visual word paradigm task, we test the online processing of pronouns in highly proficient L2 speakers of English whose L1 is Spanish, and compare their performance to a group of native English speakers. The native speakers’ data show rapid use of the first mention bias (i.e., interpreting a pronoun towards the first-mentioned referent) and gender information upon encountering a gender ambiguous or unambiguous pronoun. For the L2 participants, we find similar underlying processes of pronoun resolution in comparison to native speakers. The results do not reveal a processing cost for L2 speakers of a non-null-subject language during anaphora resolution. Overall, our study demonstrates that L2 speakers of a non-null-subject language (English) can achieve native-like processing of the default referential form signaling topic continuity (i.e., the overt pronoun; Sorace 2011).",5,The results do not reveal a processing cost for L2 speakers of a non-null-subject language during anaphora resolution.,1,"During anaphora resolution, no processing cost is observed for second language speakers of a non-null-subject language."
glossa-5286-contemori,,"Studies on second language (L2) anaphora resolution have mainly focused on learners of null-subject languages, demonstrating that L2 speakers show residual indeterminacy in the L2 referential choice, even at the highest levels of proficiency. On the other hand, studies on anaphora resolution in L2 learners of non-null-subject languages have shown conflicting results, indicating that L2 speakers may process referential expressions in the L2 like native speakers.Using a visual word paradigm task, we test the online processing of pronouns in highly proficient L2 speakers of English whose L1 is Spanish, and compare their performance to a group of native English speakers. The native speakers’ data show rapid use of the first mention bias (i.e., interpreting a pronoun towards the first-mentioned referent) and gender information upon encountering a gender ambiguous or unambiguous pronoun. For the L2 participants, we find similar underlying processes of pronoun resolution in comparison to native speakers. The results do not reveal a processing cost for L2 speakers of a non-null-subject language during anaphora resolution. Overall, our study demonstrates that L2 speakers of a non-null-subject language (English) can achieve native-like processing of the default referential form signaling topic continuity (i.e., the overt pronoun; Sorace 2011).",6,"Overall, our study demonstrates that L2 speakers of a non-null-subject language (English) can achieve native-like processing of the default referential form signaling topic continuity (i.e., the overt pronoun; Sorace 2011).",1,"Second language speakers of English, a non-null-subject language, can achieve native-like processing of the overt pronoun, the default referential form signaling topic continuity."
glossa-5286-contemori,,"Studies on second language (L2) anaphora resolution have mainly focused on learners of null-subject languages, demonstrating that L2 speakers show residual indeterminacy in the L2 referential choice, even at the highest levels of proficiency. On the other hand, studies on anaphora resolution in L2 learners of non-null-subject languages have shown conflicting results, indicating that L2 speakers may process referential expressions in the L2 like native speakers.Using a visual word paradigm task, we test the online processing of pronouns in highly proficient L2 speakers of English whose L1 is Spanish, and compare their performance to a group of native English speakers. The native speakers’ data show rapid use of the first mention bias (i.e., interpreting a pronoun towards the first-mentioned referent) and gender information upon encountering a gender ambiguous or unambiguous pronoun. For the L2 participants, we find similar underlying processes of pronoun resolution in comparison to native speakers. The results do not reveal a processing cost for L2 speakers of a non-null-subject language during anaphora resolution. Overall, our study demonstrates that L2 speakers of a non-null-subject language (English) can achieve native-like processing of the default referential form signaling topic continuity (i.e., the overt pronoun; Sorace 2011).",6,"Overall, our study demonstrates that L2 speakers of a non-null-subject language (English) can achieve native-like processing of the default referential form signaling topic continuity (i.e., the overt pronoun; Sorace 2011).",2,"According to Sorace (2011), the overt pronoun is the default referential form signaling topic continuity."
glossa-5286-contemori,,"Studies on second language (L2) anaphora resolution have mainly focused on learners of null-subject languages, demonstrating that L2 speakers show residual indeterminacy in the L2 referential choice, even at the highest levels of proficiency. On the other hand, studies on anaphora resolution in L2 learners of non-null-subject languages have shown conflicting results, indicating that L2 speakers may process referential expressions in the L2 like native speakers.Using a visual word paradigm task, we test the online processing of pronouns in highly proficient L2 speakers of English whose L1 is Spanish, and compare their performance to a group of native English speakers. The native speakers’ data show rapid use of the first mention bias (i.e., interpreting a pronoun towards the first-mentioned referent) and gender information upon encountering a gender ambiguous or unambiguous pronoun. For the L2 participants, we find similar underlying processes of pronoun resolution in comparison to native speakers. The results do not reveal a processing cost for L2 speakers of a non-null-subject language during anaphora resolution. Overall, our study demonstrates that L2 speakers of a non-null-subject language (English) can achieve native-like processing of the default referential form signaling topic continuity (i.e., the overt pronoun; Sorace 2011).",6,"Overall, our study demonstrates that L2 speakers of a non-null-subject language (English) can achieve native-like processing of the default referential form signaling topic continuity (i.e., the overt pronoun; Sorace 2011).",3,The overt pronoun is the default referential form signaling topic continuity.
glossa-5040-heffernan,,Showcasing the interaction of generative and emergent linguistic knowledge with case marker omission in spoken Japanese,1,Showcasing the interaction of generative and emergent linguistic knowledge with case marker omission in spoken Japanese,1,"In spoken Japanese, case marker omission interacts with generative linguistic knowledge."
glossa-5040-heffernan,,Showcasing the interaction of generative and emergent linguistic knowledge with case marker omission in spoken Japanese,1,Showcasing the interaction of generative and emergent linguistic knowledge with case marker omission in spoken Japanese,2,"In spoken Japanese, case marker omission interacts with emergent linguistic knowledge."
glossa-5040-heffernan,1 The emergent–generative debate,"Linguists are currently debating the nature of our grammatical knowledge. Many have argued that such knowledge is innate and that we use this knowledge to generate utterances; others have argued that grammatical knowledge emerges from linguistic experience, and that such knowledge forms exemplars for modeling novel utterances. Generative grammar advocates emphasize the way that utterances are generated by combining individual words as needed (Hauser et al. 2002; Newmeyer 2010, and many others). In contrast, emergent grammar advocates emphasize that prefabricated sequences of abstract and concrete linguistic forms are recycled (Thompson 2002; Ellis 2008; Beckner et al. 2009; Bybee 2010; Dąbrowska 2014, and many others; see MacWhinney & O’Grady 2015 and references therein).",1,Linguists are currently debating the nature of our grammatical knowledge.,1,Linguists are currently debating the nature of grammatical knowledge.
glossa-5040-heffernan,1 The emergent–generative debate,"Linguists are currently debating the nature of our grammatical knowledge. Many have argued that such knowledge is innate and that we use this knowledge to generate utterances; others have argued that grammatical knowledge emerges from linguistic experience, and that such knowledge forms exemplars for modeling novel utterances. Generative grammar advocates emphasize the way that utterances are generated by combining individual words as needed (Hauser et al. 2002; Newmeyer 2010, and many others). In contrast, emergent grammar advocates emphasize that prefabricated sequences of abstract and concrete linguistic forms are recycled (Thompson 2002; Ellis 2008; Beckner et al. 2009; Bybee 2010; Dąbrowska 2014, and many others; see MacWhinney & O’Grady 2015 and references therein).",2,"Many have argued that such knowledge is innate and that we use this knowledge to generate utterances; others have argued that grammatical knowledge emerges from linguistic experience, and that such knowledge forms exemplars for modeling novel utterances.",1,Many linguists argue that grammatical knowledge is innate.
glossa-5040-heffernan,1 The emergent–generative debate,"Linguists are currently debating the nature of our grammatical knowledge. Many have argued that such knowledge is innate and that we use this knowledge to generate utterances; others have argued that grammatical knowledge emerges from linguistic experience, and that such knowledge forms exemplars for modeling novel utterances. Generative grammar advocates emphasize the way that utterances are generated by combining individual words as needed (Hauser et al. 2002; Newmeyer 2010, and many others). In contrast, emergent grammar advocates emphasize that prefabricated sequences of abstract and concrete linguistic forms are recycled (Thompson 2002; Ellis 2008; Beckner et al. 2009; Bybee 2010; Dąbrowska 2014, and many others; see MacWhinney & O’Grady 2015 and references therein).",2,"Many have argued that such knowledge is innate and that we use this knowledge to generate utterances; others have argued that grammatical knowledge emerges from linguistic experience, and that such knowledge forms exemplars for modeling novel utterances.",2,Many linguists argue that speakers use grammatical knowledge to generate utterances.
glossa-5040-heffernan,1 The emergent–generative debate,"Linguists are currently debating the nature of our grammatical knowledge. Many have argued that such knowledge is innate and that we use this knowledge to generate utterances; others have argued that grammatical knowledge emerges from linguistic experience, and that such knowledge forms exemplars for modeling novel utterances. Generative grammar advocates emphasize the way that utterances are generated by combining individual words as needed (Hauser et al. 2002; Newmeyer 2010, and many others). In contrast, emergent grammar advocates emphasize that prefabricated sequences of abstract and concrete linguistic forms are recycled (Thompson 2002; Ellis 2008; Beckner et al. 2009; Bybee 2010; Dąbrowska 2014, and many others; see MacWhinney & O’Grady 2015 and references therein).",2,"Many have argued that such knowledge is innate and that we use this knowledge to generate utterances; others have argued that grammatical knowledge emerges from linguistic experience, and that such knowledge forms exemplars for modeling novel utterances.",3,Other linguists argue that grammatical knowledge emerges from linguistic experience.
glossa-5040-heffernan,1 The emergent–generative debate,"Linguists are currently debating the nature of our grammatical knowledge. Many have argued that such knowledge is innate and that we use this knowledge to generate utterances; others have argued that grammatical knowledge emerges from linguistic experience, and that such knowledge forms exemplars for modeling novel utterances. Generative grammar advocates emphasize the way that utterances are generated by combining individual words as needed (Hauser et al. 2002; Newmeyer 2010, and many others). In contrast, emergent grammar advocates emphasize that prefabricated sequences of abstract and concrete linguistic forms are recycled (Thompson 2002; Ellis 2008; Beckner et al. 2009; Bybee 2010; Dąbrowska 2014, and many others; see MacWhinney & O’Grady 2015 and references therein).",2,"Many have argued that such knowledge is innate and that we use this knowledge to generate utterances; others have argued that grammatical knowledge emerges from linguistic experience, and that such knowledge forms exemplars for modeling novel utterances.",4,Other linguists argue that grammatical knowledge forms exemplars for modeling novel utterances.
glossa-5040-heffernan,1 The emergent–generative debate,"Linguists are currently debating the nature of our grammatical knowledge. Many have argued that such knowledge is innate and that we use this knowledge to generate utterances; others have argued that grammatical knowledge emerges from linguistic experience, and that such knowledge forms exemplars for modeling novel utterances. Generative grammar advocates emphasize the way that utterances are generated by combining individual words as needed (Hauser et al. 2002; Newmeyer 2010, and many others). In contrast, emergent grammar advocates emphasize that prefabricated sequences of abstract and concrete linguistic forms are recycled (Thompson 2002; Ellis 2008; Beckner et al. 2009; Bybee 2010; Dąbrowska 2014, and many others; see MacWhinney & O’Grady 2015 and references therein).",3,"Generative grammar advocates emphasize the way that utterances are generated by combining individual words as needed (Hauser et al. 2002; Newmeyer 2010, and many others).",1,"Generative grammar advocates emphasize that utterances are generated by combining individual words as needed (Hauser et al. 2002; Newmeyer 2010, and many others)."
glossa-5040-heffernan,1 The emergent–generative debate,"Linguists are currently debating the nature of our grammatical knowledge. Many have argued that such knowledge is innate and that we use this knowledge to generate utterances; others have argued that grammatical knowledge emerges from linguistic experience, and that such knowledge forms exemplars for modeling novel utterances. Generative grammar advocates emphasize the way that utterances are generated by combining individual words as needed (Hauser et al. 2002; Newmeyer 2010, and many others). In contrast, emergent grammar advocates emphasize that prefabricated sequences of abstract and concrete linguistic forms are recycled (Thompson 2002; Ellis 2008; Beckner et al. 2009; Bybee 2010; Dąbrowska 2014, and many others; see MacWhinney & O’Grady 2015 and references therein).",4,"In contrast, emergent grammar advocates emphasize that prefabricated sequences of abstract and concrete linguistic forms are recycled (Thompson 2002; Ellis 2008; Beckner et al. 2009; Bybee 2010; Dąbrowska 2014, and many others; see MacWhinney & O’Grady 2015 and references therein).",1,"Emergent grammar advocates emphasize that prefabricated sequences of abstract and concrete linguistic forms are recycled (Thompson 2002; Ellis 2008; Beckner et al. 2009; Bybee 2010; Dąbrowska 2014, and many others; see MacWhinney and O’Grady 2015 and references therein)."
glossa-5040-heffernan,1 The emergent–generative debate,"Consider Dąbrowska’s (2010) example (9a), repeated here as (1a). This sentence illustrates the long-distance dependency between the wh word in the main clause and the trace in the object position for the verb do in the subordinate clause. Dąbrowska points out that word choice in sentences with long-distance dependencies in natural conversation is constrained; that is, the main clause auxiliary in such sentences is do over 90% of the time, the subject is you about 90% of the time, and the verb is think or say about 90% of the time. Dąbrowska gave several more examples that illustrated these tendencies, and we have repeated two of them as (1b) and (1c). She concludes that utterances with long-distance dependencies followed specific templates most of the time, and emerged frequently because “they are psychologically more basic than non-prototypical ones… prototypical questions are produced more fluently, judged to be more acceptable, remembered better and acquired earlier by children” (Dąbrowska 2010: 63).",1,"Consider Dąbrowska’s (2010) example (9a), repeated here as (1a).  This sentence illustrates the long-distance dependency between the wh word in the main clause and the trace in the object position for the verb do in the subordinate clause.",1,An example from Dąbrowska (2010) illustrates the long-distance dependency between the wh word in the main clause and the trace in the object position for the verb do in the subordinate clause.
glossa-5040-heffernan,1 The emergent–generative debate,"Consider Dąbrowska’s (2010) example (9a), repeated here as (1a). This sentence illustrates the long-distance dependency between the wh word in the main clause and the trace in the object position for the verb do in the subordinate clause. Dąbrowska points out that word choice in sentences with long-distance dependencies in natural conversation is constrained; that is, the main clause auxiliary in such sentences is do over 90% of the time, the subject is you about 90% of the time, and the verb is think or say about 90% of the time. Dąbrowska gave several more examples that illustrated these tendencies, and we have repeated two of them as (1b) and (1c). She concludes that utterances with long-distance dependencies followed specific templates most of the time, and emerged frequently because “they are psychologically more basic than non-prototypical ones… prototypical questions are produced more fluently, judged to be more acceptable, remembered better and acquired earlier by children” (Dąbrowska 2010: 63).",2,"Dąbrowska points out that word choice in sentences with long-distance dependencies in natural conversation is constrained; that is, the main clause auxiliary in such sentences is do over 90% of the time, the subject is you about 90% of the time, and the verb is think or say about 90% of the time.",1,Dąbrowska (2010) points out that word choice in sentences with long-distance dependencies in natural conversation is constrained.
glossa-5040-heffernan,1 The emergent–generative debate,"Consider Dąbrowska’s (2010) example (9a), repeated here as (1a). This sentence illustrates the long-distance dependency between the wh word in the main clause and the trace in the object position for the verb do in the subordinate clause. Dąbrowska points out that word choice in sentences with long-distance dependencies in natural conversation is constrained; that is, the main clause auxiliary in such sentences is do over 90% of the time, the subject is you about 90% of the time, and the verb is think or say about 90% of the time. Dąbrowska gave several more examples that illustrated these tendencies, and we have repeated two of them as (1b) and (1c). She concludes that utterances with long-distance dependencies followed specific templates most of the time, and emerged frequently because “they are psychologically more basic than non-prototypical ones… prototypical questions are produced more fluently, judged to be more acceptable, remembered better and acquired earlier by children” (Dąbrowska 2010: 63).",2,"Dąbrowska points out that word choice in sentences with long-distance dependencies in natural conversation is constrained; that is, the main clause auxiliary in such sentences is do over 90% of the time, the subject is you about 90% of the time, and the verb is think or say about 90% of the time.",2,"Dąbrowska (2010) points out that in sentences with long-distance dependencies in natural conversation, the main clause auxiliary is do over 90% of the time."
glossa-5040-heffernan,1 The emergent–generative debate,"Consider Dąbrowska’s (2010) example (9a), repeated here as (1a). This sentence illustrates the long-distance dependency between the wh word in the main clause and the trace in the object position for the verb do in the subordinate clause. Dąbrowska points out that word choice in sentences with long-distance dependencies in natural conversation is constrained; that is, the main clause auxiliary in such sentences is do over 90% of the time, the subject is you about 90% of the time, and the verb is think or say about 90% of the time. Dąbrowska gave several more examples that illustrated these tendencies, and we have repeated two of them as (1b) and (1c). She concludes that utterances with long-distance dependencies followed specific templates most of the time, and emerged frequently because “they are psychologically more basic than non-prototypical ones… prototypical questions are produced more fluently, judged to be more acceptable, remembered better and acquired earlier by children” (Dąbrowska 2010: 63).",2,"Dąbrowska points out that word choice in sentences with long-distance dependencies in natural conversation is constrained; that is, the main clause auxiliary in such sentences is do over 90% of the time, the subject is you about 90% of the time, and the verb is think or say about 90% of the time.",3,"Dąbrowska (2010) points out that in sentences with long-distance dependencies in natural conversation, the subject is you about 90% of the time."
glossa-5040-heffernan,1 The emergent–generative debate,"Consider Dąbrowska’s (2010) example (9a), repeated here as (1a). This sentence illustrates the long-distance dependency between the wh word in the main clause and the trace in the object position for the verb do in the subordinate clause. Dąbrowska points out that word choice in sentences with long-distance dependencies in natural conversation is constrained; that is, the main clause auxiliary in such sentences is do over 90% of the time, the subject is you about 90% of the time, and the verb is think or say about 90% of the time. Dąbrowska gave several more examples that illustrated these tendencies, and we have repeated two of them as (1b) and (1c). She concludes that utterances with long-distance dependencies followed specific templates most of the time, and emerged frequently because “they are psychologically more basic than non-prototypical ones… prototypical questions are produced more fluently, judged to be more acceptable, remembered better and acquired earlier by children” (Dąbrowska 2010: 63).",2,"Dąbrowska points out that word choice in sentences with long-distance dependencies in natural conversation is constrained; that is, the main clause auxiliary in such sentences is do over 90% of the time, the subject is you about 90% of the time, and the verb is think or say about 90% of the time.",4,"Dąbrowska (2010) points out that in sentences with long-distance dependencies in natural conversation, the verb is think or say about 90% of the time."
glossa-5040-heffernan,1 The emergent–generative debate,"Consider Dąbrowska’s (2010) example (9a), repeated here as (1a). This sentence illustrates the long-distance dependency between the wh word in the main clause and the trace in the object position for the verb do in the subordinate clause. Dąbrowska points out that word choice in sentences with long-distance dependencies in natural conversation is constrained; that is, the main clause auxiliary in such sentences is do over 90% of the time, the subject is you about 90% of the time, and the verb is think or say about 90% of the time. Dąbrowska gave several more examples that illustrated these tendencies, and we have repeated two of them as (1b) and (1c). She concludes that utterances with long-distance dependencies followed specific templates most of the time, and emerged frequently because “they are psychologically more basic than non-prototypical ones… prototypical questions are produced more fluently, judged to be more acceptable, remembered better and acquired earlier by children” (Dąbrowska 2010: 63).",3,"Dąbrowska gave several more examples that illustrated these tendencies, and we have repeated two of them as (1b) and (1c).",1,Dąbrowska (2010) provided several examples that illustrate the stated word-choice tendencies in sentences with long-distance dependencies in natural conversation.
glossa-5040-heffernan,1 The emergent–generative debate,"Consider Dąbrowska’s (2010) example (9a), repeated here as (1a). This sentence illustrates the long-distance dependency between the wh word in the main clause and the trace in the object position for the verb do in the subordinate clause. Dąbrowska points out that word choice in sentences with long-distance dependencies in natural conversation is constrained; that is, the main clause auxiliary in such sentences is do over 90% of the time, the subject is you about 90% of the time, and the verb is think or say about 90% of the time. Dąbrowska gave several more examples that illustrated these tendencies, and we have repeated two of them as (1b) and (1c). She concludes that utterances with long-distance dependencies followed specific templates most of the time, and emerged frequently because “they are psychologically more basic than non-prototypical ones… prototypical questions are produced more fluently, judged to be more acceptable, remembered better and acquired earlier by children” (Dąbrowska 2010: 63).",4,"She concludes that utterances with long-distance dependencies followed specific templates most of the time, and emerged frequently because “they are psychologically more basic than non-prototypical ones… prototypical questions are produced more fluently, judged to be more acceptable, remembered better and acquired earlier by children” (Dąbrowska 2010: 63).",1,Dąbrowska (2010) concludes that utterances with long-distance dependencies followed specific templates most of the time.
glossa-5040-heffernan,1 The emergent–generative debate,"Consider Dąbrowska’s (2010) example (9a), repeated here as (1a). This sentence illustrates the long-distance dependency between the wh word in the main clause and the trace in the object position for the verb do in the subordinate clause. Dąbrowska points out that word choice in sentences with long-distance dependencies in natural conversation is constrained; that is, the main clause auxiliary in such sentences is do over 90% of the time, the subject is you about 90% of the time, and the verb is think or say about 90% of the time. Dąbrowska gave several more examples that illustrated these tendencies, and we have repeated two of them as (1b) and (1c). She concludes that utterances with long-distance dependencies followed specific templates most of the time, and emerged frequently because “they are psychologically more basic than non-prototypical ones… prototypical questions are produced more fluently, judged to be more acceptable, remembered better and acquired earlier by children” (Dąbrowska 2010: 63).",4,"She concludes that utterances with long-distance dependencies followed specific templates most of the time, and emerged frequently because “they are psychologically more basic than non-prototypical ones… prototypical questions are produced more fluently, judged to be more acceptable, remembered better and acquired earlier by children” (Dąbrowska 2010: 63).",2,"Dąbrowska (2010) concludes that utterances with long-distance dependencies emerged frequently because “they are psychologically more basic than non-prototypical ones… prototypical questions are produced more fluently, judged to be more acceptable, remembered better and acquired earlier by children.”"
glossa-5217-bîlbîie,Title and Abstract,"This paper discusses the No Embedding Constraint, considered to be a strong syntactic constraint on gapping and a diagnostic for this ellipsis type. As shown by two acceptability judgments tasks in Spanish, the assumptions related to the No Embedding Constraint are not borne out by our experimental results. Embedded gapping is acceptable in Spanish, and seems to be governed by a (more general) semantic constraint. Specifically, some predicates embed more easily than others, confirming, on the one hand, the asymmetry between non-factive and factive predicates, and, on the other hand, the dichotomy between semi-factive and true factive predicates. Embedded gapping and embedded coordinated clauses in general are thus sensitive to the semantic class of the embedding predicate. We argue that our data on embedded gapping in Spanish constitute a challenge for any Small Conjunct Gapping approach (in terms of subclausal/low coordination) and give support to a Large Conjunct Gapping approach (in terms of clausal/high coordination). In this paper, we adopt a constructional fragment-based analysis of gapping, which treats non-embedded and embedded gapping uniformly. More generally, this paper suggests that gapping is more similar to other ellipsis types than has been traditionally assumed.",1,"This paper discusses the No Embedding Constraint, considered to be a strong syntactic constraint on gapping and a diagnostic for this ellipsis type.",1,The No Embedding Constraint is considered to be a strong syntactic constraint on gapping.
glossa-5217-bîlbîie,Title and Abstract,"This paper discusses the No Embedding Constraint, considered to be a strong syntactic constraint on gapping and a diagnostic for this ellipsis type. As shown by two acceptability judgments tasks in Spanish, the assumptions related to the No Embedding Constraint are not borne out by our experimental results. Embedded gapping is acceptable in Spanish, and seems to be governed by a (more general) semantic constraint. Specifically, some predicates embed more easily than others, confirming, on the one hand, the asymmetry between non-factive and factive predicates, and, on the other hand, the dichotomy between semi-factive and true factive predicates. Embedded gapping and embedded coordinated clauses in general are thus sensitive to the semantic class of the embedding predicate. We argue that our data on embedded gapping in Spanish constitute a challenge for any Small Conjunct Gapping approach (in terms of subclausal/low coordination) and give support to a Large Conjunct Gapping approach (in terms of clausal/high coordination). In this paper, we adopt a constructional fragment-based analysis of gapping, which treats non-embedded and embedded gapping uniformly. More generally, this paper suggests that gapping is more similar to other ellipsis types than has been traditionally assumed.",1,"This paper discusses the No Embedding Constraint, considered to be a strong syntactic constraint on gapping and a diagnostic for this ellipsis type.",2,The No Embedding Constraint is considered to be a diagnostic for gapping.
glossa-5217-bîlbîie,Title and Abstract,"This paper discusses the No Embedding Constraint, considered to be a strong syntactic constraint on gapping and a diagnostic for this ellipsis type. As shown by two acceptability judgments tasks in Spanish, the assumptions related to the No Embedding Constraint are not borne out by our experimental results. Embedded gapping is acceptable in Spanish, and seems to be governed by a (more general) semantic constraint. Specifically, some predicates embed more easily than others, confirming, on the one hand, the asymmetry between non-factive and factive predicates, and, on the other hand, the dichotomy between semi-factive and true factive predicates. Embedded gapping and embedded coordinated clauses in general are thus sensitive to the semantic class of the embedding predicate. We argue that our data on embedded gapping in Spanish constitute a challenge for any Small Conjunct Gapping approach (in terms of subclausal/low coordination) and give support to a Large Conjunct Gapping approach (in terms of clausal/high coordination). In this paper, we adopt a constructional fragment-based analysis of gapping, which treats non-embedded and embedded gapping uniformly. More generally, this paper suggests that gapping is more similar to other ellipsis types than has been traditionally assumed.",2,"As shown by two acceptability judgments tasks in Spanish, the assumptions related to the No Embedding Constraint are not borne out by our experimental results.",1,Two acceptability judgment tasks in Spanish show that the assumptions related to the No Embedding Constraint are not borne out by the reported experimental results.
glossa-5217-bîlbîie,Title and Abstract,"This paper discusses the No Embedding Constraint, considered to be a strong syntactic constraint on gapping and a diagnostic for this ellipsis type. As shown by two acceptability judgments tasks in Spanish, the assumptions related to the No Embedding Constraint are not borne out by our experimental results. Embedded gapping is acceptable in Spanish, and seems to be governed by a (more general) semantic constraint. Specifically, some predicates embed more easily than others, confirming, on the one hand, the asymmetry between non-factive and factive predicates, and, on the other hand, the dichotomy between semi-factive and true factive predicates. Embedded gapping and embedded coordinated clauses in general are thus sensitive to the semantic class of the embedding predicate. We argue that our data on embedded gapping in Spanish constitute a challenge for any Small Conjunct Gapping approach (in terms of subclausal/low coordination) and give support to a Large Conjunct Gapping approach (in terms of clausal/high coordination). In this paper, we adopt a constructional fragment-based analysis of gapping, which treats non-embedded and embedded gapping uniformly. More generally, this paper suggests that gapping is more similar to other ellipsis types than has been traditionally assumed.",3,"Embedded gapping is acceptable in Spanish, and seems to be governed by a (more general) semantic constraint.",1,Embedded gapping is acceptable in Spanish.
glossa-5217-bîlbîie,Title and Abstract,"This paper discusses the No Embedding Constraint, considered to be a strong syntactic constraint on gapping and a diagnostic for this ellipsis type. As shown by two acceptability judgments tasks in Spanish, the assumptions related to the No Embedding Constraint are not borne out by our experimental results. Embedded gapping is acceptable in Spanish, and seems to be governed by a (more general) semantic constraint. Specifically, some predicates embed more easily than others, confirming, on the one hand, the asymmetry between non-factive and factive predicates, and, on the other hand, the dichotomy between semi-factive and true factive predicates. Embedded gapping and embedded coordinated clauses in general are thus sensitive to the semantic class of the embedding predicate. We argue that our data on embedded gapping in Spanish constitute a challenge for any Small Conjunct Gapping approach (in terms of subclausal/low coordination) and give support to a Large Conjunct Gapping approach (in terms of clausal/high coordination). In this paper, we adopt a constructional fragment-based analysis of gapping, which treats non-embedded and embedded gapping uniformly. More generally, this paper suggests that gapping is more similar to other ellipsis types than has been traditionally assumed.",3,"Embedded gapping is acceptable in Spanish, and seems to be governed by a (more general) semantic constraint.",2,"In Spanish, embedded gapping seems to be governed by a more general semantic constraint."
glossa-5217-bîlbîie,Title and Abstract,"This paper discusses the No Embedding Constraint, considered to be a strong syntactic constraint on gapping and a diagnostic for this ellipsis type. As shown by two acceptability judgments tasks in Spanish, the assumptions related to the No Embedding Constraint are not borne out by our experimental results. Embedded gapping is acceptable in Spanish, and seems to be governed by a (more general) semantic constraint. Specifically, some predicates embed more easily than others, confirming, on the one hand, the asymmetry between non-factive and factive predicates, and, on the other hand, the dichotomy between semi-factive and true factive predicates. Embedded gapping and embedded coordinated clauses in general are thus sensitive to the semantic class of the embedding predicate. We argue that our data on embedded gapping in Spanish constitute a challenge for any Small Conjunct Gapping approach (in terms of subclausal/low coordination) and give support to a Large Conjunct Gapping approach (in terms of clausal/high coordination). In this paper, we adopt a constructional fragment-based analysis of gapping, which treats non-embedded and embedded gapping uniformly. More generally, this paper suggests that gapping is more similar to other ellipsis types than has been traditionally assumed.",4,"Specifically, some predicates embed more easily than others, confirming, on the one hand, the asymmetry between non-factive and factive predicates, and, on the other hand, the dichotomy between semi-factive and true factive predicates.",1,"In Spanish, some embedding predicates allow embedded gapping more easily than others."
glossa-5217-bîlbîie,Title and Abstract,"This paper discusses the No Embedding Constraint, considered to be a strong syntactic constraint on gapping and a diagnostic for this ellipsis type. As shown by two acceptability judgments tasks in Spanish, the assumptions related to the No Embedding Constraint are not borne out by our experimental results. Embedded gapping is acceptable in Spanish, and seems to be governed by a (more general) semantic constraint. Specifically, some predicates embed more easily than others, confirming, on the one hand, the asymmetry between non-factive and factive predicates, and, on the other hand, the dichotomy between semi-factive and true factive predicates. Embedded gapping and embedded coordinated clauses in general are thus sensitive to the semantic class of the embedding predicate. We argue that our data on embedded gapping in Spanish constitute a challenge for any Small Conjunct Gapping approach (in terms of subclausal/low coordination) and give support to a Large Conjunct Gapping approach (in terms of clausal/high coordination). In this paper, we adopt a constructional fragment-based analysis of gapping, which treats non-embedded and embedded gapping uniformly. More generally, this paper suggests that gapping is more similar to other ellipsis types than has been traditionally assumed.",4,"Specifically, some predicates embed more easily than others, confirming, on the one hand, the asymmetry between non-factive and factive predicates, and, on the other hand, the dichotomy between semi-factive and true factive predicates.",2,The observation that in Spanish some embedding predicates allow embedded gapping more easily than others implies an asymmetry between non-factive and factive predicates.
glossa-5217-bîlbîie,Title and Abstract,"This paper discusses the No Embedding Constraint, considered to be a strong syntactic constraint on gapping and a diagnostic for this ellipsis type. As shown by two acceptability judgments tasks in Spanish, the assumptions related to the No Embedding Constraint are not borne out by our experimental results. Embedded gapping is acceptable in Spanish, and seems to be governed by a (more general) semantic constraint. Specifically, some predicates embed more easily than others, confirming, on the one hand, the asymmetry between non-factive and factive predicates, and, on the other hand, the dichotomy between semi-factive and true factive predicates. Embedded gapping and embedded coordinated clauses in general are thus sensitive to the semantic class of the embedding predicate. We argue that our data on embedded gapping in Spanish constitute a challenge for any Small Conjunct Gapping approach (in terms of subclausal/low coordination) and give support to a Large Conjunct Gapping approach (in terms of clausal/high coordination). In this paper, we adopt a constructional fragment-based analysis of gapping, which treats non-embedded and embedded gapping uniformly. More generally, this paper suggests that gapping is more similar to other ellipsis types than has been traditionally assumed.",4,"Specifically, some predicates embed more easily than others, confirming, on the one hand, the asymmetry between non-factive and factive predicates, and, on the other hand, the dichotomy between semi-factive and true factive predicates.",3,The observation that in Spanish some embedding predicates allow embedded gapping more easily than others implies a dichotomy between semi-factive and true factive predicates.
glossa-5217-bîlbîie,Title and Abstract,"This paper discusses the No Embedding Constraint, considered to be a strong syntactic constraint on gapping and a diagnostic for this ellipsis type. As shown by two acceptability judgments tasks in Spanish, the assumptions related to the No Embedding Constraint are not borne out by our experimental results. Embedded gapping is acceptable in Spanish, and seems to be governed by a (more general) semantic constraint. Specifically, some predicates embed more easily than others, confirming, on the one hand, the asymmetry between non-factive and factive predicates, and, on the other hand, the dichotomy between semi-factive and true factive predicates. Embedded gapping and embedded coordinated clauses in general are thus sensitive to the semantic class of the embedding predicate. We argue that our data on embedded gapping in Spanish constitute a challenge for any Small Conjunct Gapping approach (in terms of subclausal/low coordination) and give support to a Large Conjunct Gapping approach (in terms of clausal/high coordination). In this paper, we adopt a constructional fragment-based analysis of gapping, which treats non-embedded and embedded gapping uniformly. More generally, this paper suggests that gapping is more similar to other ellipsis types than has been traditionally assumed.",5,Embedded gapping and embedded coordinated clauses in general are thus sensitive to the semantic class of the embedding predicate.,1,The observation that in Spanish some embedding predicates allow embedded gapping more easily than others implies that embedded gapping and embedded coordinated clauses are sensitive to the semantic class of the embedding predicate.
glossa-5217-bîlbîie,Title and Abstract,"This paper discusses the No Embedding Constraint, considered to be a strong syntactic constraint on gapping and a diagnostic for this ellipsis type. As shown by two acceptability judgments tasks in Spanish, the assumptions related to the No Embedding Constraint are not borne out by our experimental results. Embedded gapping is acceptable in Spanish, and seems to be governed by a (more general) semantic constraint. Specifically, some predicates embed more easily than others, confirming, on the one hand, the asymmetry between non-factive and factive predicates, and, on the other hand, the dichotomy between semi-factive and true factive predicates. Embedded gapping and embedded coordinated clauses in general are thus sensitive to the semantic class of the embedding predicate. We argue that our data on embedded gapping in Spanish constitute a challenge for any Small Conjunct Gapping approach (in terms of subclausal/low coordination) and give support to a Large Conjunct Gapping approach (in terms of clausal/high coordination). In this paper, we adopt a constructional fragment-based analysis of gapping, which treats non-embedded and embedded gapping uniformly. More generally, this paper suggests that gapping is more similar to other ellipsis types than has been traditionally assumed.",6,We argue that our data on embedded gapping in Spanish constitute a challenge for any Small Conjunct Gapping approach (in terms of subclausal/low coordination) and give support to a Large Conjunct Gapping approach (in terms of clausal/high coordination).,1,Data on embedded gapping in Spanish constitute a challenge for any Small Conjunct Gapping approach in terms of subclausal or low coordination.
glossa-5217-bîlbîie,Title and Abstract,"This paper discusses the No Embedding Constraint, considered to be a strong syntactic constraint on gapping and a diagnostic for this ellipsis type. As shown by two acceptability judgments tasks in Spanish, the assumptions related to the No Embedding Constraint are not borne out by our experimental results. Embedded gapping is acceptable in Spanish, and seems to be governed by a (more general) semantic constraint. Specifically, some predicates embed more easily than others, confirming, on the one hand, the asymmetry between non-factive and factive predicates, and, on the other hand, the dichotomy between semi-factive and true factive predicates. Embedded gapping and embedded coordinated clauses in general are thus sensitive to the semantic class of the embedding predicate. We argue that our data on embedded gapping in Spanish constitute a challenge for any Small Conjunct Gapping approach (in terms of subclausal/low coordination) and give support to a Large Conjunct Gapping approach (in terms of clausal/high coordination). In this paper, we adopt a constructional fragment-based analysis of gapping, which treats non-embedded and embedded gapping uniformly. More generally, this paper suggests that gapping is more similar to other ellipsis types than has been traditionally assumed.",6,We argue that our data on embedded gapping in Spanish constitute a challenge for any Small Conjunct Gapping approach (in terms of subclausal/low coordination) and give support to a Large Conjunct Gapping approach (in terms of clausal/high coordination).,2,Data on embedded gapping in Spanish support a Large Conjunct Gapping approach in terms of clausal or high coordination.
glossa-5217-bîlbîie,Title and Abstract,"This paper discusses the No Embedding Constraint, considered to be a strong syntactic constraint on gapping and a diagnostic for this ellipsis type. As shown by two acceptability judgments tasks in Spanish, the assumptions related to the No Embedding Constraint are not borne out by our experimental results. Embedded gapping is acceptable in Spanish, and seems to be governed by a (more general) semantic constraint. Specifically, some predicates embed more easily than others, confirming, on the one hand, the asymmetry between non-factive and factive predicates, and, on the other hand, the dichotomy between semi-factive and true factive predicates. Embedded gapping and embedded coordinated clauses in general are thus sensitive to the semantic class of the embedding predicate. We argue that our data on embedded gapping in Spanish constitute a challenge for any Small Conjunct Gapping approach (in terms of subclausal/low coordination) and give support to a Large Conjunct Gapping approach (in terms of clausal/high coordination). In this paper, we adopt a constructional fragment-based analysis of gapping, which treats non-embedded and embedded gapping uniformly. More generally, this paper suggests that gapping is more similar to other ellipsis types than has been traditionally assumed.",7,"In this paper, we adopt a constructional fragment-based analysis of gapping, which treats non-embedded and embedded gapping uniformly.",1,A constructional fragment-based analysis of gapping treats non-embedded and embedded gapping uniformly.
glossa-5217-bîlbîie,Title and Abstract,"This paper discusses the No Embedding Constraint, considered to be a strong syntactic constraint on gapping and a diagnostic for this ellipsis type. As shown by two acceptability judgments tasks in Spanish, the assumptions related to the No Embedding Constraint are not borne out by our experimental results. Embedded gapping is acceptable in Spanish, and seems to be governed by a (more general) semantic constraint. Specifically, some predicates embed more easily than others, confirming, on the one hand, the asymmetry between non-factive and factive predicates, and, on the other hand, the dichotomy between semi-factive and true factive predicates. Embedded gapping and embedded coordinated clauses in general are thus sensitive to the semantic class of the embedding predicate. We argue that our data on embedded gapping in Spanish constitute a challenge for any Small Conjunct Gapping approach (in terms of subclausal/low coordination) and give support to a Large Conjunct Gapping approach (in terms of clausal/high coordination). In this paper, we adopt a constructional fragment-based analysis of gapping, which treats non-embedded and embedded gapping uniformly. More generally, this paper suggests that gapping is more similar to other ellipsis types than has been traditionally assumed.",8,"More generally, this paper suggests that gapping is more similar to other ellipsis types than has been traditionally assumed.",1,Gapping is more similar to other ellipsis types than has been traditionally assumed.
glossa-4968-childs,,"This paper integrates syntactic theory and variationist analysis in an investigation of the variation between English not-negation (I don’t have any money), no-negation (I have no money) and negative concord (I don’t have no money). Using corpora of three varieties of UK English spoken in Glasgow, Tyneside and Salford respectively, I test two theoretical accounts of the variation. Account 1 applies Zeijlstra’s (2004) agreement-based theory of negative concord to all three variants, such that n-words (e.g. nobody) which feature in no-negation and negative concord are not inherently negative but agree with a negative operator in a higher NegP. Under Account 2, no-negation is instead derived via negative-marking within the DP followed by movement to the higher NegP for sentential scope (Kayne 1998; Svenonius 2002; Zeijlstra 2011). These accounts, together with observations about the raising properties of functional versus lexical verbs, lead to the formulation of different hypotheses about the distribution of variants in speech according to verb type, verb phrase complexity, and the discourse status of the propositions expressed. Results of distributional analysis and mixed-effects modelling support Account 2 of the variation over Account 1, suggesting structural identity between not-negation and negative concord (in contrast to no-negation). This supports Tubau’s (2016) proposal that English negative indefinites have two distinct structures: one in which negation is marked syntactically in the DP and one in which they agree with a syntactically-higher NegP.",1,"This paper integrates syntactic theory and variationist analysis in an investigation of the variation between English not-negation (I don’t have any money), no-negation (I have no money) and negative concord (I don’t have no money).",1,"English exhibits variation between not-negation, no-negation, and negative concord."
glossa-4968-childs,,"This paper integrates syntactic theory and variationist analysis in an investigation of the variation between English not-negation (I don’t have any money), no-negation (I have no money) and negative concord (I don’t have no money). Using corpora of three varieties of UK English spoken in Glasgow, Tyneside and Salford respectively, I test two theoretical accounts of the variation. Account 1 applies Zeijlstra’s (2004) agreement-based theory of negative concord to all three variants, such that n-words (e.g. nobody) which feature in no-negation and negative concord are not inherently negative but agree with a negative operator in a higher NegP. Under Account 2, no-negation is instead derived via negative-marking within the DP followed by movement to the higher NegP for sentential scope (Kayne 1998; Svenonius 2002; Zeijlstra 2011). These accounts, together with observations about the raising properties of functional versus lexical verbs, lead to the formulation of different hypotheses about the distribution of variants in speech according to verb type, verb phrase complexity, and the discourse status of the propositions expressed. Results of distributional analysis and mixed-effects modelling support Account 2 of the variation over Account 1, suggesting structural identity between not-negation and negative concord (in contrast to no-negation). This supports Tubau’s (2016) proposal that English negative indefinites have two distinct structures: one in which negation is marked syntactically in the DP and one in which they agree with a syntactically-higher NegP.",1,"This paper integrates syntactic theory and variationist analysis in an investigation of the variation between English not-negation (I don’t have any money), no-negation (I have no money) and negative concord (I don’t have no money).",2,"In English, not-negation is exemplified by I don’t have any money."
glossa-4968-childs,,"This paper integrates syntactic theory and variationist analysis in an investigation of the variation between English not-negation (I don’t have any money), no-negation (I have no money) and negative concord (I don’t have no money). Using corpora of three varieties of UK English spoken in Glasgow, Tyneside and Salford respectively, I test two theoretical accounts of the variation. Account 1 applies Zeijlstra’s (2004) agreement-based theory of negative concord to all three variants, such that n-words (e.g. nobody) which feature in no-negation and negative concord are not inherently negative but agree with a negative operator in a higher NegP. Under Account 2, no-negation is instead derived via negative-marking within the DP followed by movement to the higher NegP for sentential scope (Kayne 1998; Svenonius 2002; Zeijlstra 2011). These accounts, together with observations about the raising properties of functional versus lexical verbs, lead to the formulation of different hypotheses about the distribution of variants in speech according to verb type, verb phrase complexity, and the discourse status of the propositions expressed. Results of distributional analysis and mixed-effects modelling support Account 2 of the variation over Account 1, suggesting structural identity between not-negation and negative concord (in contrast to no-negation). This supports Tubau’s (2016) proposal that English negative indefinites have two distinct structures: one in which negation is marked syntactically in the DP and one in which they agree with a syntactically-higher NegP.",1,"This paper integrates syntactic theory and variationist analysis in an investigation of the variation between English not-negation (I don’t have any money), no-negation (I have no money) and negative concord (I don’t have no money).",3,"In English, no-negation is exemplified by I have no money."
glossa-4968-childs,,"This paper integrates syntactic theory and variationist analysis in an investigation of the variation between English not-negation (I don’t have any money), no-negation (I have no money) and negative concord (I don’t have no money). Using corpora of three varieties of UK English spoken in Glasgow, Tyneside and Salford respectively, I test two theoretical accounts of the variation. Account 1 applies Zeijlstra’s (2004) agreement-based theory of negative concord to all three variants, such that n-words (e.g. nobody) which feature in no-negation and negative concord are not inherently negative but agree with a negative operator in a higher NegP. Under Account 2, no-negation is instead derived via negative-marking within the DP followed by movement to the higher NegP for sentential scope (Kayne 1998; Svenonius 2002; Zeijlstra 2011). These accounts, together with observations about the raising properties of functional versus lexical verbs, lead to the formulation of different hypotheses about the distribution of variants in speech according to verb type, verb phrase complexity, and the discourse status of the propositions expressed. Results of distributional analysis and mixed-effects modelling support Account 2 of the variation over Account 1, suggesting structural identity between not-negation and negative concord (in contrast to no-negation). This supports Tubau’s (2016) proposal that English negative indefinites have two distinct structures: one in which negation is marked syntactically in the DP and one in which they agree with a syntactically-higher NegP.",1,"This paper integrates syntactic theory and variationist analysis in an investigation of the variation between English not-negation (I don’t have any money), no-negation (I have no money) and negative concord (I don’t have no money).",4,"In English, negative concord is exemplified by I don’t have no money."
glossa-4968-childs,,"This paper integrates syntactic theory and variationist analysis in an investigation of the variation between English not-negation (I don’t have any money), no-negation (I have no money) and negative concord (I don’t have no money). Using corpora of three varieties of UK English spoken in Glasgow, Tyneside and Salford respectively, I test two theoretical accounts of the variation. Account 1 applies Zeijlstra’s (2004) agreement-based theory of negative concord to all three variants, such that n-words (e.g. nobody) which feature in no-negation and negative concord are not inherently negative but agree with a negative operator in a higher NegP. Under Account 2, no-negation is instead derived via negative-marking within the DP followed by movement to the higher NegP for sentential scope (Kayne 1998; Svenonius 2002; Zeijlstra 2011). These accounts, together with observations about the raising properties of functional versus lexical verbs, lead to the formulation of different hypotheses about the distribution of variants in speech according to verb type, verb phrase complexity, and the discourse status of the propositions expressed. Results of distributional analysis and mixed-effects modelling support Account 2 of the variation over Account 1, suggesting structural identity between not-negation and negative concord (in contrast to no-negation). This supports Tubau’s (2016) proposal that English negative indefinites have two distinct structures: one in which negation is marked syntactically in the DP and one in which they agree with a syntactically-higher NegP.",2,"Using corpora of three varieties of UK English spoken in Glasgow, Tyneside and Salford respectively, I test two theoretical accounts of the variation.",1,"Corpora of three varieties of United Kingdom English spoken in Glasgow, Tyneside, and Salford are used to test two theoretical accounts of the variation between not-negation, no-negation, and negative concord."
glossa-4968-childs,,"This paper integrates syntactic theory and variationist analysis in an investigation of the variation between English not-negation (I don’t have any money), no-negation (I have no money) and negative concord (I don’t have no money). Using corpora of three varieties of UK English spoken in Glasgow, Tyneside and Salford respectively, I test two theoretical accounts of the variation. Account 1 applies Zeijlstra’s (2004) agreement-based theory of negative concord to all three variants, such that n-words (e.g. nobody) which feature in no-negation and negative concord are not inherently negative but agree with a negative operator in a higher NegP. Under Account 2, no-negation is instead derived via negative-marking within the DP followed by movement to the higher NegP for sentential scope (Kayne 1998; Svenonius 2002; Zeijlstra 2011). These accounts, together with observations about the raising properties of functional versus lexical verbs, lead to the formulation of different hypotheses about the distribution of variants in speech according to verb type, verb phrase complexity, and the discourse status of the propositions expressed. Results of distributional analysis and mixed-effects modelling support Account 2 of the variation over Account 1, suggesting structural identity between not-negation and negative concord (in contrast to no-negation). This supports Tubau’s (2016) proposal that English negative indefinites have two distinct structures: one in which negation is marked syntactically in the DP and one in which they agree with a syntactically-higher NegP.",3,"Account 1 applies Zeijlstra’s (2004) agreement-based theory of negative concord to all three variants, such that n-words (e.g. nobody) which feature in no-negation and negative concord are not inherently negative but agree with a negative operator in a higher NegP.",1,"Under Account 1, Zeijlstra’s (2004) agreement-based theory of negative concord is applied to English not-negation, English no-negation, and English negative concord."
glossa-4968-childs,,"This paper integrates syntactic theory and variationist analysis in an investigation of the variation between English not-negation (I don’t have any money), no-negation (I have no money) and negative concord (I don’t have no money). Using corpora of three varieties of UK English spoken in Glasgow, Tyneside and Salford respectively, I test two theoretical accounts of the variation. Account 1 applies Zeijlstra’s (2004) agreement-based theory of negative concord to all three variants, such that n-words (e.g. nobody) which feature in no-negation and negative concord are not inherently negative but agree with a negative operator in a higher NegP. Under Account 2, no-negation is instead derived via negative-marking within the DP followed by movement to the higher NegP for sentential scope (Kayne 1998; Svenonius 2002; Zeijlstra 2011). These accounts, together with observations about the raising properties of functional versus lexical verbs, lead to the formulation of different hypotheses about the distribution of variants in speech according to verb type, verb phrase complexity, and the discourse status of the propositions expressed. Results of distributional analysis and mixed-effects modelling support Account 2 of the variation over Account 1, suggesting structural identity between not-negation and negative concord (in contrast to no-negation). This supports Tubau’s (2016) proposal that English negative indefinites have two distinct structures: one in which negation is marked syntactically in the DP and one in which they agree with a syntactically-higher NegP.",3,"Account 1 applies Zeijlstra’s (2004) agreement-based theory of negative concord to all three variants, such that n-words (e.g. nobody) which feature in no-negation and negative concord are not inherently negative but agree with a negative operator in a higher NegP.",2,"Under Account 1, in English, n-words such as nobody that feature in no-negation and negative concord are not inherently negative."
glossa-4968-childs,,"This paper integrates syntactic theory and variationist analysis in an investigation of the variation between English not-negation (I don’t have any money), no-negation (I have no money) and negative concord (I don’t have no money). Using corpora of three varieties of UK English spoken in Glasgow, Tyneside and Salford respectively, I test two theoretical accounts of the variation. Account 1 applies Zeijlstra’s (2004) agreement-based theory of negative concord to all three variants, such that n-words (e.g. nobody) which feature in no-negation and negative concord are not inherently negative but agree with a negative operator in a higher NegP. Under Account 2, no-negation is instead derived via negative-marking within the DP followed by movement to the higher NegP for sentential scope (Kayne 1998; Svenonius 2002; Zeijlstra 2011). These accounts, together with observations about the raising properties of functional versus lexical verbs, lead to the formulation of different hypotheses about the distribution of variants in speech according to verb type, verb phrase complexity, and the discourse status of the propositions expressed. Results of distributional analysis and mixed-effects modelling support Account 2 of the variation over Account 1, suggesting structural identity between not-negation and negative concord (in contrast to no-negation). This supports Tubau’s (2016) proposal that English negative indefinites have two distinct structures: one in which negation is marked syntactically in the DP and one in which they agree with a syntactically-higher NegP.",3,"Account 1 applies Zeijlstra’s (2004) agreement-based theory of negative concord to all three variants, such that n-words (e.g. nobody) which feature in no-negation and negative concord are not inherently negative but agree with a negative operator in a higher NegP.",3,"Under Account 1, in English, n-words such as nobody that feature in no-negation and negative concord agree with a negative operator in a higher negation phrase (NegP)."
glossa-4968-childs,,"This paper integrates syntactic theory and variationist analysis in an investigation of the variation between English not-negation (I don’t have any money), no-negation (I have no money) and negative concord (I don’t have no money). Using corpora of three varieties of UK English spoken in Glasgow, Tyneside and Salford respectively, I test two theoretical accounts of the variation. Account 1 applies Zeijlstra’s (2004) agreement-based theory of negative concord to all three variants, such that n-words (e.g. nobody) which feature in no-negation and negative concord are not inherently negative but agree with a negative operator in a higher NegP. Under Account 2, no-negation is instead derived via negative-marking within the DP followed by movement to the higher NegP for sentential scope (Kayne 1998; Svenonius 2002; Zeijlstra 2011). These accounts, together with observations about the raising properties of functional versus lexical verbs, lead to the formulation of different hypotheses about the distribution of variants in speech according to verb type, verb phrase complexity, and the discourse status of the propositions expressed. Results of distributional analysis and mixed-effects modelling support Account 2 of the variation over Account 1, suggesting structural identity between not-negation and negative concord (in contrast to no-negation). This supports Tubau’s (2016) proposal that English negative indefinites have two distinct structures: one in which negation is marked syntactically in the DP and one in which they agree with a syntactically-higher NegP.",4,"Under Account 2, no-negation is instead derived via negative-marking within the DP followed by movement to the higher NegP for sentential scope (Kayne 1998; Svenonius 2002; Zeijlstra 2011).",1,"Under Account 2, in English, no-negation is derived via negative-marking within the determiner phrase (DP)."
glossa-4968-childs,,"This paper integrates syntactic theory and variationist analysis in an investigation of the variation between English not-negation (I don’t have any money), no-negation (I have no money) and negative concord (I don’t have no money). Using corpora of three varieties of UK English spoken in Glasgow, Tyneside and Salford respectively, I test two theoretical accounts of the variation. Account 1 applies Zeijlstra’s (2004) agreement-based theory of negative concord to all three variants, such that n-words (e.g. nobody) which feature in no-negation and negative concord are not inherently negative but agree with a negative operator in a higher NegP. Under Account 2, no-negation is instead derived via negative-marking within the DP followed by movement to the higher NegP for sentential scope (Kayne 1998; Svenonius 2002; Zeijlstra 2011). These accounts, together with observations about the raising properties of functional versus lexical verbs, lead to the formulation of different hypotheses about the distribution of variants in speech according to verb type, verb phrase complexity, and the discourse status of the propositions expressed. Results of distributional analysis and mixed-effects modelling support Account 2 of the variation over Account 1, suggesting structural identity between not-negation and negative concord (in contrast to no-negation). This supports Tubau’s (2016) proposal that English negative indefinites have two distinct structures: one in which negation is marked syntactically in the DP and one in which they agree with a syntactically-higher NegP.",4,"Under Account 2, no-negation is instead derived via negative-marking within the DP followed by movement to the higher NegP for sentential scope (Kayne 1998; Svenonius 2002; Zeijlstra 2011).",2,"Under Account 2, in English, no-negation undergoes movement to a higher negation phrase (NegP) for sentential scope."
glossa-4968-childs,,"This paper integrates syntactic theory and variationist analysis in an investigation of the variation between English not-negation (I don’t have any money), no-negation (I have no money) and negative concord (I don’t have no money). Using corpora of three varieties of UK English spoken in Glasgow, Tyneside and Salford respectively, I test two theoretical accounts of the variation. Account 1 applies Zeijlstra’s (2004) agreement-based theory of negative concord to all three variants, such that n-words (e.g. nobody) which feature in no-negation and negative concord are not inherently negative but agree with a negative operator in a higher NegP. Under Account 2, no-negation is instead derived via negative-marking within the DP followed by movement to the higher NegP for sentential scope (Kayne 1998; Svenonius 2002; Zeijlstra 2011). These accounts, together with observations about the raising properties of functional versus lexical verbs, lead to the formulation of different hypotheses about the distribution of variants in speech according to verb type, verb phrase complexity, and the discourse status of the propositions expressed. Results of distributional analysis and mixed-effects modelling support Account 2 of the variation over Account 1, suggesting structural identity between not-negation and negative concord (in contrast to no-negation). This supports Tubau’s (2016) proposal that English negative indefinites have two distinct structures: one in which negation is marked syntactically in the DP and one in which they agree with a syntactically-higher NegP.",5,"These accounts, together with observations about the raising properties of functional versus lexical verbs, lead to the formulation of different hypotheses about the distribution of variants in speech according to verb type, verb phrase complexity, and the discourse status of the propositions expressed.",1,"The combination of the two theoretical accounts and observations about the raising properties of functional verbs versus lexical verbs leads to different hypotheses about the distribution of not-negation, no-negation, and negative concord in speech according to verb type, verb phrase complexity, and the discourse status of the propositions expressed."
glossa-4968-childs,,"This paper integrates syntactic theory and variationist analysis in an investigation of the variation between English not-negation (I don’t have any money), no-negation (I have no money) and negative concord (I don’t have no money). Using corpora of three varieties of UK English spoken in Glasgow, Tyneside and Salford respectively, I test two theoretical accounts of the variation. Account 1 applies Zeijlstra’s (2004) agreement-based theory of negative concord to all three variants, such that n-words (e.g. nobody) which feature in no-negation and negative concord are not inherently negative but agree with a negative operator in a higher NegP. Under Account 2, no-negation is instead derived via negative-marking within the DP followed by movement to the higher NegP for sentential scope (Kayne 1998; Svenonius 2002; Zeijlstra 2011). These accounts, together with observations about the raising properties of functional versus lexical verbs, lead to the formulation of different hypotheses about the distribution of variants in speech according to verb type, verb phrase complexity, and the discourse status of the propositions expressed. Results of distributional analysis and mixed-effects modelling support Account 2 of the variation over Account 1, suggesting structural identity between not-negation and negative concord (in contrast to no-negation). This supports Tubau’s (2016) proposal that English negative indefinites have two distinct structures: one in which negation is marked syntactically in the DP and one in which they agree with a syntactically-higher NegP.",6,"Results of distributional analysis and mixed-effects modelling support Account 2 of the variation over Account 1, suggesting structural identity between not-negation and negative concord (in contrast to no-negation).",1,Results of distributional analysis and mixed-effects modelling support Account 2 of the variation over Account 1.
glossa-4968-childs,,"This paper integrates syntactic theory and variationist analysis in an investigation of the variation between English not-negation (I don’t have any money), no-negation (I have no money) and negative concord (I don’t have no money). Using corpora of three varieties of UK English spoken in Glasgow, Tyneside and Salford respectively, I test two theoretical accounts of the variation. Account 1 applies Zeijlstra’s (2004) agreement-based theory of negative concord to all three variants, such that n-words (e.g. nobody) which feature in no-negation and negative concord are not inherently negative but agree with a negative operator in a higher NegP. Under Account 2, no-negation is instead derived via negative-marking within the DP followed by movement to the higher NegP for sentential scope (Kayne 1998; Svenonius 2002; Zeijlstra 2011). These accounts, together with observations about the raising properties of functional versus lexical verbs, lead to the formulation of different hypotheses about the distribution of variants in speech according to verb type, verb phrase complexity, and the discourse status of the propositions expressed. Results of distributional analysis and mixed-effects modelling support Account 2 of the variation over Account 1, suggesting structural identity between not-negation and negative concord (in contrast to no-negation). This supports Tubau’s (2016) proposal that English negative indefinites have two distinct structures: one in which negation is marked syntactically in the DP and one in which they agree with a syntactically-higher NegP.",6,"Results of distributional analysis and mixed-effects modelling support Account 2 of the variation over Account 1, suggesting structural identity between not-negation and negative concord (in contrast to no-negation).",2,The fact that results of distributional analysis and mixed-effects modelling support Account 2 of the variation over Account 1 implies structural identity between English not-negation and English negative concord.
glossa-4968-childs,,"This paper integrates syntactic theory and variationist analysis in an investigation of the variation between English not-negation (I don’t have any money), no-negation (I have no money) and negative concord (I don’t have no money). Using corpora of three varieties of UK English spoken in Glasgow, Tyneside and Salford respectively, I test two theoretical accounts of the variation. Account 1 applies Zeijlstra’s (2004) agreement-based theory of negative concord to all three variants, such that n-words (e.g. nobody) which feature in no-negation and negative concord are not inherently negative but agree with a negative operator in a higher NegP. Under Account 2, no-negation is instead derived via negative-marking within the DP followed by movement to the higher NegP for sentential scope (Kayne 1998; Svenonius 2002; Zeijlstra 2011). These accounts, together with observations about the raising properties of functional versus lexical verbs, lead to the formulation of different hypotheses about the distribution of variants in speech according to verb type, verb phrase complexity, and the discourse status of the propositions expressed. Results of distributional analysis and mixed-effects modelling support Account 2 of the variation over Account 1, suggesting structural identity between not-negation and negative concord (in contrast to no-negation). This supports Tubau’s (2016) proposal that English negative indefinites have two distinct structures: one in which negation is marked syntactically in the DP and one in which they agree with a syntactically-higher NegP.",6,"Results of distributional analysis and mixed-effects modelling support Account 2 of the variation over Account 1, suggesting structural identity between not-negation and negative concord (in contrast to no-negation).",3,The fact that results of distributional analysis and mixed-effects modelling support Account 2 of the variation over Account 1 implies that English no-negation is structurally distinct from English not-negation and English negative concord.
glossa-4968-childs,,"This paper integrates syntactic theory and variationist analysis in an investigation of the variation between English not-negation (I don’t have any money), no-negation (I have no money) and negative concord (I don’t have no money). Using corpora of three varieties of UK English spoken in Glasgow, Tyneside and Salford respectively, I test two theoretical accounts of the variation. Account 1 applies Zeijlstra’s (2004) agreement-based theory of negative concord to all three variants, such that n-words (e.g. nobody) which feature in no-negation and negative concord are not inherently negative but agree with a negative operator in a higher NegP. Under Account 2, no-negation is instead derived via negative-marking within the DP followed by movement to the higher NegP for sentential scope (Kayne 1998; Svenonius 2002; Zeijlstra 2011). These accounts, together with observations about the raising properties of functional versus lexical verbs, lead to the formulation of different hypotheses about the distribution of variants in speech according to verb type, verb phrase complexity, and the discourse status of the propositions expressed. Results of distributional analysis and mixed-effects modelling support Account 2 of the variation over Account 1, suggesting structural identity between not-negation and negative concord (in contrast to no-negation). This supports Tubau’s (2016) proposal that English negative indefinites have two distinct structures: one in which negation is marked syntactically in the DP and one in which they agree with a syntactically-higher NegP.",7,This supports Tubau’s (2016) proposal that English negative indefinites have two distinct structures: one in which negation is marked syntactically in the DP and one in which they agree with a syntactically-higher NegP.,1,The finding that English not-negation and English negative concord are structurally identical and that English no-negation is structurally distinct implies support for Tubau’s (2016) proposal that English negative indefinites have two distinct structures: one in which negation is marked syntactically in the determiner phrase (DP) and one in which negative indefinites agree with a syntactically higher negation phrase (NegP).
glossa-4968-childs,,"This paper integrates syntactic theory and variationist analysis in an investigation of the variation between English not-negation (I don’t have any money), no-negation (I have no money) and negative concord (I don’t have no money). Using corpora of three varieties of UK English spoken in Glasgow, Tyneside and Salford respectively, I test two theoretical accounts of the variation. Account 1 applies Zeijlstra’s (2004) agreement-based theory of negative concord to all three variants, such that n-words (e.g. nobody) which feature in no-negation and negative concord are not inherently negative but agree with a negative operator in a higher NegP. Under Account 2, no-negation is instead derived via negative-marking within the DP followed by movement to the higher NegP for sentential scope (Kayne 1998; Svenonius 2002; Zeijlstra 2011). These accounts, together with observations about the raising properties of functional versus lexical verbs, lead to the formulation of different hypotheses about the distribution of variants in speech according to verb type, verb phrase complexity, and the discourse status of the propositions expressed. Results of distributional analysis and mixed-effects modelling support Account 2 of the variation over Account 1, suggesting structural identity between not-negation and negative concord (in contrast to no-negation). This supports Tubau’s (2016) proposal that English negative indefinites have two distinct structures: one in which negation is marked syntactically in the DP and one in which they agree with a syntactically-higher NegP.",7,This supports Tubau’s (2016) proposal that English negative indefinites have two distinct structures: one in which negation is marked syntactically in the DP and one in which they agree with a syntactically-higher NegP.,2,English negative indefinites have two distinct structures: one in which negation is marked syntactically in the determiner phrase (DP) and one in which negative indefinites agree with a syntactically higher negation phrase (NegP).
glossa-4968-childs,1 Introduction,"Negation is a fervently-debated phenomenon within formal syntactic enquiry, as it is a universal property of language that is, at the same time, highly variable in terms of how it is expressed (Mazzon 2004: 94). The variability of negation also makes it an intriguing object of study for variationist sociolinguists, given their interest in the factors that condition speakers’ choices between linguistic forms that convey the same meaning (Tagliamonte 2006). Formal syntactic theory and variationist sociolinguistics are often depicted as somewhat incompatible “opposites”, because of their respective focus on linguistic competence and general linguistic principles on the one hand, versus performance and variability on the other (Wilson and Henry 1998). However, recent studies have advocated bridging the gap between the two in analysing morpho-syntactic variation and change (Wilson and Henry 1998; Adger and Smith 2005; 2010; Cornips and Corrigan 2005a; b; Adger and Trousdale 2007; Buchstaller et al. 2013; Burnett et al. under review), with Barbiers (2005: 235) suggesting that “it is the task of sociolinguists to describe and explain the patterns of variation that occur within a linguistic community given the theoretical limits of this variation uncovered by generative linguistics [emphasis mine]”. This paper takes such an approach and argues that integrating formal theory into variationist analysis of morpho-syntactic variation allows for: (i) more careful delimitation of the linguistic variable and its contexts, taking into consideration the constraints of the grammar; (ii) theoretically-informed decision-making as to the inclusion and exclusion of tokens; and (iii) using production data to test hypotheses that can elucidate how variants are derived from the grammar. Adopting this approach, my investigation focuses specifically on the alternation between not-negation (1), no-negation (2) and negative concord (3) in English.1",1,"Negation is a fervently-debated phenomenon within formal syntactic enquiry, as it is a universal property of language that is, at the same time, highly variable in terms of how it is expressed (Mazzon 2004: 94).",1,Negation is a fervently-debated phenomenon within formal syntactic enquiry.
glossa-4968-childs,1 Introduction,"Negation is a fervently-debated phenomenon within formal syntactic enquiry, as it is a universal property of language that is, at the same time, highly variable in terms of how it is expressed (Mazzon 2004: 94). The variability of negation also makes it an intriguing object of study for variationist sociolinguists, given their interest in the factors that condition speakers’ choices between linguistic forms that convey the same meaning (Tagliamonte 2006). Formal syntactic theory and variationist sociolinguistics are often depicted as somewhat incompatible “opposites”, because of their respective focus on linguistic competence and general linguistic principles on the one hand, versus performance and variability on the other (Wilson and Henry 1998). However, recent studies have advocated bridging the gap between the two in analysing morpho-syntactic variation and change (Wilson and Henry 1998; Adger and Smith 2005; 2010; Cornips and Corrigan 2005a; b; Adger and Trousdale 2007; Buchstaller et al. 2013; Burnett et al. under review), with Barbiers (2005: 235) suggesting that “it is the task of sociolinguists to describe and explain the patterns of variation that occur within a linguistic community given the theoretical limits of this variation uncovered by generative linguistics [emphasis mine]”. This paper takes such an approach and argues that integrating formal theory into variationist analysis of morpho-syntactic variation allows for: (i) more careful delimitation of the linguistic variable and its contexts, taking into consideration the constraints of the grammar; (ii) theoretically-informed decision-making as to the inclusion and exclusion of tokens; and (iii) using production data to test hypotheses that can elucidate how variants are derived from the grammar. Adopting this approach, my investigation focuses specifically on the alternation between not-negation (1), no-negation (2) and negative concord (3) in English.1",1,"Negation is a fervently-debated phenomenon within formal syntactic enquiry, as it is a universal property of language that is, at the same time, highly variable in terms of how it is expressed (Mazzon 2004: 94).",2,Negation is a universal property of language.
glossa-4968-childs,1 Introduction,"Negation is a fervently-debated phenomenon within formal syntactic enquiry, as it is a universal property of language that is, at the same time, highly variable in terms of how it is expressed (Mazzon 2004: 94). The variability of negation also makes it an intriguing object of study for variationist sociolinguists, given their interest in the factors that condition speakers’ choices between linguistic forms that convey the same meaning (Tagliamonte 2006). Formal syntactic theory and variationist sociolinguistics are often depicted as somewhat incompatible “opposites”, because of their respective focus on linguistic competence and general linguistic principles on the one hand, versus performance and variability on the other (Wilson and Henry 1998). However, recent studies have advocated bridging the gap between the two in analysing morpho-syntactic variation and change (Wilson and Henry 1998; Adger and Smith 2005; 2010; Cornips and Corrigan 2005a; b; Adger and Trousdale 2007; Buchstaller et al. 2013; Burnett et al. under review), with Barbiers (2005: 235) suggesting that “it is the task of sociolinguists to describe and explain the patterns of variation that occur within a linguistic community given the theoretical limits of this variation uncovered by generative linguistics [emphasis mine]”. This paper takes such an approach and argues that integrating formal theory into variationist analysis of morpho-syntactic variation allows for: (i) more careful delimitation of the linguistic variable and its contexts, taking into consideration the constraints of the grammar; (ii) theoretically-informed decision-making as to the inclusion and exclusion of tokens; and (iii) using production data to test hypotheses that can elucidate how variants are derived from the grammar. Adopting this approach, my investigation focuses specifically on the alternation between not-negation (1), no-negation (2) and negative concord (3) in English.1",1,"Negation is a fervently-debated phenomenon within formal syntactic enquiry, as it is a universal property of language that is, at the same time, highly variable in terms of how it is expressed (Mazzon 2004: 94).",3,Negation is highly variable in terms of how it is expressed.
glossa-4968-childs,1 Introduction,"Negation is a fervently-debated phenomenon within formal syntactic enquiry, as it is a universal property of language that is, at the same time, highly variable in terms of how it is expressed (Mazzon 2004: 94). The variability of negation also makes it an intriguing object of study for variationist sociolinguists, given their interest in the factors that condition speakers’ choices between linguistic forms that convey the same meaning (Tagliamonte 2006). Formal syntactic theory and variationist sociolinguistics are often depicted as somewhat incompatible “opposites”, because of their respective focus on linguistic competence and general linguistic principles on the one hand, versus performance and variability on the other (Wilson and Henry 1998). However, recent studies have advocated bridging the gap between the two in analysing morpho-syntactic variation and change (Wilson and Henry 1998; Adger and Smith 2005; 2010; Cornips and Corrigan 2005a; b; Adger and Trousdale 2007; Buchstaller et al. 2013; Burnett et al. under review), with Barbiers (2005: 235) suggesting that “it is the task of sociolinguists to describe and explain the patterns of variation that occur within a linguistic community given the theoretical limits of this variation uncovered by generative linguistics [emphasis mine]”. This paper takes such an approach and argues that integrating formal theory into variationist analysis of morpho-syntactic variation allows for: (i) more careful delimitation of the linguistic variable and its contexts, taking into consideration the constraints of the grammar; (ii) theoretically-informed decision-making as to the inclusion and exclusion of tokens; and (iii) using production data to test hypotheses that can elucidate how variants are derived from the grammar. Adopting this approach, my investigation focuses specifically on the alternation between not-negation (1), no-negation (2) and negative concord (3) in English.1",1,"Negation is a fervently-debated phenomenon within formal syntactic enquiry, as it is a universal property of language that is, at the same time, highly variable in terms of how it is expressed (Mazzon 2004: 94).",4,"According to Mazzon (2004: 94), negation is highly variable in terms of how it is expressed."
glossa-4968-childs,1 Introduction,"Negation is a fervently-debated phenomenon within formal syntactic enquiry, as it is a universal property of language that is, at the same time, highly variable in terms of how it is expressed (Mazzon 2004: 94). The variability of negation also makes it an intriguing object of study for variationist sociolinguists, given their interest in the factors that condition speakers’ choices between linguistic forms that convey the same meaning (Tagliamonte 2006). Formal syntactic theory and variationist sociolinguistics are often depicted as somewhat incompatible “opposites”, because of their respective focus on linguistic competence and general linguistic principles on the one hand, versus performance and variability on the other (Wilson and Henry 1998). However, recent studies have advocated bridging the gap between the two in analysing morpho-syntactic variation and change (Wilson and Henry 1998; Adger and Smith 2005; 2010; Cornips and Corrigan 2005a; b; Adger and Trousdale 2007; Buchstaller et al. 2013; Burnett et al. under review), with Barbiers (2005: 235) suggesting that “it is the task of sociolinguists to describe and explain the patterns of variation that occur within a linguistic community given the theoretical limits of this variation uncovered by generative linguistics [emphasis mine]”. This paper takes such an approach and argues that integrating formal theory into variationist analysis of morpho-syntactic variation allows for: (i) more careful delimitation of the linguistic variable and its contexts, taking into consideration the constraints of the grammar; (ii) theoretically-informed decision-making as to the inclusion and exclusion of tokens; and (iii) using production data to test hypotheses that can elucidate how variants are derived from the grammar. Adopting this approach, my investigation focuses specifically on the alternation between not-negation (1), no-negation (2) and negative concord (3) in English.2",1,"Negation is a fervently-debated phenomenon within formal syntactic enquiry, as it is a universal property of language that is, at the same time, highly variable in terms of how it is expressed (Mazzon 2004: 94).",1,Negation is a fervently-debated phenomenon within formal syntactic enquiry.
glossa-4968-childs,1 Introduction,"Negation is a fervently-debated phenomenon within formal syntactic enquiry, as it is a universal property of language that is, at the same time, highly variable in terms of how it is expressed (Mazzon 2004: 94). The variability of negation also makes it an intriguing object of study for variationist sociolinguists, given their interest in the factors that condition speakers’ choices between linguistic forms that convey the same meaning (Tagliamonte 2006). Formal syntactic theory and variationist sociolinguistics are often depicted as somewhat incompatible “opposites”, because of their respective focus on linguistic competence and general linguistic principles on the one hand, versus performance and variability on the other (Wilson and Henry 1998). However, recent studies have advocated bridging the gap between the two in analysing morpho-syntactic variation and change (Wilson and Henry 1998; Adger and Smith 2005; 2010; Cornips and Corrigan 2005a; b; Adger and Trousdale 2007; Buchstaller et al. 2013; Burnett et al. under review), with Barbiers (2005: 235) suggesting that “it is the task of sociolinguists to describe and explain the patterns of variation that occur within a linguistic community given the theoretical limits of this variation uncovered by generative linguistics [emphasis mine]”. This paper takes such an approach and argues that integrating formal theory into variationist analysis of morpho-syntactic variation allows for: (i) more careful delimitation of the linguistic variable and its contexts, taking into consideration the constraints of the grammar; (ii) theoretically-informed decision-making as to the inclusion and exclusion of tokens; and (iii) using production data to test hypotheses that can elucidate how variants are derived from the grammar. Adopting this approach, my investigation focuses specifically on the alternation between not-negation (1), no-negation (2) and negative concord (3) in English.2",1,"Negation is a fervently-debated phenomenon within formal syntactic enquiry, as it is a universal property of language that is, at the same time, highly variable in terms of how it is expressed (Mazzon 2004: 94).",2,Negation is a universal property of language.
glossa-4968-childs,1 Introduction,"Negation is a fervently-debated phenomenon within formal syntactic enquiry, as it is a universal property of language that is, at the same time, highly variable in terms of how it is expressed (Mazzon 2004: 94). The variability of negation also makes it an intriguing object of study for variationist sociolinguists, given their interest in the factors that condition speakers’ choices between linguistic forms that convey the same meaning (Tagliamonte 2006). Formal syntactic theory and variationist sociolinguistics are often depicted as somewhat incompatible “opposites”, because of their respective focus on linguistic competence and general linguistic principles on the one hand, versus performance and variability on the other (Wilson and Henry 1998). However, recent studies have advocated bridging the gap between the two in analysing morpho-syntactic variation and change (Wilson and Henry 1998; Adger and Smith 2005; 2010; Cornips and Corrigan 2005a; b; Adger and Trousdale 2007; Buchstaller et al. 2013; Burnett et al. under review), with Barbiers (2005: 235) suggesting that “it is the task of sociolinguists to describe and explain the patterns of variation that occur within a linguistic community given the theoretical limits of this variation uncovered by generative linguistics [emphasis mine]”. This paper takes such an approach and argues that integrating formal theory into variationist analysis of morpho-syntactic variation allows for: (i) more careful delimitation of the linguistic variable and its contexts, taking into consideration the constraints of the grammar; (ii) theoretically-informed decision-making as to the inclusion and exclusion of tokens; and (iii) using production data to test hypotheses that can elucidate how variants are derived from the grammar. Adopting this approach, my investigation focuses specifically on the alternation between not-negation (1), no-negation (2) and negative concord (3) in English.2",1,"Negation is a fervently-debated phenomenon within formal syntactic enquiry, as it is a universal property of language that is, at the same time, highly variable in terms of how it is expressed (Mazzon 2004: 94).",3,Negation is highly variable in terms of how it is expressed.
glossa-4968-childs,1 Introduction,"Negation is a fervently-debated phenomenon within formal syntactic enquiry, as it is a universal property of language that is, at the same time, highly variable in terms of how it is expressed (Mazzon 2004: 94). The variability of negation also makes it an intriguing object of study for variationist sociolinguists, given their interest in the factors that condition speakers’ choices between linguistic forms that convey the same meaning (Tagliamonte 2006). Formal syntactic theory and variationist sociolinguistics are often depicted as somewhat incompatible “opposites”, because of their respective focus on linguistic competence and general linguistic principles on the one hand, versus performance and variability on the other (Wilson and Henry 1998). However, recent studies have advocated bridging the gap between the two in analysing morpho-syntactic variation and change (Wilson and Henry 1998; Adger and Smith 2005; 2010; Cornips and Corrigan 2005a; b; Adger and Trousdale 2007; Buchstaller et al. 2013; Burnett et al. under review), with Barbiers (2005: 235) suggesting that “it is the task of sociolinguists to describe and explain the patterns of variation that occur within a linguistic community given the theoretical limits of this variation uncovered by generative linguistics [emphasis mine]”. This paper takes such an approach and argues that integrating formal theory into variationist analysis of morpho-syntactic variation allows for: (i) more careful delimitation of the linguistic variable and its contexts, taking into consideration the constraints of the grammar; (ii) theoretically-informed decision-making as to the inclusion and exclusion of tokens; and (iii) using production data to test hypotheses that can elucidate how variants are derived from the grammar. Adopting this approach, my investigation focuses specifically on the alternation between not-negation (1), no-negation (2) and negative concord (3) in English.2",1,"Negation is a fervently-debated phenomenon within formal syntactic enquiry, as it is a universal property of language that is, at the same time, highly variable in terms of how it is expressed (Mazzon 2004: 94).",4,"According to Mazzon (2004: 94), negation is highly variable in terms of how it is expressed."
glossa-4968-childs,1 Introduction,"Negation is a fervently-debated phenomenon within formal syntactic enquiry, as it is a universal property of language that is, at the same time, highly variable in terms of how it is expressed (Mazzon 2004: 94). The variability of negation also makes it an intriguing object of study for variationist sociolinguists, given their interest in the factors that condition speakers’ choices between linguistic forms that convey the same meaning (Tagliamonte 2006). Formal syntactic theory and variationist sociolinguistics are often depicted as somewhat incompatible “opposites”, because of their respective focus on linguistic competence and general linguistic principles on the one hand, versus performance and variability on the other (Wilson and Henry 1998). However, recent studies have advocated bridging the gap between the two in analysing morpho-syntactic variation and change (Wilson and Henry 1998; Adger and Smith 2005; 2010; Cornips and Corrigan 2005a; b; Adger and Trousdale 2007; Buchstaller et al. 2013; Burnett et al. under review), with Barbiers (2005: 235) suggesting that “it is the task of sociolinguists to describe and explain the patterns of variation that occur within a linguistic community given the theoretical limits of this variation uncovered by generative linguistics [emphasis mine]”. This paper takes such an approach and argues that integrating formal theory into variationist analysis of morpho-syntactic variation allows for: (i) more careful delimitation of the linguistic variable and its contexts, taking into consideration the constraints of the grammar; (ii) theoretically-informed decision-making as to the inclusion and exclusion of tokens; and (iii) using production data to test hypotheses that can elucidate how variants are derived from the grammar. Adopting this approach, my investigation focuses specifically on the alternation between not-negation (1), no-negation (2) and negative concord (3) in English.3",1,"Negation is a fervently-debated phenomenon within formal syntactic enquiry, as it is a universal property of language that is, at the same time, highly variable in terms of how it is expressed (Mazzon 2004: 94).",1,Negation is a universal property of language.
glossa-4968-childs,1 Introduction,"Negation is a fervently-debated phenomenon within formal syntactic enquiry, as it is a universal property of language that is, at the same time, highly variable in terms of how it is expressed (Mazzon 2004: 94). The variability of negation also makes it an intriguing object of study for variationist sociolinguists, given their interest in the factors that condition speakers’ choices between linguistic forms that convey the same meaning (Tagliamonte 2006). Formal syntactic theory and variationist sociolinguistics are often depicted as somewhat incompatible “opposites”, because of their respective focus on linguistic competence and general linguistic principles on the one hand, versus performance and variability on the other (Wilson and Henry 1998). However, recent studies have advocated bridging the gap between the two in analysing morpho-syntactic variation and change (Wilson and Henry 1998; Adger and Smith 2005; 2010; Cornips and Corrigan 2005a; b; Adger and Trousdale 2007; Buchstaller et al. 2013; Burnett et al. under review), with Barbiers (2005: 235) suggesting that “it is the task of sociolinguists to describe and explain the patterns of variation that occur within a linguistic community given the theoretical limits of this variation uncovered by generative linguistics [emphasis mine]”. This paper takes such an approach and argues that integrating formal theory into variationist analysis of morpho-syntactic variation allows for: (i) more careful delimitation of the linguistic variable and its contexts, taking into consideration the constraints of the grammar; (ii) theoretically-informed decision-making as to the inclusion and exclusion of tokens; and (iii) using production data to test hypotheses that can elucidate how variants are derived from the grammar. Adopting this approach, my investigation focuses specifically on the alternation between not-negation (1), no-negation (2) and negative concord (3) in English.3",1,"Negation is a fervently-debated phenomenon within formal syntactic enquiry, as it is a universal property of language that is, at the same time, highly variable in terms of how it is expressed (Mazzon 2004: 94).",2,Negation is highly variable in terms of how it is expressed.
glossa-4968-childs,1 Introduction,"Negation is a fervently-debated phenomenon within formal syntactic enquiry, as it is a universal property of language that is, at the same time, highly variable in terms of how it is expressed (Mazzon 2004: 94). The variability of negation also makes it an intriguing object of study for variationist sociolinguists, given their interest in the factors that condition speakers’ choices between linguistic forms that convey the same meaning (Tagliamonte 2006). Formal syntactic theory and variationist sociolinguistics are often depicted as somewhat incompatible “opposites”, because of their respective focus on linguistic competence and general linguistic principles on the one hand, versus performance and variability on the other (Wilson and Henry 1998). However, recent studies have advocated bridging the gap between the two in analysing morpho-syntactic variation and change (Wilson and Henry 1998; Adger and Smith 2005; 2010; Cornips and Corrigan 2005a; b; Adger and Trousdale 2007; Buchstaller et al. 2013; Burnett et al. under review), with Barbiers (2005: 235) suggesting that “it is the task of sociolinguists to describe and explain the patterns of variation that occur within a linguistic community given the theoretical limits of this variation uncovered by generative linguistics [emphasis mine]”. This paper takes such an approach and argues that integrating formal theory into variationist analysis of morpho-syntactic variation allows for: (i) more careful delimitation of the linguistic variable and its contexts, taking into consideration the constraints of the grammar; (ii) theoretically-informed decision-making as to the inclusion and exclusion of tokens; and (iii) using production data to test hypotheses that can elucidate how variants are derived from the grammar. Adopting this approach, my investigation focuses specifically on the alternation between not-negation (1), no-negation (2) and negative concord (3) in English.3",1,"Negation is a fervently-debated phenomenon within formal syntactic enquiry, as it is a universal property of language that is, at the same time, highly variable in terms of how it is expressed (Mazzon 2004: 94).",3,Mazzon (2004: 94) states that negation is highly variable in terms of how it is expressed.
glossa-4968-childs,1 Introduction,"Negation is a fervently-debated phenomenon within formal syntactic enquiry, as it is a universal property of language that is, at the same time, highly variable in terms of how it is expressed (Mazzon 2004: 94). The variability of negation also makes it an intriguing object of study for variationist sociolinguists, given their interest in the factors that condition speakers’ choices between linguistic forms that convey the same meaning (Tagliamonte 2006). Formal syntactic theory and variationist sociolinguistics are often depicted as somewhat incompatible “opposites”, because of their respective focus on linguistic competence and general linguistic principles on the one hand, versus performance and variability on the other (Wilson and Henry 1998). However, recent studies have advocated bridging the gap between the two in analysing morpho-syntactic variation and change (Wilson and Henry 1998; Adger and Smith 2005; 2010; Cornips and Corrigan 2005a; b; Adger and Trousdale 2007; Buchstaller et al. 2013; Burnett et al. under review), with Barbiers (2005: 235) suggesting that “it is the task of sociolinguists to describe and explain the patterns of variation that occur within a linguistic community given the theoretical limits of this variation uncovered by generative linguistics [emphasis mine]”. This paper takes such an approach and argues that integrating formal theory into variationist analysis of morpho-syntactic variation allows for: (i) more careful delimitation of the linguistic variable and its contexts, taking into consideration the constraints of the grammar; (ii) theoretically-informed decision-making as to the inclusion and exclusion of tokens; and (iii) using production data to test hypotheses that can elucidate how variants are derived from the grammar. Adopting this approach, my investigation focuses specifically on the alternation between not-negation (1), no-negation (2) and negative concord (3) in English.3",1,"Negation is a fervently-debated phenomenon within formal syntactic enquiry, as it is a universal property of language that is, at the same time, highly variable in terms of how it is expressed (Mazzon 2004: 94).",4,Negation being a universal property of language and being highly variable in terms of how it is expressed implies that negation is a fervently-debated phenomenon within formal syntactic enquiry.
glossa-4968-childs,1 Introduction,"Negation is a fervently-debated phenomenon within formal syntactic enquiry, as it is a universal property of language that is, at the same time, highly variable in terms of how it is expressed (Mazzon 2004: 94). The variability of negation also makes it an intriguing object of study for variationist sociolinguists, given their interest in the factors that condition speakers’ choices between linguistic forms that convey the same meaning (Tagliamonte 2006). Formal syntactic theory and variationist sociolinguistics are often depicted as somewhat incompatible “opposites”, because of their respective focus on linguistic competence and general linguistic principles on the one hand, versus performance and variability on the other (Wilson and Henry 1998). However, recent studies have advocated bridging the gap between the two in analysing morpho-syntactic variation and change (Wilson and Henry 1998; Adger and Smith 2005; 2010; Cornips and Corrigan 2005a; b; Adger and Trousdale 2007; Buchstaller et al. 2013; Burnett et al. under review), with Barbiers (2005: 235) suggesting that “it is the task of sociolinguists to describe and explain the patterns of variation that occur within a linguistic community given the theoretical limits of this variation uncovered by generative linguistics [emphasis mine]”. This paper takes such an approach and argues that integrating formal theory into variationist analysis of morpho-syntactic variation allows for: (i) more careful delimitation of the linguistic variable and its contexts, taking into consideration the constraints of the grammar; (ii) theoretically-informed decision-making as to the inclusion and exclusion of tokens; and (iii) using production data to test hypotheses that can elucidate how variants are derived from the grammar. Adopting this approach, my investigation focuses specifically on the alternation between not-negation (1), no-negation (2) and negative concord (3) in English.4",1,"Negation is a fervently-debated phenomenon within formal syntactic enquiry, as it is a universal property of language that is, at the same time, highly variable in terms of how it is expressed (Mazzon 2004: 94).",1,Negation is a universal property of language.
glossa-4968-childs,1 Introduction,"Negation is a fervently-debated phenomenon within formal syntactic enquiry, as it is a universal property of language that is, at the same time, highly variable in terms of how it is expressed (Mazzon 2004: 94). The variability of negation also makes it an intriguing object of study for variationist sociolinguists, given their interest in the factors that condition speakers’ choices between linguistic forms that convey the same meaning (Tagliamonte 2006). Formal syntactic theory and variationist sociolinguistics are often depicted as somewhat incompatible “opposites”, because of their respective focus on linguistic competence and general linguistic principles on the one hand, versus performance and variability on the other (Wilson and Henry 1998). However, recent studies have advocated bridging the gap between the two in analysing morpho-syntactic variation and change (Wilson and Henry 1998; Adger and Smith 2005; 2010; Cornips and Corrigan 2005a; b; Adger and Trousdale 2007; Buchstaller et al. 2013; Burnett et al. under review), with Barbiers (2005: 235) suggesting that “it is the task of sociolinguists to describe and explain the patterns of variation that occur within a linguistic community given the theoretical limits of this variation uncovered by generative linguistics [emphasis mine]”. This paper takes such an approach and argues that integrating formal theory into variationist analysis of morpho-syntactic variation allows for: (i) more careful delimitation of the linguistic variable and its contexts, taking into consideration the constraints of the grammar; (ii) theoretically-informed decision-making as to the inclusion and exclusion of tokens; and (iii) using production data to test hypotheses that can elucidate how variants are derived from the grammar. Adopting this approach, my investigation focuses specifically on the alternation between not-negation (1), no-negation (2) and negative concord (3) in English.4",1,"Negation is a fervently-debated phenomenon within formal syntactic enquiry, as it is a universal property of language that is, at the same time, highly variable in terms of how it is expressed (Mazzon 2004: 94).",2,Negation is highly variable in terms of how it is expressed.
glossa-4968-childs,1 Introduction,"Negation is a fervently-debated phenomenon within formal syntactic enquiry, as it is a universal property of language that is, at the same time, highly variable in terms of how it is expressed (Mazzon 2004: 94). The variability of negation also makes it an intriguing object of study for variationist sociolinguists, given their interest in the factors that condition speakers’ choices between linguistic forms that convey the same meaning (Tagliamonte 2006). Formal syntactic theory and variationist sociolinguistics are often depicted as somewhat incompatible “opposites”, because of their respective focus on linguistic competence and general linguistic principles on the one hand, versus performance and variability on the other (Wilson and Henry 1998). However, recent studies have advocated bridging the gap between the two in analysing morpho-syntactic variation and change (Wilson and Henry 1998; Adger and Smith 2005; 2010; Cornips and Corrigan 2005a; b; Adger and Trousdale 2007; Buchstaller et al. 2013; Burnett et al. under review), with Barbiers (2005: 235) suggesting that “it is the task of sociolinguists to describe and explain the patterns of variation that occur within a linguistic community given the theoretical limits of this variation uncovered by generative linguistics [emphasis mine]”. This paper takes such an approach and argues that integrating formal theory into variationist analysis of morpho-syntactic variation allows for: (i) more careful delimitation of the linguistic variable and its contexts, taking into consideration the constraints of the grammar; (ii) theoretically-informed decision-making as to the inclusion and exclusion of tokens; and (iii) using production data to test hypotheses that can elucidate how variants are derived from the grammar. Adopting this approach, my investigation focuses specifically on the alternation between not-negation (1), no-negation (2) and negative concord (3) in English.4",1,"Negation is a fervently-debated phenomenon within formal syntactic enquiry, as it is a universal property of language that is, at the same time, highly variable in terms of how it is expressed (Mazzon 2004: 94).",3,Mazzon (2004: 94) states that negation is highly variable in terms of how it is expressed.
glossa-4968-childs,1 Introduction,"Negation is a fervently-debated phenomenon within formal syntactic enquiry, as it is a universal property of language that is, at the same time, highly variable in terms of how it is expressed (Mazzon 2004: 94). The variability of negation also makes it an intriguing object of study for variationist sociolinguists, given their interest in the factors that condition speakers’ choices between linguistic forms that convey the same meaning (Tagliamonte 2006). Formal syntactic theory and variationist sociolinguistics are often depicted as somewhat incompatible “opposites”, because of their respective focus on linguistic competence and general linguistic principles on the one hand, versus performance and variability on the other (Wilson and Henry 1998). However, recent studies have advocated bridging the gap between the two in analysing morpho-syntactic variation and change (Wilson and Henry 1998; Adger and Smith 2005; 2010; Cornips and Corrigan 2005a; b; Adger and Trousdale 2007; Buchstaller et al. 2013; Burnett et al. under review), with Barbiers (2005: 235) suggesting that “it is the task of sociolinguists to describe and explain the patterns of variation that occur within a linguistic community given the theoretical limits of this variation uncovered by generative linguistics [emphasis mine]”. This paper takes such an approach and argues that integrating formal theory into variationist analysis of morpho-syntactic variation allows for: (i) more careful delimitation of the linguistic variable and its contexts, taking into consideration the constraints of the grammar; (ii) theoretically-informed decision-making as to the inclusion and exclusion of tokens; and (iii) using production data to test hypotheses that can elucidate how variants are derived from the grammar. Adopting this approach, my investigation focuses specifically on the alternation between not-negation (1), no-negation (2) and negative concord (3) in English.4",1,"Negation is a fervently-debated phenomenon within formal syntactic enquiry, as it is a universal property of language that is, at the same time, highly variable in terms of how it is expressed (Mazzon 2004: 94).",4,Negation being a universal property of language and being highly variable in terms of how it is expressed implies that negation is a fervently-debated phenomenon within formal syntactic enquiry.
glossa-4968-childs,1 Introduction,"Negation is a fervently-debated phenomenon within formal syntactic enquiry, as it is a universal property of language that is, at the same time, highly variable in terms of how it is expressed (Mazzon 2004: 94). The variability of negation also makes it an intriguing object of study for variationist sociolinguists, given their interest in the factors that condition speakers’ choices between linguistic forms that convey the same meaning (Tagliamonte 2006). Formal syntactic theory and variationist sociolinguistics are often depicted as somewhat incompatible “opposites”, because of their respective focus on linguistic competence and general linguistic principles on the one hand, versus performance and variability on the other (Wilson and Henry 1998). However, recent studies have advocated bridging the gap between the two in analysing morpho-syntactic variation and change (Wilson and Henry 1998; Adger and Smith 2005; 2010; Cornips and Corrigan 2005a; b; Adger and Trousdale 2007; Buchstaller et al. 2013; Burnett et al. under review), with Barbiers (2005: 235) suggesting that “it is the task of sociolinguists to describe and explain the patterns of variation that occur within a linguistic community given the theoretical limits of this variation uncovered by generative linguistics [emphasis mine]”. This paper takes such an approach and argues that integrating formal theory into variationist analysis of morpho-syntactic variation allows for: (i) more careful delimitation of the linguistic variable and its contexts, taking into consideration the constraints of the grammar; (ii) theoretically-informed decision-making as to the inclusion and exclusion of tokens; and (iii) using production data to test hypotheses that can elucidate how variants are derived from the grammar. Adopting this approach, my investigation focuses specifically on the alternation between not-negation (1), no-negation (2) and negative concord (3) in English.5",1,"Negation is a fervently-debated phenomenon within formal syntactic enquiry, as it is a universal property of language that is, at the same time, highly variable in terms of how it is expressed (Mazzon 2004: 94).",1,Negation is a universal property of language.
glossa-4968-childs,1 Introduction,"Negation is a fervently-debated phenomenon within formal syntactic enquiry, as it is a universal property of language that is, at the same time, highly variable in terms of how it is expressed (Mazzon 2004: 94). The variability of negation also makes it an intriguing object of study for variationist sociolinguists, given their interest in the factors that condition speakers’ choices between linguistic forms that convey the same meaning (Tagliamonte 2006). Formal syntactic theory and variationist sociolinguistics are often depicted as somewhat incompatible “opposites”, because of their respective focus on linguistic competence and general linguistic principles on the one hand, versus performance and variability on the other (Wilson and Henry 1998). However, recent studies have advocated bridging the gap between the two in analysing morpho-syntactic variation and change (Wilson and Henry 1998; Adger and Smith 2005; 2010; Cornips and Corrigan 2005a; b; Adger and Trousdale 2007; Buchstaller et al. 2013; Burnett et al. under review), with Barbiers (2005: 235) suggesting that “it is the task of sociolinguists to describe and explain the patterns of variation that occur within a linguistic community given the theoretical limits of this variation uncovered by generative linguistics [emphasis mine]”. This paper takes such an approach and argues that integrating formal theory into variationist analysis of morpho-syntactic variation allows for: (i) more careful delimitation of the linguistic variable and its contexts, taking into consideration the constraints of the grammar; (ii) theoretically-informed decision-making as to the inclusion and exclusion of tokens; and (iii) using production data to test hypotheses that can elucidate how variants are derived from the grammar. Adopting this approach, my investigation focuses specifically on the alternation between not-negation (1), no-negation (2) and negative concord (3) in English.5",1,"Negation is a fervently-debated phenomenon within formal syntactic enquiry, as it is a universal property of language that is, at the same time, highly variable in terms of how it is expressed (Mazzon 2004: 94).",2,Negation is highly variable in terms of how it is expressed.
glossa-4968-childs,1 Introduction,"Negation is a fervently-debated phenomenon within formal syntactic enquiry, as it is a universal property of language that is, at the same time, highly variable in terms of how it is expressed (Mazzon 2004: 94). The variability of negation also makes it an intriguing object of study for variationist sociolinguists, given their interest in the factors that condition speakers’ choices between linguistic forms that convey the same meaning (Tagliamonte 2006). Formal syntactic theory and variationist sociolinguistics are often depicted as somewhat incompatible “opposites”, because of their respective focus on linguistic competence and general linguistic principles on the one hand, versus performance and variability on the other (Wilson and Henry 1998). However, recent studies have advocated bridging the gap between the two in analysing morpho-syntactic variation and change (Wilson and Henry 1998; Adger and Smith 2005; 2010; Cornips and Corrigan 2005a; b; Adger and Trousdale 2007; Buchstaller et al. 2013; Burnett et al. under review), with Barbiers (2005: 235) suggesting that “it is the task of sociolinguists to describe and explain the patterns of variation that occur within a linguistic community given the theoretical limits of this variation uncovered by generative linguistics [emphasis mine]”. This paper takes such an approach and argues that integrating formal theory into variationist analysis of morpho-syntactic variation allows for: (i) more careful delimitation of the linguistic variable and its contexts, taking into consideration the constraints of the grammar; (ii) theoretically-informed decision-making as to the inclusion and exclusion of tokens; and (iii) using production data to test hypotheses that can elucidate how variants are derived from the grammar. Adopting this approach, my investigation focuses specifically on the alternation between not-negation (1), no-negation (2) and negative concord (3) in English.5",1,"Negation is a fervently-debated phenomenon within formal syntactic enquiry, as it is a universal property of language that is, at the same time, highly variable in terms of how it is expressed (Mazzon 2004: 94).",3,Mazzon (2004: 94) states that negation is highly variable in terms of how it is expressed.
glossa-4968-childs,1 Introduction,"Negation is a fervently-debated phenomenon within formal syntactic enquiry, as it is a universal property of language that is, at the same time, highly variable in terms of how it is expressed (Mazzon 2004: 94). The variability of negation also makes it an intriguing object of study for variationist sociolinguists, given their interest in the factors that condition speakers’ choices between linguistic forms that convey the same meaning (Tagliamonte 2006). Formal syntactic theory and variationist sociolinguistics are often depicted as somewhat incompatible “opposites”, because of their respective focus on linguistic competence and general linguistic principles on the one hand, versus performance and variability on the other (Wilson and Henry 1998). However, recent studies have advocated bridging the gap between the two in analysing morpho-syntactic variation and change (Wilson and Henry 1998; Adger and Smith 2005; 2010; Cornips and Corrigan 2005a; b; Adger and Trousdale 2007; Buchstaller et al. 2013; Burnett et al. under review), with Barbiers (2005: 235) suggesting that “it is the task of sociolinguists to describe and explain the patterns of variation that occur within a linguistic community given the theoretical limits of this variation uncovered by generative linguistics [emphasis mine]”. This paper takes such an approach and argues that integrating formal theory into variationist analysis of morpho-syntactic variation allows for: (i) more careful delimitation of the linguistic variable and its contexts, taking into consideration the constraints of the grammar; (ii) theoretically-informed decision-making as to the inclusion and exclusion of tokens; and (iii) using production data to test hypotheses that can elucidate how variants are derived from the grammar. Adopting this approach, my investigation focuses specifically on the alternation between not-negation (1), no-negation (2) and negative concord (3) in English.5",1,"Negation is a fervently-debated phenomenon within formal syntactic enquiry, as it is a universal property of language that is, at the same time, highly variable in terms of how it is expressed (Mazzon 2004: 94).",4,Negation being a universal property of language and being highly variable in terms of how it is expressed implies that negation is a fervently-debated phenomenon within formal syntactic enquiry.
glossa-4968-childs,1 Introduction,"Negation is a fervently-debated phenomenon within formal syntactic enquiry, as it is a universal property of language that is, at the same time, highly variable in terms of how it is expressed (Mazzon 2004: 94). The variability of negation also makes it an intriguing object of study for variationist sociolinguists, given their interest in the factors that condition speakers’ choices between linguistic forms that convey the same meaning (Tagliamonte 2006). Formal syntactic theory and variationist sociolinguistics are often depicted as somewhat incompatible “opposites”, because of their respective focus on linguistic competence and general linguistic principles on the one hand, versus performance and variability on the other (Wilson and Henry 1998). However, recent studies have advocated bridging the gap between the two in analysing morpho-syntactic variation and change (Wilson and Henry 1998; Adger and Smith 2005; 2010; Cornips and Corrigan 2005a; b; Adger and Trousdale 2007; Buchstaller et al. 2013; Burnett et al. under review), with Barbiers (2005: 235) suggesting that “it is the task of sociolinguists to describe and explain the patterns of variation that occur within a linguistic community given the theoretical limits of this variation uncovered by generative linguistics [emphasis mine]”. This paper takes such an approach and argues that integrating formal theory into variationist analysis of morpho-syntactic variation allows for: (i) more careful delimitation of the linguistic variable and its contexts, taking into consideration the constraints of the grammar; (ii) theoretically-informed decision-making as to the inclusion and exclusion of tokens; and (iii) using production data to test hypotheses that can elucidate how variants are derived from the grammar. Adopting this approach, my investigation focuses specifically on the alternation between not-negation (1), no-negation (2) and negative concord (3) in English.6",1,"Negation is a fervently-debated phenomenon within formal syntactic enquiry, as it is a universal property of language that is, at the same time, highly variable in terms of how it is expressed (Mazzon 2004: 94).",1,Negation is a universal property of language.
glossa-4968-childs,1 Introduction,"Negation is a fervently-debated phenomenon within formal syntactic enquiry, as it is a universal property of language that is, at the same time, highly variable in terms of how it is expressed (Mazzon 2004: 94). The variability of negation also makes it an intriguing object of study for variationist sociolinguists, given their interest in the factors that condition speakers’ choices between linguistic forms that convey the same meaning (Tagliamonte 2006). Formal syntactic theory and variationist sociolinguistics are often depicted as somewhat incompatible “opposites”, because of their respective focus on linguistic competence and general linguistic principles on the one hand, versus performance and variability on the other (Wilson and Henry 1998). However, recent studies have advocated bridging the gap between the two in analysing morpho-syntactic variation and change (Wilson and Henry 1998; Adger and Smith 2005; 2010; Cornips and Corrigan 2005a; b; Adger and Trousdale 2007; Buchstaller et al. 2013; Burnett et al. under review), with Barbiers (2005: 235) suggesting that “it is the task of sociolinguists to describe and explain the patterns of variation that occur within a linguistic community given the theoretical limits of this variation uncovered by generative linguistics [emphasis mine]”. This paper takes such an approach and argues that integrating formal theory into variationist analysis of morpho-syntactic variation allows for: (i) more careful delimitation of the linguistic variable and its contexts, taking into consideration the constraints of the grammar; (ii) theoretically-informed decision-making as to the inclusion and exclusion of tokens; and (iii) using production data to test hypotheses that can elucidate how variants are derived from the grammar. Adopting this approach, my investigation focuses specifically on the alternation between not-negation (1), no-negation (2) and negative concord (3) in English.6",1,"Negation is a fervently-debated phenomenon within formal syntactic enquiry, as it is a universal property of language that is, at the same time, highly variable in terms of how it is expressed (Mazzon 2004: 94).",2,Negation is highly variable in terms of how it is expressed.
glossa-4968-childs,1 Introduction,"Negation is a fervently-debated phenomenon within formal syntactic enquiry, as it is a universal property of language that is, at the same time, highly variable in terms of how it is expressed (Mazzon 2004: 94). The variability of negation also makes it an intriguing object of study for variationist sociolinguists, given their interest in the factors that condition speakers’ choices between linguistic forms that convey the same meaning (Tagliamonte 2006). Formal syntactic theory and variationist sociolinguistics are often depicted as somewhat incompatible “opposites”, because of their respective focus on linguistic competence and general linguistic principles on the one hand, versus performance and variability on the other (Wilson and Henry 1998). However, recent studies have advocated bridging the gap between the two in analysing morpho-syntactic variation and change (Wilson and Henry 1998; Adger and Smith 2005; 2010; Cornips and Corrigan 2005a; b; Adger and Trousdale 2007; Buchstaller et al. 2013; Burnett et al. under review), with Barbiers (2005: 235) suggesting that “it is the task of sociolinguists to describe and explain the patterns of variation that occur within a linguistic community given the theoretical limits of this variation uncovered by generative linguistics [emphasis mine]”. This paper takes such an approach and argues that integrating formal theory into variationist analysis of morpho-syntactic variation allows for: (i) more careful delimitation of the linguistic variable and its contexts, taking into consideration the constraints of the grammar; (ii) theoretically-informed decision-making as to the inclusion and exclusion of tokens; and (iii) using production data to test hypotheses that can elucidate how variants are derived from the grammar. Adopting this approach, my investigation focuses specifically on the alternation between not-negation (1), no-negation (2) and negative concord (3) in English.6",1,"Negation is a fervently-debated phenomenon within formal syntactic enquiry, as it is a universal property of language that is, at the same time, highly variable in terms of how it is expressed (Mazzon 2004: 94).",3,Mazzon (2004: 94) states that negation is highly variable in terms of how it is expressed.
glossa-4968-childs,1 Introduction,"Negation is a fervently-debated phenomenon within formal syntactic enquiry, as it is a universal property of language that is, at the same time, highly variable in terms of how it is expressed (Mazzon 2004: 94). The variability of negation also makes it an intriguing object of study for variationist sociolinguists, given their interest in the factors that condition speakers’ choices between linguistic forms that convey the same meaning (Tagliamonte 2006). Formal syntactic theory and variationist sociolinguistics are often depicted as somewhat incompatible “opposites”, because of their respective focus on linguistic competence and general linguistic principles on the one hand, versus performance and variability on the other (Wilson and Henry 1998). However, recent studies have advocated bridging the gap between the two in analysing morpho-syntactic variation and change (Wilson and Henry 1998; Adger and Smith 2005; 2010; Cornips and Corrigan 2005a; b; Adger and Trousdale 2007; Buchstaller et al. 2013; Burnett et al. under review), with Barbiers (2005: 235) suggesting that “it is the task of sociolinguists to describe and explain the patterns of variation that occur within a linguistic community given the theoretical limits of this variation uncovered by generative linguistics [emphasis mine]”. This paper takes such an approach and argues that integrating formal theory into variationist analysis of morpho-syntactic variation allows for: (i) more careful delimitation of the linguistic variable and its contexts, taking into consideration the constraints of the grammar; (ii) theoretically-informed decision-making as to the inclusion and exclusion of tokens; and (iii) using production data to test hypotheses that can elucidate how variants are derived from the grammar. Adopting this approach, my investigation focuses specifically on the alternation between not-negation (1), no-negation (2) and negative concord (3) in English.6",1,"Negation is a fervently-debated phenomenon within formal syntactic enquiry, as it is a universal property of language that is, at the same time, highly variable in terms of how it is expressed (Mazzon 2004: 94).",4,Negation being a universal property of language and being highly variable in terms of how it is expressed implies that negation is a fervently-debated phenomenon within formal syntactic enquiry.
glossa-4968-childs,1 Introduction,"Negation is a fervently-debated phenomenon within formal syntactic enquiry, as it is a universal property of language that is, at the same time, highly variable in terms of how it is expressed (Mazzon 2004: 94). The variability of negation also makes it an intriguing object of study for variationist sociolinguists, given their interest in the factors that condition speakers’ choices between linguistic forms that convey the same meaning (Tagliamonte 2006). Formal syntactic theory and variationist sociolinguistics are often depicted as somewhat incompatible “opposites”, because of their respective focus on linguistic competence and general linguistic principles on the one hand, versus performance and variability on the other (Wilson and Henry 1998). However, recent studies have advocated bridging the gap between the two in analysing morpho-syntactic variation and change (Wilson and Henry 1998; Adger and Smith 2005; 2010; Cornips and Corrigan 2005a; b; Adger and Trousdale 2007; Buchstaller et al. 2013; Burnett et al. under review), with Barbiers (2005: 235) suggesting that “it is the task of sociolinguists to describe and explain the patterns of variation that occur within a linguistic community given the theoretical limits of this variation uncovered by generative linguistics [emphasis mine]”. This paper takes such an approach and argues that integrating formal theory into variationist analysis of morpho-syntactic variation allows for: (i) more careful delimitation of the linguistic variable and its contexts, taking into consideration the constraints of the grammar; (ii) theoretically-informed decision-making as to the inclusion and exclusion of tokens; and (iii) using production data to test hypotheses that can elucidate how variants are derived from the grammar. Adopting this approach, my investigation focuses specifically on the alternation between not-negation (1), no-negation (2) and negative concord (3) in English.7",1,"The variability of negation also makes it an intriguing object of study for variationist sociolinguists, given their interest in the factors that condition speakers’ choices between linguistic forms that convey the same meaning (Tagliamonte 2006).",1,The variability of negation makes negation an intriguing object of study for variationist sociolinguists.
glossa-4968-childs,1 Introduction,"Negation is a fervently-debated phenomenon within formal syntactic enquiry, as it is a universal property of language that is, at the same time, highly variable in terms of how it is expressed (Mazzon 2004: 94). The variability of negation also makes it an intriguing object of study for variationist sociolinguists, given their interest in the factors that condition speakers’ choices between linguistic forms that convey the same meaning (Tagliamonte 2006). Formal syntactic theory and variationist sociolinguistics are often depicted as somewhat incompatible “opposites”, because of their respective focus on linguistic competence and general linguistic principles on the one hand, versus performance and variability on the other (Wilson and Henry 1998). However, recent studies have advocated bridging the gap between the two in analysing morpho-syntactic variation and change (Wilson and Henry 1998; Adger and Smith 2005; 2010; Cornips and Corrigan 2005a; b; Adger and Trousdale 2007; Buchstaller et al. 2013; Burnett et al. under review), with Barbiers (2005: 235) suggesting that “it is the task of sociolinguists to describe and explain the patterns of variation that occur within a linguistic community given the theoretical limits of this variation uncovered by generative linguistics [emphasis mine]”. This paper takes such an approach and argues that integrating formal theory into variationist analysis of morpho-syntactic variation allows for: (i) more careful delimitation of the linguistic variable and its contexts, taking into consideration the constraints of the grammar; (ii) theoretically-informed decision-making as to the inclusion and exclusion of tokens; and (iii) using production data to test hypotheses that can elucidate how variants are derived from the grammar. Adopting this approach, my investigation focuses specifically on the alternation between not-negation (1), no-negation (2) and negative concord (3) in English.7",1,"The variability of negation also makes it an intriguing object of study for variationist sociolinguists, given their interest in the factors that condition speakers’ choices between linguistic forms that convey the same meaning (Tagliamonte 2006).",2,Variationist sociolinguists are interested in the factors that condition speakers’ choices between linguistic forms that convey the same meaning (Tagliamonte 2006).
glossa-4968-childs,1 Introduction,"Negation is a fervently-debated phenomenon within formal syntactic enquiry, as it is a universal property of language that is, at the same time, highly variable in terms of how it is expressed (Mazzon 2004: 94). The variability of negation also makes it an intriguing object of study for variationist sociolinguists, given their interest in the factors that condition speakers’ choices between linguistic forms that convey the same meaning (Tagliamonte 2006). Formal syntactic theory and variationist sociolinguistics are often depicted as somewhat incompatible “opposites”, because of their respective focus on linguistic competence and general linguistic principles on the one hand, versus performance and variability on the other (Wilson and Henry 1998). However, recent studies have advocated bridging the gap between the two in analysing morpho-syntactic variation and change (Wilson and Henry 1998; Adger and Smith 2005; 2010; Cornips and Corrigan 2005a; b; Adger and Trousdale 2007; Buchstaller et al. 2013; Burnett et al. under review), with Barbiers (2005: 235) suggesting that “it is the task of sociolinguists to describe and explain the patterns of variation that occur within a linguistic community given the theoretical limits of this variation uncovered by generative linguistics [emphasis mine]”. This paper takes such an approach and argues that integrating formal theory into variationist analysis of morpho-syntactic variation allows for: (i) more careful delimitation of the linguistic variable and its contexts, taking into consideration the constraints of the grammar; (ii) theoretically-informed decision-making as to the inclusion and exclusion of tokens; and (iii) using production data to test hypotheses that can elucidate how variants are derived from the grammar. Adopting this approach, my investigation focuses specifically on the alternation between not-negation (1), no-negation (2) and negative concord (3) in English.7",1,"The variability of negation also makes it an intriguing object of study for variationist sociolinguists, given their interest in the factors that condition speakers’ choices between linguistic forms that convey the same meaning (Tagliamonte 2006).",3,Variationist sociolinguists are interested in the factors that condition speakers’ choices between linguistic forms that convey the same meaning.
glossa-4968-childs,1 Introduction,"Negation is a fervently-debated phenomenon within formal syntactic enquiry, as it is a universal property of language that is, at the same time, highly variable in terms of how it is expressed (Mazzon 2004: 94). The variability of negation also makes it an intriguing object of study for variationist sociolinguists, given their interest in the factors that condition speakers’ choices between linguistic forms that convey the same meaning (Tagliamonte 2006). Formal syntactic theory and variationist sociolinguistics are often depicted as somewhat incompatible “opposites”, because of their respective focus on linguistic competence and general linguistic principles on the one hand, versus performance and variability on the other (Wilson and Henry 1998). However, recent studies have advocated bridging the gap between the two in analysing morpho-syntactic variation and change (Wilson and Henry 1998; Adger and Smith 2005; 2010; Cornips and Corrigan 2005a; b; Adger and Trousdale 2007; Buchstaller et al. 2013; Burnett et al. under review), with Barbiers (2005: 235) suggesting that “it is the task of sociolinguists to describe and explain the patterns of variation that occur within a linguistic community given the theoretical limits of this variation uncovered by generative linguistics [emphasis mine]”. This paper takes such an approach and argues that integrating formal theory into variationist analysis of morpho-syntactic variation allows for: (i) more careful delimitation of the linguistic variable and its contexts, taking into consideration the constraints of the grammar; (ii) theoretically-informed decision-making as to the inclusion and exclusion of tokens; and (iii) using production data to test hypotheses that can elucidate how variants are derived from the grammar. Adopting this approach, my investigation focuses specifically on the alternation between not-negation (1), no-negation (2) and negative concord (3) in English.8",1,"The variability of negation also makes it an intriguing object of study for variationist sociolinguists, given their interest in the factors that condition speakers’ choices between linguistic forms that convey the same meaning (Tagliamonte 2006).",1,The variability of negation makes negation an intriguing object of study for variationist sociolinguists.
glossa-4968-childs,1 Introduction,"Negation is a fervently-debated phenomenon within formal syntactic enquiry, as it is a universal property of language that is, at the same time, highly variable in terms of how it is expressed (Mazzon 2004: 94). The variability of negation also makes it an intriguing object of study for variationist sociolinguists, given their interest in the factors that condition speakers’ choices between linguistic forms that convey the same meaning (Tagliamonte 2006). Formal syntactic theory and variationist sociolinguistics are often depicted as somewhat incompatible “opposites”, because of their respective focus on linguistic competence and general linguistic principles on the one hand, versus performance and variability on the other (Wilson and Henry 1998). However, recent studies have advocated bridging the gap between the two in analysing morpho-syntactic variation and change (Wilson and Henry 1998; Adger and Smith 2005; 2010; Cornips and Corrigan 2005a; b; Adger and Trousdale 2007; Buchstaller et al. 2013; Burnett et al. under review), with Barbiers (2005: 235) suggesting that “it is the task of sociolinguists to describe and explain the patterns of variation that occur within a linguistic community given the theoretical limits of this variation uncovered by generative linguistics [emphasis mine]”. This paper takes such an approach and argues that integrating formal theory into variationist analysis of morpho-syntactic variation allows for: (i) more careful delimitation of the linguistic variable and its contexts, taking into consideration the constraints of the grammar; (ii) theoretically-informed decision-making as to the inclusion and exclusion of tokens; and (iii) using production data to test hypotheses that can elucidate how variants are derived from the grammar. Adopting this approach, my investigation focuses specifically on the alternation between not-negation (1), no-negation (2) and negative concord (3) in English.8",1,"The variability of negation also makes it an intriguing object of study for variationist sociolinguists, given their interest in the factors that condition speakers’ choices between linguistic forms that convey the same meaning (Tagliamonte 2006).",2,Variationist sociolinguists are interested in the factors that condition speakers’ choices between linguistic forms that convey the same meaning (Tagliamonte 2006).
glossa-4968-childs,1 Introduction,"Negation is a fervently-debated phenomenon within formal syntactic enquiry, as it is a universal property of language that is, at the same time, highly variable in terms of how it is expressed (Mazzon 2004: 94). The variability of negation also makes it an intriguing object of study for variationist sociolinguists, given their interest in the factors that condition speakers’ choices between linguistic forms that convey the same meaning (Tagliamonte 2006). Formal syntactic theory and variationist sociolinguistics are often depicted as somewhat incompatible “opposites”, because of their respective focus on linguistic competence and general linguistic principles on the one hand, versus performance and variability on the other (Wilson and Henry 1998). However, recent studies have advocated bridging the gap between the two in analysing morpho-syntactic variation and change (Wilson and Henry 1998; Adger and Smith 2005; 2010; Cornips and Corrigan 2005a; b; Adger and Trousdale 2007; Buchstaller et al. 2013; Burnett et al. under review), with Barbiers (2005: 235) suggesting that “it is the task of sociolinguists to describe and explain the patterns of variation that occur within a linguistic community given the theoretical limits of this variation uncovered by generative linguistics [emphasis mine]”. This paper takes such an approach and argues that integrating formal theory into variationist analysis of morpho-syntactic variation allows for: (i) more careful delimitation of the linguistic variable and its contexts, taking into consideration the constraints of the grammar; (ii) theoretically-informed decision-making as to the inclusion and exclusion of tokens; and (iii) using production data to test hypotheses that can elucidate how variants are derived from the grammar. Adopting this approach, my investigation focuses specifically on the alternation between not-negation (1), no-negation (2) and negative concord (3) in English.8",1,"The variability of negation also makes it an intriguing object of study for variationist sociolinguists, given their interest in the factors that condition speakers’ choices between linguistic forms that convey the same meaning (Tagliamonte 2006).",3,Variationist sociolinguists are interested in the factors that condition speakers’ choices between linguistic forms that convey the same meaning.
glossa-4968-childs,1 Introduction,"Negation is a fervently-debated phenomenon within formal syntactic enquiry, as it is a universal property of language that is, at the same time, highly variable in terms of how it is expressed (Mazzon 2004: 94). The variability of negation also makes it an intriguing object of study for variationist sociolinguists, given their interest in the factors that condition speakers’ choices between linguistic forms that convey the same meaning (Tagliamonte 2006). Formal syntactic theory and variationist sociolinguistics are often depicted as somewhat incompatible “opposites”, because of their respective focus on linguistic competence and general linguistic principles on the one hand, versus performance and variability on the other (Wilson and Henry 1998). However, recent studies have advocated bridging the gap between the two in analysing morpho-syntactic variation and change (Wilson and Henry 1998; Adger and Smith 2005; 2010; Cornips and Corrigan 2005a; b; Adger and Trousdale 2007; Buchstaller et al. 2013; Burnett et al. under review), with Barbiers (2005: 235) suggesting that “it is the task of sociolinguists to describe and explain the patterns of variation that occur within a linguistic community given the theoretical limits of this variation uncovered by generative linguistics [emphasis mine]”. This paper takes such an approach and argues that integrating formal theory into variationist analysis of morpho-syntactic variation allows for: (i) more careful delimitation of the linguistic variable and its contexts, taking into consideration the constraints of the grammar; (ii) theoretically-informed decision-making as to the inclusion and exclusion of tokens; and (iii) using production data to test hypotheses that can elucidate how variants are derived from the grammar. Adopting this approach, my investigation focuses specifically on the alternation between not-negation (1), no-negation (2) and negative concord (3) in English.9",1,"The variability of negation also makes it an intriguing object of study for variationist sociolinguists, given their interest in the factors that condition speakers’ choices between linguistic forms that convey the same meaning (Tagliamonte 2006).",1,The variability of negation makes negation an intriguing object of study for variationist sociolinguists.
glossa-4968-childs,1 Introduction,"Negation is a fervently-debated phenomenon within formal syntactic enquiry, as it is a universal property of language that is, at the same time, highly variable in terms of how it is expressed (Mazzon 2004: 94). The variability of negation also makes it an intriguing object of study for variationist sociolinguists, given their interest in the factors that condition speakers’ choices between linguistic forms that convey the same meaning (Tagliamonte 2006). Formal syntactic theory and variationist sociolinguistics are often depicted as somewhat incompatible “opposites”, because of their respective focus on linguistic competence and general linguistic principles on the one hand, versus performance and variability on the other (Wilson and Henry 1998). However, recent studies have advocated bridging the gap between the two in analysing morpho-syntactic variation and change (Wilson and Henry 1998; Adger and Smith 2005; 2010; Cornips and Corrigan 2005a; b; Adger and Trousdale 2007; Buchstaller et al. 2013; Burnett et al. under review), with Barbiers (2005: 235) suggesting that “it is the task of sociolinguists to describe and explain the patterns of variation that occur within a linguistic community given the theoretical limits of this variation uncovered by generative linguistics [emphasis mine]”. This paper takes such an approach and argues that integrating formal theory into variationist analysis of morpho-syntactic variation allows for: (i) more careful delimitation of the linguistic variable and its contexts, taking into consideration the constraints of the grammar; (ii) theoretically-informed decision-making as to the inclusion and exclusion of tokens; and (iii) using production data to test hypotheses that can elucidate how variants are derived from the grammar. Adopting this approach, my investigation focuses specifically on the alternation between not-negation (1), no-negation (2) and negative concord (3) in English.9",1,"The variability of negation also makes it an intriguing object of study for variationist sociolinguists, given their interest in the factors that condition speakers’ choices between linguistic forms that convey the same meaning (Tagliamonte 2006).",2,Variationist sociolinguists are interested in the factors that condition speakers’ choices between linguistic forms that convey the same meaning (Tagliamonte 2006).
glossa-4968-childs,1 Introduction,"Negation is a fervently-debated phenomenon within formal syntactic enquiry, as it is a universal property of language that is, at the same time, highly variable in terms of how it is expressed (Mazzon 2004: 94). The variability of negation also makes it an intriguing object of study for variationist sociolinguists, given their interest in the factors that condition speakers’ choices between linguistic forms that convey the same meaning (Tagliamonte 2006). Formal syntactic theory and variationist sociolinguistics are often depicted as somewhat incompatible “opposites”, because of their respective focus on linguistic competence and general linguistic principles on the one hand, versus performance and variability on the other (Wilson and Henry 1998). However, recent studies have advocated bridging the gap between the two in analysing morpho-syntactic variation and change (Wilson and Henry 1998; Adger and Smith 2005; 2010; Cornips and Corrigan 2005a; b; Adger and Trousdale 2007; Buchstaller et al. 2013; Burnett et al. under review), with Barbiers (2005: 235) suggesting that “it is the task of sociolinguists to describe and explain the patterns of variation that occur within a linguistic community given the theoretical limits of this variation uncovered by generative linguistics [emphasis mine]”. This paper takes such an approach and argues that integrating formal theory into variationist analysis of morpho-syntactic variation allows for: (i) more careful delimitation of the linguistic variable and its contexts, taking into consideration the constraints of the grammar; (ii) theoretically-informed decision-making as to the inclusion and exclusion of tokens; and (iii) using production data to test hypotheses that can elucidate how variants are derived from the grammar. Adopting this approach, my investigation focuses specifically on the alternation between not-negation (1), no-negation (2) and negative concord (3) in English.10",1,"Formal syntactic theory and variationist sociolinguistics are often depicted as somewhat incompatible “opposites”, because of their respective focus on linguistic competence and general linguistic principles on the one hand, versus performance and variability on the other (Wilson and Henry 1998).",1,Formal syntactic theory and variationist sociolinguistics are often depicted as somewhat incompatible opposites.
glossa-4968-childs,1 Introduction,"Negation is a fervently-debated phenomenon within formal syntactic enquiry, as it is a universal property of language that is, at the same time, highly variable in terms of how it is expressed (Mazzon 2004: 94). The variability of negation also makes it an intriguing object of study for variationist sociolinguists, given their interest in the factors that condition speakers’ choices between linguistic forms that convey the same meaning (Tagliamonte 2006). Formal syntactic theory and variationist sociolinguistics are often depicted as somewhat incompatible “opposites”, because of their respective focus on linguistic competence and general linguistic principles on the one hand, versus performance and variability on the other (Wilson and Henry 1998). However, recent studies have advocated bridging the gap between the two in analysing morpho-syntactic variation and change (Wilson and Henry 1998; Adger and Smith 2005; 2010; Cornips and Corrigan 2005a; b; Adger and Trousdale 2007; Buchstaller et al. 2013; Burnett et al. under review), with Barbiers (2005: 235) suggesting that “it is the task of sociolinguists to describe and explain the patterns of variation that occur within a linguistic community given the theoretical limits of this variation uncovered by generative linguistics [emphasis mine]”. This paper takes such an approach and argues that integrating formal theory into variationist analysis of morpho-syntactic variation allows for: (i) more careful delimitation of the linguistic variable and its contexts, taking into consideration the constraints of the grammar; (ii) theoretically-informed decision-making as to the inclusion and exclusion of tokens; and (iii) using production data to test hypotheses that can elucidate how variants are derived from the grammar. Adopting this approach, my investigation focuses specifically on the alternation between not-negation (1), no-negation (2) and negative concord (3) in English.10",1,"Formal syntactic theory and variationist sociolinguistics are often depicted as somewhat incompatible “opposites”, because of their respective focus on linguistic competence and general linguistic principles on the one hand, versus performance and variability on the other (Wilson and Henry 1998).",2,Formal syntactic theory focuses on linguistic competence.
glossa-4968-childs,1 Introduction,"Negation is a fervently-debated phenomenon within formal syntactic enquiry, as it is a universal property of language that is, at the same time, highly variable in terms of how it is expressed (Mazzon 2004: 94). The variability of negation also makes it an intriguing object of study for variationist sociolinguists, given their interest in the factors that condition speakers’ choices between linguistic forms that convey the same meaning (Tagliamonte 2006). Formal syntactic theory and variationist sociolinguistics are often depicted as somewhat incompatible “opposites”, because of their respective focus on linguistic competence and general linguistic principles on the one hand, versus performance and variability on the other (Wilson and Henry 1998). However, recent studies have advocated bridging the gap between the two in analysing morpho-syntactic variation and change (Wilson and Henry 1998; Adger and Smith 2005; 2010; Cornips and Corrigan 2005a; b; Adger and Trousdale 2007; Buchstaller et al. 2013; Burnett et al. under review), with Barbiers (2005: 235) suggesting that “it is the task of sociolinguists to describe and explain the patterns of variation that occur within a linguistic community given the theoretical limits of this variation uncovered by generative linguistics [emphasis mine]”. This paper takes such an approach and argues that integrating formal theory into variationist analysis of morpho-syntactic variation allows for: (i) more careful delimitation of the linguistic variable and its contexts, taking into consideration the constraints of the grammar; (ii) theoretically-informed decision-making as to the inclusion and exclusion of tokens; and (iii) using production data to test hypotheses that can elucidate how variants are derived from the grammar. Adopting this approach, my investigation focuses specifically on the alternation between not-negation (1), no-negation (2) and negative concord (3) in English.10",1,"Formal syntactic theory and variationist sociolinguistics are often depicted as somewhat incompatible “opposites”, because of their respective focus on linguistic competence and general linguistic principles on the one hand, versus performance and variability on the other (Wilson and Henry 1998).",3,Formal syntactic theory focuses on general linguistic principles.
glossa-4968-childs,1 Introduction,"Negation is a fervently-debated phenomenon within formal syntactic enquiry, as it is a universal property of language that is, at the same time, highly variable in terms of how it is expressed (Mazzon 2004: 94). The variability of negation also makes it an intriguing object of study for variationist sociolinguists, given their interest in the factors that condition speakers’ choices between linguistic forms that convey the same meaning (Tagliamonte 2006). Formal syntactic theory and variationist sociolinguistics are often depicted as somewhat incompatible “opposites”, because of their respective focus on linguistic competence and general linguistic principles on the one hand, versus performance and variability on the other (Wilson and Henry 1998). However, recent studies have advocated bridging the gap between the two in analysing morpho-syntactic variation and change (Wilson and Henry 1998; Adger and Smith 2005; 2010; Cornips and Corrigan 2005a; b; Adger and Trousdale 2007; Buchstaller et al. 2013; Burnett et al. under review), with Barbiers (2005: 235) suggesting that “it is the task of sociolinguists to describe and explain the patterns of variation that occur within a linguistic community given the theoretical limits of this variation uncovered by generative linguistics [emphasis mine]”. This paper takes such an approach and argues that integrating formal theory into variationist analysis of morpho-syntactic variation allows for: (i) more careful delimitation of the linguistic variable and its contexts, taking into consideration the constraints of the grammar; (ii) theoretically-informed decision-making as to the inclusion and exclusion of tokens; and (iii) using production data to test hypotheses that can elucidate how variants are derived from the grammar. Adopting this approach, my investigation focuses specifically on the alternation between not-negation (1), no-negation (2) and negative concord (3) in English.10",1,"Formal syntactic theory and variationist sociolinguistics are often depicted as somewhat incompatible “opposites”, because of their respective focus on linguistic competence and general linguistic principles on the one hand, versus performance and variability on the other (Wilson and Henry 1998).",4,Variationist sociolinguistics focuses on performance (Wilson and Henry 1998).
glossa-4968-childs,1 Introduction,"Negation is a fervently-debated phenomenon within formal syntactic enquiry, as it is a universal property of language that is, at the same time, highly variable in terms of how it is expressed (Mazzon 2004: 94). The variability of negation also makes it an intriguing object of study for variationist sociolinguists, given their interest in the factors that condition speakers’ choices between linguistic forms that convey the same meaning (Tagliamonte 2006). Formal syntactic theory and variationist sociolinguistics are often depicted as somewhat incompatible “opposites”, because of their respective focus on linguistic competence and general linguistic principles on the one hand, versus performance and variability on the other (Wilson and Henry 1998). However, recent studies have advocated bridging the gap between the two in analysing morpho-syntactic variation and change (Wilson and Henry 1998; Adger and Smith 2005; 2010; Cornips and Corrigan 2005a; b; Adger and Trousdale 2007; Buchstaller et al. 2013; Burnett et al. under review), with Barbiers (2005: 235) suggesting that “it is the task of sociolinguists to describe and explain the patterns of variation that occur within a linguistic community given the theoretical limits of this variation uncovered by generative linguistics [emphasis mine]”. This paper takes such an approach and argues that integrating formal theory into variationist analysis of morpho-syntactic variation allows for: (i) more careful delimitation of the linguistic variable and its contexts, taking into consideration the constraints of the grammar; (ii) theoretically-informed decision-making as to the inclusion and exclusion of tokens; and (iii) using production data to test hypotheses that can elucidate how variants are derived from the grammar. Adopting this approach, my investigation focuses specifically on the alternation between not-negation (1), no-negation (2) and negative concord (3) in English.10",1,"Formal syntactic theory and variationist sociolinguistics are often depicted as somewhat incompatible “opposites”, because of their respective focus on linguistic competence and general linguistic principles on the one hand, versus performance and variability on the other (Wilson and Henry 1998).",5,Variationist sociolinguistics focuses on variability (Wilson and Henry 1998).
glossa-4968-childs,1 Introduction,"Negation is a fervently-debated phenomenon within formal syntactic enquiry, as it is a universal property of language that is, at the same time, highly variable in terms of how it is expressed (Mazzon 2004: 94). The variability of negation also makes it an intriguing object of study for variationist sociolinguists, given their interest in the factors that condition speakers’ choices between linguistic forms that convey the same meaning (Tagliamonte 2006). Formal syntactic theory and variationist sociolinguistics are often depicted as somewhat incompatible “opposites”, because of their respective focus on linguistic competence and general linguistic principles on the one hand, versus performance and variability on the other (Wilson and Henry 1998). However, recent studies have advocated bridging the gap between the two in analysing morpho-syntactic variation and change (Wilson and Henry 1998; Adger and Smith 2005; 2010; Cornips and Corrigan 2005a; b; Adger and Trousdale 2007; Buchstaller et al. 2013; Burnett et al. under review), with Barbiers (2005: 235) suggesting that “it is the task of sociolinguists to describe and explain the patterns of variation that occur within a linguistic community given the theoretical limits of this variation uncovered by generative linguistics [emphasis mine]”. This paper takes such an approach and argues that integrating formal theory into variationist analysis of morpho-syntactic variation allows for: (i) more careful delimitation of the linguistic variable and its contexts, taking into consideration the constraints of the grammar; (ii) theoretically-informed decision-making as to the inclusion and exclusion of tokens; and (iii) using production data to test hypotheses that can elucidate how variants are derived from the grammar. Adopting this approach, my investigation focuses specifically on the alternation between not-negation (1), no-negation (2) and negative concord (3) in English.11",1,"Formal syntactic theory and variationist sociolinguistics are often depicted as somewhat incompatible “opposites”, because of their respective focus on linguistic competence and general linguistic principles on the one hand, versus performance and variability on the other (Wilson and Henry 1998).",1,Formal syntactic theory focuses on linguistic competence.
glossa-4968-childs,1 Introduction,"Negation is a fervently-debated phenomenon within formal syntactic enquiry, as it is a universal property of language that is, at the same time, highly variable in terms of how it is expressed (Mazzon 2004: 94). The variability of negation also makes it an intriguing object of study for variationist sociolinguists, given their interest in the factors that condition speakers’ choices between linguistic forms that convey the same meaning (Tagliamonte 2006). Formal syntactic theory and variationist sociolinguistics are often depicted as somewhat incompatible “opposites”, because of their respective focus on linguistic competence and general linguistic principles on the one hand, versus performance and variability on the other (Wilson and Henry 1998). However, recent studies have advocated bridging the gap between the two in analysing morpho-syntactic variation and change (Wilson and Henry 1998; Adger and Smith 2005; 2010; Cornips and Corrigan 2005a; b; Adger and Trousdale 2007; Buchstaller et al. 2013; Burnett et al. under review), with Barbiers (2005: 235) suggesting that “it is the task of sociolinguists to describe and explain the patterns of variation that occur within a linguistic community given the theoretical limits of this variation uncovered by generative linguistics [emphasis mine]”. This paper takes such an approach and argues that integrating formal theory into variationist analysis of morpho-syntactic variation allows for: (i) more careful delimitation of the linguistic variable and its contexts, taking into consideration the constraints of the grammar; (ii) theoretically-informed decision-making as to the inclusion and exclusion of tokens; and (iii) using production data to test hypotheses that can elucidate how variants are derived from the grammar. Adopting this approach, my investigation focuses specifically on the alternation between not-negation (1), no-negation (2) and negative concord (3) in English.11",1,"Formal syntactic theory and variationist sociolinguistics are often depicted as somewhat incompatible “opposites”, because of their respective focus on linguistic competence and general linguistic principles on the one hand, versus performance and variability on the other (Wilson and Henry 1998).",2,Formal syntactic theory focuses on general linguistic principles.
glossa-4968-childs,1 Introduction,"Negation is a fervently-debated phenomenon within formal syntactic enquiry, as it is a universal property of language that is, at the same time, highly variable in terms of how it is expressed (Mazzon 2004: 94). The variability of negation also makes it an intriguing object of study for variationist sociolinguists, given their interest in the factors that condition speakers’ choices between linguistic forms that convey the same meaning (Tagliamonte 2006). Formal syntactic theory and variationist sociolinguistics are often depicted as somewhat incompatible “opposites”, because of their respective focus on linguistic competence and general linguistic principles on the one hand, versus performance and variability on the other (Wilson and Henry 1998). However, recent studies have advocated bridging the gap between the two in analysing morpho-syntactic variation and change (Wilson and Henry 1998; Adger and Smith 2005; 2010; Cornips and Corrigan 2005a; b; Adger and Trousdale 2007; Buchstaller et al. 2013; Burnett et al. under review), with Barbiers (2005: 235) suggesting that “it is the task of sociolinguists to describe and explain the patterns of variation that occur within a linguistic community given the theoretical limits of this variation uncovered by generative linguistics [emphasis mine]”. This paper takes such an approach and argues that integrating formal theory into variationist analysis of morpho-syntactic variation allows for: (i) more careful delimitation of the linguistic variable and its contexts, taking into consideration the constraints of the grammar; (ii) theoretically-informed decision-making as to the inclusion and exclusion of tokens; and (iii) using production data to test hypotheses that can elucidate how variants are derived from the grammar. Adopting this approach, my investigation focuses specifically on the alternation between not-negation (1), no-negation (2) and negative concord (3) in English.11",1,"Formal syntactic theory and variationist sociolinguistics are often depicted as somewhat incompatible “opposites”, because of their respective focus on linguistic competence and general linguistic principles on the one hand, versus performance and variability on the other (Wilson and Henry 1998).",3,Variationist sociolinguistics focuses on performance.
glossa-4968-childs,1 Introduction,"Negation is a fervently-debated phenomenon within formal syntactic enquiry, as it is a universal property of language that is, at the same time, highly variable in terms of how it is expressed (Mazzon 2004: 94). The variability of negation also makes it an intriguing object of study for variationist sociolinguists, given their interest in the factors that condition speakers’ choices between linguistic forms that convey the same meaning (Tagliamonte 2006). Formal syntactic theory and variationist sociolinguistics are often depicted as somewhat incompatible “opposites”, because of their respective focus on linguistic competence and general linguistic principles on the one hand, versus performance and variability on the other (Wilson and Henry 1998). However, recent studies have advocated bridging the gap between the two in analysing morpho-syntactic variation and change (Wilson and Henry 1998; Adger and Smith 2005; 2010; Cornips and Corrigan 2005a; b; Adger and Trousdale 2007; Buchstaller et al. 2013; Burnett et al. under review), with Barbiers (2005: 235) suggesting that “it is the task of sociolinguists to describe and explain the patterns of variation that occur within a linguistic community given the theoretical limits of this variation uncovered by generative linguistics [emphasis mine]”. This paper takes such an approach and argues that integrating formal theory into variationist analysis of morpho-syntactic variation allows for: (i) more careful delimitation of the linguistic variable and its contexts, taking into consideration the constraints of the grammar; (ii) theoretically-informed decision-making as to the inclusion and exclusion of tokens; and (iii) using production data to test hypotheses that can elucidate how variants are derived from the grammar. Adopting this approach, my investigation focuses specifically on the alternation between not-negation (1), no-negation (2) and negative concord (3) in English.11",1,"Formal syntactic theory and variationist sociolinguistics are often depicted as somewhat incompatible “opposites”, because of their respective focus on linguistic competence and general linguistic principles on the one hand, versus performance and variability on the other (Wilson and Henry 1998).",4,Variationist sociolinguistics focuses on variability.
glossa-4968-childs,1 Introduction,"Negation is a fervently-debated phenomenon within formal syntactic enquiry, as it is a universal property of language that is, at the same time, highly variable in terms of how it is expressed (Mazzon 2004: 94). The variability of negation also makes it an intriguing object of study for variationist sociolinguists, given their interest in the factors that condition speakers’ choices between linguistic forms that convey the same meaning (Tagliamonte 2006). Formal syntactic theory and variationist sociolinguistics are often depicted as somewhat incompatible “opposites”, because of their respective focus on linguistic competence and general linguistic principles on the one hand, versus performance and variability on the other (Wilson and Henry 1998). However, recent studies have advocated bridging the gap between the two in analysing morpho-syntactic variation and change (Wilson and Henry 1998; Adger and Smith 2005; 2010; Cornips and Corrigan 2005a; b; Adger and Trousdale 2007; Buchstaller et al. 2013; Burnett et al. under review), with Barbiers (2005: 235) suggesting that “it is the task of sociolinguists to describe and explain the patterns of variation that occur within a linguistic community given the theoretical limits of this variation uncovered by generative linguistics [emphasis mine]”. This paper takes such an approach and argues that integrating formal theory into variationist analysis of morpho-syntactic variation allows for: (i) more careful delimitation of the linguistic variable and its contexts, taking into consideration the constraints of the grammar; (ii) theoretically-informed decision-making as to the inclusion and exclusion of tokens; and (iii) using production data to test hypotheses that can elucidate how variants are derived from the grammar. Adopting this approach, my investigation focuses specifically on the alternation between not-negation (1), no-negation (2) and negative concord (3) in English.11",1,"Formal syntactic theory and variationist sociolinguistics are often depicted as somewhat incompatible “opposites”, because of their respective focus on linguistic competence and general linguistic principles on the one hand, versus performance and variability on the other (Wilson and Henry 1998).",5,"The focus of formal syntactic theory on linguistic competence and general linguistic principles, versus the focus of variationist sociolinguistics on performance and variability, implies that formal syntactic theory and variationist sociolinguistics are often depicted as somewhat incompatible opposites."
glossa-4968-childs,1 Introduction,"Negation is a fervently-debated phenomenon within formal syntactic enquiry, as it is a universal property of language that is, at the same time, highly variable in terms of how it is expressed (Mazzon 2004: 94). The variability of negation also makes it an intriguing object of study for variationist sociolinguists, given their interest in the factors that condition speakers’ choices between linguistic forms that convey the same meaning (Tagliamonte 2006). Formal syntactic theory and variationist sociolinguistics are often depicted as somewhat incompatible “opposites”, because of their respective focus on linguistic competence and general linguistic principles on the one hand, versus performance and variability on the other (Wilson and Henry 1998). However, recent studies have advocated bridging the gap between the two in analysing morpho-syntactic variation and change (Wilson and Henry 1998; Adger and Smith 2005; 2010; Cornips and Corrigan 2005a; b; Adger and Trousdale 2007; Buchstaller et al. 2013; Burnett et al. under review), with Barbiers (2005: 235) suggesting that “it is the task of sociolinguists to describe and explain the patterns of variation that occur within a linguistic community given the theoretical limits of this variation uncovered by generative linguistics [emphasis mine]”. This paper takes such an approach and argues that integrating formal theory into variationist analysis of morpho-syntactic variation allows for: (i) more careful delimitation of the linguistic variable and its contexts, taking into consideration the constraints of the grammar; (ii) theoretically-informed decision-making as to the inclusion and exclusion of tokens; and (iii) using production data to test hypotheses that can elucidate how variants are derived from the grammar. Adopting this approach, my investigation focuses specifically on the alternation between not-negation (1), no-negation (2) and negative concord (3) in English.12",1,"Formal syntactic theory and variationist sociolinguistics are often depicted as somewhat incompatible “opposites”, because of their respective focus on linguistic competence and general linguistic principles on the one hand, versus performance and variability on the other (Wilson and Henry 1998).",1,Formal syntactic theory focuses on linguistic competence.
glossa-4968-childs,1 Introduction,"Negation is a fervently-debated phenomenon within formal syntactic enquiry, as it is a universal property of language that is, at the same time, highly variable in terms of how it is expressed (Mazzon 2004: 94). The variability of negation also makes it an intriguing object of study for variationist sociolinguists, given their interest in the factors that condition speakers’ choices between linguistic forms that convey the same meaning (Tagliamonte 2006). Formal syntactic theory and variationist sociolinguistics are often depicted as somewhat incompatible “opposites”, because of their respective focus on linguistic competence and general linguistic principles on the one hand, versus performance and variability on the other (Wilson and Henry 1998). However, recent studies have advocated bridging the gap between the two in analysing morpho-syntactic variation and change (Wilson and Henry 1998; Adger and Smith 2005; 2010; Cornips and Corrigan 2005a; b; Adger and Trousdale 2007; Buchstaller et al. 2013; Burnett et al. under review), with Barbiers (2005: 235) suggesting that “it is the task of sociolinguists to describe and explain the patterns of variation that occur within a linguistic community given the theoretical limits of this variation uncovered by generative linguistics [emphasis mine]”. This paper takes such an approach and argues that integrating formal theory into variationist analysis of morpho-syntactic variation allows for: (i) more careful delimitation of the linguistic variable and its contexts, taking into consideration the constraints of the grammar; (ii) theoretically-informed decision-making as to the inclusion and exclusion of tokens; and (iii) using production data to test hypotheses that can elucidate how variants are derived from the grammar. Adopting this approach, my investigation focuses specifically on the alternation between not-negation (1), no-negation (2) and negative concord (3) in English.12",1,"Formal syntactic theory and variationist sociolinguistics are often depicted as somewhat incompatible “opposites”, because of their respective focus on linguistic competence and general linguistic principles on the one hand, versus performance and variability on the other (Wilson and Henry 1998).",2,Formal syntactic theory focuses on general linguistic principles.
glossa-4968-childs,1 Introduction,"Negation is a fervently-debated phenomenon within formal syntactic enquiry, as it is a universal property of language that is, at the same time, highly variable in terms of how it is expressed (Mazzon 2004: 94). The variability of negation also makes it an intriguing object of study for variationist sociolinguists, given their interest in the factors that condition speakers’ choices between linguistic forms that convey the same meaning (Tagliamonte 2006). Formal syntactic theory and variationist sociolinguistics are often depicted as somewhat incompatible “opposites”, because of their respective focus on linguistic competence and general linguistic principles on the one hand, versus performance and variability on the other (Wilson and Henry 1998). However, recent studies have advocated bridging the gap between the two in analysing morpho-syntactic variation and change (Wilson and Henry 1998; Adger and Smith 2005; 2010; Cornips and Corrigan 2005a; b; Adger and Trousdale 2007; Buchstaller et al. 2013; Burnett et al. under review), with Barbiers (2005: 235) suggesting that “it is the task of sociolinguists to describe and explain the patterns of variation that occur within a linguistic community given the theoretical limits of this variation uncovered by generative linguistics [emphasis mine]”. This paper takes such an approach and argues that integrating formal theory into variationist analysis of morpho-syntactic variation allows for: (i) more careful delimitation of the linguistic variable and its contexts, taking into consideration the constraints of the grammar; (ii) theoretically-informed decision-making as to the inclusion and exclusion of tokens; and (iii) using production data to test hypotheses that can elucidate how variants are derived from the grammar. Adopting this approach, my investigation focuses specifically on the alternation between not-negation (1), no-negation (2) and negative concord (3) in English.12",1,"Formal syntactic theory and variationist sociolinguistics are often depicted as somewhat incompatible “opposites”, because of their respective focus on linguistic competence and general linguistic principles on the one hand, versus performance and variability on the other (Wilson and Henry 1998).",3,Variationist sociolinguistics focuses on performance.
glossa-4968-childs,1 Introduction,"Negation is a fervently-debated phenomenon within formal syntactic enquiry, as it is a universal property of language that is, at the same time, highly variable in terms of how it is expressed (Mazzon 2004: 94). The variability of negation also makes it an intriguing object of study for variationist sociolinguists, given their interest in the factors that condition speakers’ choices between linguistic forms that convey the same meaning (Tagliamonte 2006). Formal syntactic theory and variationist sociolinguistics are often depicted as somewhat incompatible “opposites”, because of their respective focus on linguistic competence and general linguistic principles on the one hand, versus performance and variability on the other (Wilson and Henry 1998). However, recent studies have advocated bridging the gap between the two in analysing morpho-syntactic variation and change (Wilson and Henry 1998; Adger and Smith 2005; 2010; Cornips and Corrigan 2005a; b; Adger and Trousdale 2007; Buchstaller et al. 2013; Burnett et al. under review), with Barbiers (2005: 235) suggesting that “it is the task of sociolinguists to describe and explain the patterns of variation that occur within a linguistic community given the theoretical limits of this variation uncovered by generative linguistics [emphasis mine]”. This paper takes such an approach and argues that integrating formal theory into variationist analysis of morpho-syntactic variation allows for: (i) more careful delimitation of the linguistic variable and its contexts, taking into consideration the constraints of the grammar; (ii) theoretically-informed decision-making as to the inclusion and exclusion of tokens; and (iii) using production data to test hypotheses that can elucidate how variants are derived from the grammar. Adopting this approach, my investigation focuses specifically on the alternation between not-negation (1), no-negation (2) and negative concord (3) in English.12",1,"Formal syntactic theory and variationist sociolinguistics are often depicted as somewhat incompatible “opposites”, because of their respective focus on linguistic competence and general linguistic principles on the one hand, versus performance and variability on the other (Wilson and Henry 1998).",4,Variationist sociolinguistics focuses on variability.
glossa-4968-childs,1 Introduction,"Negation is a fervently-debated phenomenon within formal syntactic enquiry, as it is a universal property of language that is, at the same time, highly variable in terms of how it is expressed (Mazzon 2004: 94). The variability of negation also makes it an intriguing object of study for variationist sociolinguists, given their interest in the factors that condition speakers’ choices between linguistic forms that convey the same meaning (Tagliamonte 2006). Formal syntactic theory and variationist sociolinguistics are often depicted as somewhat incompatible “opposites”, because of their respective focus on linguistic competence and general linguistic principles on the one hand, versus performance and variability on the other (Wilson and Henry 1998). However, recent studies have advocated bridging the gap between the two in analysing morpho-syntactic variation and change (Wilson and Henry 1998; Adger and Smith 2005; 2010; Cornips and Corrigan 2005a; b; Adger and Trousdale 2007; Buchstaller et al. 2013; Burnett et al. under review), with Barbiers (2005: 235) suggesting that “it is the task of sociolinguists to describe and explain the patterns of variation that occur within a linguistic community given the theoretical limits of this variation uncovered by generative linguistics [emphasis mine]”. This paper takes such an approach and argues that integrating formal theory into variationist analysis of morpho-syntactic variation allows for: (i) more careful delimitation of the linguistic variable and its contexts, taking into consideration the constraints of the grammar; (ii) theoretically-informed decision-making as to the inclusion and exclusion of tokens; and (iii) using production data to test hypotheses that can elucidate how variants are derived from the grammar. Adopting this approach, my investigation focuses specifically on the alternation between not-negation (1), no-negation (2) and negative concord (3) in English.12",1,"Formal syntactic theory and variationist sociolinguistics are often depicted as somewhat incompatible “opposites”, because of their respective focus on linguistic competence and general linguistic principles on the one hand, versus performance and variability on the other (Wilson and Henry 1998).",5,"The focus of formal syntactic theory on linguistic competence and general linguistic principles, versus the focus of variationist sociolinguistics on performance and variability, implies that formal syntactic theory and variationist sociolinguistics are often depicted as somewhat incompatible opposites."
glossa-4968-childs,1 Introduction,"Negation is a fervently-debated phenomenon within formal syntactic enquiry, as it is a universal property of language that is, at the same time, highly variable in terms of how it is expressed (Mazzon 2004: 94). The variability of negation also makes it an intriguing object of study for variationist sociolinguists, given their interest in the factors that condition speakers’ choices between linguistic forms that convey the same meaning (Tagliamonte 2006). Formal syntactic theory and variationist sociolinguistics are often depicted as somewhat incompatible “opposites”, because of their respective focus on linguistic competence and general linguistic principles on the one hand, versus performance and variability on the other (Wilson and Henry 1998). However, recent studies have advocated bridging the gap between the two in analysing morpho-syntactic variation and change (Wilson and Henry 1998; Adger and Smith 2005; 2010; Cornips and Corrigan 2005a; b; Adger and Trousdale 2007; Buchstaller et al. 2013; Burnett et al. under review), with Barbiers (2005: 235) suggesting that “it is the task of sociolinguists to describe and explain the patterns of variation that occur within a linguistic community given the theoretical limits of this variation uncovered by generative linguistics [emphasis mine]”. This paper takes such an approach and argues that integrating formal theory into variationist analysis of morpho-syntactic variation allows for: (i) more careful delimitation of the linguistic variable and its contexts, taking into consideration the constraints of the grammar; (ii) theoretically-informed decision-making as to the inclusion and exclusion of tokens; and (iii) using production data to test hypotheses that can elucidate how variants are derived from the grammar. Adopting this approach, my investigation focuses specifically on the alternation between not-negation (1), no-negation (2) and negative concord (3) in English.13",1,"Formal syntactic theory and variationist sociolinguistics are often depicted as somewhat incompatible “opposites”, because of their respective focus on linguistic competence and general linguistic principles on the one hand, versus performance and variability on the other (Wilson and Henry 1998).",1,"According to Wilson and Henry (1998), formal syntactic theory and variationist sociolinguistics are often depicted as somewhat incompatible opposites."
glossa-4968-childs,1 Introduction,"Negation is a fervently-debated phenomenon within formal syntactic enquiry, as it is a universal property of language that is, at the same time, highly variable in terms of how it is expressed (Mazzon 2004: 94). The variability of negation also makes it an intriguing object of study for variationist sociolinguists, given their interest in the factors that condition speakers’ choices between linguistic forms that convey the same meaning (Tagliamonte 2006). Formal syntactic theory and variationist sociolinguistics are often depicted as somewhat incompatible “opposites”, because of their respective focus on linguistic competence and general linguistic principles on the one hand, versus performance and variability on the other (Wilson and Henry 1998). However, recent studies have advocated bridging the gap between the two in analysing morpho-syntactic variation and change (Wilson and Henry 1998; Adger and Smith 2005; 2010; Cornips and Corrigan 2005a; b; Adger and Trousdale 2007; Buchstaller et al. 2013; Burnett et al. under review), with Barbiers (2005: 235) suggesting that “it is the task of sociolinguists to describe and explain the patterns of variation that occur within a linguistic community given the theoretical limits of this variation uncovered by generative linguistics [emphasis mine]”. This paper takes such an approach and argues that integrating formal theory into variationist analysis of morpho-syntactic variation allows for: (i) more careful delimitation of the linguistic variable and its contexts, taking into consideration the constraints of the grammar; (ii) theoretically-informed decision-making as to the inclusion and exclusion of tokens; and (iii) using production data to test hypotheses that can elucidate how variants are derived from the grammar. Adopting this approach, my investigation focuses specifically on the alternation between not-negation (1), no-negation (2) and negative concord (3) in English.13",1,"Formal syntactic theory and variationist sociolinguistics are often depicted as somewhat incompatible “opposites”, because of their respective focus on linguistic competence and general linguistic principles on the one hand, versus performance and variability on the other (Wilson and Henry 1998).",2,Formal syntactic theory focuses on linguistic competence.
glossa-4968-childs,1 Introduction,"Negation is a fervently-debated phenomenon within formal syntactic enquiry, as it is a universal property of language that is, at the same time, highly variable in terms of how it is expressed (Mazzon 2004: 94). The variability of negation also makes it an intriguing object of study for variationist sociolinguists, given their interest in the factors that condition speakers’ choices between linguistic forms that convey the same meaning (Tagliamonte 2006). Formal syntactic theory and variationist sociolinguistics are often depicted as somewhat incompatible “opposites”, because of their respective focus on linguistic competence and general linguistic principles on the one hand, versus performance and variability on the other (Wilson and Henry 1998). However, recent studies have advocated bridging the gap between the two in analysing morpho-syntactic variation and change (Wilson and Henry 1998; Adger and Smith 2005; 2010; Cornips and Corrigan 2005a; b; Adger and Trousdale 2007; Buchstaller et al. 2013; Burnett et al. under review), with Barbiers (2005: 235) suggesting that “it is the task of sociolinguists to describe and explain the patterns of variation that occur within a linguistic community given the theoretical limits of this variation uncovered by generative linguistics [emphasis mine]”. This paper takes such an approach and argues that integrating formal theory into variationist analysis of morpho-syntactic variation allows for: (i) more careful delimitation of the linguistic variable and its contexts, taking into consideration the constraints of the grammar; (ii) theoretically-informed decision-making as to the inclusion and exclusion of tokens; and (iii) using production data to test hypotheses that can elucidate how variants are derived from the grammar. Adopting this approach, my investigation focuses specifically on the alternation between not-negation (1), no-negation (2) and negative concord (3) in English.13",1,"Formal syntactic theory and variationist sociolinguistics are often depicted as somewhat incompatible “opposites”, because of their respective focus on linguistic competence and general linguistic principles on the one hand, versus performance and variability on the other (Wilson and Henry 1998).",3,Formal syntactic theory focuses on general linguistic principles.
glossa-4968-childs,1 Introduction,"Negation is a fervently-debated phenomenon within formal syntactic enquiry, as it is a universal property of language that is, at the same time, highly variable in terms of how it is expressed (Mazzon 2004: 94). The variability of negation also makes it an intriguing object of study for variationist sociolinguists, given their interest in the factors that condition speakers’ choices between linguistic forms that convey the same meaning (Tagliamonte 2006). Formal syntactic theory and variationist sociolinguistics are often depicted as somewhat incompatible “opposites”, because of their respective focus on linguistic competence and general linguistic principles on the one hand, versus performance and variability on the other (Wilson and Henry 1998). However, recent studies have advocated bridging the gap between the two in analysing morpho-syntactic variation and change (Wilson and Henry 1998; Adger and Smith 2005; 2010; Cornips and Corrigan 2005a; b; Adger and Trousdale 2007; Buchstaller et al. 2013; Burnett et al. under review), with Barbiers (2005: 235) suggesting that “it is the task of sociolinguists to describe and explain the patterns of variation that occur within a linguistic community given the theoretical limits of this variation uncovered by generative linguistics [emphasis mine]”. This paper takes such an approach and argues that integrating formal theory into variationist analysis of morpho-syntactic variation allows for: (i) more careful delimitation of the linguistic variable and its contexts, taking into consideration the constraints of the grammar; (ii) theoretically-informed decision-making as to the inclusion and exclusion of tokens; and (iii) using production data to test hypotheses that can elucidate how variants are derived from the grammar. Adopting this approach, my investigation focuses specifically on the alternation between not-negation (1), no-negation (2) and negative concord (3) in English.13",1,"Formal syntactic theory and variationist sociolinguistics are often depicted as somewhat incompatible “opposites”, because of their respective focus on linguistic competence and general linguistic principles on the one hand, versus performance and variability on the other (Wilson and Henry 1998).",4,Variationist sociolinguistics focuses on performance.
glossa-4968-childs,1 Introduction,"Negation is a fervently-debated phenomenon within formal syntactic enquiry, as it is a universal property of language that is, at the same time, highly variable in terms of how it is expressed (Mazzon 2004: 94). The variability of negation also makes it an intriguing object of study for variationist sociolinguists, given their interest in the factors that condition speakers’ choices between linguistic forms that convey the same meaning (Tagliamonte 2006). Formal syntactic theory and variationist sociolinguistics are often depicted as somewhat incompatible “opposites”, because of their respective focus on linguistic competence and general linguistic principles on the one hand, versus performance and variability on the other (Wilson and Henry 1998). However, recent studies have advocated bridging the gap between the two in analysing morpho-syntactic variation and change (Wilson and Henry 1998; Adger and Smith 2005; 2010; Cornips and Corrigan 2005a; b; Adger and Trousdale 2007; Buchstaller et al. 2013; Burnett et al. under review), with Barbiers (2005: 235) suggesting that “it is the task of sociolinguists to describe and explain the patterns of variation that occur within a linguistic community given the theoretical limits of this variation uncovered by generative linguistics [emphasis mine]”. This paper takes such an approach and argues that integrating formal theory into variationist analysis of morpho-syntactic variation allows for: (i) more careful delimitation of the linguistic variable and its contexts, taking into consideration the constraints of the grammar; (ii) theoretically-informed decision-making as to the inclusion and exclusion of tokens; and (iii) using production data to test hypotheses that can elucidate how variants are derived from the grammar. Adopting this approach, my investigation focuses specifically on the alternation between not-negation (1), no-negation (2) and negative concord (3) in English.13",1,"Formal syntactic theory and variationist sociolinguistics are often depicted as somewhat incompatible “opposites”, because of their respective focus on linguistic competence and general linguistic principles on the one hand, versus performance and variability on the other (Wilson and Henry 1998).",5,Variationist sociolinguistics focuses on variability.
glossa-4968-childs,1 Introduction,"Negation is a fervently-debated phenomenon within formal syntactic enquiry, as it is a universal property of language that is, at the same time, highly variable in terms of how it is expressed (Mazzon 2004: 94). The variability of negation also makes it an intriguing object of study for variationist sociolinguists, given their interest in the factors that condition speakers’ choices between linguistic forms that convey the same meaning (Tagliamonte 2006). Formal syntactic theory and variationist sociolinguistics are often depicted as somewhat incompatible “opposites”, because of their respective focus on linguistic competence and general linguistic principles on the one hand, versus performance and variability on the other (Wilson and Henry 1998). However, recent studies have advocated bridging the gap between the two in analysing morpho-syntactic variation and change (Wilson and Henry 1998; Adger and Smith 2005; 2010; Cornips and Corrigan 2005a; b; Adger and Trousdale 2007; Buchstaller et al. 2013; Burnett et al. under review), with Barbiers (2005: 235) suggesting that “it is the task of sociolinguists to describe and explain the patterns of variation that occur within a linguistic community given the theoretical limits of this variation uncovered by generative linguistics [emphasis mine]”. This paper takes such an approach and argues that integrating formal theory into variationist analysis of morpho-syntactic variation allows for: (i) more careful delimitation of the linguistic variable and its contexts, taking into consideration the constraints of the grammar; (ii) theoretically-informed decision-making as to the inclusion and exclusion of tokens; and (iii) using production data to test hypotheses that can elucidate how variants are derived from the grammar. Adopting this approach, my investigation focuses specifically on the alternation between not-negation (1), no-negation (2) and negative concord (3) in English.14",1,"Formal syntactic theory and variationist sociolinguistics are often depicted as somewhat incompatible “opposites”, because of their respective focus on linguistic competence and general linguistic principles on the one hand, versus performance and variability on the other (Wilson and Henry 1998).",1,"According to Wilson and Henry (1998), formal syntactic theory and variationist sociolinguistics are often depicted as somewhat incompatible opposites."
glossa-4968-childs,1 Introduction,"Negation is a fervently-debated phenomenon within formal syntactic enquiry, as it is a universal property of language that is, at the same time, highly variable in terms of how it is expressed (Mazzon 2004: 94). The variability of negation also makes it an intriguing object of study for variationist sociolinguists, given their interest in the factors that condition speakers’ choices between linguistic forms that convey the same meaning (Tagliamonte 2006). Formal syntactic theory and variationist sociolinguistics are often depicted as somewhat incompatible “opposites”, because of their respective focus on linguistic competence and general linguistic principles on the one hand, versus performance and variability on the other (Wilson and Henry 1998). However, recent studies have advocated bridging the gap between the two in analysing morpho-syntactic variation and change (Wilson and Henry 1998; Adger and Smith 2005; 2010; Cornips and Corrigan 2005a; b; Adger and Trousdale 2007; Buchstaller et al. 2013; Burnett et al. under review), with Barbiers (2005: 235) suggesting that “it is the task of sociolinguists to describe and explain the patterns of variation that occur within a linguistic community given the theoretical limits of this variation uncovered by generative linguistics [emphasis mine]”. This paper takes such an approach and argues that integrating formal theory into variationist analysis of morpho-syntactic variation allows for: (i) more careful delimitation of the linguistic variable and its contexts, taking into consideration the constraints of the grammar; (ii) theoretically-informed decision-making as to the inclusion and exclusion of tokens; and (iii) using production data to test hypotheses that can elucidate how variants are derived from the grammar. Adopting this approach, my investigation focuses specifically on the alternation between not-negation (1), no-negation (2) and negative concord (3) in English.14",1,"Formal syntactic theory and variationist sociolinguistics are often depicted as somewhat incompatible “opposites”, because of their respective focus on linguistic competence and general linguistic principles on the one hand, versus performance and variability on the other (Wilson and Henry 1998).",2,Formal syntactic theory focuses on linguistic competence.
glossa-4968-childs,1 Introduction,"Negation is a fervently-debated phenomenon within formal syntactic enquiry, as it is a universal property of language that is, at the same time, highly variable in terms of how it is expressed (Mazzon 2004: 94). The variability of negation also makes it an intriguing object of study for variationist sociolinguists, given their interest in the factors that condition speakers’ choices between linguistic forms that convey the same meaning (Tagliamonte 2006). Formal syntactic theory and variationist sociolinguistics are often depicted as somewhat incompatible “opposites”, because of their respective focus on linguistic competence and general linguistic principles on the one hand, versus performance and variability on the other (Wilson and Henry 1998). However, recent studies have advocated bridging the gap between the two in analysing morpho-syntactic variation and change (Wilson and Henry 1998; Adger and Smith 2005; 2010; Cornips and Corrigan 2005a; b; Adger and Trousdale 2007; Buchstaller et al. 2013; Burnett et al. under review), with Barbiers (2005: 235) suggesting that “it is the task of sociolinguists to describe and explain the patterns of variation that occur within a linguistic community given the theoretical limits of this variation uncovered by generative linguistics [emphasis mine]”. This paper takes such an approach and argues that integrating formal theory into variationist analysis of morpho-syntactic variation allows for: (i) more careful delimitation of the linguistic variable and its contexts, taking into consideration the constraints of the grammar; (ii) theoretically-informed decision-making as to the inclusion and exclusion of tokens; and (iii) using production data to test hypotheses that can elucidate how variants are derived from the grammar. Adopting this approach, my investigation focuses specifically on the alternation between not-negation (1), no-negation (2) and negative concord (3) in English.14",1,"Formal syntactic theory and variationist sociolinguistics are often depicted as somewhat incompatible “opposites”, because of their respective focus on linguistic competence and general linguistic principles on the one hand, versus performance and variability on the other (Wilson and Henry 1998).",3,Formal syntactic theory focuses on general linguistic principles.
glossa-4968-childs,1 Introduction,"Negation is a fervently-debated phenomenon within formal syntactic enquiry, as it is a universal property of language that is, at the same time, highly variable in terms of how it is expressed (Mazzon 2004: 94). The variability of negation also makes it an intriguing object of study for variationist sociolinguists, given their interest in the factors that condition speakers’ choices between linguistic forms that convey the same meaning (Tagliamonte 2006). Formal syntactic theory and variationist sociolinguistics are often depicted as somewhat incompatible “opposites”, because of their respective focus on linguistic competence and general linguistic principles on the one hand, versus performance and variability on the other (Wilson and Henry 1998). However, recent studies have advocated bridging the gap between the two in analysing morpho-syntactic variation and change (Wilson and Henry 1998; Adger and Smith 2005; 2010; Cornips and Corrigan 2005a; b; Adger and Trousdale 2007; Buchstaller et al. 2013; Burnett et al. under review), with Barbiers (2005: 235) suggesting that “it is the task of sociolinguists to describe and explain the patterns of variation that occur within a linguistic community given the theoretical limits of this variation uncovered by generative linguistics [emphasis mine]”. This paper takes such an approach and argues that integrating formal theory into variationist analysis of morpho-syntactic variation allows for: (i) more careful delimitation of the linguistic variable and its contexts, taking into consideration the constraints of the grammar; (ii) theoretically-informed decision-making as to the inclusion and exclusion of tokens; and (iii) using production data to test hypotheses that can elucidate how variants are derived from the grammar. Adopting this approach, my investigation focuses specifically on the alternation between not-negation (1), no-negation (2) and negative concord (3) in English.14",1,"Formal syntactic theory and variationist sociolinguistics are often depicted as somewhat incompatible “opposites”, because of their respective focus on linguistic competence and general linguistic principles on the one hand, versus performance and variability on the other (Wilson and Henry 1998).",4,Variationist sociolinguistics focuses on performance.
glossa-4968-childs,1 Introduction,"Negation is a fervently-debated phenomenon within formal syntactic enquiry, as it is a universal property of language that is, at the same time, highly variable in terms of how it is expressed (Mazzon 2004: 94). The variability of negation also makes it an intriguing object of study for variationist sociolinguists, given their interest in the factors that condition speakers’ choices between linguistic forms that convey the same meaning (Tagliamonte 2006). Formal syntactic theory and variationist sociolinguistics are often depicted as somewhat incompatible “opposites”, because of their respective focus on linguistic competence and general linguistic principles on the one hand, versus performance and variability on the other (Wilson and Henry 1998). However, recent studies have advocated bridging the gap between the two in analysing morpho-syntactic variation and change (Wilson and Henry 1998; Adger and Smith 2005; 2010; Cornips and Corrigan 2005a; b; Adger and Trousdale 2007; Buchstaller et al. 2013; Burnett et al. under review), with Barbiers (2005: 235) suggesting that “it is the task of sociolinguists to describe and explain the patterns of variation that occur within a linguistic community given the theoretical limits of this variation uncovered by generative linguistics [emphasis mine]”. This paper takes such an approach and argues that integrating formal theory into variationist analysis of morpho-syntactic variation allows for: (i) more careful delimitation of the linguistic variable and its contexts, taking into consideration the constraints of the grammar; (ii) theoretically-informed decision-making as to the inclusion and exclusion of tokens; and (iii) using production data to test hypotheses that can elucidate how variants are derived from the grammar. Adopting this approach, my investigation focuses specifically on the alternation between not-negation (1), no-negation (2) and negative concord (3) in English.14",1,"Formal syntactic theory and variationist sociolinguistics are often depicted as somewhat incompatible “opposites”, because of their respective focus on linguistic competence and general linguistic principles on the one hand, versus performance and variability on the other (Wilson and Henry 1998).",5,Variationist sociolinguistics focuses on variability.
glossa-4968-childs,1 Introduction,"Negation is a fervently-debated phenomenon within formal syntactic enquiry, as it is a universal property of language that is, at the same time, highly variable in terms of how it is expressed (Mazzon 2004: 94). The variability of negation also makes it an intriguing object of study for variationist sociolinguists, given their interest in the factors that condition speakers’ choices between linguistic forms that convey the same meaning (Tagliamonte 2006). Formal syntactic theory and variationist sociolinguistics are often depicted as somewhat incompatible “opposites”, because of their respective focus on linguistic competence and general linguistic principles on the one hand, versus performance and variability on the other (Wilson and Henry 1998). However, recent studies have advocated bridging the gap between the two in analysing morpho-syntactic variation and change (Wilson and Henry 1998; Adger and Smith 2005; 2010; Cornips and Corrigan 2005a; b; Adger and Trousdale 2007; Buchstaller et al. 2013; Burnett et al. under review), with Barbiers (2005: 235) suggesting that “it is the task of sociolinguists to describe and explain the patterns of variation that occur within a linguistic community given the theoretical limits of this variation uncovered by generative linguistics [emphasis mine]”. This paper takes such an approach and argues that integrating formal theory into variationist analysis of morpho-syntactic variation allows for: (i) more careful delimitation of the linguistic variable and its contexts, taking into consideration the constraints of the grammar; (ii) theoretically-informed decision-making as to the inclusion and exclusion of tokens; and (iii) using production data to test hypotheses that can elucidate how variants are derived from the grammar. Adopting this approach, my investigation focuses specifically on the alternation between not-negation (1), no-negation (2) and negative concord (3) in English.15",1,"Formal syntactic theory and variationist sociolinguistics are often depicted as somewhat incompatible “opposites”, because of their respective focus on linguistic competence and general linguistic principles on the one hand, versus performance and variability on the other (Wilson and Henry 1998).",1,Formal syntactic theory and variationist sociolinguistics are often depicted as somewhat incompatible opposites.
glossa-4968-childs,1 Introduction,"Negation is a fervently-debated phenomenon within formal syntactic enquiry, as it is a universal property of language that is, at the same time, highly variable in terms of how it is expressed (Mazzon 2004: 94). The variability of negation also makes it an intriguing object of study for variationist sociolinguists, given their interest in the factors that condition speakers’ choices between linguistic forms that convey the same meaning (Tagliamonte 2006). Formal syntactic theory and variationist sociolinguistics are often depicted as somewhat incompatible “opposites”, because of their respective focus on linguistic competence and general linguistic principles on the one hand, versus performance and variability on the other (Wilson and Henry 1998). However, recent studies have advocated bridging the gap between the two in analysing morpho-syntactic variation and change (Wilson and Henry 1998; Adger and Smith 2005; 2010; Cornips and Corrigan 2005a; b; Adger and Trousdale 2007; Buchstaller et al. 2013; Burnett et al. under review), with Barbiers (2005: 235) suggesting that “it is the task of sociolinguists to describe and explain the patterns of variation that occur within a linguistic community given the theoretical limits of this variation uncovered by generative linguistics [emphasis mine]”. This paper takes such an approach and argues that integrating formal theory into variationist analysis of morpho-syntactic variation allows for: (i) more careful delimitation of the linguistic variable and its contexts, taking into consideration the constraints of the grammar; (ii) theoretically-informed decision-making as to the inclusion and exclusion of tokens; and (iii) using production data to test hypotheses that can elucidate how variants are derived from the grammar. Adopting this approach, my investigation focuses specifically on the alternation between not-negation (1), no-negation (2) and negative concord (3) in English.15",1,"Formal syntactic theory and variationist sociolinguistics are often depicted as somewhat incompatible “opposites”, because of their respective focus on linguistic competence and general linguistic principles on the one hand, versus performance and variability on the other (Wilson and Henry 1998).",2,Formal syntactic theory focuses on linguistic competence and general linguistic principles.
glossa-4968-childs,1 Introduction,"Negation is a fervently-debated phenomenon within formal syntactic enquiry, as it is a universal property of language that is, at the same time, highly variable in terms of how it is expressed (Mazzon 2004: 94). The variability of negation also makes it an intriguing object of study for variationist sociolinguists, given their interest in the factors that condition speakers’ choices between linguistic forms that convey the same meaning (Tagliamonte 2006). Formal syntactic theory and variationist sociolinguistics are often depicted as somewhat incompatible “opposites”, because of their respective focus on linguistic competence and general linguistic principles on the one hand, versus performance and variability on the other (Wilson and Henry 1998). However, recent studies have advocated bridging the gap between the two in analysing morpho-syntactic variation and change (Wilson and Henry 1998; Adger and Smith 2005; 2010; Cornips and Corrigan 2005a; b; Adger and Trousdale 2007; Buchstaller et al. 2013; Burnett et al. under review), with Barbiers (2005: 235) suggesting that “it is the task of sociolinguists to describe and explain the patterns of variation that occur within a linguistic community given the theoretical limits of this variation uncovered by generative linguistics [emphasis mine]”. This paper takes such an approach and argues that integrating formal theory into variationist analysis of morpho-syntactic variation allows for: (i) more careful delimitation of the linguistic variable and its contexts, taking into consideration the constraints of the grammar; (ii) theoretically-informed decision-making as to the inclusion and exclusion of tokens; and (iii) using production data to test hypotheses that can elucidate how variants are derived from the grammar. Adopting this approach, my investigation focuses specifically on the alternation between not-negation (1), no-negation (2) and negative concord (3) in English.15",1,"Formal syntactic theory and variationist sociolinguistics are often depicted as somewhat incompatible “opposites”, because of their respective focus on linguistic competence and general linguistic principles on the one hand, versus performance and variability on the other (Wilson and Henry 1998).",3,Variationist sociolinguistics focuses on performance and variability.
glossa-4968-childs,1 Introduction,"Negation is a fervently-debated phenomenon within formal syntactic enquiry, as it is a universal property of language that is, at the same time, highly variable in terms of how it is expressed (Mazzon 2004: 94). The variability of negation also makes it an intriguing object of study for variationist sociolinguists, given their interest in the factors that condition speakers’ choices between linguistic forms that convey the same meaning (Tagliamonte 2006). Formal syntactic theory and variationist sociolinguistics are often depicted as somewhat incompatible “opposites”, because of their respective focus on linguistic competence and general linguistic principles on the one hand, versus performance and variability on the other (Wilson and Henry 1998). However, recent studies have advocated bridging the gap between the two in analysing morpho-syntactic variation and change (Wilson and Henry 1998; Adger and Smith 2005; 2010; Cornips and Corrigan 2005a; b; Adger and Trousdale 2007; Buchstaller et al. 2013; Burnett et al. under review), with Barbiers (2005: 235) suggesting that “it is the task of sociolinguists to describe and explain the patterns of variation that occur within a linguistic community given the theoretical limits of this variation uncovered by generative linguistics [emphasis mine]”. This paper takes such an approach and argues that integrating formal theory into variationist analysis of morpho-syntactic variation allows for: (i) more careful delimitation of the linguistic variable and its contexts, taking into consideration the constraints of the grammar; (ii) theoretically-informed decision-making as to the inclusion and exclusion of tokens; and (iii) using production data to test hypotheses that can elucidate how variants are derived from the grammar. Adopting this approach, my investigation focuses specifically on the alternation between not-negation (1), no-negation (2) and negative concord (3) in English.15",1,"Formal syntactic theory and variationist sociolinguistics are often depicted as somewhat incompatible “opposites”, because of their respective focus on linguistic competence and general linguistic principles on the one hand, versus performance and variability on the other (Wilson and Henry 1998).",4,"According to Wilson and Henry (1998), formal syntactic theory focuses on linguistic competence and general linguistic principles."
glossa-4968-childs,1 Introduction,"Negation is a fervently-debated phenomenon within formal syntactic enquiry, as it is a universal property of language that is, at the same time, highly variable in terms of how it is expressed (Mazzon 2004: 94). The variability of negation also makes it an intriguing object of study for variationist sociolinguists, given their interest in the factors that condition speakers’ choices between linguistic forms that convey the same meaning (Tagliamonte 2006). Formal syntactic theory and variationist sociolinguistics are often depicted as somewhat incompatible “opposites”, because of their respective focus on linguistic competence and general linguistic principles on the one hand, versus performance and variability on the other (Wilson and Henry 1998). However, recent studies have advocated bridging the gap between the two in analysing morpho-syntactic variation and change (Wilson and Henry 1998; Adger and Smith 2005; 2010; Cornips and Corrigan 2005a; b; Adger and Trousdale 2007; Buchstaller et al. 2013; Burnett et al. under review), with Barbiers (2005: 235) suggesting that “it is the task of sociolinguists to describe and explain the patterns of variation that occur within a linguistic community given the theoretical limits of this variation uncovered by generative linguistics [emphasis mine]”. This paper takes such an approach and argues that integrating formal theory into variationist analysis of morpho-syntactic variation allows for: (i) more careful delimitation of the linguistic variable and its contexts, taking into consideration the constraints of the grammar; (ii) theoretically-informed decision-making as to the inclusion and exclusion of tokens; and (iii) using production data to test hypotheses that can elucidate how variants are derived from the grammar. Adopting this approach, my investigation focuses specifically on the alternation between not-negation (1), no-negation (2) and negative concord (3) in English.15",1,"Formal syntactic theory and variationist sociolinguistics are often depicted as somewhat incompatible “opposites”, because of their respective focus on linguistic competence and general linguistic principles on the one hand, versus performance and variability on the other (Wilson and Henry 1998).",5,"According to Wilson and Henry (1998), variationist sociolinguistics focuses on performance and variability."
glossa-4968-childs,1 Introduction,"Negation is a fervently-debated phenomenon within formal syntactic enquiry, as it is a universal property of language that is, at the same time, highly variable in terms of how it is expressed (Mazzon 2004: 94). The variability of negation also makes it an intriguing object of study for variationist sociolinguists, given their interest in the factors that condition speakers’ choices between linguistic forms that convey the same meaning (Tagliamonte 2006). Formal syntactic theory and variationist sociolinguistics are often depicted as somewhat incompatible “opposites”, because of their respective focus on linguistic competence and general linguistic principles on the one hand, versus performance and variability on the other (Wilson and Henry 1998). However, recent studies have advocated bridging the gap between the two in analysing morpho-syntactic variation and change (Wilson and Henry 1998; Adger and Smith 2005; 2010; Cornips and Corrigan 2005a; b; Adger and Trousdale 2007; Buchstaller et al. 2013; Burnett et al. under review), with Barbiers (2005: 235) suggesting that “it is the task of sociolinguists to describe and explain the patterns of variation that occur within a linguistic community given the theoretical limits of this variation uncovered by generative linguistics [emphasis mine]”. This paper takes such an approach and argues that integrating formal theory into variationist analysis of morpho-syntactic variation allows for: (i) more careful delimitation of the linguistic variable and its contexts, taking into consideration the constraints of the grammar; (ii) theoretically-informed decision-making as to the inclusion and exclusion of tokens; and (iii) using production data to test hypotheses that can elucidate how variants are derived from the grammar. Adopting this approach, my investigation focuses specifically on the alternation between not-negation (1), no-negation (2) and negative concord (3) in English.16",1,"However, recent studies have advocated bridging the gap between the two in analysing morpho-syntactic variation and change (Wilson and Henry 1998; Adger and Smith 2005; 2010; Cornips and Corrigan 2005a; b; Adger and Trousdale 2007; Buchstaller et al. 2013; Burnett et al. under review), with Barbiers (2005: 235) suggesting that “it is the task of sociolinguists to describe and explain the patterns of variation that occur within a linguistic community given the theoretical limits of this variation uncovered by generative linguistics [emphasis mine]”.",1,Recent studies advocate bridging the gap between formal syntactic theory and variationist sociolinguistics in analysing morpho-syntactic variation and change.
glossa-4968-childs,1 Introduction,"Negation is a fervently-debated phenomenon within formal syntactic enquiry, as it is a universal property of language that is, at the same time, highly variable in terms of how it is expressed (Mazzon 2004: 94). The variability of negation also makes it an intriguing object of study for variationist sociolinguists, given their interest in the factors that condition speakers’ choices between linguistic forms that convey the same meaning (Tagliamonte 2006). Formal syntactic theory and variationist sociolinguistics are often depicted as somewhat incompatible “opposites”, because of their respective focus on linguistic competence and general linguistic principles on the one hand, versus performance and variability on the other (Wilson and Henry 1998). However, recent studies have advocated bridging the gap between the two in analysing morpho-syntactic variation and change (Wilson and Henry 1998; Adger and Smith 2005; 2010; Cornips and Corrigan 2005a; b; Adger and Trousdale 2007; Buchstaller et al. 2013; Burnett et al. under review), with Barbiers (2005: 235) suggesting that “it is the task of sociolinguists to describe and explain the patterns of variation that occur within a linguistic community given the theoretical limits of this variation uncovered by generative linguistics [emphasis mine]”. This paper takes such an approach and argues that integrating formal theory into variationist analysis of morpho-syntactic variation allows for: (i) more careful delimitation of the linguistic variable and its contexts, taking into consideration the constraints of the grammar; (ii) theoretically-informed decision-making as to the inclusion and exclusion of tokens; and (iii) using production data to test hypotheses that can elucidate how variants are derived from the grammar. Adopting this approach, my investigation focuses specifically on the alternation between not-negation (1), no-negation (2) and negative concord (3) in English.16",1,"However, recent studies have advocated bridging the gap between the two in analysing morpho-syntactic variation and change (Wilson and Henry 1998; Adger and Smith 2005; 2010; Cornips and Corrigan 2005a; b; Adger and Trousdale 2007; Buchstaller et al. 2013; Burnett et al. under review), with Barbiers (2005: 235) suggesting that “it is the task of sociolinguists to describe and explain the patterns of variation that occur within a linguistic community given the theoretical limits of this variation uncovered by generative linguistics [emphasis mine]”.",2,"Wilson and Henry (1998), Adger and Smith (2005; 2010), Cornips and Corrigan (2005a; 2005b), Adger and Trousdale (2007), Buchstaller et al. (2013), and Burnett et al. (under review) advocate bridging the gap between formal syntactic theory and variationist sociolinguistics in analysing morpho-syntactic variation and change."
glossa-4968-childs,1 Introduction,"Negation is a fervently-debated phenomenon within formal syntactic enquiry, as it is a universal property of language that is, at the same time, highly variable in terms of how it is expressed (Mazzon 2004: 94). The variability of negation also makes it an intriguing object of study for variationist sociolinguists, given their interest in the factors that condition speakers’ choices between linguistic forms that convey the same meaning (Tagliamonte 2006). Formal syntactic theory and variationist sociolinguistics are often depicted as somewhat incompatible “opposites”, because of their respective focus on linguistic competence and general linguistic principles on the one hand, versus performance and variability on the other (Wilson and Henry 1998). However, recent studies have advocated bridging the gap between the two in analysing morpho-syntactic variation and change (Wilson and Henry 1998; Adger and Smith 2005; 2010; Cornips and Corrigan 2005a; b; Adger and Trousdale 2007; Buchstaller et al. 2013; Burnett et al. under review), with Barbiers (2005: 235) suggesting that “it is the task of sociolinguists to describe and explain the patterns of variation that occur within a linguistic community given the theoretical limits of this variation uncovered by generative linguistics [emphasis mine]”. This paper takes such an approach and argues that integrating formal theory into variationist analysis of morpho-syntactic variation allows for: (i) more careful delimitation of the linguistic variable and its contexts, taking into consideration the constraints of the grammar; (ii) theoretically-informed decision-making as to the inclusion and exclusion of tokens; and (iii) using production data to test hypotheses that can elucidate how variants are derived from the grammar. Adopting this approach, my investigation focuses specifically on the alternation between not-negation (1), no-negation (2) and negative concord (3) in English.16",1,"However, recent studies have advocated bridging the gap between the two in analysing morpho-syntactic variation and change (Wilson and Henry 1998; Adger and Smith 2005; 2010; Cornips and Corrigan 2005a; b; Adger and Trousdale 2007; Buchstaller et al. 2013; Burnett et al. under review), with Barbiers (2005: 235) suggesting that “it is the task of sociolinguists to describe and explain the patterns of variation that occur within a linguistic community given the theoretical limits of this variation uncovered by generative linguistics [emphasis mine]”.",3,"Barbiers (2005: 235) suggests that ""it is the task of sociolinguists to describe and explain the patterns of variation that occur within a linguistic community given the theoretical limits of this variation uncovered by generative linguistics""."
glossa-4968-childs,1 Introduction,"Negation is a fervently-debated phenomenon within formal syntactic enquiry, as it is a universal property of language that is, at the same time, highly variable in terms of how it is expressed (Mazzon 2004: 94). The variability of negation also makes it an intriguing object of study for variationist sociolinguists, given their interest in the factors that condition speakers’ choices between linguistic forms that convey the same meaning (Tagliamonte 2006). Formal syntactic theory and variationist sociolinguistics are often depicted as somewhat incompatible “opposites”, because of their respective focus on linguistic competence and general linguistic principles on the one hand, versus performance and variability on the other (Wilson and Henry 1998). However, recent studies have advocated bridging the gap between the two in analysing morpho-syntactic variation and change (Wilson and Henry 1998; Adger and Smith 2005; 2010; Cornips and Corrigan 2005a; b; Adger and Trousdale 2007; Buchstaller et al. 2013; Burnett et al. under review), with Barbiers (2005: 235) suggesting that “it is the task of sociolinguists to describe and explain the patterns of variation that occur within a linguistic community given the theoretical limits of this variation uncovered by generative linguistics [emphasis mine]”. This paper takes such an approach and argues that integrating formal theory into variationist analysis of morpho-syntactic variation allows for: (i) more careful delimitation of the linguistic variable and its contexts, taking into consideration the constraints of the grammar; (ii) theoretically-informed decision-making as to the inclusion and exclusion of tokens; and (iii) using production data to test hypotheses that can elucidate how variants are derived from the grammar. Adopting this approach, my investigation focuses specifically on the alternation between not-negation (1), no-negation (2) and negative concord (3) in English.17",1,"However, recent studies have advocated bridging the gap between the two in analysing morpho-syntactic variation and change (Wilson and Henry 1998; Adger and Smith 2005; 2010; Cornips and Corrigan 2005a; b; Adger and Trousdale 2007; Buchstaller et al. 2013; Burnett et al. under review), with Barbiers (2005: 235) suggesting that “it is the task of sociolinguists to describe and explain the patterns of variation that occur within a linguistic community given the theoretical limits of this variation uncovered by generative linguistics [emphasis mine]”.",1,"Wilson and Henry (1998), Adger and Smith (2005; 2010), Cornips and Corrigan (2005a; 2005b), Adger and Trousdale (2007), Buchstaller et al. (2013), and Burnett et al. (under review) advocate bridging the gap between formal syntactic theory and variationist sociolinguistics in analysing morpho-syntactic variation and change."
glossa-4968-childs,1 Introduction,"Negation is a fervently-debated phenomenon within formal syntactic enquiry, as it is a universal property of language that is, at the same time, highly variable in terms of how it is expressed (Mazzon 2004: 94). The variability of negation also makes it an intriguing object of study for variationist sociolinguists, given their interest in the factors that condition speakers’ choices between linguistic forms that convey the same meaning (Tagliamonte 2006). Formal syntactic theory and variationist sociolinguistics are often depicted as somewhat incompatible “opposites”, because of their respective focus on linguistic competence and general linguistic principles on the one hand, versus performance and variability on the other (Wilson and Henry 1998). However, recent studies have advocated bridging the gap between the two in analysing morpho-syntactic variation and change (Wilson and Henry 1998; Adger and Smith 2005; 2010; Cornips and Corrigan 2005a; b; Adger and Trousdale 2007; Buchstaller et al. 2013; Burnett et al. under review), with Barbiers (2005: 235) suggesting that “it is the task of sociolinguists to describe and explain the patterns of variation that occur within a linguistic community given the theoretical limits of this variation uncovered by generative linguistics [emphasis mine]”. This paper takes such an approach and argues that integrating formal theory into variationist analysis of morpho-syntactic variation allows for: (i) more careful delimitation of the linguistic variable and its contexts, taking into consideration the constraints of the grammar; (ii) theoretically-informed decision-making as to the inclusion and exclusion of tokens; and (iii) using production data to test hypotheses that can elucidate how variants are derived from the grammar. Adopting this approach, my investigation focuses specifically on the alternation between not-negation (1), no-negation (2) and negative concord (3) in English.17",1,"However, recent studies have advocated bridging the gap between the two in analysing morpho-syntactic variation and change (Wilson and Henry 1998; Adger and Smith 2005; 2010; Cornips and Corrigan 2005a; b; Adger and Trousdale 2007; Buchstaller et al. 2013; Burnett et al. under review), with Barbiers (2005: 235) suggesting that “it is the task of sociolinguists to describe and explain the patterns of variation that occur within a linguistic community given the theoretical limits of this variation uncovered by generative linguistics [emphasis mine]”.",2,"Barbiers (2005: 235) suggests that ""it is the task of sociolinguists to describe and explain the patterns of variation that occur within a linguistic community given the theoretical limits of this variation uncovered by generative linguistics""."
glossa-4968-childs,1 Introduction,"Negation is a fervently-debated phenomenon within formal syntactic enquiry, as it is a universal property of language that is, at the same time, highly variable in terms of how it is expressed (Mazzon 2004: 94). The variability of negation also makes it an intriguing object of study for variationist sociolinguists, given their interest in the factors that condition speakers’ choices between linguistic forms that convey the same meaning (Tagliamonte 2006). Formal syntactic theory and variationist sociolinguistics are often depicted as somewhat incompatible “opposites”, because of their respective focus on linguistic competence and general linguistic principles on the one hand, versus performance and variability on the other (Wilson and Henry 1998). However, recent studies have advocated bridging the gap between the two in analysing morpho-syntactic variation and change (Wilson and Henry 1998; Adger and Smith 2005; 2010; Cornips and Corrigan 2005a; b; Adger and Trousdale 2007; Buchstaller et al. 2013; Burnett et al. under review), with Barbiers (2005: 235) suggesting that “it is the task of sociolinguists to describe and explain the patterns of variation that occur within a linguistic community given the theoretical limits of this variation uncovered by generative linguistics [emphasis mine]”. This paper takes such an approach and argues that integrating formal theory into variationist analysis of morpho-syntactic variation allows for: (i) more careful delimitation of the linguistic variable and its contexts, taking into consideration the constraints of the grammar; (ii) theoretically-informed decision-making as to the inclusion and exclusion of tokens; and (iii) using production data to test hypotheses that can elucidate how variants are derived from the grammar. Adopting this approach, my investigation focuses specifically on the alternation between not-negation (1), no-negation (2) and negative concord (3) in English.18",1,"However, recent studies have advocated bridging the gap between the two in analysing morpho-syntactic variation and change (Wilson and Henry 1998; Adger and Smith 2005; 2010; Cornips and Corrigan 2005a; b; Adger and Trousdale 2007; Buchstaller et al. 2013; Burnett et al. under review), with Barbiers (2005: 235) suggesting that “it is the task of sociolinguists to describe and explain the patterns of variation that occur within a linguistic community given the theoretical limits of this variation uncovered by generative linguistics [emphasis mine]”.",1,"Wilson and Henry (1998), Adger and Smith (2005; 2010), Cornips and Corrigan (2005a; 2005b), Adger and Trousdale (2007), Buchstaller et al. (2013), and Burnett et al. (under review) advocate bridging the gap between formal syntactic theory and variationist sociolinguistics in analysing morpho-syntactic variation and change."
glossa-4968-childs,1 Introduction,"Negation is a fervently-debated phenomenon within formal syntactic enquiry, as it is a universal property of language that is, at the same time, highly variable in terms of how it is expressed (Mazzon 2004: 94). The variability of negation also makes it an intriguing object of study for variationist sociolinguists, given their interest in the factors that condition speakers’ choices between linguistic forms that convey the same meaning (Tagliamonte 2006). Formal syntactic theory and variationist sociolinguistics are often depicted as somewhat incompatible “opposites”, because of their respective focus on linguistic competence and general linguistic principles on the one hand, versus performance and variability on the other (Wilson and Henry 1998). However, recent studies have advocated bridging the gap between the two in analysing morpho-syntactic variation and change (Wilson and Henry 1998; Adger and Smith 2005; 2010; Cornips and Corrigan 2005a; b; Adger and Trousdale 2007; Buchstaller et al. 2013; Burnett et al. under review), with Barbiers (2005: 235) suggesting that “it is the task of sociolinguists to describe and explain the patterns of variation that occur within a linguistic community given the theoretical limits of this variation uncovered by generative linguistics [emphasis mine]”. This paper takes such an approach and argues that integrating formal theory into variationist analysis of morpho-syntactic variation allows for: (i) more careful delimitation of the linguistic variable and its contexts, taking into consideration the constraints of the grammar; (ii) theoretically-informed decision-making as to the inclusion and exclusion of tokens; and (iii) using production data to test hypotheses that can elucidate how variants are derived from the grammar. Adopting this approach, my investigation focuses specifically on the alternation between not-negation (1), no-negation (2) and negative concord (3) in English.18",1,"However, recent studies have advocated bridging the gap between the two in analysing morpho-syntactic variation and change (Wilson and Henry 1998; Adger and Smith 2005; 2010; Cornips and Corrigan 2005a; b; Adger and Trousdale 2007; Buchstaller et al. 2013; Burnett et al. under review), with Barbiers (2005: 235) suggesting that “it is the task of sociolinguists to describe and explain the patterns of variation that occur within a linguistic community given the theoretical limits of this variation uncovered by generative linguistics [emphasis mine]”.",2,"Barbiers (2005: 235) suggests that ""it is the task of sociolinguists to describe and explain the patterns of variation that occur within a linguistic community given the theoretical limits of this variation uncovered by generative linguistics""."
glossa-4968-childs,1 Introduction,"Negation is a fervently-debated phenomenon within formal syntactic enquiry, as it is a universal property of language that is, at the same time, highly variable in terms of how it is expressed (Mazzon 2004: 94). The variability of negation also makes it an intriguing object of study for variationist sociolinguists, given their interest in the factors that condition speakers’ choices between linguistic forms that convey the same meaning (Tagliamonte 2006). Formal syntactic theory and variationist sociolinguistics are often depicted as somewhat incompatible “opposites”, because of their respective focus on linguistic competence and general linguistic principles on the one hand, versus performance and variability on the other (Wilson and Henry 1998). However, recent studies have advocated bridging the gap between the two in analysing morpho-syntactic variation and change (Wilson and Henry 1998; Adger and Smith 2005; 2010; Cornips and Corrigan 2005a; b; Adger and Trousdale 2007; Buchstaller et al. 2013; Burnett et al. under review), with Barbiers (2005: 235) suggesting that “it is the task of sociolinguists to describe and explain the patterns of variation that occur within a linguistic community given the theoretical limits of this variation uncovered by generative linguistics [emphasis mine]”. This paper takes such an approach and argues that integrating formal theory into variationist analysis of morpho-syntactic variation allows for: (i) more careful delimitation of the linguistic variable and its contexts, taking into consideration the constraints of the grammar; (ii) theoretically-informed decision-making as to the inclusion and exclusion of tokens; and (iii) using production data to test hypotheses that can elucidate how variants are derived from the grammar. Adopting this approach, my investigation focuses specifically on the alternation between not-negation (1), no-negation (2) and negative concord (3) in English.19",1,"However, recent studies have advocated bridging the gap between the two in analysing morpho-syntactic variation and change (Wilson and Henry 1998; Adger and Smith 2005; 2010; Cornips and Corrigan 2005a; b; Adger and Trousdale 2007; Buchstaller et al. 2013; Burnett et al. under review), with Barbiers (2005: 235) suggesting that “it is the task of sociolinguists to describe and explain the patterns of variation that occur within a linguistic community given the theoretical limits of this variation uncovered by generative linguistics [emphasis mine]”.",1,"Wilson and Henry (1998), Adger and Smith (2005; 2010), Cornips and Corrigan (2005a; 2005b), Adger and Trousdale (2007), Buchstaller et al. (2013), and Burnett et al. (under review) advocate bridging the gap between formal syntactic theory and variationist sociolinguistics in analysing morpho-syntactic variation and change."
glossa-4968-childs,1 Introduction,"Negation is a fervently-debated phenomenon within formal syntactic enquiry, as it is a universal property of language that is, at the same time, highly variable in terms of how it is expressed (Mazzon 2004: 94). The variability of negation also makes it an intriguing object of study for variationist sociolinguists, given their interest in the factors that condition speakers’ choices between linguistic forms that convey the same meaning (Tagliamonte 2006). Formal syntactic theory and variationist sociolinguistics are often depicted as somewhat incompatible “opposites”, because of their respective focus on linguistic competence and general linguistic principles on the one hand, versus performance and variability on the other (Wilson and Henry 1998). However, recent studies have advocated bridging the gap between the two in analysing morpho-syntactic variation and change (Wilson and Henry 1998; Adger and Smith 2005; 2010; Cornips and Corrigan 2005a; b; Adger and Trousdale 2007; Buchstaller et al. 2013; Burnett et al. under review), with Barbiers (2005: 235) suggesting that “it is the task of sociolinguists to describe and explain the patterns of variation that occur within a linguistic community given the theoretical limits of this variation uncovered by generative linguistics [emphasis mine]”. This paper takes such an approach and argues that integrating formal theory into variationist analysis of morpho-syntactic variation allows for: (i) more careful delimitation of the linguistic variable and its contexts, taking into consideration the constraints of the grammar; (ii) theoretically-informed decision-making as to the inclusion and exclusion of tokens; and (iii) using production data to test hypotheses that can elucidate how variants are derived from the grammar. Adopting this approach, my investigation focuses specifically on the alternation between not-negation (1), no-negation (2) and negative concord (3) in English.19",1,"However, recent studies have advocated bridging the gap between the two in analysing morpho-syntactic variation and change (Wilson and Henry 1998; Adger and Smith 2005; 2010; Cornips and Corrigan 2005a; b; Adger and Trousdale 2007; Buchstaller et al. 2013; Burnett et al. under review), with Barbiers (2005: 235) suggesting that “it is the task of sociolinguists to describe and explain the patterns of variation that occur within a linguistic community given the theoretical limits of this variation uncovered by generative linguistics [emphasis mine]”.",2,"Barbiers (2005: 235) suggests that ""it is the task of sociolinguists to describe and explain the patterns of variation that occur within a linguistic community given the theoretical limits of this variation uncovered by generative linguistics [emphasis mine]""."
glossa-4968-childs,1 Introduction,"Negation is a fervently-debated phenomenon within formal syntactic enquiry, as it is a universal property of language that is, at the same time, highly variable in terms of how it is expressed (Mazzon 2004: 94). The variability of negation also makes it an intriguing object of study for variationist sociolinguists, given their interest in the factors that condition speakers’ choices between linguistic forms that convey the same meaning (Tagliamonte 2006). Formal syntactic theory and variationist sociolinguistics are often depicted as somewhat incompatible “opposites”, because of their respective focus on linguistic competence and general linguistic principles on the one hand, versus performance and variability on the other (Wilson and Henry 1998). However, recent studies have advocated bridging the gap between the two in analysing morpho-syntactic variation and change (Wilson and Henry 1998; Adger and Smith 2005; 2010; Cornips and Corrigan 2005a; b; Adger and Trousdale 2007; Buchstaller et al. 2013; Burnett et al. under review), with Barbiers (2005: 235) suggesting that “it is the task of sociolinguists to describe and explain the patterns of variation that occur within a linguistic community given the theoretical limits of this variation uncovered by generative linguistics [emphasis mine]”. This paper takes such an approach and argues that integrating formal theory into variationist analysis of morpho-syntactic variation allows for: (i) more careful delimitation of the linguistic variable and its contexts, taking into consideration the constraints of the grammar; (ii) theoretically-informed decision-making as to the inclusion and exclusion of tokens; and (iii) using production data to test hypotheses that can elucidate how variants are derived from the grammar. Adopting this approach, my investigation focuses specifically on the alternation between not-negation (1), no-negation (2) and negative concord (3) in English.20",1,"This paper takes such an approach and argues that integrating formal theory into variationist analysis of morpho-syntactic variation allows for: (i) more careful delimitation of the linguistic variable and its contexts, taking into consideration the constraints of the grammar; (ii) theoretically-informed decision-making as to the inclusion and exclusion of tokens; and (iii) using production data to test hypotheses that can elucidate how variants are derived from the grammar.",1,"Integrating formal theory into variationist analysis of morpho-syntactic variation allows for more careful delimitation of the linguistic variable and its contexts, taking into consideration the constraints of the grammar."
glossa-4968-childs,1 Introduction,"Negation is a fervently-debated phenomenon within formal syntactic enquiry, as it is a universal property of language that is, at the same time, highly variable in terms of how it is expressed (Mazzon 2004: 94). The variability of negation also makes it an intriguing object of study for variationist sociolinguists, given their interest in the factors that condition speakers’ choices between linguistic forms that convey the same meaning (Tagliamonte 2006). Formal syntactic theory and variationist sociolinguistics are often depicted as somewhat incompatible “opposites”, because of their respective focus on linguistic competence and general linguistic principles on the one hand, versus performance and variability on the other (Wilson and Henry 1998). However, recent studies have advocated bridging the gap between the two in analysing morpho-syntactic variation and change (Wilson and Henry 1998; Adger and Smith 2005; 2010; Cornips and Corrigan 2005a; b; Adger and Trousdale 2007; Buchstaller et al. 2013; Burnett et al. under review), with Barbiers (2005: 235) suggesting that “it is the task of sociolinguists to describe and explain the patterns of variation that occur within a linguistic community given the theoretical limits of this variation uncovered by generative linguistics [emphasis mine]”. This paper takes such an approach and argues that integrating formal theory into variationist analysis of morpho-syntactic variation allows for: (i) more careful delimitation of the linguistic variable and its contexts, taking into consideration the constraints of the grammar; (ii) theoretically-informed decision-making as to the inclusion and exclusion of tokens; and (iii) using production data to test hypotheses that can elucidate how variants are derived from the grammar. Adopting this approach, my investigation focuses specifically on the alternation between not-negation (1), no-negation (2) and negative concord (3) in English.20",1,"This paper takes such an approach and argues that integrating formal theory into variationist analysis of morpho-syntactic variation allows for: (i) more careful delimitation of the linguistic variable and its contexts, taking into consideration the constraints of the grammar; (ii) theoretically-informed decision-making as to the inclusion and exclusion of tokens; and (iii) using production data to test hypotheses that can elucidate how variants are derived from the grammar.",2,Integrating formal theory into variationist analysis of morpho-syntactic variation allows for theoretically-informed decision-making as to the inclusion and exclusion of tokens.
glossa-4968-childs,1 Introduction,"Negation is a fervently-debated phenomenon within formal syntactic enquiry, as it is a universal property of language that is, at the same time, highly variable in terms of how it is expressed (Mazzon 2004: 94). The variability of negation also makes it an intriguing object of study for variationist sociolinguists, given their interest in the factors that condition speakers’ choices between linguistic forms that convey the same meaning (Tagliamonte 2006). Formal syntactic theory and variationist sociolinguistics are often depicted as somewhat incompatible “opposites”, because of their respective focus on linguistic competence and general linguistic principles on the one hand, versus performance and variability on the other (Wilson and Henry 1998). However, recent studies have advocated bridging the gap between the two in analysing morpho-syntactic variation and change (Wilson and Henry 1998; Adger and Smith 2005; 2010; Cornips and Corrigan 2005a; b; Adger and Trousdale 2007; Buchstaller et al. 2013; Burnett et al. under review), with Barbiers (2005: 235) suggesting that “it is the task of sociolinguists to describe and explain the patterns of variation that occur within a linguistic community given the theoretical limits of this variation uncovered by generative linguistics [emphasis mine]”. This paper takes such an approach and argues that integrating formal theory into variationist analysis of morpho-syntactic variation allows for: (i) more careful delimitation of the linguistic variable and its contexts, taking into consideration the constraints of the grammar; (ii) theoretically-informed decision-making as to the inclusion and exclusion of tokens; and (iii) using production data to test hypotheses that can elucidate how variants are derived from the grammar. Adopting this approach, my investigation focuses specifically on the alternation between not-negation (1), no-negation (2) and negative concord (3) in English.20",1,"This paper takes such an approach and argues that integrating formal theory into variationist analysis of morpho-syntactic variation allows for: (i) more careful delimitation of the linguistic variable and its contexts, taking into consideration the constraints of the grammar; (ii) theoretically-informed decision-making as to the inclusion and exclusion of tokens; and (iii) using production data to test hypotheses that can elucidate how variants are derived from the grammar.",3,Integrating formal theory into variationist analysis of morpho-syntactic variation allows for using production data to test hypotheses that can elucidate how variants are derived from the grammar.
glossa-4968-childs,1 Introduction,"Negation is a fervently-debated phenomenon within formal syntactic enquiry, as it is a universal property of language that is, at the same time, highly variable in terms of how it is expressed (Mazzon 2004: 94). The variability of negation also makes it an intriguing object of study for variationist sociolinguists, given their interest in the factors that condition speakers’ choices between linguistic forms that convey the same meaning (Tagliamonte 2006). Formal syntactic theory and variationist sociolinguistics are often depicted as somewhat incompatible “opposites”, because of their respective focus on linguistic competence and general linguistic principles on the one hand, versus performance and variability on the other (Wilson and Henry 1998). However, recent studies have advocated bridging the gap between the two in analysing morpho-syntactic variation and change (Wilson and Henry 1998; Adger and Smith 2005; 2010; Cornips and Corrigan 2005a; b; Adger and Trousdale 2007; Buchstaller et al. 2013; Burnett et al. under review), with Barbiers (2005: 235) suggesting that “it is the task of sociolinguists to describe and explain the patterns of variation that occur within a linguistic community given the theoretical limits of this variation uncovered by generative linguistics [emphasis mine]”. This paper takes such an approach and argues that integrating formal theory into variationist analysis of morpho-syntactic variation allows for: (i) more careful delimitation of the linguistic variable and its contexts, taking into consideration the constraints of the grammar; (ii) theoretically-informed decision-making as to the inclusion and exclusion of tokens; and (iii) using production data to test hypotheses that can elucidate how variants are derived from the grammar. Adopting this approach, my investigation focuses specifically on the alternation between not-negation (1), no-negation (2) and negative concord (3) in English.21",1,"This paper takes such an approach and argues that integrating formal theory into variationist analysis of morpho-syntactic variation allows for: (i) more careful delimitation of the linguistic variable and its contexts, taking into consideration the constraints of the grammar; (ii) theoretically-informed decision-making as to the inclusion and exclusion of tokens; and (iii) using production data to test hypotheses that can elucidate how variants are derived from the grammar.",1,"Integrating formal theory into variationist analysis of morpho-syntactic variation allows for more careful delimitation of the linguistic variable and its contexts, taking into consideration the constraints of the grammar."
glossa-4968-childs,1 Introduction,"Negation is a fervently-debated phenomenon within formal syntactic enquiry, as it is a universal property of language that is, at the same time, highly variable in terms of how it is expressed (Mazzon 2004: 94). The variability of negation also makes it an intriguing object of study for variationist sociolinguists, given their interest in the factors that condition speakers’ choices between linguistic forms that convey the same meaning (Tagliamonte 2006). Formal syntactic theory and variationist sociolinguistics are often depicted as somewhat incompatible “opposites”, because of their respective focus on linguistic competence and general linguistic principles on the one hand, versus performance and variability on the other (Wilson and Henry 1998). However, recent studies have advocated bridging the gap between the two in analysing morpho-syntactic variation and change (Wilson and Henry 1998; Adger and Smith 2005; 2010; Cornips and Corrigan 2005a; b; Adger and Trousdale 2007; Buchstaller et al. 2013; Burnett et al. under review), with Barbiers (2005: 235) suggesting that “it is the task of sociolinguists to describe and explain the patterns of variation that occur within a linguistic community given the theoretical limits of this variation uncovered by generative linguistics [emphasis mine]”. This paper takes such an approach and argues that integrating formal theory into variationist analysis of morpho-syntactic variation allows for: (i) more careful delimitation of the linguistic variable and its contexts, taking into consideration the constraints of the grammar; (ii) theoretically-informed decision-making as to the inclusion and exclusion of tokens; and (iii) using production data to test hypotheses that can elucidate how variants are derived from the grammar. Adopting this approach, my investigation focuses specifically on the alternation between not-negation (1), no-negation (2) and negative concord (3) in English.21",1,"This paper takes such an approach and argues that integrating formal theory into variationist analysis of morpho-syntactic variation allows for: (i) more careful delimitation of the linguistic variable and its contexts, taking into consideration the constraints of the grammar; (ii) theoretically-informed decision-making as to the inclusion and exclusion of tokens; and (iii) using production data to test hypotheses that can elucidate how variants are derived from the grammar.",2,Integrating formal theory into variationist analysis of morpho-syntactic variation allows for theoretically informed decision-making about the inclusion and exclusion of tokens.
glossa-4968-childs,1 Introduction,"Negation is a fervently-debated phenomenon within formal syntactic enquiry, as it is a universal property of language that is, at the same time, highly variable in terms of how it is expressed (Mazzon 2004: 94). The variability of negation also makes it an intriguing object of study for variationist sociolinguists, given their interest in the factors that condition speakers’ choices between linguistic forms that convey the same meaning (Tagliamonte 2006). Formal syntactic theory and variationist sociolinguistics are often depicted as somewhat incompatible “opposites”, because of their respective focus on linguistic competence and general linguistic principles on the one hand, versus performance and variability on the other (Wilson and Henry 1998). However, recent studies have advocated bridging the gap between the two in analysing morpho-syntactic variation and change (Wilson and Henry 1998; Adger and Smith 2005; 2010; Cornips and Corrigan 2005a; b; Adger and Trousdale 2007; Buchstaller et al. 2013; Burnett et al. under review), with Barbiers (2005: 235) suggesting that “it is the task of sociolinguists to describe and explain the patterns of variation that occur within a linguistic community given the theoretical limits of this variation uncovered by generative linguistics [emphasis mine]”. This paper takes such an approach and argues that integrating formal theory into variationist analysis of morpho-syntactic variation allows for: (i) more careful delimitation of the linguistic variable and its contexts, taking into consideration the constraints of the grammar; (ii) theoretically-informed decision-making as to the inclusion and exclusion of tokens; and (iii) using production data to test hypotheses that can elucidate how variants are derived from the grammar. Adopting this approach, my investigation focuses specifically on the alternation between not-negation (1), no-negation (2) and negative concord (3) in English.21",1,"This paper takes such an approach and argues that integrating formal theory into variationist analysis of morpho-syntactic variation allows for: (i) more careful delimitation of the linguistic variable and its contexts, taking into consideration the constraints of the grammar; (ii) theoretically-informed decision-making as to the inclusion and exclusion of tokens; and (iii) using production data to test hypotheses that can elucidate how variants are derived from the grammar.",3,Integrating formal theory into variationist analysis of morpho-syntactic variation allows for using production data to test hypotheses that can elucidate how variants are derived from the grammar.
glossa-4968-childs,1 Introduction,"Negation is a fervently-debated phenomenon within formal syntactic enquiry, as it is a universal property of language that is, at the same time, highly variable in terms of how it is expressed (Mazzon 2004: 94). The variability of negation also makes it an intriguing object of study for variationist sociolinguists, given their interest in the factors that condition speakers’ choices between linguistic forms that convey the same meaning (Tagliamonte 2006). Formal syntactic theory and variationist sociolinguistics are often depicted as somewhat incompatible “opposites”, because of their respective focus on linguistic competence and general linguistic principles on the one hand, versus performance and variability on the other (Wilson and Henry 1998). However, recent studies have advocated bridging the gap between the two in analysing morpho-syntactic variation and change (Wilson and Henry 1998; Adger and Smith 2005; 2010; Cornips and Corrigan 2005a; b; Adger and Trousdale 2007; Buchstaller et al. 2013; Burnett et al. under review), with Barbiers (2005: 235) suggesting that “it is the task of sociolinguists to describe and explain the patterns of variation that occur within a linguistic community given the theoretical limits of this variation uncovered by generative linguistics [emphasis mine]”. This paper takes such an approach and argues that integrating formal theory into variationist analysis of morpho-syntactic variation allows for: (i) more careful delimitation of the linguistic variable and its contexts, taking into consideration the constraints of the grammar; (ii) theoretically-informed decision-making as to the inclusion and exclusion of tokens; and (iii) using production data to test hypotheses that can elucidate how variants are derived from the grammar. Adopting this approach, my investigation focuses specifically on the alternation between not-negation (1), no-negation (2) and negative concord (3) in English.22",1,"This paper takes such an approach and argues that integrating formal theory into variationist analysis of morpho-syntactic variation allows for: (i) more careful delimitation of the linguistic variable and its contexts, taking into consideration the constraints of the grammar; (ii) theoretically-informed decision-making as to the inclusion and exclusion of tokens; and (iii) using production data to test hypotheses that can elucidate how variants are derived from the grammar.",1,"Integrating formal theory into variationist analysis of morpho-syntactic variation allows for more careful delimitation of the linguistic variable and its contexts, taking into consideration the constraints of the grammar."
glossa-4968-childs,1 Introduction,"Negation is a fervently-debated phenomenon within formal syntactic enquiry, as it is a universal property of language that is, at the same time, highly variable in terms of how it is expressed (Mazzon 2004: 94). The variability of negation also makes it an intriguing object of study for variationist sociolinguists, given their interest in the factors that condition speakers’ choices between linguistic forms that convey the same meaning (Tagliamonte 2006). Formal syntactic theory and variationist sociolinguistics are often depicted as somewhat incompatible “opposites”, because of their respective focus on linguistic competence and general linguistic principles on the one hand, versus performance and variability on the other (Wilson and Henry 1998). However, recent studies have advocated bridging the gap between the two in analysing morpho-syntactic variation and change (Wilson and Henry 1998; Adger and Smith 2005; 2010; Cornips and Corrigan 2005a; b; Adger and Trousdale 2007; Buchstaller et al. 2013; Burnett et al. under review), with Barbiers (2005: 235) suggesting that “it is the task of sociolinguists to describe and explain the patterns of variation that occur within a linguistic community given the theoretical limits of this variation uncovered by generative linguistics [emphasis mine]”. This paper takes such an approach and argues that integrating formal theory into variationist analysis of morpho-syntactic variation allows for: (i) more careful delimitation of the linguistic variable and its contexts, taking into consideration the constraints of the grammar; (ii) theoretically-informed decision-making as to the inclusion and exclusion of tokens; and (iii) using production data to test hypotheses that can elucidate how variants are derived from the grammar. Adopting this approach, my investigation focuses specifically on the alternation between not-negation (1), no-negation (2) and negative concord (3) in English.22",1,"This paper takes such an approach and argues that integrating formal theory into variationist analysis of morpho-syntactic variation allows for: (i) more careful delimitation of the linguistic variable and its contexts, taking into consideration the constraints of the grammar; (ii) theoretically-informed decision-making as to the inclusion and exclusion of tokens; and (iii) using production data to test hypotheses that can elucidate how variants are derived from the grammar.",2,Integrating formal theory into variationist analysis of morpho-syntactic variation allows for theoretically informed decision-making about the inclusion and exclusion of tokens.
glossa-4968-childs,1 Introduction,"Negation is a fervently-debated phenomenon within formal syntactic enquiry, as it is a universal property of language that is, at the same time, highly variable in terms of how it is expressed (Mazzon 2004: 94). The variability of negation also makes it an intriguing object of study for variationist sociolinguists, given their interest in the factors that condition speakers’ choices between linguistic forms that convey the same meaning (Tagliamonte 2006). Formal syntactic theory and variationist sociolinguistics are often depicted as somewhat incompatible “opposites”, because of their respective focus on linguistic competence and general linguistic principles on the one hand, versus performance and variability on the other (Wilson and Henry 1998). However, recent studies have advocated bridging the gap between the two in analysing morpho-syntactic variation and change (Wilson and Henry 1998; Adger and Smith 2005; 2010; Cornips and Corrigan 2005a; b; Adger and Trousdale 2007; Buchstaller et al. 2013; Burnett et al. under review), with Barbiers (2005: 235) suggesting that “it is the task of sociolinguists to describe and explain the patterns of variation that occur within a linguistic community given the theoretical limits of this variation uncovered by generative linguistics [emphasis mine]”. This paper takes such an approach and argues that integrating formal theory into variationist analysis of morpho-syntactic variation allows for: (i) more careful delimitation of the linguistic variable and its contexts, taking into consideration the constraints of the grammar; (ii) theoretically-informed decision-making as to the inclusion and exclusion of tokens; and (iii) using production data to test hypotheses that can elucidate how variants are derived from the grammar. Adopting this approach, my investigation focuses specifically on the alternation between not-negation (1), no-negation (2) and negative concord (3) in English.22",1,"This paper takes such an approach and argues that integrating formal theory into variationist analysis of morpho-syntactic variation allows for: (i) more careful delimitation of the linguistic variable and its contexts, taking into consideration the constraints of the grammar; (ii) theoretically-informed decision-making as to the inclusion and exclusion of tokens; and (iii) using production data to test hypotheses that can elucidate how variants are derived from the grammar.",3,Integrating formal theory into variationist analysis of morpho-syntactic variation allows for using production data to test hypotheses that can elucidate how variants are derived from the grammar.
glossa-4968-childs,1 Introduction,"Negation is a fervently-debated phenomenon within formal syntactic enquiry, as it is a universal property of language that is, at the same time, highly variable in terms of how it is expressed (Mazzon 2004: 94). The variability of negation also makes it an intriguing object of study for variationist sociolinguists, given their interest in the factors that condition speakers’ choices between linguistic forms that convey the same meaning (Tagliamonte 2006). Formal syntactic theory and variationist sociolinguistics are often depicted as somewhat incompatible “opposites”, because of their respective focus on linguistic competence and general linguistic principles on the one hand, versus performance and variability on the other (Wilson and Henry 1998). However, recent studies have advocated bridging the gap between the two in analysing morpho-syntactic variation and change (Wilson and Henry 1998; Adger and Smith 2005; 2010; Cornips and Corrigan 2005a; b; Adger and Trousdale 2007; Buchstaller et al. 2013; Burnett et al. under review), with Barbiers (2005: 235) suggesting that “it is the task of sociolinguists to describe and explain the patterns of variation that occur within a linguistic community given the theoretical limits of this variation uncovered by generative linguistics [emphasis mine]”. This paper takes such an approach and argues that integrating formal theory into variationist analysis of morpho-syntactic variation allows for: (i) more careful delimitation of the linguistic variable and its contexts, taking into consideration the constraints of the grammar; (ii) theoretically-informed decision-making as to the inclusion and exclusion of tokens; and (iii) using production data to test hypotheses that can elucidate how variants are derived from the grammar. Adopting this approach, my investigation focuses specifically on the alternation between not-negation (1), no-negation (2) and negative concord (3) in English.23",1,"Adopting this approach, my investigation focuses specifically on the alternation between not-negation (1), no-negation (2) and negative concord (3) in English.1",1,"The investigation focuses on the alternation between not-negation, no-negation, and negative concord in English."
glossa-15197-hassen,1 Introduction,"P(reposition)-omission under sluicing is an important point for theories of ellipsis. Ross (1969), who coined the term sluicing, derives elliptical interrogatives from verbal ones by a deletion operation. Levin (1982) was the first to point out that the preposition can be omitted in a sluice, unlike a verbal interrogative (1a).",1,P(reposition)-omission under sluicing is an important point for theories of ellipsis.,1,Preposition omission under sluicing is an important point for theories of ellipsis.
glossa-15197-hassen,1 Introduction,"P(reposition)-omission under sluicing is an important point for theories of ellipsis. Ross (1969), who coined the term sluicing, derives elliptical interrogatives from verbal ones by a deletion operation. Levin (1982) was the first to point out that the preposition can be omitted in a sluice, unlike a verbal interrogative (1a).",2,"Ross (1969), who coined the term sluicing, derives elliptical interrogatives from verbal ones by a deletion operation.",1,Ross (1969) coined the term sluicing.
glossa-15197-hassen,1 Introduction,"P(reposition)-omission under sluicing is an important point for theories of ellipsis. Ross (1969), who coined the term sluicing, derives elliptical interrogatives from verbal ones by a deletion operation. Levin (1982) was the first to point out that the preposition can be omitted in a sluice, unlike a verbal interrogative (1a).",2,"Ross (1969), who coined the term sluicing, derives elliptical interrogatives from verbal ones by a deletion operation.",2,Ross (1969) derives elliptical interrogatives from verbal interrogatives by a deletion operation.
glossa-15197-hassen,1 Introduction,"P(reposition)-omission under sluicing is an important point for theories of ellipsis. Ross (1969), who coined the term sluicing, derives elliptical interrogatives from verbal ones by a deletion operation. Levin (1982) was the first to point out that the preposition can be omitted in a sluice, unlike a verbal interrogative (1a).",3,"Levin (1982) was the first to point out that the preposition can be omitted in a sluice, unlike a verbal interrogative (1a).",1,"Levin (1982) was the first to point out that a preposition can be omitted in a sluice, unlike in a verbal interrogative."
glossa-15197-hassen,1 Introduction,"This highlights a major mismatch between sluices and verbal interrogatives, which may cast doubts on syntactic theories deriving the former from the latter (cf. Ross 1969). Other mismatches have been noticed in the literature, such as verb form mismatch (Merchant 2001) and person mismatch (Ross 1969).",1,"This highlights a major mismatch between sluices and verbal interrogatives, which may cast doubts on syntactic theories deriving the former from the latter (cf. Ross 1969).",1,There is a major mismatch between sluices and verbal interrogatives.
glossa-15197-hassen,1 Introduction,"This highlights a major mismatch between sluices and verbal interrogatives, which may cast doubts on syntactic theories deriving the former from the latter (cf. Ross 1969). Other mismatches have been noticed in the literature, such as verb form mismatch (Merchant 2001) and person mismatch (Ross 1969).",1,"This highlights a major mismatch between sluices and verbal interrogatives, which may cast doubts on syntactic theories deriving the former from the latter (cf. Ross 1969).",2,A major mismatch between sluices and verbal interrogatives may cast doubts on syntactic theories that derive sluices from verbal interrogatives.
glossa-15197-hassen,1 Introduction,"This highlights a major mismatch between sluices and verbal interrogatives, which may cast doubts on syntactic theories deriving the former from the latter (cf. Ross 1969). Other mismatches have been noticed in the literature, such as verb form mismatch (Merchant 2001) and person mismatch (Ross 1969).",2,"Other mismatches have been noticed in the literature, such as verb form mismatch (Merchant 2001) and person mismatch (Ross 1969).",1,A verb form mismatch between sluices and verbal interrogatives has been noted in the literature (Merchant 2001).
glossa-15197-hassen,1 Introduction,"This highlights a major mismatch between sluices and verbal interrogatives, which may cast doubts on syntactic theories deriving the former from the latter (cf. Ross 1969). Other mismatches have been noticed in the literature, such as verb form mismatch (Merchant 2001) and person mismatch (Ross 1969).",2,"Other mismatches have been noticed in the literature, such as verb form mismatch (Merchant 2001) and person mismatch (Ross 1969).",2,A person mismatch between sluices and verbal interrogatives has been noted in the literature (Ross 1969).
glossa-15197-hassen,1.1 Two structural analyses of P-omission under sluicing,"Merchant (2001) derives sluices from verbal counterparts and P-omission under sluicing from P-stranding in regular wh-questions. Thus English, which has two options for wh-questions, allows for sluices with (3a) and without (3b) a preposition.",1,Merchant (2001) derives sluices from verbal counterparts and P-omission under sluicing from P-stranding in regular wh-questions.,1,Merchant (2001) derives sluices from their verbal counterparts.
glossa-15197-hassen,1.1 Two structural analyses of P-omission under sluicing,"Merchant (2001) derives sluices from verbal counterparts and P-omission under sluicing from P-stranding in regular wh-questions. Thus English, which has two options for wh-questions, allows for sluices with (3a) and without (3b) a preposition.",1,Merchant (2001) derives sluices from verbal counterparts and P-omission under sluicing from P-stranding in regular wh-questions.,2,Merchant (2001) derives preposition omission under sluicing from preposition stranding in regular wh-questions.
glossa-15197-hassen,1.1 Two structural analyses of P-omission under sluicing,"Merchant (2001) derives sluices from verbal counterparts and P-omission under sluicing from P-stranding in regular wh-questions. Thus English, which has two options for wh-questions, allows for sluices with (3a) and without (3b) a preposition.",2,"Thus English, which has two options for wh-questions, allows for sluices with (3a) and without (3b) a preposition.",1,English has two options for wh-questions.
glossa-15197-hassen,1.1 Two structural analyses of P-omission under sluicing,"Merchant (2001) derives sluices from verbal counterparts and P-omission under sluicing from P-stranding in regular wh-questions. Thus English, which has two options for wh-questions, allows for sluices with (3a) and without (3b) a preposition.",2,"Thus English, which has two options for wh-questions, allows for sluices with (3a) and without (3b) a preposition.",2,English allows for sluices with a preposition.
glossa-15197-hassen,1.1 Two structural analyses of P-omission under sluicing,"Merchant (2001) derives sluices from verbal counterparts and P-omission under sluicing from P-stranding in regular wh-questions. Thus English, which has two options for wh-questions, allows for sluices with (3a) and without (3b) a preposition.",2,"Thus English, which has two options for wh-questions, allows for sluices with (3a) and without (3b) a preposition.",3,English allows for sluices without a preposition.
glossa-15197-hassen,1.1 Two structural analyses of P-omission under sluicing,"He claims that non-P-stranding languages ban P-omission under sluicing, which he calls the Preposition Stranding Generalization. However, many non-P-stranding languages have been shown to allow for it, including Indonesian (Fortin 2007; Sato 2011), Brazilian Portuguese (Almeida & Yoshida 2007), Spanish (Rodrigues et al. 2009), Polish (Sag & Nykiel 2011; Nykiel 2013), Russian (Philippova 2014), Bulgarian (Abels 2017), Greek and German (Molimpakis 2019), Mauritian creole (Abeillé & Hassamal 2019) and Saudi Arabic (Alshaalan & Abels 2020).",1,"He claims that non-P-stranding languages ban P-omission under sluicing, which he calls the Preposition Stranding Generalization.",1,The Preposition Stranding Generalization states that non-preposition-stranding languages ban preposition omission under sluicing.
glossa-15197-hassen,1.1 Two structural analyses of P-omission under sluicing,"He claims that non-P-stranding languages ban P-omission under sluicing, which he calls the Preposition Stranding Generalization. However, many non-P-stranding languages have been shown to allow for it, including Indonesian (Fortin 2007; Sato 2011), Brazilian Portuguese (Almeida & Yoshida 2007), Spanish (Rodrigues et al. 2009), Polish (Sag & Nykiel 2011; Nykiel 2013), Russian (Philippova 2014), Bulgarian (Abels 2017), Greek and German (Molimpakis 2019), Mauritian creole (Abeillé & Hassamal 2019) and Saudi Arabic (Alshaalan & Abels 2020).",2,"However, many non-P-stranding languages have been shown to allow for it, including Indonesian (Fortin 2007; Sato 2011), Brazilian Portuguese (Almeida & Yoshida 2007), Spanish (Rodrigues et al. 2009), Polish (Sag & Nykiel 2011; Nykiel 2013), Russian (Philippova 2014), Bulgarian (Abels 2017), Greek and German (Molimpakis 2019), Mauritian creole (Abeillé & Hassamal 2019) and Saudi Arabic (Alshaalan & Abels 2020).",1,Many non-preposition-stranding languages allow preposition omission under sluicing.
glossa-15197-hassen,1.1 Two structural analyses of P-omission under sluicing,"He claims that non-P-stranding languages ban P-omission under sluicing, which he calls the Preposition Stranding Generalization. However, many non-P-stranding languages have been shown to allow for it, including Indonesian (Fortin 2007; Sato 2011), Brazilian Portuguese (Almeida & Yoshida 2007), Spanish (Rodrigues et al. 2009), Polish (Sag & Nykiel 2011; Nykiel 2013), Russian (Philippova 2014), Bulgarian (Abels 2017), Greek and German (Molimpakis 2019), Mauritian creole (Abeillé & Hassamal 2019) and Saudi Arabic (Alshaalan & Abels 2020).",2,"However, many non-P-stranding languages have been shown to allow for it, including Indonesian (Fortin 2007; Sato 2011), Brazilian Portuguese (Almeida & Yoshida 2007), Spanish (Rodrigues et al. 2009), Polish (Sag & Nykiel 2011; Nykiel 2013), Russian (Philippova 2014), Bulgarian (Abels 2017), Greek and German (Molimpakis 2019), Mauritian creole (Abeillé & Hassamal 2019) and Saudi Arabic (Alshaalan & Abels 2020).",2,"In Indonesian, preposition omission under sluicing is allowed (Fortin 2007; Sato 2011)."
glossa-15197-hassen,1.1 Two structural analyses of P-omission under sluicing,"He claims that non-P-stranding languages ban P-omission under sluicing, which he calls the Preposition Stranding Generalization. However, many non-P-stranding languages have been shown to allow for it, including Indonesian (Fortin 2007; Sato 2011), Brazilian Portuguese (Almeida & Yoshida 2007), Spanish (Rodrigues et al. 2009), Polish (Sag & Nykiel 2011; Nykiel 2013), Russian (Philippova 2014), Bulgarian (Abels 2017), Greek and German (Molimpakis 2019), Mauritian creole (Abeillé & Hassamal 2019) and Saudi Arabic (Alshaalan & Abels 2020).",2,"However, many non-P-stranding languages have been shown to allow for it, including Indonesian (Fortin 2007; Sato 2011), Brazilian Portuguese (Almeida & Yoshida 2007), Spanish (Rodrigues et al. 2009), Polish (Sag & Nykiel 2011; Nykiel 2013), Russian (Philippova 2014), Bulgarian (Abels 2017), Greek and German (Molimpakis 2019), Mauritian creole (Abeillé & Hassamal 2019) and Saudi Arabic (Alshaalan & Abels 2020).",3,"In Brazilian Portuguese, preposition omission under sluicing is allowed (Almeida & Yoshida 2007)."
glossa-15197-hassen,1.1 Two structural analyses of P-omission under sluicing,"He claims that non-P-stranding languages ban P-omission under sluicing, which he calls the Preposition Stranding Generalization. However, many non-P-stranding languages have been shown to allow for it, including Indonesian (Fortin 2007; Sato 2011), Brazilian Portuguese (Almeida & Yoshida 2007), Spanish (Rodrigues et al. 2009), Polish (Sag & Nykiel 2011; Nykiel 2013), Russian (Philippova 2014), Bulgarian (Abels 2017), Greek and German (Molimpakis 2019), Mauritian creole (Abeillé & Hassamal 2019) and Saudi Arabic (Alshaalan & Abels 2020).",2,"However, many non-P-stranding languages have been shown to allow for it, including Indonesian (Fortin 2007; Sato 2011), Brazilian Portuguese (Almeida & Yoshida 2007), Spanish (Rodrigues et al. 2009), Polish (Sag & Nykiel 2011; Nykiel 2013), Russian (Philippova 2014), Bulgarian (Abels 2017), Greek and German (Molimpakis 2019), Mauritian creole (Abeillé & Hassamal 2019) and Saudi Arabic (Alshaalan & Abels 2020).",4,"In Spanish, preposition omission under sluicing is allowed (Rodrigues et al. 2009)."
glossa-15197-hassen,1.1 Two structural analyses of P-omission under sluicing,"He claims that non-P-stranding languages ban P-omission under sluicing, which he calls the Preposition Stranding Generalization. However, many non-P-stranding languages have been shown to allow for it, including Indonesian (Fortin 2007; Sato 2011), Brazilian Portuguese (Almeida & Yoshida 2007), Spanish (Rodrigues et al. 2009), Polish (Sag & Nykiel 2011; Nykiel 2013), Russian (Philippova 2014), Bulgarian (Abels 2017), Greek and German (Molimpakis 2019), Mauritian creole (Abeillé & Hassamal 2019) and Saudi Arabic (Alshaalan & Abels 2020).",2,"However, many non-P-stranding languages have been shown to allow for it, including Indonesian (Fortin 2007; Sato 2011), Brazilian Portuguese (Almeida & Yoshida 2007), Spanish (Rodrigues et al. 2009), Polish (Sag & Nykiel 2011; Nykiel 2013), Russian (Philippova 2014), Bulgarian (Abels 2017), Greek and German (Molimpakis 2019), Mauritian creole (Abeillé & Hassamal 2019) and Saudi Arabic (Alshaalan & Abels 2020).",5,"In Polish, preposition omission under sluicing is allowed (Sag & Nykiel 2011; Nykiel 2013)."
glossa-15197-hassen,1.1 Two structural analyses of P-omission under sluicing,"He claims that non-P-stranding languages ban P-omission under sluicing, which he calls the Preposition Stranding Generalization. However, many non-P-stranding languages have been shown to allow for it, including Indonesian (Fortin 2007; Sato 2011), Brazilian Portuguese (Almeida & Yoshida 2007), Spanish (Rodrigues et al. 2009), Polish (Sag & Nykiel 2011; Nykiel 2013), Russian (Philippova 2014), Bulgarian (Abels 2017), Greek and German (Molimpakis 2019), Mauritian creole (Abeillé & Hassamal 2019) and Saudi Arabic (Alshaalan & Abels 2020).",2,"However, many non-P-stranding languages have been shown to allow for it, including Indonesian (Fortin 2007; Sato 2011), Brazilian Portuguese (Almeida & Yoshida 2007), Spanish (Rodrigues et al. 2009), Polish (Sag & Nykiel 2011; Nykiel 2013), Russian (Philippova 2014), Bulgarian (Abels 2017), Greek and German (Molimpakis 2019), Mauritian creole (Abeillé & Hassamal 2019) and Saudi Arabic (Alshaalan & Abels 2020).",6,"In Russian, preposition omission under sluicing is allowed (Philippova 2014)."
glossa-15197-hassen,1.1 Two structural analyses of P-omission under sluicing,"He claims that non-P-stranding languages ban P-omission under sluicing, which he calls the Preposition Stranding Generalization. However, many non-P-stranding languages have been shown to allow for it, including Indonesian (Fortin 2007; Sato 2011), Brazilian Portuguese (Almeida & Yoshida 2007), Spanish (Rodrigues et al. 2009), Polish (Sag & Nykiel 2011; Nykiel 2013), Russian (Philippova 2014), Bulgarian (Abels 2017), Greek and German (Molimpakis 2019), Mauritian creole (Abeillé & Hassamal 2019) and Saudi Arabic (Alshaalan & Abels 2020).",2,"However, many non-P-stranding languages have been shown to allow for it, including Indonesian (Fortin 2007; Sato 2011), Brazilian Portuguese (Almeida & Yoshida 2007), Spanish (Rodrigues et al. 2009), Polish (Sag & Nykiel 2011; Nykiel 2013), Russian (Philippova 2014), Bulgarian (Abels 2017), Greek and German (Molimpakis 2019), Mauritian creole (Abeillé & Hassamal 2019) and Saudi Arabic (Alshaalan & Abels 2020).",7,"In Bulgarian, preposition omission under sluicing is allowed (Abels 2017)."
glossa-15197-hassen,1.1 Two structural analyses of P-omission under sluicing,"He claims that non-P-stranding languages ban P-omission under sluicing, which he calls the Preposition Stranding Generalization. However, many non-P-stranding languages have been shown to allow for it, including Indonesian (Fortin 2007; Sato 2011), Brazilian Portuguese (Almeida & Yoshida 2007), Spanish (Rodrigues et al. 2009), Polish (Sag & Nykiel 2011; Nykiel 2013), Russian (Philippova 2014), Bulgarian (Abels 2017), Greek and German (Molimpakis 2019), Mauritian creole (Abeillé & Hassamal 2019) and Saudi Arabic (Alshaalan & Abels 2020).",2,"However, many non-P-stranding languages have been shown to allow for it, including Indonesian (Fortin 2007; Sato 2011), Brazilian Portuguese (Almeida & Yoshida 2007), Spanish (Rodrigues et al. 2009), Polish (Sag & Nykiel 2011; Nykiel 2013), Russian (Philippova 2014), Bulgarian (Abels 2017), Greek and German (Molimpakis 2019), Mauritian creole (Abeillé & Hassamal 2019) and Saudi Arabic (Alshaalan & Abels 2020).",8,"In Greek, preposition omission under sluicing is allowed (Molimpakis 2019)."
glossa-15197-hassen,1.1 Two structural analyses of P-omission under sluicing,"He claims that non-P-stranding languages ban P-omission under sluicing, which he calls the Preposition Stranding Generalization. However, many non-P-stranding languages have been shown to allow for it, including Indonesian (Fortin 2007; Sato 2011), Brazilian Portuguese (Almeida & Yoshida 2007), Spanish (Rodrigues et al. 2009), Polish (Sag & Nykiel 2011; Nykiel 2013), Russian (Philippova 2014), Bulgarian (Abels 2017), Greek and German (Molimpakis 2019), Mauritian creole (Abeillé & Hassamal 2019) and Saudi Arabic (Alshaalan & Abels 2020).",2,"However, many non-P-stranding languages have been shown to allow for it, including Indonesian (Fortin 2007; Sato 2011), Brazilian Portuguese (Almeida & Yoshida 2007), Spanish (Rodrigues et al. 2009), Polish (Sag & Nykiel 2011; Nykiel 2013), Russian (Philippova 2014), Bulgarian (Abels 2017), Greek and German (Molimpakis 2019), Mauritian creole (Abeillé & Hassamal 2019) and Saudi Arabic (Alshaalan & Abels 2020).",9,"In German, preposition omission under sluicing is allowed (Molimpakis 2019)."
glossa-15197-hassen,1.1 Two structural analyses of P-omission under sluicing,"He claims that non-P-stranding languages ban P-omission under sluicing, which he calls the Preposition Stranding Generalization. However, many non-P-stranding languages have been shown to allow for it, including Indonesian (Fortin 2007; Sato 2011), Brazilian Portuguese (Almeida & Yoshida 2007), Spanish (Rodrigues et al. 2009), Polish (Sag & Nykiel 2011; Nykiel 2013), Russian (Philippova 2014), Bulgarian (Abels 2017), Greek and German (Molimpakis 2019), Mauritian creole (Abeillé & Hassamal 2019) and Saudi Arabic (Alshaalan & Abels 2020).",2,"However, many non-P-stranding languages have been shown to allow for it, including Indonesian (Fortin 2007; Sato 2011), Brazilian Portuguese (Almeida & Yoshida 2007), Spanish (Rodrigues et al. 2009), Polish (Sag & Nykiel 2011; Nykiel 2013), Russian (Philippova 2014), Bulgarian (Abels 2017), Greek and German (Molimpakis 2019), Mauritian creole (Abeillé & Hassamal 2019) and Saudi Arabic (Alshaalan & Abels 2020).",10,"In Mauritian creole, preposition omission under sluicing is allowed (Abeillé & Hassamal 2019)."
glossa-15197-hassen,1.1 Two structural analyses of P-omission under sluicing,"He claims that non-P-stranding languages ban P-omission under sluicing, which he calls the Preposition Stranding Generalization. However, many non-P-stranding languages have been shown to allow for it, including Indonesian (Fortin 2007; Sato 2011), Brazilian Portuguese (Almeida & Yoshida 2007), Spanish (Rodrigues et al. 2009), Polish (Sag & Nykiel 2011; Nykiel 2013), Russian (Philippova 2014), Bulgarian (Abels 2017), Greek and German (Molimpakis 2019), Mauritian creole (Abeillé & Hassamal 2019) and Saudi Arabic (Alshaalan & Abels 2020).",2,"However, many non-P-stranding languages have been shown to allow for it, including Indonesian (Fortin 2007; Sato 2011), Brazilian Portuguese (Almeida & Yoshida 2007), Spanish (Rodrigues et al. 2009), Polish (Sag & Nykiel 2011; Nykiel 2013), Russian (Philippova 2014), Bulgarian (Abels 2017), Greek and German (Molimpakis 2019), Mauritian creole (Abeillé & Hassamal 2019) and Saudi Arabic (Alshaalan & Abels 2020).",11,"In Saudi Arabic, preposition omission under sluicing is allowed (Alshaalan & Abels 2020)."
glossa-15197-hassen,1.1 Two structural analyses of P-omission under sluicing,"Following Szczegielniak (2008) and van Craenenbroeck (2004), Rodrigues et al. suggest that, in non-P-stranding languages, the possibility of P-omission in sluices comes from the deletion of a cleft structure, with the wh-remnant functioning as the pivot of the cleft, as in Spanish (4).",1,"Following Szczegielniak (2008) and van Craenenbroeck (2004), Rodrigues et al. suggest that, in non-P-stranding languages, the possibility of P-omission in sluices comes from the deletion of a cleft structure, with the wh-remnant functioning as the pivot of the cleft, as in Spanish (4).",1,"Rodrigues et al., following Szczegielniak (2008) and van Craenenbroeck (2004), suggest that in non-preposition-stranding languages the possibility of preposition omission in sluices comes from the deletion of a cleft structure."
glossa-15197-hassen,1.1 Two structural analyses of P-omission under sluicing,"Following Szczegielniak (2008) and van Craenenbroeck (2004), Rodrigues et al. suggest that, in non-P-stranding languages, the possibility of P-omission in sluices comes from the deletion of a cleft structure, with the wh-remnant functioning as the pivot of the cleft, as in Spanish (4).",1,"Following Szczegielniak (2008) and van Craenenbroeck (2004), Rodrigues et al. suggest that, in non-P-stranding languages, the possibility of P-omission in sluices comes from the deletion of a cleft structure, with the wh-remnant functioning as the pivot of the cleft, as in Spanish (4).",2,"Rodrigues et al., following Szczegielniak (2008) and van Craenenbroeck (2004), suggest that in cleft-derived sluices the wh-remnant functions as the pivot of the cleft."
glossa-15197-hassen,1.1 Two structural analyses of P-omission under sluicing,"Since clefts are used to focus an element in a set, they suggest that P-omission improves when the remnant belongs to such a set, as is the case with a nominal correlate (una chica ‘a girl’) and an anaphoric remnant (cuál ‘which’) (see (4)), compared to a pronominal correlate (alguien ‘someone’) and a non-anaphoric remnant (quién ‘who’) as in (5).",1,"Since clefts are used to focus an element in a set, they suggest that P-omission improves when the remnant belongs to such a set, as is the case with a nominal correlate (una chica ‘a girl’) and an anaphoric remnant (cuál ‘which’) (see (4)), compared to a pronominal correlate (alguien ‘someone’) and a non-anaphoric remnant (quién ‘who’) as in (5).",1,Clefts are used to focus an element in a set.
glossa-15197-hassen,1.1 Two structural analyses of P-omission under sluicing,"Since clefts are used to focus an element in a set, they suggest that P-omission improves when the remnant belongs to such a set, as is the case with a nominal correlate (una chica ‘a girl’) and an anaphoric remnant (cuál ‘which’) (see (4)), compared to a pronominal correlate (alguien ‘someone’) and a non-anaphoric remnant (quién ‘who’) as in (5).",1,"Since clefts are used to focus an element in a set, they suggest that P-omission improves when the remnant belongs to such a set, as is the case with a nominal correlate (una chica ‘a girl’) and an anaphoric remnant (cuál ‘which’) (see (4)), compared to a pronominal correlate (alguien ‘someone’) and a non-anaphoric remnant (quién ‘who’) as in (5).",2,"Clefts being used to focus an element in a set implies that preposition omission under sluicing improves when the remnant belongs to such a set, as with a nominal correlate una chica and an anaphoric remnant cuál compared to a pronominal correlate alguien and a non-anaphoric remnant quién."
glossa-15197-hassen,1.2 Alternative analyses of P-omission under sluicing,"Under direct interpretation approaches to ellipsis (Ginzburg & Sag 2000; Culicover & Jackendoff 2005; Sag & Nykiel 2011), an interrogative sluice is not derived from a full interrogative counterpart: a wh-fragment recovers its propositional meaning from an antecedent available in the context, and it inherits its syntactic and semantic properties from a contextual correlate.",1,"Under direct interpretation approaches to ellipsis (Ginzburg & Sag 2000; Culicover & Jackendoff 2005; Sag & Nykiel 2011), an interrogative sluice is not derived from a full interrogative counterpart: a wh-fragment recovers its propositional meaning from an antecedent available in the context, and it inherits its syntactic and semantic properties from a contextual correlate.",1,"Under direct interpretation approaches to ellipsis, an interrogative sluice is not derived from a full interrogative counterpart."
glossa-15197-hassen,1.2 Alternative analyses of P-omission under sluicing,"Under direct interpretation approaches to ellipsis (Ginzburg & Sag 2000; Culicover & Jackendoff 2005; Sag & Nykiel 2011), an interrogative sluice is not derived from a full interrogative counterpart: a wh-fragment recovers its propositional meaning from an antecedent available in the context, and it inherits its syntactic and semantic properties from a contextual correlate.",1,"Under direct interpretation approaches to ellipsis (Ginzburg & Sag 2000; Culicover & Jackendoff 2005; Sag & Nykiel 2011), an interrogative sluice is not derived from a full interrogative counterpart: a wh-fragment recovers its propositional meaning from an antecedent available in the context, and it inherits its syntactic and semantic properties from a contextual correlate.",2,"Under direct interpretation approaches to ellipsis, a wh-fragment recovers its propositional meaning from an antecedent available in the context."
glossa-15197-hassen,1.2 Alternative analyses of P-omission under sluicing,"Under direct interpretation approaches to ellipsis (Ginzburg & Sag 2000; Culicover & Jackendoff 2005; Sag & Nykiel 2011), an interrogative sluice is not derived from a full interrogative counterpart: a wh-fragment recovers its propositional meaning from an antecedent available in the context, and it inherits its syntactic and semantic properties from a contextual correlate.",1,"Under direct interpretation approaches to ellipsis (Ginzburg & Sag 2000; Culicover & Jackendoff 2005; Sag & Nykiel 2011), an interrogative sluice is not derived from a full interrogative counterpart: a wh-fragment recovers its propositional meaning from an antecedent available in the context, and it inherits its syntactic and semantic properties from a contextual correlate.",3,"Under direct interpretation approaches to ellipsis, a wh-fragment inherits its syntactic properties from a contextual correlate."
glossa-15197-hassen,1.2 Alternative analyses of P-omission under sluicing,"Under direct interpretation approaches to ellipsis (Ginzburg & Sag 2000; Culicover & Jackendoff 2005; Sag & Nykiel 2011), an interrogative sluice is not derived from a full interrogative counterpart: a wh-fragment recovers its propositional meaning from an antecedent available in the context, and it inherits its syntactic and semantic properties from a contextual correlate.",1,"Under direct interpretation approaches to ellipsis (Ginzburg & Sag 2000; Culicover & Jackendoff 2005; Sag & Nykiel 2011), an interrogative sluice is not derived from a full interrogative counterpart: a wh-fragment recovers its propositional meaning from an antecedent available in the context, and it inherits its syntactic and semantic properties from a contextual correlate.",4,"Under direct interpretation approaches to ellipsis, a wh-fragment inherits its semantic properties from a contextual correlate."
glossa-15197-hassen,1.2 Alternative analyses of P-omission under sluicing,"This is why, when the correlate is an animate NP, the remnant must be an animate NP, not a PP (6).",1,"1. This is why, when the correlate is an animate NP, the remnant must be an animate NP, not a PP (6).",1,"When the correlate is an animate noun phrase, the remnant must be an animate noun phrase, not a prepositional phrase."
glossa-15197-hassen,1.2 Alternative analyses of P-omission under sluicing,"If the antecedent clause includes a PP, two correlates are in fact available; the whole PP or the NP inside it (7), hence two possible corresponding remnants (an NP or a PP), and the possibility of P-omission (7b).",1,"If the antecedent clause includes a PP, two correlates are in fact available; the whole PP or the NP inside it (7), hence two possible corresponding remnants (an NP or a PP), and the possibility of P-omission (7b).",1,"If the antecedent clause includes a prepositional phrase, two correlates are available: the whole prepositional phrase or the noun phrase inside it."
glossa-15197-hassen,1.2 Alternative analyses of P-omission under sluicing,"If the antecedent clause includes a PP, two correlates are in fact available; the whole PP or the NP inside it (7), hence two possible corresponding remnants (an NP or a PP), and the possibility of P-omission (7b).",1,"If the antecedent clause includes a PP, two correlates are in fact available; the whole PP or the NP inside it (7), hence two possible corresponding remnants (an NP or a PP), and the possibility of P-omission (7b).",2,Two correlates being available—the whole prepositional phrase or the noun phrase inside it—implies that two corresponding remnants are possible: a noun phrase or a prepositional phrase.
glossa-15197-hassen,1.2 Alternative analyses of P-omission under sluicing,"If the antecedent clause includes a PP, two correlates are in fact available; the whole PP or the NP inside it (7), hence two possible corresponding remnants (an NP or a PP), and the possibility of P-omission (7b).",1,"If the antecedent clause includes a PP, two correlates are in fact available; the whole PP or the NP inside it (7), hence two possible corresponding remnants (an NP or a PP), and the possibility of P-omission (7b).",3,Two correlates being available—the whole prepositional phrase or the noun phrase inside it—implies that preposition omission in the sluice remnant is possible.
glossa-15197-hassen,1.2 Alternative analyses of P-omission under sluicing,"Under such theories, any language may allow P-omission in sluices, and non-syntactic factors may play a role. Nykiel (2013), working on Polish, a non-P-stranding language, found that P-omission is acceptable in sluices, while the cleft source proposed by Szczegielniak (2008) was as degraded as ungrammatical controls. She also found that P-omission is favored by nominal correlates and remnants (8a), while pronominal correlates (8b) favor PP remnants.",1,"Under such theories, any language may allow P-omission in sluices, and non-syntactic factors may play a role. Nykiel (2013), working on Polish, a non-P-stranding language, found that P-omission is acceptable in sluices, while the cleft source proposed by Szczegielniak (2008) was as degraded as ungrammatical controls. She also found that P-omission is favored by nominal correlates and remnants (8a), while pronominal correlates (8b) favor PP remnants.",1,"Under direct interpretation approaches to ellipsis, any language may allow preposition omission in sluices."
glossa-15197-hassen,1.2 Alternative analyses of P-omission under sluicing,"Under such theories, any language may allow P-omission in sluices, and non-syntactic factors may play a role. Nykiel (2013), working on Polish, a non-P-stranding language, found that P-omission is acceptable in sluices, while the cleft source proposed by Szczegielniak (2008) was as degraded as ungrammatical controls. She also found that P-omission is favored by nominal correlates and remnants (8a), while pronominal correlates (8b) favor PP remnants.",1,"Under such theories, any language may allow P-omission in sluices, and non-syntactic factors may play a role. Nykiel (2013), working on Polish, a non-P-stranding language, found that P-omission is acceptable in sluices, while the cleft source proposed by Szczegielniak (2008) was as degraded as ungrammatical controls. She also found that P-omission is favored by nominal correlates and remnants (8a), while pronominal correlates (8b) favor PP remnants.",2,"Under direct interpretation approaches to ellipsis, non-syntactic factors may play a role in preposition omission in sluices."
glossa-15197-hassen,1.2 Alternative analyses of P-omission under sluicing,"Under such theories, any language may allow P-omission in sluices, and non-syntactic factors may play a role. Nykiel (2013), working on Polish, a non-P-stranding language, found that P-omission is acceptable in sluices, while the cleft source proposed by Szczegielniak (2008) was as degraded as ungrammatical controls. She also found that P-omission is favored by nominal correlates and remnants (8a), while pronominal correlates (8b) favor PP remnants.",1,"Under such theories, any language may allow P-omission in sluices, and non-syntactic factors may play a role. Nykiel (2013), working on Polish, a non-P-stranding language, found that P-omission is acceptable in sluices, while the cleft source proposed by Szczegielniak (2008) was as degraded as ungrammatical controls. She also found that P-omission is favored by nominal correlates and remnants (8a), while pronominal correlates (8b) favor PP remnants.",3,Polish is a non-preposition-stranding language.
glossa-15197-hassen,1.2 Alternative analyses of P-omission under sluicing,"Under such theories, any language may allow P-omission in sluices, and non-syntactic factors may play a role. Nykiel (2013), working on Polish, a non-P-stranding language, found that P-omission is acceptable in sluices, while the cleft source proposed by Szczegielniak (2008) was as degraded as ungrammatical controls. She also found that P-omission is favored by nominal correlates and remnants (8a), while pronominal correlates (8b) favor PP remnants.",1,"Under such theories, any language may allow P-omission in sluices, and non-syntactic factors may play a role. Nykiel (2013), working on Polish, a non-P-stranding language, found that P-omission is acceptable in sluices, while the cleft source proposed by Szczegielniak (2008) was as degraded as ungrammatical controls. She also found that P-omission is favored by nominal correlates and remnants (8a), while pronominal correlates (8b) favor PP remnants.",4,"In Polish, preposition omission is acceptable in sluices, as found by Nykiel (2013)."
glossa-15197-hassen,1.2 Alternative analyses of P-omission under sluicing,"Under such theories, any language may allow P-omission in sluices, and non-syntactic factors may play a role. Nykiel (2013), working on Polish, a non-P-stranding language, found that P-omission is acceptable in sluices, while the cleft source proposed by Szczegielniak (2008) was as degraded as ungrammatical controls. She also found that P-omission is favored by nominal correlates and remnants (8a), while pronominal correlates (8b) favor PP remnants.",1,"Under such theories, any language may allow P-omission in sluices, and non-syntactic factors may play a role. Nykiel (2013), working on Polish, a non-P-stranding language, found that P-omission is acceptable in sluices, while the cleft source proposed by Szczegielniak (2008) was as degraded as ungrammatical controls. She also found that P-omission is favored by nominal correlates and remnants (8a), while pronominal correlates (8b) favor PP remnants.",5,"In Polish, the cleft source for sluicing proposed by Szczegielniak (2008) was as degraded as ungrammatical controls in Nykiel (2013)."
glossa-15197-hassen,1.2 Alternative analyses of P-omission under sluicing,"Under such theories, any language may allow P-omission in sluices, and non-syntactic factors may play a role. Nykiel (2013), working on Polish, a non-P-stranding language, found that P-omission is acceptable in sluices, while the cleft source proposed by Szczegielniak (2008) was as degraded as ungrammatical controls. She also found that P-omission is favored by nominal correlates and remnants (8a), while pronominal correlates (8b) favor PP remnants.",1,"Under such theories, any language may allow P-omission in sluices, and non-syntactic factors may play a role. Nykiel (2013), working on Polish, a non-P-stranding language, found that P-omission is acceptable in sluices, while the cleft source proposed by Szczegielniak (2008) was as degraded as ungrammatical controls. She also found that P-omission is favored by nominal correlates and remnants (8a), while pronominal correlates (8b) favor PP remnants.",6,"In Polish sluices, preposition omission is favored by nominal correlates, as found by Nykiel (2013)."
glossa-15197-hassen,1.2 Alternative analyses of P-omission under sluicing,"Under such theories, any language may allow P-omission in sluices, and non-syntactic factors may play a role. Nykiel (2013), working on Polish, a non-P-stranding language, found that P-omission is acceptable in sluices, while the cleft source proposed by Szczegielniak (2008) was as degraded as ungrammatical controls. She also found that P-omission is favored by nominal correlates and remnants (8a), while pronominal correlates (8b) favor PP remnants.",1,"Under such theories, any language may allow P-omission in sluices, and non-syntactic factors may play a role. Nykiel (2013), working on Polish, a non-P-stranding language, found that P-omission is acceptable in sluices, while the cleft source proposed by Szczegielniak (2008) was as degraded as ungrammatical controls. She also found that P-omission is favored by nominal correlates and remnants (8a), while pronominal correlates (8b) favor PP remnants.",7,"In Polish sluices, preposition omission is favored by nominal remnants, as found by Nykiel (2013)."
glossa-15197-hassen,1.2 Alternative analyses of P-omission under sluicing,"Under such theories, any language may allow P-omission in sluices, and non-syntactic factors may play a role. Nykiel (2013), working on Polish, a non-P-stranding language, found that P-omission is acceptable in sluices, while the cleft source proposed by Szczegielniak (2008) was as degraded as ungrammatical controls. She also found that P-omission is favored by nominal correlates and remnants (8a), while pronominal correlates (8b) favor PP remnants.",1,"Under such theories, any language may allow P-omission in sluices, and non-syntactic factors may play a role. Nykiel (2013), working on Polish, a non-P-stranding language, found that P-omission is acceptable in sluices, while the cleft source proposed by Szczegielniak (2008) was as degraded as ungrammatical controls. She also found that P-omission is favored by nominal correlates and remnants (8a), while pronominal correlates (8b) favor PP remnants.",8,"In Polish sluices, pronominal correlates favor prepositional phrase remnants, as found by Nykiel (2013)."
glossa-15197-hassen,1.2 Alternative analyses of P-omission under sluicing,"Based on these results, Nykiel suggested a processing-based theory. Interpreting a sluice comes with a processing cost since an antecedent has to be found. As in anaphora processing, some antecedents are more accessible than others, and some cues are better than others (Lewis & Vasishth 2005; Martin & McElree 2011; Parker 2019). Nominal correlates are more accessible than pronominal ones due to their richer semantic and morphosyntactic content (Hofmeister et al. 2007).",1,"Based on these results, Nykiel suggested a processing-based theory. Interpreting a sluice comes with a processing cost since an antecedent has to be found. As in anaphora processing, some antecedents are more accessible than others, and some cues are better than others (Lewis & Vasishth 2005; Martin & McElree 2011; Parker 2019). Nominal correlates are more accessible than pronominal ones due to their richer semantic and morphosyntactic content (Hofmeister et al. 2007).",1,Nykiel proposed a processing-based theory of sluice interpretation.
glossa-15197-hassen,1.2 Alternative analyses of P-omission under sluicing,"Based on these results, Nykiel suggested a processing-based theory. Interpreting a sluice comes with a processing cost since an antecedent has to be found. As in anaphora processing, some antecedents are more accessible than others, and some cues are better than others (Lewis & Vasishth 2005; Martin & McElree 2011; Parker 2019). Nominal correlates are more accessible than pronominal ones due to their richer semantic and morphosyntactic content (Hofmeister et al. 2007).",1,"Based on these results, Nykiel suggested a processing-based theory. Interpreting a sluice comes with a processing cost since an antecedent has to be found. As in anaphora processing, some antecedents are more accessible than others, and some cues are better than others (Lewis & Vasishth 2005; Martin & McElree 2011; Parker 2019). Nominal correlates are more accessible than pronominal ones due to their richer semantic and morphosyntactic content (Hofmeister et al. 2007).",2,"To interpret a sluice, an antecedent has to be found."
glossa-15197-hassen,1.2 Alternative analyses of P-omission under sluicing,"Based on these results, Nykiel suggested a processing-based theory. Interpreting a sluice comes with a processing cost since an antecedent has to be found. As in anaphora processing, some antecedents are more accessible than others, and some cues are better than others (Lewis & Vasishth 2005; Martin & McElree 2011; Parker 2019). Nominal correlates are more accessible than pronominal ones due to their richer semantic and morphosyntactic content (Hofmeister et al. 2007).",1,"Based on these results, Nykiel suggested a processing-based theory. Interpreting a sluice comes with a processing cost since an antecedent has to be found. As in anaphora processing, some antecedents are more accessible than others, and some cues are better than others (Lewis & Vasishth 2005; Martin & McElree 2011; Parker 2019). Nominal correlates are more accessible than pronominal ones due to their richer semantic and morphosyntactic content (Hofmeister et al. 2007).",3,The need to find an antecedent to interpret a sluice implies that interpreting a sluice comes with a processing cost.
glossa-15197-hassen,1.2 Alternative analyses of P-omission under sluicing,"Based on these results, Nykiel suggested a processing-based theory. Interpreting a sluice comes with a processing cost since an antecedent has to be found. As in anaphora processing, some antecedents are more accessible than others, and some cues are better than others (Lewis & Vasishth 2005; Martin & McElree 2011; Parker 2019). Nominal correlates are more accessible than pronominal ones due to their richer semantic and morphosyntactic content (Hofmeister et al. 2007).",1,"Based on these results, Nykiel suggested a processing-based theory. Interpreting a sluice comes with a processing cost since an antecedent has to be found. As in anaphora processing, some antecedents are more accessible than others, and some cues are better than others (Lewis & Vasishth 2005; Martin & McElree 2011; Parker 2019). Nominal correlates are more accessible than pronominal ones due to their richer semantic and morphosyntactic content (Hofmeister et al. 2007).",4,"According to Lewis and Vasishth (2005), Martin and McElree (2011), and Parker (2019), some antecedents are more accessible than others in anaphora processing."
glossa-15197-hassen,1.2 Alternative analyses of P-omission under sluicing,"Based on these results, Nykiel suggested a processing-based theory. Interpreting a sluice comes with a processing cost since an antecedent has to be found. As in anaphora processing, some antecedents are more accessible than others, and some cues are better than others (Lewis & Vasishth 2005; Martin & McElree 2011; Parker 2019). Nominal correlates are more accessible than pronominal ones due to their richer semantic and morphosyntactic content (Hofmeister et al. 2007).",1,"Based on these results, Nykiel suggested a processing-based theory. Interpreting a sluice comes with a processing cost since an antecedent has to be found. As in anaphora processing, some antecedents are more accessible than others, and some cues are better than others (Lewis & Vasishth 2005; Martin & McElree 2011; Parker 2019). Nominal correlates are more accessible than pronominal ones due to their richer semantic and morphosyntactic content (Hofmeister et al. 2007).",5,"According to Lewis and Vasishth (2005), Martin and McElree (2011), and Parker (2019), some retrieval cues are better than others in anaphora processing."
glossa-15197-hassen,1.2 Alternative analyses of P-omission under sluicing,"Based on these results, Nykiel suggested a processing-based theory. Interpreting a sluice comes with a processing cost since an antecedent has to be found. As in anaphora processing, some antecedents are more accessible than others, and some cues are better than others (Lewis & Vasishth 2005; Martin & McElree 2011; Parker 2019). Nominal correlates are more accessible than pronominal ones due to their richer semantic and morphosyntactic content (Hofmeister et al. 2007).",1,"Based on these results, Nykiel suggested a processing-based theory. Interpreting a sluice comes with a processing cost since an antecedent has to be found. As in anaphora processing, some antecedents are more accessible than others, and some cues are better than others (Lewis & Vasishth 2005; Martin & McElree 2011; Parker 2019). Nominal correlates are more accessible than pronominal ones due to their richer semantic and morphosyntactic content (Hofmeister et al. 2007).",6,"According to Hofmeister et al. (2007), nominal correlates are more accessible than pronominal correlates due to richer semantic and morphosyntactic content."
glossa-15197-hassen,1.2 Alternative analyses of P-omission under sluicing,"Prepositions also act as cues to retrieve the PP correlate (preventing who to be misinterpreted as referring to Paul in (7b), for instance), hence P-omission in sluices comes with a processing cost (Nykiel & Hawkins 2020). Philippova (2014) found that preposition length favors P-omission in Russian, longer prepositions offering a better cue for ellipsis resolution, and Nykiel & Kim (2022b) found a similar effect for Polish.",1,"Prepositions also act as cues to retrieve the PP correlate (preventing who to be misinterpreted as referring to Paul in (7b), for instance), hence P-omission in sluices comes with a processing cost (Nykiel & Hawkins 2020). Philippova (2014) found that preposition length favors P-omission in Russian, longer prepositions offering a better cue for ellipsis resolution, and Nykiel & Kim (2022b) found a similar effect for Polish.",1,"According to Nykiel and Hawkins (2020), prepositions act as cues to retrieve the prepositional phrase correlate."
glossa-15197-hassen,1.2 Alternative analyses of P-omission under sluicing,"Prepositions also act as cues to retrieve the PP correlate (preventing who to be misinterpreted as referring to Paul in (7b), for instance), hence P-omission in sluices comes with a processing cost (Nykiel & Hawkins 2020). Philippova (2014) found that preposition length favors P-omission in Russian, longer prepositions offering a better cue for ellipsis resolution, and Nykiel & Kim (2022b) found a similar effect for Polish.",1,"Prepositions also act as cues to retrieve the PP correlate (preventing who to be misinterpreted as referring to Paul in (7b), for instance), hence P-omission in sluices comes with a processing cost (Nykiel & Hawkins 2020). Philippova (2014) found that preposition length favors P-omission in Russian, longer prepositions offering a better cue for ellipsis resolution, and Nykiel & Kim (2022b) found a similar effect for Polish.",2,"Prepositions acting as cues to retrieve the prepositional phrase correlate implies that preposition omission in sluices comes with a processing cost, according to Nykiel and Hawkins (2020)."
glossa-15197-hassen,1.2 Alternative analyses of P-omission under sluicing,"Prepositions also act as cues to retrieve the PP correlate (preventing who to be misinterpreted as referring to Paul in (7b), for instance), hence P-omission in sluices comes with a processing cost (Nykiel & Hawkins 2020). Philippova (2014) found that preposition length favors P-omission in Russian, longer prepositions offering a better cue for ellipsis resolution, and Nykiel & Kim (2022b) found a similar effect for Polish.",1,"Prepositions also act as cues to retrieve the PP correlate (preventing who to be misinterpreted as referring to Paul in (7b), for instance), hence P-omission in sluices comes with a processing cost (Nykiel & Hawkins 2020). Philippova (2014) found that preposition length favors P-omission in Russian, longer prepositions offering a better cue for ellipsis resolution, and Nykiel & Kim (2022b) found a similar effect for Polish.",3,"Philippova (2014) found that, in Russian, preposition length favors preposition omission in sluices."
glossa-15197-hassen,1.2 Alternative analyses of P-omission under sluicing,"Prepositions also act as cues to retrieve the PP correlate (preventing who to be misinterpreted as referring to Paul in (7b), for instance), hence P-omission in sluices comes with a processing cost (Nykiel & Hawkins 2020). Philippova (2014) found that preposition length favors P-omission in Russian, longer prepositions offering a better cue for ellipsis resolution, and Nykiel & Kim (2022b) found a similar effect for Polish.",1,"Prepositions also act as cues to retrieve the PP correlate (preventing who to be misinterpreted as referring to Paul in (7b), for instance), hence P-omission in sluices comes with a processing cost (Nykiel & Hawkins 2020). Philippova (2014) found that preposition length favors P-omission in Russian, longer prepositions offering a better cue for ellipsis resolution, and Nykiel & Kim (2022b) found a similar effect for Polish.",4,"Philippova (2014) found that, in Russian, longer prepositions offer a better cue for ellipsis resolution."
glossa-15197-hassen,1.2 Alternative analyses of P-omission under sluicing,"Prepositions also act as cues to retrieve the PP correlate (preventing who to be misinterpreted as referring to Paul in (7b), for instance), hence P-omission in sluices comes with a processing cost (Nykiel & Hawkins 2020). Philippova (2014) found that preposition length favors P-omission in Russian, longer prepositions offering a better cue for ellipsis resolution, and Nykiel & Kim (2022b) found a similar effect for Polish.",1,"Prepositions also act as cues to retrieve the PP correlate (preventing who to be misinterpreted as referring to Paul in (7b), for instance), hence P-omission in sluices comes with a processing cost (Nykiel & Hawkins 2020). Philippova (2014) found that preposition length favors P-omission in Russian, longer prepositions offering a better cue for ellipsis resolution, and Nykiel & Kim (2022b) found a similar effect for Polish.",5,"Nykiel and Kim (2022b) found that, in Polish, preposition length favors preposition omission in sluices."
glossa-15197-hassen,1.2 Alternative analyses of P-omission under sluicing,"According to Nykiel & Hawkins (2020)’s theory, two general principles are at play: Minimize Forms (MiF) (Hawkins 2004), favoring ellipsis and P-omission, and Minimize Domains (MiD), which may disfavor P-omission. According to MiF, forms can be reduced (e.g., via ellipsis) when the necessary information can be easily retrieved from the context, with full noun phrases being more accessible than pronouns. For sluices, MiF predicts that P-omission is more likely to occur with nominal correlates, which are easily accessible, and also with nominal remnants, which are better cues than pronominal ones.",1,"According to Nykiel & Hawkins (2020)’s theory, two general principles are at play: Minimize Forms (MiF) (Hawkins 2004), favoring ellipsis and P-omission, and Minimize Domains (MiD), which may disfavor P-omission. According to MiF, forms can be reduced (e.g., via ellipsis) when the necessary information can be easily retrieved from the context, with full noun phrases being more accessible than pronouns. For sluices, MiF predicts that P-omission is more likely to occur with nominal correlates, which are easily accessible, and also with nominal remnants, which are better cues than pronominal ones.",1,"According to Nykiel and Hawkins (2020), the principle Minimize Forms favors ellipsis and preposition omission."
glossa-15197-hassen,1.2 Alternative analyses of P-omission under sluicing,"According to Nykiel & Hawkins (2020)’s theory, two general principles are at play: Minimize Forms (MiF) (Hawkins 2004), favoring ellipsis and P-omission, and Minimize Domains (MiD), which may disfavor P-omission. According to MiF, forms can be reduced (e.g., via ellipsis) when the necessary information can be easily retrieved from the context, with full noun phrases being more accessible than pronouns. For sluices, MiF predicts that P-omission is more likely to occur with nominal correlates, which are easily accessible, and also with nominal remnants, which are better cues than pronominal ones.",1,"According to Nykiel & Hawkins (2020)’s theory, two general principles are at play: Minimize Forms (MiF) (Hawkins 2004), favoring ellipsis and P-omission, and Minimize Domains (MiD), which may disfavor P-omission. According to MiF, forms can be reduced (e.g., via ellipsis) when the necessary information can be easily retrieved from the context, with full noun phrases being more accessible than pronouns. For sluices, MiF predicts that P-omission is more likely to occur with nominal correlates, which are easily accessible, and also with nominal remnants, which are better cues than pronominal ones.",2,"According to Nykiel and Hawkins (2020), the principle Minimize Domains may disfavor preposition omission."
glossa-15197-hassen,1.2 Alternative analyses of P-omission under sluicing,"According to Nykiel & Hawkins (2020)’s theory, two general principles are at play: Minimize Forms (MiF) (Hawkins 2004), favoring ellipsis and P-omission, and Minimize Domains (MiD), which may disfavor P-omission. According to MiF, forms can be reduced (e.g., via ellipsis) when the necessary information can be easily retrieved from the context, with full noun phrases being more accessible than pronouns. For sluices, MiF predicts that P-omission is more likely to occur with nominal correlates, which are easily accessible, and also with nominal remnants, which are better cues than pronominal ones.",1,"According to Nykiel & Hawkins (2020)’s theory, two general principles are at play: Minimize Forms (MiF) (Hawkins 2004), favoring ellipsis and P-omission, and Minimize Domains (MiD), which may disfavor P-omission. According to MiF, forms can be reduced (e.g., via ellipsis) when the necessary information can be easily retrieved from the context, with full noun phrases being more accessible than pronouns. For sluices, MiF predicts that P-omission is more likely to occur with nominal correlates, which are easily accessible, and also with nominal remnants, which are better cues than pronominal ones.",3,"According to the principle Minimize Forms, forms can be reduced by ellipsis when the necessary information can be easily retrieved from the context."
glossa-15197-hassen,1.2 Alternative analyses of P-omission under sluicing,"According to Nykiel & Hawkins (2020)’s theory, two general principles are at play: Minimize Forms (MiF) (Hawkins 2004), favoring ellipsis and P-omission, and Minimize Domains (MiD), which may disfavor P-omission. According to MiF, forms can be reduced (e.g., via ellipsis) when the necessary information can be easily retrieved from the context, with full noun phrases being more accessible than pronouns. For sluices, MiF predicts that P-omission is more likely to occur with nominal correlates, which are easily accessible, and also with nominal remnants, which are better cues than pronominal ones.",1,"According to Nykiel & Hawkins (2020)’s theory, two general principles are at play: Minimize Forms (MiF) (Hawkins 2004), favoring ellipsis and P-omission, and Minimize Domains (MiD), which may disfavor P-omission. According to MiF, forms can be reduced (e.g., via ellipsis) when the necessary information can be easily retrieved from the context, with full noun phrases being more accessible than pronouns. For sluices, MiF predicts that P-omission is more likely to occur with nominal correlates, which are easily accessible, and also with nominal remnants, which are better cues than pronominal ones.",4,"According to the principle Minimize Forms, full noun phrases are more accessible than pronouns."
glossa-15197-hassen,1.2 Alternative analyses of P-omission under sluicing,"According to Nykiel & Hawkins (2020)’s theory, two general principles are at play: Minimize Forms (MiF) (Hawkins 2004), favoring ellipsis and P-omission, and Minimize Domains (MiD), which may disfavor P-omission. According to MiF, forms can be reduced (e.g., via ellipsis) when the necessary information can be easily retrieved from the context, with full noun phrases being more accessible than pronouns. For sluices, MiF predicts that P-omission is more likely to occur with nominal correlates, which are easily accessible, and also with nominal remnants, which are better cues than pronominal ones.",1,"According to Nykiel & Hawkins (2020)’s theory, two general principles are at play: Minimize Forms (MiF) (Hawkins 2004), favoring ellipsis and P-omission, and Minimize Domains (MiD), which may disfavor P-omission. According to MiF, forms can be reduced (e.g., via ellipsis) when the necessary information can be easily retrieved from the context, with full noun phrases being more accessible than pronouns. For sluices, MiF predicts that P-omission is more likely to occur with nominal correlates, which are easily accessible, and also with nominal remnants, which are better cues than pronominal ones.",5,"According to the principle Minimize Forms, for sluices, preposition omission is more likely with nominal correlates."
glossa-15197-hassen,1.2 Alternative analyses of P-omission under sluicing,"According to Nykiel & Hawkins (2020)’s theory, two general principles are at play: Minimize Forms (MiF) (Hawkins 2004), favoring ellipsis and P-omission, and Minimize Domains (MiD), which may disfavor P-omission. According to MiF, forms can be reduced (e.g., via ellipsis) when the necessary information can be easily retrieved from the context, with full noun phrases being more accessible than pronouns. For sluices, MiF predicts that P-omission is more likely to occur with nominal correlates, which are easily accessible, and also with nominal remnants, which are better cues than pronominal ones.",1,"According to Nykiel & Hawkins (2020)’s theory, two general principles are at play: Minimize Forms (MiF) (Hawkins 2004), favoring ellipsis and P-omission, and Minimize Domains (MiD), which may disfavor P-omission. According to MiF, forms can be reduced (e.g., via ellipsis) when the necessary information can be easily retrieved from the context, with full noun phrases being more accessible than pronouns. For sluices, MiF predicts that P-omission is more likely to occur with nominal correlates, which are easily accessible, and also with nominal remnants, which are better cues than pronominal ones.",6,"According to the principle Minimize Forms, for sluices, preposition omission is more likely with nominal remnants."
glossa-15197-hassen,1.2 Alternative analyses of P-omission under sluicing,"According to Nykiel & Hawkins (2020)’s theory, two general principles are at play: Minimize Forms (MiF) (Hawkins 2004), favoring ellipsis and P-omission, and Minimize Domains (MiD), which may disfavor P-omission. According to MiF, forms can be reduced (e.g., via ellipsis) when the necessary information can be easily retrieved from the context, with full noun phrases being more accessible than pronouns. For sluices, MiF predicts that P-omission is more likely to occur with nominal correlates, which are easily accessible, and also with nominal remnants, which are better cues than pronominal ones.",1,"According to Nykiel & Hawkins (2020)’s theory, two general principles are at play: Minimize Forms (MiF) (Hawkins 2004), favoring ellipsis and P-omission, and Minimize Domains (MiD), which may disfavor P-omission. According to MiF, forms can be reduced (e.g., via ellipsis) when the necessary information can be easily retrieved from the context, with full noun phrases being more accessible than pronouns. For sluices, MiF predicts that P-omission is more likely to occur with nominal correlates, which are easily accessible, and also with nominal remnants, which are better cues than pronominal ones.",7,Nominal correlates are easily accessible.
glossa-15197-hassen,1.2 Alternative analyses of P-omission under sluicing,"According to Nykiel & Hawkins (2020)’s theory, two general principles are at play: Minimize Forms (MiF) (Hawkins 2004), favoring ellipsis and P-omission, and Minimize Domains (MiD), which may disfavor P-omission. According to MiF, forms can be reduced (e.g., via ellipsis) when the necessary information can be easily retrieved from the context, with full noun phrases being more accessible than pronouns. For sluices, MiF predicts that P-omission is more likely to occur with nominal correlates, which are easily accessible, and also with nominal remnants, which are better cues than pronominal ones.",1,"According to Nykiel & Hawkins (2020)’s theory, two general principles are at play: Minimize Forms (MiF) (Hawkins 2004), favoring ellipsis and P-omission, and Minimize Domains (MiD), which may disfavor P-omission. According to MiF, forms can be reduced (e.g., via ellipsis) when the necessary information can be easily retrieved from the context, with full noun phrases being more accessible than pronouns. For sluices, MiF predicts that P-omission is more likely to occur with nominal correlates, which are easily accessible, and also with nominal remnants, which are better cues than pronominal ones.",8,Nominal remnants are better cues than pronominal remnants.
glossa-15197-hassen,1.2 Alternative analyses of P-omission under sluicing,"According to MiD, on the other hand, processing efficiency increases when semantically and syntactically dependent elements are processed in the smallest possible processing domain. In a PP sluice, P is typically processed within the PP domain when P is independent from the verb as in (9a). However, if the P is dependent on the verb as in (9b), it is interpreted in the VP domain. This domain extension creates an additional processing cost for sluices as P in the remnant must go back to re-establish its dependency relation with the V for interpretation. Therefore, MiD predicts that V-dependent Ps are more easily omitted in a sluice.",1,"According to MiD, on the other hand, processing efficiency increases when semantically and syntactically dependent elements are processed in the smallest possible processing domain. In a PP sluice, P is typically processed within the PP domain when P is independent from the verb as in (9a). However, if the P is dependent on the verb as in (9b), it is interpreted in the VP domain. This domain extension creates an additional processing cost for sluices as P in the remnant must go back to re-establish its dependency relation with the V for interpretation. Therefore, MiD predicts that V-dependent Ps are more easily omitted in a sluice.",1,"According to the principle Minimize Domains, processing efficiency increases when semantically and syntactically dependent elements are processed in the smallest possible processing domain."
glossa-15197-hassen,1.2 Alternative analyses of P-omission under sluicing,"According to MiD, on the other hand, processing efficiency increases when semantically and syntactically dependent elements are processed in the smallest possible processing domain. In a PP sluice, P is typically processed within the PP domain when P is independent from the verb as in (9a). However, if the P is dependent on the verb as in (9b), it is interpreted in the VP domain. This domain extension creates an additional processing cost for sluices as P in the remnant must go back to re-establish its dependency relation with the V for interpretation. Therefore, MiD predicts that V-dependent Ps are more easily omitted in a sluice.",1,"According to MiD, on the other hand, processing efficiency increases when semantically and syntactically dependent elements are processed in the smallest possible processing domain. In a PP sluice, P is typically processed within the PP domain when P is independent from the verb as in (9a). However, if the P is dependent on the verb as in (9b), it is interpreted in the VP domain. This domain extension creates an additional processing cost for sluices as P in the remnant must go back to re-establish its dependency relation with the V for interpretation. Therefore, MiD predicts that V-dependent Ps are more easily omitted in a sluice.",2,"In a prepositional phrase sluice, a preposition that is independent from the verb is typically processed within the prepositional phrase domain."
glossa-15197-hassen,1.2 Alternative analyses of P-omission under sluicing,"According to MiD, on the other hand, processing efficiency increases when semantically and syntactically dependent elements are processed in the smallest possible processing domain. In a PP sluice, P is typically processed within the PP domain when P is independent from the verb as in (9a). However, if the P is dependent on the verb as in (9b), it is interpreted in the VP domain. This domain extension creates an additional processing cost for sluices as P in the remnant must go back to re-establish its dependency relation with the V for interpretation. Therefore, MiD predicts that V-dependent Ps are more easily omitted in a sluice.",1,"According to MiD, on the other hand, processing efficiency increases when semantically and syntactically dependent elements are processed in the smallest possible processing domain. In a PP sluice, P is typically processed within the PP domain when P is independent from the verb as in (9a). However, if the P is dependent on the verb as in (9b), it is interpreted in the VP domain. This domain extension creates an additional processing cost for sluices as P in the remnant must go back to re-establish its dependency relation with the V for interpretation. Therefore, MiD predicts that V-dependent Ps are more easily omitted in a sluice.",3,"If a preposition is dependent on the verb, it is interpreted in the verb phrase domain."
glossa-15197-hassen,1.2 Alternative analyses of P-omission under sluicing,"According to MiD, on the other hand, processing efficiency increases when semantically and syntactically dependent elements are processed in the smallest possible processing domain. In a PP sluice, P is typically processed within the PP domain when P is independent from the verb as in (9a). However, if the P is dependent on the verb as in (9b), it is interpreted in the VP domain. This domain extension creates an additional processing cost for sluices as P in the remnant must go back to re-establish its dependency relation with the V for interpretation. Therefore, MiD predicts that V-dependent Ps are more easily omitted in a sluice.",1,"According to MiD, on the other hand, processing efficiency increases when semantically and syntactically dependent elements are processed in the smallest possible processing domain. In a PP sluice, P is typically processed within the PP domain when P is independent from the verb as in (9a). However, if the P is dependent on the verb as in (9b), it is interpreted in the VP domain. This domain extension creates an additional processing cost for sluices as P in the remnant must go back to re-establish its dependency relation with the V for interpretation. Therefore, MiD predicts that V-dependent Ps are more easily omitted in a sluice.",4,"In sluices with a verb-dependent preposition, the preposition in the remnant must go back to re-establish its dependency relation with the verb for interpretation."
glossa-15197-hassen,1.2 Alternative analyses of P-omission under sluicing,"According to MiD, on the other hand, processing efficiency increases when semantically and syntactically dependent elements are processed in the smallest possible processing domain. In a PP sluice, P is typically processed within the PP domain when P is independent from the verb as in (9a). However, if the P is dependent on the verb as in (9b), it is interpreted in the VP domain. This domain extension creates an additional processing cost for sluices as P in the remnant must go back to re-establish its dependency relation with the V for interpretation. Therefore, MiD predicts that V-dependent Ps are more easily omitted in a sluice.",1,"According to MiD, on the other hand, processing efficiency increases when semantically and syntactically dependent elements are processed in the smallest possible processing domain. In a PP sluice, P is typically processed within the PP domain when P is independent from the verb as in (9a). However, if the P is dependent on the verb as in (9b), it is interpreted in the VP domain. This domain extension creates an additional processing cost for sluices as P in the remnant must go back to re-establish its dependency relation with the V for interpretation. Therefore, MiD predicts that V-dependent Ps are more easily omitted in a sluice.",5,The need for the preposition in the remnant to re-establish its dependency relation with the verb implies an additional processing cost for sluices.
glossa-15197-hassen,1.2 Alternative analyses of P-omission under sluicing,"According to MiD, on the other hand, processing efficiency increases when semantically and syntactically dependent elements are processed in the smallest possible processing domain. In a PP sluice, P is typically processed within the PP domain when P is independent from the verb as in (9a). However, if the P is dependent on the verb as in (9b), it is interpreted in the VP domain. This domain extension creates an additional processing cost for sluices as P in the remnant must go back to re-establish its dependency relation with the V for interpretation. Therefore, MiD predicts that V-dependent Ps are more easily omitted in a sluice.",1,"According to MiD, on the other hand, processing efficiency increases when semantically and syntactically dependent elements are processed in the smallest possible processing domain. In a PP sluice, P is typically processed within the PP domain when P is independent from the verb as in (9a). However, if the P is dependent on the verb as in (9b), it is interpreted in the VP domain. This domain extension creates an additional processing cost for sluices as P in the remnant must go back to re-establish its dependency relation with the V for interpretation. Therefore, MiD predicts that V-dependent Ps are more easily omitted in a sluice.",6,"According to the principle Minimize Domains, verb-dependent prepositions are more easily omitted in a sluice."
glossa-15197-hassen,1.2 Alternative analyses of P-omission under sluicing,"In such a theory, the acceptability of P-omission under sluicing is flexible, and favored by contentful remnants and correlates, and also by more dependent prepositions.",1,"In such a theory, the acceptability of P-omission under sluicing is flexible, and favored by contentful remnants and correlates, and also by more dependent prepositions.",1,"Under a processing-based theory of sluicing that incorporates Minimize Forms and Minimize Domains, the acceptability of preposition omission under sluicing is flexible."
glossa-15197-hassen,1.2 Alternative analyses of P-omission under sluicing,"In such a theory, the acceptability of P-omission under sluicing is flexible, and favored by contentful remnants and correlates, and also by more dependent prepositions.",1,"In such a theory, the acceptability of P-omission under sluicing is flexible, and favored by contentful remnants and correlates, and also by more dependent prepositions.",2,"Under a processing-based theory of sluicing that incorporates Minimize Forms and Minimize Domains, preposition omission under sluicing is favored by contentful remnants."
glossa-15197-hassen,1.2 Alternative analyses of P-omission under sluicing,"In such a theory, the acceptability of P-omission under sluicing is flexible, and favored by contentful remnants and correlates, and also by more dependent prepositions.",1,"In such a theory, the acceptability of P-omission under sluicing is flexible, and favored by contentful remnants and correlates, and also by more dependent prepositions.",3,"Under a processing-based theory of sluicing that incorporates Minimize Forms and Minimize Domains, preposition omission under sluicing is favored by contentful correlates."
glossa-15197-hassen,1.2 Alternative analyses of P-omission under sluicing,"In such a theory, the acceptability of P-omission under sluicing is flexible, and favored by contentful remnants and correlates, and also by more dependent prepositions.",1,"In such a theory, the acceptability of P-omission under sluicing is flexible, and favored by contentful remnants and correlates, and also by more dependent prepositions.",4,"Under a processing-based theory of sluicing that incorporates Minimize Forms and Minimize Domains, preposition omission under sluicing is favored by more dependent prepositions."
