article,section,paragraph,sentence_idx,sentence_text,statement_idx,predicted_statement
glossa-5270-pineda,,"Basque is a morphologically ergative language in which intransitive verbs show two different morphological alignments: broadly speaking, agentive verbs usually occur with an ergative subject and the auxiliary edun ‘have’, whereas patientive verbs combine with an absolutive subject and the auxiliary izan ‘be’ (Levin 1983). Nevertheless, there exists some dialectal variation regarding the use of certain agentive verbs, specifically those that convey (non-static) processes, where the subject is interpreted as both the force initiating the process and the entity undergoing it. We will henceforth refer to this group of verbs as agentive process verbs. In Eastern dialects,1 some agentive process verbs combine an absolutive subject with the auxiliary izan ‘be’ (Oyharçabal 1992; Aldai 2006; 2009; 2010; Berro 2010; 2012), thus resembling other ergative – non-active – languages like Warlpiri, Niuean and Samoan, where all intransitive verbs combine with an absolutive subject (Levin 1983; Massam 2009; Tollan 2018). Even if we do not believe that verb meaning by itself (in rough terms, agentive vs. patientive) is a totally reliable predictor of the syntactic behavior of verbs, it is important to pay attention to and account for those cases where semantic generalizations are clearly contravened, as occurs with the verbs under study. With the exception of Levin (1983), previous studies have assumed that the agentive process verbs that combine with an absolutive subject in Eastern dialects are unergative and have accounted independently for the absolutive marking. In fact, these verbs belong to semantic groups that are usually considered unergative (controlled and agentive processes), and include bazkaldu ‘have lunch’, solastatu ‘talk’, borrokatu ‘fight’ or jolastu ‘play’. Moreover, they behave syntactically like unergatives in their inability to undergo causativization (Oyharçabal 2003).",1,"Basque is a morphologically ergative language in which intransitive verbs show two different morphological alignments: broadly speaking, agentive verbs usually occur with an ergative subject and the auxiliary edun ‘have’, whereas patientive verbs combine with an absolutive subject and the auxiliary izan ‘be’ (Levin 1983).",1,"In Basque, agentive verbs usually occur with an ergative subject and the auxiliary edun (Levin 1983)."
glossa-5270-pineda,,"Basque is a morphologically ergative language in which intransitive verbs show two different morphological alignments: broadly speaking, agentive verbs usually occur with an ergative subject and the auxiliary edun ‘have’, whereas patientive verbs combine with an absolutive subject and the auxiliary izan ‘be’ (Levin 1983). Nevertheless, there exists some dialectal variation regarding the use of certain agentive verbs, specifically those that convey (non-static) processes, where the subject is interpreted as both the force initiating the process and the entity undergoing it. We will henceforth refer to this group of verbs as agentive process verbs. In Eastern dialects,1 some agentive process verbs combine an absolutive subject with the auxiliary izan ‘be’ (Oyharçabal 1992; Aldai 2006; 2009; 2010; Berro 2010; 2012), thus resembling other ergative – non-active – languages like Warlpiri, Niuean and Samoan, where all intransitive verbs combine with an absolutive subject (Levin 1983; Massam 2009; Tollan 2018). Even if we do not believe that verb meaning by itself (in rough terms, agentive vs. patientive) is a totally reliable predictor of the syntactic behavior of verbs, it is important to pay attention to and account for those cases where semantic generalizations are clearly contravened, as occurs with the verbs under study. With the exception of Levin (1983), previous studies have assumed that the agentive process verbs that combine with an absolutive subject in Eastern dialects are unergative and have accounted independently for the absolutive marking. In fact, these verbs belong to semantic groups that are usually considered unergative (controlled and agentive processes), and include bazkaldu ‘have lunch’, solastatu ‘talk’, borrokatu ‘fight’ or jolastu ‘play’. Moreover, they behave syntactically like unergatives in their inability to undergo causativization (Oyharçabal 2003).",1,"Basque is a morphologically ergative language in which intransitive verbs show two different morphological alignments: broadly speaking, agentive verbs usually occur with an ergative subject and the auxiliary edun ‘have’, whereas patientive verbs combine with an absolutive subject and the auxiliary izan ‘be’ (Levin 1983).",2,"In Basque, patientive verbs combine with an absolutive subject and the auxiliary izan (Levin 1983)."
glossa-5270-pineda,,"Basque is a morphologically ergative language in which intransitive verbs show two different morphological alignments: broadly speaking, agentive verbs usually occur with an ergative subject and the auxiliary edun ‘have’, whereas patientive verbs combine with an absolutive subject and the auxiliary izan ‘be’ (Levin 1983). Nevertheless, there exists some dialectal variation regarding the use of certain agentive verbs, specifically those that convey (non-static) processes, where the subject is interpreted as both the force initiating the process and the entity undergoing it. We will henceforth refer to this group of verbs as agentive process verbs. In Eastern dialects,1 some agentive process verbs combine an absolutive subject with the auxiliary izan ‘be’ (Oyharçabal 1992; Aldai 2006; 2009; 2010; Berro 2010; 2012), thus resembling other ergative – non-active – languages like Warlpiri, Niuean and Samoan, where all intransitive verbs combine with an absolutive subject (Levin 1983; Massam 2009; Tollan 2018). Even if we do not believe that verb meaning by itself (in rough terms, agentive vs. patientive) is a totally reliable predictor of the syntactic behavior of verbs, it is important to pay attention to and account for those cases where semantic generalizations are clearly contravened, as occurs with the verbs under study. With the exception of Levin (1983), previous studies have assumed that the agentive process verbs that combine with an absolutive subject in Eastern dialects are unergative and have accounted independently for the absolutive marking. In fact, these verbs belong to semantic groups that are usually considered unergative (controlled and agentive processes), and include bazkaldu ‘have lunch’, solastatu ‘talk’, borrokatu ‘fight’ or jolastu ‘play’. Moreover, they behave syntactically like unergatives in their inability to undergo causativization (Oyharçabal 2003).",2,"Nevertheless, there exists some dialectal variation regarding the use of certain agentive verbs, specifically those that convey (non-static) processes, where the subject is interpreted as both the force initiating the process and the entity undergoing it.",3,"In Basque, there exists dialectal variation in the use of agentive process verbs, specifically those that convey non-static processes, where the subject is interpreted as both the force initiating the process and the entity undergoing it."
glossa-5270-pineda,,"Basque is a morphologically ergative language in which intransitive verbs show two different morphological alignments: broadly speaking, agentive verbs usually occur with an ergative subject and the auxiliary edun ‘have’, whereas patientive verbs combine with an absolutive subject and the auxiliary izan ‘be’ (Levin 1983). Nevertheless, there exists some dialectal variation regarding the use of certain agentive verbs, specifically those that convey (non-static) processes, where the subject is interpreted as both the force initiating the process and the entity undergoing it. We will henceforth refer to this group of verbs as agentive process verbs. In Eastern dialects,1 some agentive process verbs combine an absolutive subject with the auxiliary izan ‘be’ (Oyharçabal 1992; Aldai 2006; 2009; 2010; Berro 2010; 2012), thus resembling other ergative – non-active – languages like Warlpiri, Niuean and Samoan, where all intransitive verbs combine with an absolutive subject (Levin 1983; Massam 2009; Tollan 2018). Even if we do not believe that verb meaning by itself (in rough terms, agentive vs. patientive) is a totally reliable predictor of the syntactic behavior of verbs, it is important to pay attention to and account for those cases where semantic generalizations are clearly contravened, as occurs with the verbs under study. With the exception of Levin (1983), previous studies have assumed that the agentive process verbs that combine with an absolutive subject in Eastern dialects are unergative and have accounted independently for the absolutive marking. In fact, these verbs belong to semantic groups that are usually considered unergative (controlled and agentive processes), and include bazkaldu ‘have lunch’, solastatu ‘talk’, borrokatu ‘fight’ or jolastu ‘play’. Moreover, they behave syntactically like unergatives in their inability to undergo causativization (Oyharçabal 2003).",3,We will henceforth refer to this group of verbs as agentive process verbs.,4,"In Basque, this group of verbs is referred to as agentive process verbs."
glossa-5270-pineda,,"Basque is a morphologically ergative language in which intransitive verbs show two different morphological alignments: broadly speaking, agentive verbs usually occur with an ergative subject and the auxiliary edun ‘have’, whereas patientive verbs combine with an absolutive subject and the auxiliary izan ‘be’ (Levin 1983). Nevertheless, there exists some dialectal variation regarding the use of certain agentive verbs, specifically those that convey (non-static) processes, where the subject is interpreted as both the force initiating the process and the entity undergoing it. We will henceforth refer to this group of verbs as agentive process verbs. In Eastern dialects,1 some agentive process verbs combine an absolutive subject with the auxiliary izan ‘be’ (Oyharçabal 1992; Aldai 2006; 2009; 2010; Berro 2010; 2012), thus resembling other ergative – non-active – languages like Warlpiri, Niuean and Samoan, where all intransitive verbs combine with an absolutive subject (Levin 1983; Massam 2009; Tollan 2018). Even if we do not believe that verb meaning by itself (in rough terms, agentive vs. patientive) is a totally reliable predictor of the syntactic behavior of verbs, it is important to pay attention to and account for those cases where semantic generalizations are clearly contravened, as occurs with the verbs under study. With the exception of Levin (1983), previous studies have assumed that the agentive process verbs that combine with an absolutive subject in Eastern dialects are unergative and have accounted independently for the absolutive marking. In fact, these verbs belong to semantic groups that are usually considered unergative (controlled and agentive processes), and include bazkaldu ‘have lunch’, solastatu ‘talk’, borrokatu ‘fight’ or jolastu ‘play’. Moreover, they behave syntactically like unergatives in their inability to undergo causativization (Oyharçabal 2003).",4,"In Eastern dialects,1 some agentive process verbs combine an absolutive subject with the auxiliary izan ‘be’ (Oyharçabal 1992; Aldai 2006; 2009; 2010; Berro 2010; 2012), thus resembling other ergative – non-active – languages like Warlpiri, Niuean and Samoan, where all intransitive verbs combine with an absolutive subject (Levin 1983; Massam 2009; Tollan 2018).",5,"In Eastern dialects, some agentive process verbs combine an absolutive subject with the auxiliary izan (Oyharçabal 1992; Aldai 2006; 2009; 2010; Berro 2010; 2012)."
glossa-5270-pineda,,"Basque is a morphologically ergative language in which intransitive verbs show two different morphological alignments: broadly speaking, agentive verbs usually occur with an ergative subject and the auxiliary edun ‘have’, whereas patientive verbs combine with an absolutive subject and the auxiliary izan ‘be’ (Levin 1983). Nevertheless, there exists some dialectal variation regarding the use of certain agentive verbs, specifically those that convey (non-static) processes, where the subject is interpreted as both the force initiating the process and the entity undergoing it. We will henceforth refer to this group of verbs as agentive process verbs. In Eastern dialects,1 some agentive process verbs combine an absolutive subject with the auxiliary izan ‘be’ (Oyharçabal 1992; Aldai 2006; 2009; 2010; Berro 2010; 2012), thus resembling other ergative – non-active – languages like Warlpiri, Niuean and Samoan, where all intransitive verbs combine with an absolutive subject (Levin 1983; Massam 2009; Tollan 2018). Even if we do not believe that verb meaning by itself (in rough terms, agentive vs. patientive) is a totally reliable predictor of the syntactic behavior of verbs, it is important to pay attention to and account for those cases where semantic generalizations are clearly contravened, as occurs with the verbs under study. With the exception of Levin (1983), previous studies have assumed that the agentive process verbs that combine with an absolutive subject in Eastern dialects are unergative and have accounted independently for the absolutive marking. In fact, these verbs belong to semantic groups that are usually considered unergative (controlled and agentive processes), and include bazkaldu ‘have lunch’, solastatu ‘talk’, borrokatu ‘fight’ or jolastu ‘play’. Moreover, they behave syntactically like unergatives in their inability to undergo causativization (Oyharçabal 2003).",4,"In Eastern dialects,1 some agentive process verbs combine an absolutive subject with the auxiliary izan ‘be’ (Oyharçabal 1992; Aldai 2006; 2009; 2010; Berro 2010; 2012), thus resembling other ergative – non-active – languages like Warlpiri, Niuean and Samoan, where all intransitive verbs combine with an absolutive subject (Levin 1983; Massam 2009; Tollan 2018).",6,"Warlpiri, Niuean and Samoan are ergative – non-active languages in which all intransitive verbs combine with an absolutive subject (Levin 1983; Massam 2009; Tollan 2018)."
glossa-5270-pineda,,"Basque is a morphologically ergative language in which intransitive verbs show two different morphological alignments: broadly speaking, agentive verbs usually occur with an ergative subject and the auxiliary edun ‘have’, whereas patientive verbs combine with an absolutive subject and the auxiliary izan ‘be’ (Levin 1983). Nevertheless, there exists some dialectal variation regarding the use of certain agentive verbs, specifically those that convey (non-static) processes, where the subject is interpreted as both the force initiating the process and the entity undergoing it. We will henceforth refer to this group of verbs as agentive process verbs. In Eastern dialects,1 some agentive process verbs combine an absolutive subject with the auxiliary izan ‘be’ (Oyharçabal 1992; Aldai 2006; 2009; 2010; Berro 2010; 2012), thus resembling other ergative – non-active – languages like Warlpiri, Niuean and Samoan, where all intransitive verbs combine with an absolutive subject (Levin 1983; Massam 2009; Tollan 2018). Even if we do not believe that verb meaning by itself (in rough terms, agentive vs. patientive) is a totally reliable predictor of the syntactic behavior of verbs, it is important to pay attention to and account for those cases where semantic generalizations are clearly contravened, as occurs with the verbs under study. With the exception of Levin (1983), previous studies have assumed that the agentive process verbs that combine with an absolutive subject in Eastern dialects are unergative and have accounted independently for the absolutive marking. In fact, these verbs belong to semantic groups that are usually considered unergative (controlled and agentive processes), and include bazkaldu ‘have lunch’, solastatu ‘talk’, borrokatu ‘fight’ or jolastu ‘play’. Moreover, they behave syntactically like unergatives in their inability to undergo causativization (Oyharçabal 2003).",5,"Even if we do not believe that verb meaning by itself (in rough terms, agentive vs. patientive) is a totally reliable predictor of the syntactic behavior of verbs, it is important to pay attention to and account for those cases where semantic generalizations are clearly contravened, as occurs with the verbs under study.",7,Verb meaning is not a totally reliable predictor of syntactic behavior.
glossa-5270-pineda,,"Basque is a morphologically ergative language in which intransitive verbs show two different morphological alignments: broadly speaking, agentive verbs usually occur with an ergative subject and the auxiliary edun ‘have’, whereas patientive verbs combine with an absolutive subject and the auxiliary izan ‘be’ (Levin 1983). Nevertheless, there exists some dialectal variation regarding the use of certain agentive verbs, specifically those that convey (non-static) processes, where the subject is interpreted as both the force initiating the process and the entity undergoing it. We will henceforth refer to this group of verbs as agentive process verbs. In Eastern dialects,1 some agentive process verbs combine an absolutive subject with the auxiliary izan ‘be’ (Oyharçabal 1992; Aldai 2006; 2009; 2010; Berro 2010; 2012), thus resembling other ergative – non-active – languages like Warlpiri, Niuean and Samoan, where all intransitive verbs combine with an absolutive subject (Levin 1983; Massam 2009; Tollan 2018). Even if we do not believe that verb meaning by itself (in rough terms, agentive vs. patientive) is a totally reliable predictor of the syntactic behavior of verbs, it is important to pay attention to and account for those cases where semantic generalizations are clearly contravened, as occurs with the verbs under study. With the exception of Levin (1983), previous studies have assumed that the agentive process verbs that combine with an absolutive subject in Eastern dialects are unergative and have accounted independently for the absolutive marking. In fact, these verbs belong to semantic groups that are usually considered unergative (controlled and agentive processes), and include bazkaldu ‘have lunch’, solastatu ‘talk’, borrokatu ‘fight’ or jolastu ‘play’. Moreover, they behave syntactically like unergatives in their inability to undergo causativization (Oyharçabal 2003).",5,"Even if we do not believe that verb meaning by itself (in rough terms, agentive vs. patientive) is a totally reliable predictor of the syntactic behavior of verbs, it is important to pay attention to and account for those cases where semantic generalizations are clearly contravened, as occurs with the verbs under study.",8,"It is important to pay attention to and account for cases where semantic generalizations are contravened, as occurs with the verbs under study."
glossa-5270-pineda,,"Basque is a morphologically ergative language in which intransitive verbs show two different morphological alignments: broadly speaking, agentive verbs usually occur with an ergative subject and the auxiliary edun ‘have’, whereas patientive verbs combine with an absolutive subject and the auxiliary izan ‘be’ (Levin 1983). Nevertheless, there exists some dialectal variation regarding the use of certain agentive verbs, specifically those that convey (non-static) processes, where the subject is interpreted as both the force initiating the process and the entity undergoing it. We will henceforth refer to this group of verbs as agentive process verbs. In Eastern dialects,1 some agentive process verbs combine an absolutive subject with the auxiliary izan ‘be’ (Oyharçabal 1992; Aldai 2006; 2009; 2010; Berro 2010; 2012), thus resembling other ergative – non-active – languages like Warlpiri, Niuean and Samoan, where all intransitive verbs combine with an absolutive subject (Levin 1983; Massam 2009; Tollan 2018). Even if we do not believe that verb meaning by itself (in rough terms, agentive vs. patientive) is a totally reliable predictor of the syntactic behavior of verbs, it is important to pay attention to and account for those cases where semantic generalizations are clearly contravened, as occurs with the verbs under study. With the exception of Levin (1983), previous studies have assumed that the agentive process verbs that combine with an absolutive subject in Eastern dialects are unergative and have accounted independently for the absolutive marking. In fact, these verbs belong to semantic groups that are usually considered unergative (controlled and agentive processes), and include bazkaldu ‘have lunch’, solastatu ‘talk’, borrokatu ‘fight’ or jolastu ‘play’. Moreover, they behave syntactically like unergatives in their inability to undergo causativization (Oyharçabal 2003).",6,"With the exception of Levin (1983), previous studies have assumed that the agentive process verbs that combine with an absolutive subject in Eastern dialects are unergative and have accounted independently for the absolutive marking.",9,"With the exception of Levin (1983), previous studies have assumed that agentive process verbs that combine with an absolutive subject in Eastern dialects are unergative and have accounted independently for the absolutive marking."
glossa-5270-pineda,,"Basque is a morphologically ergative language in which intransitive verbs show two different morphological alignments: broadly speaking, agentive verbs usually occur with an ergative subject and the auxiliary edun ‘have’, whereas patientive verbs combine with an absolutive subject and the auxiliary izan ‘be’ (Levin 1983). Nevertheless, there exists some dialectal variation regarding the use of certain agentive verbs, specifically those that convey (non-static) processes, where the subject is interpreted as both the force initiating the process and the entity undergoing it. We will henceforth refer to this group of verbs as agentive process verbs. In Eastern dialects,1 some agentive process verbs combine an absolutive subject with the auxiliary izan ‘be’ (Oyharçabal 1992; Aldai 2006; 2009; 2010; Berro 2010; 2012), thus resembling other ergative – non-active – languages like Warlpiri, Niuean and Samoan, where all intransitive verbs combine with an absolutive subject (Levin 1983; Massam 2009; Tollan 2018). Even if we do not believe that verb meaning by itself (in rough terms, agentive vs. patientive) is a totally reliable predictor of the syntactic behavior of verbs, it is important to pay attention to and account for those cases where semantic generalizations are clearly contravened, as occurs with the verbs under study. With the exception of Levin (1983), previous studies have assumed that the agentive process verbs that combine with an absolutive subject in Eastern dialects are unergative and have accounted independently for the absolutive marking. In fact, these verbs belong to semantic groups that are usually considered unergative (controlled and agentive processes), and include bazkaldu ‘have lunch’, solastatu ‘talk’, borrokatu ‘fight’ or jolastu ‘play’. Moreover, they behave syntactically like unergatives in their inability to undergo causativization (Oyharçabal 2003).",7,"In fact, these verbs belong to semantic groups that are usually considered unergative (controlled and agentive processes), and include bazkaldu ‘have lunch’, solastatu ‘talk’, borrokatu ‘fight’ or jolastu ‘play’.",10,These agentive process verbs belong to semantic groups usually considered unergative (controlled and agentive processes).
glossa-5270-pineda,,"Basque is a morphologically ergative language in which intransitive verbs show two different morphological alignments: broadly speaking, agentive verbs usually occur with an ergative subject and the auxiliary edun ‘have’, whereas patientive verbs combine with an absolutive subject and the auxiliary izan ‘be’ (Levin 1983). Nevertheless, there exists some dialectal variation regarding the use of certain agentive verbs, specifically those that convey (non-static) processes, where the subject is interpreted as both the force initiating the process and the entity undergoing it. We will henceforth refer to this group of verbs as agentive process verbs. In Eastern dialects,1 some agentive process verbs combine an absolutive subject with the auxiliary izan ‘be’ (Oyharçabal 1992; Aldai 2006; 2009; 2010; Berro 2010; 2012), thus resembling other ergative – non-active – languages like Warlpiri, Niuean and Samoan, where all intransitive verbs combine with an absolutive subject (Levin 1983; Massam 2009; Tollan 2018). Even if we do not believe that verb meaning by itself (in rough terms, agentive vs. patientive) is a totally reliable predictor of the syntactic behavior of verbs, it is important to pay attention to and account for those cases where semantic generalizations are clearly contravened, as occurs with the verbs under study. With the exception of Levin (1983), previous studies have assumed that the agentive process verbs that combine with an absolutive subject in Eastern dialects are unergative and have accounted independently for the absolutive marking. In fact, these verbs belong to semantic groups that are usually considered unergative (controlled and agentive processes), and include bazkaldu ‘have lunch’, solastatu ‘talk’, borrokatu ‘fight’ or jolastu ‘play’. Moreover, they behave syntactically like unergatives in their inability to undergo causativization (Oyharçabal 2003).",7,"In fact, these verbs belong to semantic groups that are usually considered unergative (controlled and agentive processes), and include bazkaldu ‘have lunch’, solastatu ‘talk’, borrokatu ‘fight’ or jolastu ‘play’.",11,"They include bazkaldu, solastatu, borrokatu or jolastu."
glossa-5270-pineda,,"Basque is a morphologically ergative language in which intransitive verbs show two different morphological alignments: broadly speaking, agentive verbs usually occur with an ergative subject and the auxiliary edun ‘have’, whereas patientive verbs combine with an absolutive subject and the auxiliary izan ‘be’ (Levin 1983). Nevertheless, there exists some dialectal variation regarding the use of certain agentive verbs, specifically those that convey (non-static) processes, where the subject is interpreted as both the force initiating the process and the entity undergoing it. We will henceforth refer to this group of verbs as agentive process verbs. In Eastern dialects,1 some agentive process verbs combine an absolutive subject with the auxiliary izan ‘be’ (Oyharçabal 1992; Aldai 2006; 2009; 2010; Berro 2010; 2012), thus resembling other ergative – non-active – languages like Warlpiri, Niuean and Samoan, where all intransitive verbs combine with an absolutive subject (Levin 1983; Massam 2009; Tollan 2018). Even if we do not believe that verb meaning by itself (in rough terms, agentive vs. patientive) is a totally reliable predictor of the syntactic behavior of verbs, it is important to pay attention to and account for those cases where semantic generalizations are clearly contravened, as occurs with the verbs under study. With the exception of Levin (1983), previous studies have assumed that the agentive process verbs that combine with an absolutive subject in Eastern dialects are unergative and have accounted independently for the absolutive marking. In fact, these verbs belong to semantic groups that are usually considered unergative (controlled and agentive processes), and include bazkaldu ‘have lunch’, solastatu ‘talk’, borrokatu ‘fight’ or jolastu ‘play’. Moreover, they behave syntactically like unergatives in their inability to undergo causativization (Oyharçabal 2003).",8,"Moreover, they behave syntactically like unergatives in their inability to undergo causativization (Oyharçabal 2003).",12,They behave syntactically like unergatives in their inability to undergo causativization (Oyharçabal 2003).
glossa-10899-aremu,Title and Abstract,Prosodically determined coordinator placement in Yorùbá,1,Prosodically determined coordinator placement in Yorùbá,1,"In Yorùbá, coordinator placement is determined by prosody."
glossa-10899-aremu,Title and Abstract,"In this paper, we look at the properties of the clausal coordinator sì in Yorùbá. We will show that despite its unusual surface position in the middle field of the second conjunct, the element should still be treated as a proper coordinator and not, as sometimes claimed, as an adverb. We then go on to fully describe the distribution of sì in simple clauses as well as in complex constructions involving focus movement, adverbial or relative clauses. Based on these configurations, we argue that a search for a uniform syntactic position of sì is bound to be unsuccessful. Rather, we claim that the uniform underlying factor in all of these constructions is that sì always right-attaches to the first phonological phrase of the second conjunct clause irrespective of syntactic constituents or islands. We provide evidence for this claim from various phonological processes such as (i) phonological fusion, (ii) the association of floating tones, (iii) assimilation, (iv) tonal OCP-effects, and (v) allomorphy. The present study thus not only solves a curious language-specific puzzle in Yorùbá but also provides a convincing case of prosodically driven clitic displacement to a position after the first phonological/prosodic phrase. In doing so, it falls nicely into emerging typologies of clitic placement patterns in the world’s languages.",1,"In this paper, we look at the properties of the clausal coordinator sì in Yorùbá.",1,"In Yorùbá, the clausal coordinator sì has properties examined in this paper."
glossa-10899-aremu,Title and Abstract,"In this paper, we look at the properties of the clausal coordinator sì in Yorùbá. We will show that despite its unusual surface position in the middle field of the second conjunct, the element should still be treated as a proper coordinator and not, as sometimes claimed, as an adverb. We then go on to fully describe the distribution of sì in simple clauses as well as in complex constructions involving focus movement, adverbial or relative clauses. Based on these configurations, we argue that a search for a uniform syntactic position of sì is bound to be unsuccessful. Rather, we claim that the uniform underlying factor in all of these constructions is that sì always right-attaches to the first phonological phrase of the second conjunct clause irrespective of syntactic constituents or islands. We provide evidence for this claim from various phonological processes such as (i) phonological fusion, (ii) the association of floating tones, (iii) assimilation, (iv) tonal OCP-effects, and (v) allomorphy. The present study thus not only solves a curious language-specific puzzle in Yorùbá but also provides a convincing case of prosodically driven clitic displacement to a position after the first phonological/prosodic phrase. In doing so, it falls nicely into emerging typologies of clitic placement patterns in the world’s languages.",2,"We will show that despite its unusual surface position in the middle field of the second conjunct, the element should still be treated as a proper coordinator and not, as sometimes claimed, as an adverb.",2,"In Yorùbá, sì has an unusual surface position in the middle field of the second conjunct."
glossa-10899-aremu,Title and Abstract,"In this paper, we look at the properties of the clausal coordinator sì in Yorùbá. We will show that despite its unusual surface position in the middle field of the second conjunct, the element should still be treated as a proper coordinator and not, as sometimes claimed, as an adverb. We then go on to fully describe the distribution of sì in simple clauses as well as in complex constructions involving focus movement, adverbial or relative clauses. Based on these configurations, we argue that a search for a uniform syntactic position of sì is bound to be unsuccessful. Rather, we claim that the uniform underlying factor in all of these constructions is that sì always right-attaches to the first phonological phrase of the second conjunct clause irrespective of syntactic constituents or islands. We provide evidence for this claim from various phonological processes such as (i) phonological fusion, (ii) the association of floating tones, (iii) assimilation, (iv) tonal OCP-effects, and (v) allomorphy. The present study thus not only solves a curious language-specific puzzle in Yorùbá but also provides a convincing case of prosodically driven clitic displacement to a position after the first phonological/prosodic phrase. In doing so, it falls nicely into emerging typologies of clitic placement patterns in the world’s languages.",2,"We will show that despite its unusual surface position in the middle field of the second conjunct, the element should still be treated as a proper coordinator and not, as sometimes claimed, as an adverb.",3,"The clausal coordinator sì should be treated as a proper coordinator, not as an adverb."
glossa-10899-aremu,Title and Abstract,"In this paper, we look at the properties of the clausal coordinator sì in Yorùbá. We will show that despite its unusual surface position in the middle field of the second conjunct, the element should still be treated as a proper coordinator and not, as sometimes claimed, as an adverb. We then go on to fully describe the distribution of sì in simple clauses as well as in complex constructions involving focus movement, adverbial or relative clauses. Based on these configurations, we argue that a search for a uniform syntactic position of sì is bound to be unsuccessful. Rather, we claim that the uniform underlying factor in all of these constructions is that sì always right-attaches to the first phonological phrase of the second conjunct clause irrespective of syntactic constituents or islands. We provide evidence for this claim from various phonological processes such as (i) phonological fusion, (ii) the association of floating tones, (iii) assimilation, (iv) tonal OCP-effects, and (v) allomorphy. The present study thus not only solves a curious language-specific puzzle in Yorùbá but also provides a convincing case of prosodically driven clitic displacement to a position after the first phonological/prosodic phrase. In doing so, it falls nicely into emerging typologies of clitic placement patterns in the world’s languages.",3,"We then go on to fully describe the distribution of sì in simple clauses as well as in complex constructions involving focus movement, adverbial or relative clauses.",4,"The distribution of sì is described in simple clauses and in complex constructions involving focus movement, adverbial or relative clauses."
glossa-10899-aremu,Title and Abstract,"In this paper, we look at the properties of the clausal coordinator sì in Yorùbá. We will show that despite its unusual surface position in the middle field of the second conjunct, the element should still be treated as a proper coordinator and not, as sometimes claimed, as an adverb. We then go on to fully describe the distribution of sì in simple clauses as well as in complex constructions involving focus movement, adverbial or relative clauses. Based on these configurations, we argue that a search for a uniform syntactic position of sì is bound to be unsuccessful. Rather, we claim that the uniform underlying factor in all of these constructions is that sì always right-attaches to the first phonological phrase of the second conjunct clause irrespective of syntactic constituents or islands. We provide evidence for this claim from various phonological processes such as (i) phonological fusion, (ii) the association of floating tones, (iii) assimilation, (iv) tonal OCP-effects, and (v) allomorphy. The present study thus not only solves a curious language-specific puzzle in Yorùbá but also provides a convincing case of prosodically driven clitic displacement to a position after the first phonological/prosodic phrase. In doing so, it falls nicely into emerging typologies of clitic placement patterns in the world’s languages.",4,"Based on these configurations, we argue that a search for a uniform syntactic position of sì is bound to be unsuccessful.",5,A search for a uniform syntactic position of sì is bound to be unsuccessful.
glossa-10899-aremu,Title and Abstract,"In this paper, we look at the properties of the clausal coordinator sì in Yorùbá. We will show that despite its unusual surface position in the middle field of the second conjunct, the element should still be treated as a proper coordinator and not, as sometimes claimed, as an adverb. We then go on to fully describe the distribution of sì in simple clauses as well as in complex constructions involving focus movement, adverbial or relative clauses. Based on these configurations, we argue that a search for a uniform syntactic position of sì is bound to be unsuccessful. Rather, we claim that the uniform underlying factor in all of these constructions is that sì always right-attaches to the first phonological phrase of the second conjunct clause irrespective of syntactic constituents or islands. We provide evidence for this claim from various phonological processes such as (i) phonological fusion, (ii) the association of floating tones, (iii) assimilation, (iv) tonal OCP-effects, and (v) allomorphy. The present study thus not only solves a curious language-specific puzzle in Yorùbá but also provides a convincing case of prosodically driven clitic displacement to a position after the first phonological/prosodic phrase. In doing so, it falls nicely into emerging typologies of clitic placement patterns in the world’s languages.",5,"Rather, we claim that the uniform underlying factor in all of these constructions is that sì always right-attaches to the first phonological phrase of the second conjunct clause irrespective of syntactic constituents or islands.",6,The uniform underlying factor in all of these constructions is that sì always right-attaches to the first phonological phrase of the second conjunct clause irrespective of syntactic constituents or islands.
glossa-10899-aremu,Title and Abstract,"In this paper, we look at the properties of the clausal coordinator sì in Yorùbá. We will show that despite its unusual surface position in the middle field of the second conjunct, the element should still be treated as a proper coordinator and not, as sometimes claimed, as an adverb. We then go on to fully describe the distribution of sì in simple clauses as well as in complex constructions involving focus movement, adverbial or relative clauses. Based on these configurations, we argue that a search for a uniform syntactic position of sì is bound to be unsuccessful. Rather, we claim that the uniform underlying factor in all of these constructions is that sì always right-attaches to the first phonological phrase of the second conjunct clause irrespective of syntactic constituents or islands. We provide evidence for this claim from various phonological processes such as (i) phonological fusion, (ii) the association of floating tones, (iii) assimilation, (iv) tonal OCP-effects, and (v) allomorphy. The present study thus not only solves a curious language-specific puzzle in Yorùbá but also provides a convincing case of prosodically driven clitic displacement to a position after the first phonological/prosodic phrase. In doing so, it falls nicely into emerging typologies of clitic placement patterns in the world’s languages.",6,"We provide evidence for this claim from various phonological processes such as (i) phonological fusion, (ii) the association of floating tones, (iii) assimilation, (iv) tonal OCP-effects, and (v) allomorphy.",7,"Evidence for this claim comes from phonological processes including phonological fusion, the association of floating tones, assimilation, tonal OCP-effects, and allomorphy."
glossa-10899-aremu,Title and Abstract,"In this paper, we look at the properties of the clausal coordinator sì in Yorùbá. We will show that despite its unusual surface position in the middle field of the second conjunct, the element should still be treated as a proper coordinator and not, as sometimes claimed, as an adverb. We then go on to fully describe the distribution of sì in simple clauses as well as in complex constructions involving focus movement, adverbial or relative clauses. Based on these configurations, we argue that a search for a uniform syntactic position of sì is bound to be unsuccessful. Rather, we claim that the uniform underlying factor in all of these constructions is that sì always right-attaches to the first phonological phrase of the second conjunct clause irrespective of syntactic constituents or islands. We provide evidence for this claim from various phonological processes such as (i) phonological fusion, (ii) the association of floating tones, (iii) assimilation, (iv) tonal OCP-effects, and (v) allomorphy. The present study thus not only solves a curious language-specific puzzle in Yorùbá but also provides a convincing case of prosodically driven clitic displacement to a position after the first phonological/prosodic phrase. In doing so, it falls nicely into emerging typologies of clitic placement patterns in the world’s languages.",7,The present study thus not only solves a curious language-specific puzzle in Yorùbá but also provides a convincing case of prosodically driven clitic displacement to a position after the first phonological/prosodic phrase.,8,The present study provides a convincing case of prosodically driven clitic displacement to a position after the first phonological/prosodic phrase.
glossa-10899-aremu,Title and Abstract,"In this paper, we look at the properties of the clausal coordinator sì in Yorùbá. We will show that despite its unusual surface position in the middle field of the second conjunct, the element should still be treated as a proper coordinator and not, as sometimes claimed, as an adverb. We then go on to fully describe the distribution of sì in simple clauses as well as in complex constructions involving focus movement, adverbial or relative clauses. Based on these configurations, we argue that a search for a uniform syntactic position of sì is bound to be unsuccessful. Rather, we claim that the uniform underlying factor in all of these constructions is that sì always right-attaches to the first phonological phrase of the second conjunct clause irrespective of syntactic constituents or islands. We provide evidence for this claim from various phonological processes such as (i) phonological fusion, (ii) the association of floating tones, (iii) assimilation, (iv) tonal OCP-effects, and (v) allomorphy. The present study thus not only solves a curious language-specific puzzle in Yorùbá but also provides a convincing case of prosodically driven clitic displacement to a position after the first phonological/prosodic phrase. In doing so, it falls nicely into emerging typologies of clitic placement patterns in the world’s languages.",8,"In doing so, it falls nicely into emerging typologies of clitic placement patterns in the world’s languages.",9,The study falls into emerging typologies of clitic placement patterns in the world’s languages.
glossa-5462-julien,Title and Abstract,"North Sámi has a class of derived verbs called sensive verbs. Descriptively, these verbs are formed by adding the suffix /ʃ/ to an adjectival or nominal base, and the resulting verb means ‘find [object] (too) ADJECTIVE/NOUN’. In this paper it is argued that the sensive verbs do not involve any psychological verb, and the suffix is not specified as “sensive” in the lexicon. Rather, the suffix is specified as a realisation of a stative verbaliser in a transitive structure. The interpretation of the verb and the experiencer role of the subject follow from this specification in combination with the syntax of the verb phrase as a whole, which has a stative verbaliser and a Voice head on top of a minimal aP or nP. Other vocabulary items that could spell out the stative verbaliser are prevented from appearing in the sensive verb phrase, since the conditions for inserting them are not met. The consequence is that the suffix /ʃ/ is restricted to sensive verbs.",1,North Sámi has a class of derived verbs called sensive verbs.,1,"In North Sámi, there is a class of derived verbs called sensive verbs."
glossa-5462-julien,Title and Abstract,"North Sámi has a class of derived verbs called sensive verbs. Descriptively, these verbs are formed by adding the suffix /ʃ/ to an adjectival or nominal base, and the resulting verb means ‘find [object] (too) ADJECTIVE/NOUN’. In this paper it is argued that the sensive verbs do not involve any psychological verb, and the suffix is not specified as “sensive” in the lexicon. Rather, the suffix is specified as a realisation of a stative verbaliser in a transitive structure. The interpretation of the verb and the experiencer role of the subject follow from this specification in combination with the syntax of the verb phrase as a whole, which has a stative verbaliser and a Voice head on top of a minimal aP or nP. Other vocabulary items that could spell out the stative verbaliser are prevented from appearing in the sensive verb phrase, since the conditions for inserting them are not met. The consequence is that the suffix /ʃ/ is restricted to sensive verbs.",2,"Descriptively, these verbs are formed by adding the suffix /ʃ/ to an adjectival or nominal base, and the resulting verb means ‘find [object] (too) ADJECTIVE/NOUN’.",1,"In North Sámi, sensive verbs are formed by adding the suffix /ʃ/ to an adjectival or nominal base."
glossa-5462-julien,Title and Abstract,"North Sámi has a class of derived verbs called sensive verbs. Descriptively, these verbs are formed by adding the suffix /ʃ/ to an adjectival or nominal base, and the resulting verb means ‘find [object] (too) ADJECTIVE/NOUN’. In this paper it is argued that the sensive verbs do not involve any psychological verb, and the suffix is not specified as “sensive” in the lexicon. Rather, the suffix is specified as a realisation of a stative verbaliser in a transitive structure. The interpretation of the verb and the experiencer role of the subject follow from this specification in combination with the syntax of the verb phrase as a whole, which has a stative verbaliser and a Voice head on top of a minimal aP or nP. Other vocabulary items that could spell out the stative verbaliser are prevented from appearing in the sensive verb phrase, since the conditions for inserting them are not met. The consequence is that the suffix /ʃ/ is restricted to sensive verbs.",2,"Descriptively, these verbs are formed by adding the suffix /ʃ/ to an adjectival or nominal base, and the resulting verb means ‘find [object] (too) ADJECTIVE/NOUN’.",2,"In North Sámi, the resulting verb means 'find [object] (too) ADJECTIVE/NOUN'."
glossa-5462-julien,Title and Abstract,"North Sámi has a class of derived verbs called sensive verbs. Descriptively, these verbs are formed by adding the suffix /ʃ/ to an adjectival or nominal base, and the resulting verb means ‘find [object] (too) ADJECTIVE/NOUN’. In this paper it is argued that the sensive verbs do not involve any psychological verb, and the suffix is not specified as “sensive” in the lexicon. Rather, the suffix is specified as a realisation of a stative verbaliser in a transitive structure. The interpretation of the verb and the experiencer role of the subject follow from this specification in combination with the syntax of the verb phrase as a whole, which has a stative verbaliser and a Voice head on top of a minimal aP or nP. Other vocabulary items that could spell out the stative verbaliser are prevented from appearing in the sensive verb phrase, since the conditions for inserting them are not met. The consequence is that the suffix /ʃ/ is restricted to sensive verbs.",3,"In this paper it is argued that the sensive verbs do not involve any psychological verb, and the suffix is not specified as “sensive” in the lexicon.",1,"In North Sámi, sensive verbs do not involve any psychological verb."
glossa-5462-julien,Title and Abstract,"North Sámi has a class of derived verbs called sensive verbs. Descriptively, these verbs are formed by adding the suffix /ʃ/ to an adjectival or nominal base, and the resulting verb means ‘find [object] (too) ADJECTIVE/NOUN’. In this paper it is argued that the sensive verbs do not involve any psychological verb, and the suffix is not specified as “sensive” in the lexicon. Rather, the suffix is specified as a realisation of a stative verbaliser in a transitive structure. The interpretation of the verb and the experiencer role of the subject follow from this specification in combination with the syntax of the verb phrase as a whole, which has a stative verbaliser and a Voice head on top of a minimal aP or nP. Other vocabulary items that could spell out the stative verbaliser are prevented from appearing in the sensive verb phrase, since the conditions for inserting them are not met. The consequence is that the suffix /ʃ/ is restricted to sensive verbs.",3,"In this paper it is argued that the sensive verbs do not involve any psychological verb, and the suffix is not specified as “sensive” in the lexicon.",2,"In North Sámi, the suffix is not specified as 'sensive' in the lexicon."
glossa-5462-julien,Title and Abstract,"North Sámi has a class of derived verbs called sensive verbs. Descriptively, these verbs are formed by adding the suffix /ʃ/ to an adjectival or nominal base, and the resulting verb means ‘find [object] (too) ADJECTIVE/NOUN’. In this paper it is argued that the sensive verbs do not involve any psychological verb, and the suffix is not specified as “sensive” in the lexicon. Rather, the suffix is specified as a realisation of a stative verbaliser in a transitive structure. The interpretation of the verb and the experiencer role of the subject follow from this specification in combination with the syntax of the verb phrase as a whole, which has a stative verbaliser and a Voice head on top of a minimal aP or nP. Other vocabulary items that could spell out the stative verbaliser are prevented from appearing in the sensive verb phrase, since the conditions for inserting them are not met. The consequence is that the suffix /ʃ/ is restricted to sensive verbs.",4,"Rather, the suffix is specified as a realisation of a stative verbaliser in a transitive structure.",1,"In North Sámi, the suffix is specified as a realisation of a stative verbaliser in a transitive structure."
glossa-5462-julien,Title and Abstract,"North Sámi has a class of derived verbs called sensive verbs. Descriptively, these verbs are formed by adding the suffix /ʃ/ to an adjectival or nominal base, and the resulting verb means ‘find [object] (too) ADJECTIVE/NOUN’. In this paper it is argued that the sensive verbs do not involve any psychological verb, and the suffix is not specified as “sensive” in the lexicon. Rather, the suffix is specified as a realisation of a stative verbaliser in a transitive structure. The interpretation of the verb and the experiencer role of the subject follow from this specification in combination with the syntax of the verb phrase as a whole, which has a stative verbaliser and a Voice head on top of a minimal aP or nP. Other vocabulary items that could spell out the stative verbaliser are prevented from appearing in the sensive verb phrase, since the conditions for inserting them are not met. The consequence is that the suffix /ʃ/ is restricted to sensive verbs.",5,"The interpretation of the verb and the experiencer role of the subject follow from this specification in combination with the syntax of the verb phrase as a whole, which has a stative verbaliser and a Voice head on top of a minimal aP or nP.",1,"In North Sámi, the interpretation of the verb and the experiencer role of the subject follow from this specification in combination with the syntax of the verb phrase as a whole."
glossa-5462-julien,Title and Abstract,"North Sámi has a class of derived verbs called sensive verbs. Descriptively, these verbs are formed by adding the suffix /ʃ/ to an adjectival or nominal base, and the resulting verb means ‘find [object] (too) ADJECTIVE/NOUN’. In this paper it is argued that the sensive verbs do not involve any psychological verb, and the suffix is not specified as “sensive” in the lexicon. Rather, the suffix is specified as a realisation of a stative verbaliser in a transitive structure. The interpretation of the verb and the experiencer role of the subject follow from this specification in combination with the syntax of the verb phrase as a whole, which has a stative verbaliser and a Voice head on top of a minimal aP or nP. Other vocabulary items that could spell out the stative verbaliser are prevented from appearing in the sensive verb phrase, since the conditions for inserting them are not met. The consequence is that the suffix /ʃ/ is restricted to sensive verbs.",5,"The interpretation of the verb and the experiencer role of the subject follow from this specification in combination with the syntax of the verb phrase as a whole, which has a stative verbaliser and a Voice head on top of a minimal aP or nP.",2,"In North Sámi, the verb phrase has a stative verbaliser and a Voice head on top of a minimal adjective phrase (AP) or noun phrase (NP)."
glossa-5462-julien,Title and Abstract,"North Sámi has a class of derived verbs called sensive verbs. Descriptively, these verbs are formed by adding the suffix /ʃ/ to an adjectival or nominal base, and the resulting verb means ‘find [object] (too) ADJECTIVE/NOUN’. In this paper it is argued that the sensive verbs do not involve any psychological verb, and the suffix is not specified as “sensive” in the lexicon. Rather, the suffix is specified as a realisation of a stative verbaliser in a transitive structure. The interpretation of the verb and the experiencer role of the subject follow from this specification in combination with the syntax of the verb phrase as a whole, which has a stative verbaliser and a Voice head on top of a minimal aP or nP. Other vocabulary items that could spell out the stative verbaliser are prevented from appearing in the sensive verb phrase, since the conditions for inserting them are not met. The consequence is that the suffix /ʃ/ is restricted to sensive verbs.",6,"Other vocabulary items that could spell out the stative verbaliser are prevented from appearing in the sensive verb phrase, since the conditions for inserting them are not met.",1,"In North Sámi, other vocabulary items that could spell out the stative verbaliser are prevented from appearing in the sensive verb phrase because the conditions for inserting them are not met."
glossa-5462-julien,Title and Abstract,"North Sámi has a class of derived verbs called sensive verbs. Descriptively, these verbs are formed by adding the suffix /ʃ/ to an adjectival or nominal base, and the resulting verb means ‘find [object] (too) ADJECTIVE/NOUN’. In this paper it is argued that the sensive verbs do not involve any psychological verb, and the suffix is not specified as “sensive” in the lexicon. Rather, the suffix is specified as a realisation of a stative verbaliser in a transitive structure. The interpretation of the verb and the experiencer role of the subject follow from this specification in combination with the syntax of the verb phrase as a whole, which has a stative verbaliser and a Voice head on top of a minimal aP or nP. Other vocabulary items that could spell out the stative verbaliser are prevented from appearing in the sensive verb phrase, since the conditions for inserting them are not met. The consequence is that the suffix /ʃ/ is restricted to sensive verbs.",7,The consequence is that the suffix /ʃ/ is restricted to sensive verbs.,1,"In North Sámi, the suffix /ʃ/ is restricted to sensive verbs."
glossa-5462-julien,1 Introduction,"North Sámi is known to have a rich inventory of derivational suffixes – suffixes that form verbs from nouns and adjectives or from other verbs, nouns from verbs, adjectives from nouns and verbs, to mention some main types. In this paper, I will take a closer look at one particular derivational suffix, the suffix /ʃ/, spelled š, which forms verbs from adjectives or nouns. More precisely, the suffix attaches to an adjective or noun and returns a transitive verb meaning ‘[subject] find [object] (too) ADJECTIVE/NOUN’.1 A few examples are given in (1). Note that the verbs are given in the infinitive, with the infinitival suffix -it following the derivational suffix.2",1,"North Sámi is known to have a rich inventory of derivational suffixes – suffixes that form verbs from nouns and adjectives or from other verbs, nouns from verbs, adjectives from nouns and verbs, to mention some main types.",1,"In North Sámi, there is a rich inventory of derivational suffixes that form verbs from nouns and adjectives or from other verbs, nouns from verbs, adjectives from nouns and verbs."
glossa-5462-julien,1 Introduction,"North Sámi is known to have a rich inventory of derivational suffixes – suffixes that form verbs from nouns and adjectives or from other verbs, nouns from verbs, adjectives from nouns and verbs, to mention some main types. In this paper, I will take a closer look at one particular derivational suffix, the suffix /ʃ/, spelled š, which forms verbs from adjectives or nouns. More precisely, the suffix attaches to an adjective or noun and returns a transitive verb meaning ‘[subject] find [object] (too) ADJECTIVE/NOUN’.1 A few examples are given in (1). Note that the verbs are given in the infinitive, with the infinitival suffix -it following the derivational suffix.3",1,"North Sámi is known to have a rich inventory of derivational suffixes – suffixes that form verbs from nouns and adjectives or from other verbs, nouns from verbs, adjectives from nouns and verbs, to mention some main types.",1,"In North Sámi, there is a rich inventory of derivational suffixes – suffixes that form verbs from nouns and adjectives or from other verbs, nouns from verbs, adjectives from nouns and verbs, to mention some main types."
glossa-5462-julien,1 Introduction,"North Sámi is known to have a rich inventory of derivational suffixes – suffixes that form verbs from nouns and adjectives or from other verbs, nouns from verbs, adjectives from nouns and verbs, to mention some main types. In this paper, I will take a closer look at one particular derivational suffix, the suffix /ʃ/, spelled š, which forms verbs from adjectives or nouns. More precisely, the suffix attaches to an adjective or noun and returns a transitive verb meaning ‘[subject] find [object] (too) ADJECTIVE/NOUN’.1 A few examples are given in (1). Note that the verbs are given in the infinitive, with the infinitival suffix -it following the derivational suffix.3",2,"In this paper, I will take a closer look at one particular derivational suffix, the suffix /ʃ/, spelled š, which forms verbs from adjectives or nouns.",1,"In North Sámi, the suffix /ʃ/, spelled š, forms verbs from adjectives or nouns."
glossa-5462-julien,1 Introduction,"North Sámi is known to have a rich inventory of derivational suffixes – suffixes that form verbs from nouns and adjectives or from other verbs, nouns from verbs, adjectives from nouns and verbs, to mention some main types. In this paper, I will take a closer look at one particular derivational suffix, the suffix /ʃ/, spelled š, which forms verbs from adjectives or nouns. More precisely, the suffix attaches to an adjective or noun and returns a transitive verb meaning ‘[subject] find [object] (too) ADJECTIVE/NOUN’.1 A few examples are given in (1). Note that the verbs are given in the infinitive, with the infinitival suffix -it following the derivational suffix.3",3,"More precisely, the suffix attaches to an adjective or noun and returns a transitive verb meaning ‘[subject] find [object] ADJECTIVE/NOUN’.",1,The suffix attaches to an adjective or noun and returns a transitive verb meaning '[subject] find [object] ADJECTIVE/NOUN'.
glossa-5462-julien,1 Introduction,"North Sámi is known to have a rich inventory of derivational suffixes – suffixes that form verbs from nouns and adjectives or from other verbs, nouns from verbs, adjectives from nouns and verbs, to mention some main types. In this paper, I will take a closer look at one particular derivational suffix, the suffix /ʃ/, spelled š, which forms verbs from adjectives or nouns. More precisely, the suffix attaches to an adjective or noun and returns a transitive verb meaning ‘[subject] find [object] (too) ADJECTIVE/NOUN’.1 A few examples are given in (1). Note that the verbs are given in the infinitive, with the infinitival suffix -it following the derivational suffix.3",4,A few examples are given in (1).,1,"In North Sámi, a few examples of the suffix /ʃ/ are given."
glossa-5462-julien,1 Introduction,"North Sámi is known to have a rich inventory of derivational suffixes – suffixes that form verbs from nouns and adjectives or from other verbs, nouns from verbs, adjectives from nouns and verbs, to mention some main types. In this paper, I will take a closer look at one particular derivational suffix, the suffix /ʃ/, spelled š, which forms verbs from adjectives or nouns. More precisely, the suffix attaches to an adjective or noun and returns a transitive verb meaning ‘[subject] find [object] (too) ADJECTIVE/NOUN’.1 A few examples are given in (1). Note that the verbs are given in the infinitive, with the infinitival suffix -it following the derivational suffix.3",5,"Note that the verbs are given in the infinitive, with the infinitival suffix -it following the derivational suffix.",1,"In North Sámi, the verbs are given in the infinitive, with the infinitival suffix -it following the derivational suffix."
glossa-5462-julien,1 Introduction,"North Sámi is known to have a rich inventory of derivational suffixes – suffixes that form verbs from nouns and adjectives or from other verbs, nouns from verbs, adjectives from nouns and verbs, to mention some main types. In this paper, I will take a closer look at one particular derivational suffix, the suffix /ʃ/, spelled š, which forms verbs from adjectives or nouns. More precisely, the suffix attaches to an adjective or noun and returns a transitive verb meaning ‘[subject] find [object] (too) ADJECTIVE/NOUN’.1 A few examples are given in (1). Note that the verbs are given in the infinitive, with the infinitival suffix -it following the derivational suffix.4",1,"North Sámi is known to have a rich inventory of derivational suffixes – suffixes that form verbs from nouns and adjectives or from other verbs, nouns from verbs, adjectives from nouns and verbs, to mention some main types.",1,"In North Sámi, there is a rich inventory of derivational suffixes – suffixes that form verbs from nouns and adjectives or from other verbs, nouns from verbs, adjectives from nouns and verbs, to mention some main types."
glossa-5462-julien,1 Introduction,"North Sámi is known to have a rich inventory of derivational suffixes – suffixes that form verbs from nouns and adjectives or from other verbs, nouns from verbs, adjectives from nouns and verbs, to mention some main types. In this paper, I will take a closer look at one particular derivational suffix, the suffix /ʃ/, spelled š, which forms verbs from adjectives or nouns. More precisely, the suffix attaches to an adjective or noun and returns a transitive verb meaning ‘[subject] find [object] (too) ADJECTIVE/NOUN’.1 A few examples are given in (1). Note that the verbs are given in the infinitive, with the infinitival suffix -it following the derivational suffix.4",2,"In this paper, I will take a closer look at one particular derivational suffix, the suffix /ʃ/, spelled š, which forms verbs from adjectives or nouns.",1,"In North Sámi, the suffix /ʃ/, spelled š, forms verbs from adjectives or nouns."
glossa-5462-julien,1 Introduction,"North Sámi is known to have a rich inventory of derivational suffixes – suffixes that form verbs from nouns and adjectives or from other verbs, nouns from verbs, adjectives from nouns and verbs, to mention some main types. In this paper, I will take a closer look at one particular derivational suffix, the suffix /ʃ/, spelled š, which forms verbs from adjectives or nouns. More precisely, the suffix attaches to an adjective or noun and returns a transitive verb meaning ‘[subject] find [object] (too) ADJECTIVE/NOUN’.1 A few examples are given in (1). Note that the verbs are given in the infinitive, with the infinitival suffix -it following the derivational suffix.4",3,"More precisely, the suffix attaches to an adjective or noun and returns a transitive verb meaning ‘[subject] find [object] ADJECTIVE/NOUN’.",1,The suffix attaches to an adjective or noun and returns a transitive verb meaning '[subject] find [object] ADJECTIVE/NOUN'.
glossa-5462-julien,1 Introduction,"North Sámi is known to have a rich inventory of derivational suffixes – suffixes that form verbs from nouns and adjectives or from other verbs, nouns from verbs, adjectives from nouns and verbs, to mention some main types. In this paper, I will take a closer look at one particular derivational suffix, the suffix /ʃ/, spelled š, which forms verbs from adjectives or nouns. More precisely, the suffix attaches to an adjective or noun and returns a transitive verb meaning ‘[subject] find [object] (too) ADJECTIVE/NOUN’.1 A few examples are given in (1). Note that the verbs are given in the infinitive, with the infinitival suffix -it following the derivational suffix.4",4,A few examples are given in (1).,1,"In North Sámi, a few examples of the suffix /ʃ/ are given."
glossa-5462-julien,1 Introduction,"North Sámi is known to have a rich inventory of derivational suffixes – suffixes that form verbs from nouns and adjectives or from other verbs, nouns from verbs, adjectives from nouns and verbs, to mention some main types. In this paper, I will take a closer look at one particular derivational suffix, the suffix /ʃ/, spelled š, which forms verbs from adjectives or nouns. More precisely, the suffix attaches to an adjective or noun and returns a transitive verb meaning ‘[subject] find [object] (too) ADJECTIVE/NOUN’.1 A few examples are given in (1). Note that the verbs are given in the infinitive, with the infinitival suffix -it following the derivational suffix.4",5,"Note that the verbs are given in the infinitive, with the infinitival suffix -it following the derivational suffix.",1,"In North Sámi, the verbs are given in the infinitive, with the infinitival suffix -it following the derivational suffix."
glossa-5462-julien,1 Introduction,"North Sámi is known to have a rich inventory of derivational suffixes – suffixes that form verbs from nouns and adjectives or from other verbs, nouns from verbs, adjectives from nouns and verbs, to mention some main types. In this paper, I will take a closer look at one particular derivational suffix, the suffix /ʃ/, spelled š, which forms verbs from adjectives or nouns. More precisely, the suffix attaches to an adjective or noun and returns a transitive verb meaning ‘[subject] find [object] (too) ADJECTIVE/NOUN’.1 A few examples are given in (1). Note that the verbs are given in the infinitive, with the infinitival suffix -it following the derivational suffix.5",1,"North Sámi is known to have a rich inventory of derivational suffixes – suffixes that form verbs from nouns and adjectives or from other verbs, nouns from verbs, adjectives from nouns and verbs, to mention some main types.",1,"In North Sámi, there is a rich inventory of derivational suffixes."
glossa-5462-julien,1 Introduction,"North Sámi is known to have a rich inventory of derivational suffixes – suffixes that form verbs from nouns and adjectives or from other verbs, nouns from verbs, adjectives from nouns and verbs, to mention some main types. In this paper, I will take a closer look at one particular derivational suffix, the suffix /ʃ/, spelled š, which forms verbs from adjectives or nouns. More precisely, the suffix attaches to an adjective or noun and returns a transitive verb meaning ‘[subject] find [object] (too) ADJECTIVE/NOUN’.1 A few examples are given in (1). Note that the verbs are given in the infinitive, with the infinitival suffix -it following the derivational suffix.5",1,"North Sámi is known to have a rich inventory of derivational suffixes – suffixes that form verbs from nouns and adjectives or from other verbs, nouns from verbs, adjectives from nouns and verbs, to mention some main types.",2,"In North Sámi, derivational suffixes form verbs from nouns."
glossa-5462-julien,1 Introduction,"North Sámi is known to have a rich inventory of derivational suffixes – suffixes that form verbs from nouns and adjectives or from other verbs, nouns from verbs, adjectives from nouns and verbs, to mention some main types. In this paper, I will take a closer look at one particular derivational suffix, the suffix /ʃ/, spelled š, which forms verbs from adjectives or nouns. More precisely, the suffix attaches to an adjective or noun and returns a transitive verb meaning ‘[subject] find [object] (too) ADJECTIVE/NOUN’.1 A few examples are given in (1). Note that the verbs are given in the infinitive, with the infinitival suffix -it following the derivational suffix.5",1,"North Sámi is known to have a rich inventory of derivational suffixes – suffixes that form verbs from nouns and adjectives or from other verbs, nouns from verbs, adjectives from nouns and verbs, to mention some main types.",3,"In North Sámi, derivational suffixes form verbs from adjectives."
glossa-5462-julien,1 Introduction,"North Sámi is known to have a rich inventory of derivational suffixes – suffixes that form verbs from nouns and adjectives or from other verbs, nouns from verbs, adjectives from nouns and verbs, to mention some main types. In this paper, I will take a closer look at one particular derivational suffix, the suffix /ʃ/, spelled š, which forms verbs from adjectives or nouns. More precisely, the suffix attaches to an adjective or noun and returns a transitive verb meaning ‘[subject] find [object] (too) ADJECTIVE/NOUN’.1 A few examples are given in (1). Note that the verbs are given in the infinitive, with the infinitival suffix -it following the derivational suffix.5",1,"North Sámi is known to have a rich inventory of derivational suffixes – suffixes that form verbs from nouns and adjectives or from other verbs, nouns from verbs, adjectives from nouns and verbs, to mention some main types.",4,"In North Sámi, derivational suffixes form verbs from other verbs."
glossa-5462-julien,1 Introduction,"North Sámi is known to have a rich inventory of derivational suffixes – suffixes that form verbs from nouns and adjectives or from other verbs, nouns from verbs, adjectives from nouns and verbs, to mention some main types. In this paper, I will take a closer look at one particular derivational suffix, the suffix /ʃ/, spelled š, which forms verbs from adjectives or nouns. More precisely, the suffix attaches to an adjective or noun and returns a transitive verb meaning ‘[subject] find [object] (too) ADJECTIVE/NOUN’.1 A few examples are given in (1). Note that the verbs are given in the infinitive, with the infinitival suffix -it following the derivational suffix.5",1,"North Sámi is known to have a rich inventory of derivational suffixes – suffixes that form verbs from nouns and adjectives or from other verbs, nouns from verbs, adjectives from nouns and verbs, to mention some main types.",5,"In North Sámi, derivational suffixes form nouns from verbs."
glossa-5462-julien,1 Introduction,"North Sámi is known to have a rich inventory of derivational suffixes – suffixes that form verbs from nouns and adjectives or from other verbs, nouns from verbs, adjectives from nouns and verbs, to mention some main types. In this paper, I will take a closer look at one particular derivational suffix, the suffix /ʃ/, spelled š, which forms verbs from adjectives or nouns. More precisely, the suffix attaches to an adjective or noun and returns a transitive verb meaning ‘[subject] find [object] (too) ADJECTIVE/NOUN’.1 A few examples are given in (1). Note that the verbs are given in the infinitive, with the infinitival suffix -it following the derivational suffix.5",1,"North Sámi is known to have a rich inventory of derivational suffixes – suffixes that form verbs from nouns and adjectives or from other verbs, nouns from verbs, adjectives from nouns and verbs, to mention some main types.",6,"In North Sámi, derivational suffixes form adjectives from nouns and verbs."
glossa-5462-julien,1 Introduction,"North Sámi is known to have a rich inventory of derivational suffixes – suffixes that form verbs from nouns and adjectives or from other verbs, nouns from verbs, adjectives from nouns and verbs, to mention some main types. In this paper, I will take a closer look at one particular derivational suffix, the suffix /ʃ/, spelled š, which forms verbs from adjectives or nouns. More precisely, the suffix attaches to an adjective or noun and returns a transitive verb meaning ‘[subject] find [object] (too) ADJECTIVE/NOUN’.1 A few examples are given in (1). Note that the verbs are given in the infinitive, with the infinitival suffix -it following the derivational suffix.6",1,"North Sámi is known to have a rich inventory of derivational suffixes – suffixes that form verbs from nouns and adjectives or from other verbs, nouns from verbs, adjectives from nouns and verbs, to mention some main types. In this paper, I will take a closer look at one particular derivational suffix, the suffix /ʃ/, spelled š, which forms verbs from adjectives or nouns. More precisely, the suffix attaches to an adjective or noun and returns a transitive verb meaning ‘[subject] find [object] (too) ADJECTIVE/NOUN’.1 A few examples are given in (1). Note that the verbs are given in the infinitive, with the infinitival suffix -it following the derivational suffix.6",1,"In North Sámi, there is a rich inventory of derivational suffixes."
glossa-5462-julien,1 Introduction,"North Sámi is known to have a rich inventory of derivational suffixes – suffixes that form verbs from nouns and adjectives or from other verbs, nouns from verbs, adjectives from nouns and verbs, to mention some main types. In this paper, I will take a closer look at one particular derivational suffix, the suffix /ʃ/, spelled š, which forms verbs from adjectives or nouns. More precisely, the suffix attaches to an adjective or noun and returns a transitive verb meaning ‘[subject] find [object] (too) ADJECTIVE/NOUN’.1 A few examples are given in (1). Note that the verbs are given in the infinitive, with the infinitival suffix -it following the derivational suffix.6",1,"North Sámi is known to have a rich inventory of derivational suffixes – suffixes that form verbs from nouns and adjectives or from other verbs, nouns from verbs, adjectives from nouns and verbs, to mention some main types. In this paper, I will take a closer look at one particular derivational suffix, the suffix /ʃ/, spelled š, which forms verbs from adjectives or nouns. More precisely, the suffix attaches to an adjective or noun and returns a transitive verb meaning ‘[subject] find [object] (too) ADJECTIVE/NOUN’.1 A few examples are given in (1). Note that the verbs are given in the infinitive, with the infinitival suffix -it following the derivational suffix.6",2,"In North Sámi, derivational suffixes form verbs from nouns."
glossa-5462-julien,1 Introduction,"North Sámi is known to have a rich inventory of derivational suffixes – suffixes that form verbs from nouns and adjectives or from other verbs, nouns from verbs, adjectives from nouns and verbs, to mention some main types. In this paper, I will take a closer look at one particular derivational suffix, the suffix /ʃ/, spelled š, which forms verbs from adjectives or nouns. More precisely, the suffix attaches to an adjective or noun and returns a transitive verb meaning ‘[subject] find [object] (too) ADJECTIVE/NOUN’.1 A few examples are given in (1). Note that the verbs are given in the infinitive, with the infinitival suffix -it following the derivational suffix.6",1,"North Sámi is known to have a rich inventory of derivational suffixes – suffixes that form verbs from nouns and adjectives or from other verbs, nouns from verbs, adjectives from nouns and verbs, to mention some main types. In this paper, I will take a closer look at one particular derivational suffix, the suffix /ʃ/, spelled š, which forms verbs from adjectives or nouns. More precisely, the suffix attaches to an adjective or noun and returns a transitive verb meaning ‘[subject] find [object] (too) ADJECTIVE/NOUN’.1 A few examples are given in (1). Note that the verbs are given in the infinitive, with the infinitival suffix -it following the derivational suffix.6",3,"In North Sámi, derivational suffixes form verbs from adjectives."
glossa-5462-julien,1 Introduction,"North Sámi is known to have a rich inventory of derivational suffixes – suffixes that form verbs from nouns and adjectives or from other verbs, nouns from verbs, adjectives from nouns and verbs, to mention some main types. In this paper, I will take a closer look at one particular derivational suffix, the suffix /ʃ/, spelled š, which forms verbs from adjectives or nouns. More precisely, the suffix attaches to an adjective or noun and returns a transitive verb meaning ‘[subject] find [object] (too) ADJECTIVE/NOUN’.1 A few examples are given in (1). Note that the verbs are given in the infinitive, with the infinitival suffix -it following the derivational suffix.6",1,"North Sámi is known to have a rich inventory of derivational suffixes – suffixes that form verbs from nouns and adjectives or from other verbs, nouns from verbs, adjectives from nouns and verbs, to mention some main types. In this paper, I will take a closer look at one particular derivational suffix, the suffix /ʃ/, spelled š, which forms verbs from adjectives or nouns. More precisely, the suffix attaches to an adjective or noun and returns a transitive verb meaning ‘[subject] find [object] (too) ADJECTIVE/NOUN’.1 A few examples are given in (1). Note that the verbs are given in the infinitive, with the infinitival suffix -it following the derivational suffix.6",4,"In North Sámi, derivational suffixes form verbs from other verbs."
glossa-5462-julien,1 Introduction,"North Sámi is known to have a rich inventory of derivational suffixes – suffixes that form verbs from nouns and adjectives or from other verbs, nouns from verbs, adjectives from nouns and verbs, to mention some main types. In this paper, I will take a closer look at one particular derivational suffix, the suffix /ʃ/, spelled š, which forms verbs from adjectives or nouns. More precisely, the suffix attaches to an adjective or noun and returns a transitive verb meaning ‘[subject] find [object] (too) ADJECTIVE/NOUN’.1 A few examples are given in (1). Note that the verbs are given in the infinitive, with the infinitival suffix -it following the derivational suffix.6",1,"North Sámi is known to have a rich inventory of derivational suffixes – suffixes that form verbs from nouns and adjectives or from other verbs, nouns from verbs, adjectives from nouns and verbs, to mention some main types. In this paper, I will take a closer look at one particular derivational suffix, the suffix /ʃ/, spelled š, which forms verbs from adjectives or nouns. More precisely, the suffix attaches to an adjective or noun and returns a transitive verb meaning ‘[subject] find [object] (too) ADJECTIVE/NOUN’.1 A few examples are given in (1). Note that the verbs are given in the infinitive, with the infinitival suffix -it following the derivational suffix.6",5,"In North Sámi, derivational suffixes form nouns from verbs."
glossa-5462-julien,1 Introduction,"North Sámi is known to have a rich inventory of derivational suffixes – suffixes that form verbs from nouns and adjectives or from other verbs, nouns from verbs, adjectives from nouns and verbs, to mention some main types. In this paper, I will take a closer look at one particular derivational suffix, the suffix /ʃ/, spelled š, which forms verbs from adjectives or nouns. More precisely, the suffix attaches to an adjective or noun and returns a transitive verb meaning ‘[subject] find [object] (too) ADJECTIVE/NOUN’.1 A few examples are given in (1). Note that the verbs are given in the infinitive, with the infinitival suffix -it following the derivational suffix.6",1,"North Sámi is known to have a rich inventory of derivational suffixes – suffixes that form verbs from nouns and adjectives or from other verbs, nouns from verbs, adjectives from nouns and verbs, to mention some main types. In this paper, I will take a closer look at one particular derivational suffix, the suffix /ʃ/, spelled š, which forms verbs from adjectives or nouns. More precisely, the suffix attaches to an adjective or noun and returns a transitive verb meaning ‘[subject] find [object] (too) ADJECTIVE/NOUN’.1 A few examples are given in (1). Note that the verbs are given in the infinitive, with the infinitival suffix -it following the derivational suffix.6",6,"In North Sámi, derivational suffixes form adjectives from nouns and verbs."
glossa-5462-julien,1 Introduction,"North Sámi is known to have a rich inventory of derivational suffixes – suffixes that form verbs from nouns and adjectives or from other verbs, nouns from verbs, adjectives from nouns and verbs, to mention some main types. In this paper, I will take a closer look at one particular derivational suffix, the suffix /ʃ/, spelled š, which forms verbs from adjectives or nouns. More precisely, the suffix attaches to an adjective or noun and returns a transitive verb meaning ‘[subject] find [object] (too) ADJECTIVE/NOUN’.1 A few examples are given in (1). Note that the verbs are given in the infinitive, with the infinitival suffix -it following the derivational suffix.6",1,"North Sámi is known to have a rich inventory of derivational suffixes – suffixes that form verbs from nouns and adjectives or from other verbs, nouns from verbs, adjectives from nouns and verbs, to mention some main types. In this paper, I will take a closer look at one particular derivational suffix, the suffix /ʃ/, spelled š, which forms verbs from adjectives or nouns. More precisely, the suffix attaches to an adjective or noun and returns a transitive verb meaning ‘[subject] find [object] (too) ADJECTIVE/NOUN’.1 A few examples are given in (1). Note that the verbs are given in the infinitive, with the infinitival suffix -it following the derivational suffix.6",7,"In North Sámi, the suffix /ʃ/ forms verbs from adjectives or nouns."
glossa-5462-julien,1 Introduction,"North Sámi is known to have a rich inventory of derivational suffixes – suffixes that form verbs from nouns and adjectives or from other verbs, nouns from verbs, adjectives from nouns and verbs, to mention some main types. In this paper, I will take a closer look at one particular derivational suffix, the suffix /ʃ/, spelled š, which forms verbs from adjectives or nouns. More precisely, the suffix attaches to an adjective or noun and returns a transitive verb meaning ‘[subject] find [object] (too) ADJECTIVE/NOUN’.1 A few examples are given in (1). Note that the verbs are given in the infinitive, with the infinitival suffix -it following the derivational suffix.6",1,"North Sámi is known to have a rich inventory of derivational suffixes – suffixes that form verbs from nouns and adjectives or from other verbs, nouns from verbs, adjectives from nouns and verbs, to mention some main types. In this paper, I will take a closer look at one particular derivational suffix, the suffix /ʃ/, spelled š, which forms verbs from adjectives or nouns. More precisely, the suffix attaches to an adjective or noun and returns a transitive verb meaning ‘[subject] find [object] (too) ADJECTIVE/NOUN’.1 A few examples are given in (1). Note that the verbs are given in the infinitive, with the infinitival suffix -it following the derivational suffix.6",8,The suffix /ʃ/ is spelled š.
glossa-5462-julien,1 Introduction,"North Sámi is known to have a rich inventory of derivational suffixes – suffixes that form verbs from nouns and adjectives or from other verbs, nouns from verbs, adjectives from nouns and verbs, to mention some main types. In this paper, I will take a closer look at one particular derivational suffix, the suffix /ʃ/, spelled š, which forms verbs from adjectives or nouns. More precisely, the suffix attaches to an adjective or noun and returns a transitive verb meaning ‘[subject] find [object] (too) ADJECTIVE/NOUN’.1 A few examples are given in (1). Note that the verbs are given in the infinitive, with the infinitival suffix -it following the derivational suffix.6",1,"North Sámi is known to have a rich inventory of derivational suffixes – suffixes that form verbs from nouns and adjectives or from other verbs, nouns from verbs, adjectives from nouns and verbs, to mention some main types. In this paper, I will take a closer look at one particular derivational suffix, the suffix /ʃ/, spelled š, which forms verbs from adjectives or nouns. More precisely, the suffix attaches to an adjective or noun and returns a transitive verb meaning ‘[subject] find [object] (too) ADJECTIVE/NOUN’.1 A few examples are given in (1). Note that the verbs are given in the infinitive, with the infinitival suffix -it following the derivational suffix.6",9,This paper focuses on the suffix /ʃ/.
glossa-5462-julien,1 Introduction,"North Sámi is known to have a rich inventory of derivational suffixes – suffixes that form verbs from nouns and adjectives or from other verbs, nouns from verbs, adjectives from nouns and verbs, to mention some main types. In this paper, I will take a closer look at one particular derivational suffix, the suffix /ʃ/, spelled š, which forms verbs from adjectives or nouns. More precisely, the suffix attaches to an adjective or noun and returns a transitive verb meaning ‘[subject] find [object] (too) ADJECTIVE/NOUN’.1 A few examples are given in (1). Note that the verbs are given in the infinitive, with the infinitival suffix -it following the derivational suffix.6",1,"North Sámi is known to have a rich inventory of derivational suffixes – suffixes that form verbs from nouns and adjectives or from other verbs, nouns from verbs, adjectives from nouns and verbs, to mention some main types. In this paper, I will take a closer look at one particular derivational suffix, the suffix /ʃ/, spelled š, which forms verbs from adjectives or nouns. More precisely, the suffix attaches to an adjective or noun and returns a transitive verb meaning ‘[subject] find [object] (too) ADJECTIVE/NOUN’.1 A few examples are given in (1). Note that the verbs are given in the infinitive, with the infinitival suffix -it following the derivational suffix.6",10,The suffix /ʃ/ attaches to an adjective or noun and returns a transitive verb.
glossa-5462-julien,1 Introduction,"North Sámi is known to have a rich inventory of derivational suffixes – suffixes that form verbs from nouns and adjectives or from other verbs, nouns from verbs, adjectives from nouns and verbs, to mention some main types. In this paper, I will take a closer look at one particular derivational suffix, the suffix /ʃ/, spelled š, which forms verbs from adjectives or nouns. More precisely, the suffix attaches to an adjective or noun and returns a transitive verb meaning ‘[subject] find [object] (too) ADJECTIVE/NOUN’.1 A few examples are given in (1). Note that the verbs are given in the infinitive, with the infinitival suffix -it following the derivational suffix.6",1,"North Sámi is known to have a rich inventory of derivational suffixes – suffixes that form verbs from nouns and adjectives or from other verbs, nouns from verbs, adjectives from nouns and verbs, to mention some main types. In this paper, I will take a closer look at one particular derivational suffix, the suffix /ʃ/, spelled š, which forms verbs from adjectives or nouns. More precisely, the suffix attaches to an adjective or noun and returns a transitive verb meaning ‘[subject] find [object] (too) ADJECTIVE/NOUN’.1 A few examples are given in (1). Note that the verbs are given in the infinitive, with the infinitival suffix -it following the derivational suffix.6",11,The verbs formed with the suffix /ʃ/ are given in the infinitive.
glossa-5462-julien,1 Introduction,"North Sámi is known to have a rich inventory of derivational suffixes – suffixes that form verbs from nouns and adjectives or from other verbs, nouns from verbs, adjectives from nouns and verbs, to mention some main types. In this paper, I will take a closer look at one particular derivational suffix, the suffix /ʃ/, spelled š, which forms verbs from adjectives or nouns. More precisely, the suffix attaches to an adjective or noun and returns a transitive verb meaning ‘[subject] find [object] (too) ADJECTIVE/NOUN’.1 A few examples are given in (1). Note that the verbs are given in the infinitive, with the infinitival suffix -it following the derivational suffix.7",1,"In this paper, I will take a closer look at one particular derivational suffix, the suffix /ʃ/, spelled š, which forms verbs from adjectives or nouns.",1,"In North Sámi, the suffix /ʃ/ forms verbs from adjectives or nouns."
glossa-5462-julien,1 Introduction,"North Sámi is known to have a rich inventory of derivational suffixes – suffixes that form verbs from nouns and adjectives or from other verbs, nouns from verbs, adjectives from nouns and verbs, to mention some main types. In this paper, I will take a closer look at one particular derivational suffix, the suffix /ʃ/, spelled š, which forms verbs from adjectives or nouns. More precisely, the suffix attaches to an adjective or noun and returns a transitive verb meaning ‘[subject] find [object] (too) ADJECTIVE/NOUN’.1 A few examples are given in (1). Note that the verbs are given in the infinitive, with the infinitival suffix -it following the derivational suffix.7",1,"In this paper, I will take a closer look at one particular derivational suffix, the suffix /ʃ/, spelled š, which forms verbs from adjectives or nouns.",2,The suffix /ʃ/ is spelled š.
glossa-5462-julien,1 Introduction,"North Sámi is known to have a rich inventory of derivational suffixes – suffixes that form verbs from nouns and adjectives or from other verbs, nouns from verbs, adjectives from nouns and verbs, to mention some main types. In this paper, I will take a closer look at one particular derivational suffix, the suffix /ʃ/, spelled š, which forms verbs from adjectives or nouns. More precisely, the suffix attaches to an adjective or noun and returns a transitive verb meaning ‘[subject] find [object] (too) ADJECTIVE/NOUN’.1 A few examples are given in (1). Note that the verbs are given in the infinitive, with the infinitival suffix -it following the derivational suffix.7",1,"In this paper, I will take a closer look at one particular derivational suffix, the suffix /ʃ/, spelled š, which forms verbs from adjectives or nouns.",3,This paper focuses on the suffix /ʃ/.
glossa-5462-julien,1 Introduction,"North Sámi is known to have a rich inventory of derivational suffixes – suffixes that form verbs from nouns and adjectives or from other verbs, nouns from verbs, adjectives from nouns and verbs, to mention some main types. In this paper, I will take a closer look at one particular derivational suffix, the suffix /ʃ/, spelled š, which forms verbs from adjectives or nouns. More precisely, the suffix attaches to an adjective or noun and returns a transitive verb meaning ‘[subject] find [object] (too) ADJECTIVE/NOUN’.1 A few examples are given in (1). Note that the verbs are given in the infinitive, with the infinitival suffix -it following the derivational suffix.8",1,"In this paper, I will take a closer look at one particular derivational suffix, the suffix /ʃ/, spelled š, which forms verbs from adjectives or nouns. More precisely, the suffix attaches to an adjective or noun and returns a transitive verb meaning ‘[subject] find [object] (too) ADJECTIVE/NOUN’.1 A few examples are given in (1). Note that the verbs are given in the infinitive, with the infinitival suffix -it following the derivational suffix.8",1,"In North Sámi, the suffix /ʃ/ forms verbs from adjectives or nouns."
glossa-5462-julien,1 Introduction,"North Sámi is known to have a rich inventory of derivational suffixes – suffixes that form verbs from nouns and adjectives or from other verbs, nouns from verbs, adjectives from nouns and verbs, to mention some main types. In this paper, I will take a closer look at one particular derivational suffix, the suffix /ʃ/, spelled š, which forms verbs from adjectives or nouns. More precisely, the suffix attaches to an adjective or noun and returns a transitive verb meaning ‘[subject] find [object] (too) ADJECTIVE/NOUN’.1 A few examples are given in (1). Note that the verbs are given in the infinitive, with the infinitival suffix -it following the derivational suffix.8",1,"In this paper, I will take a closer look at one particular derivational suffix, the suffix /ʃ/, spelled š, which forms verbs from adjectives or nouns. More precisely, the suffix attaches to an adjective or noun and returns a transitive verb meaning ‘[subject] find [object] (too) ADJECTIVE/NOUN’.1 A few examples are given in (1). Note that the verbs are given in the infinitive, with the infinitival suffix -it following the derivational suffix.8",2,The suffix /ʃ/ attaches to an adjective or noun and returns a transitive verb.
glossa-5462-julien,1 Introduction,"North Sámi is known to have a rich inventory of derivational suffixes – suffixes that form verbs from nouns and adjectives or from other verbs, nouns from verbs, adjectives from nouns and verbs, to mention some main types. In this paper, I will take a closer look at one particular derivational suffix, the suffix /ʃ/, spelled š, which forms verbs from adjectives or nouns. More precisely, the suffix attaches to an adjective or noun and returns a transitive verb meaning ‘[subject] find [object] (too) ADJECTIVE/NOUN’.1 A few examples are given in (1). Note that the verbs are given in the infinitive, with the infinitival suffix -it following the derivational suffix.8",1,"In this paper, I will take a closer look at one particular derivational suffix, the suffix /ʃ/, spelled š, which forms verbs from adjectives or nouns. More precisely, the suffix attaches to an adjective or noun and returns a transitive verb meaning ‘[subject] find [object] (too) ADJECTIVE/NOUN’.1 A few examples are given in (1). Note that the verbs are given in the infinitive, with the infinitival suffix -it following the derivational suffix.8",3,"The verbs formed with the suffix /ʃ/ are given in the infinitive, with the infinitival suffix following the derivational suffix."
glossa-5462-julien,1 Introduction,"North Sámi is known to have a rich inventory of derivational suffixes – suffixes that form verbs from nouns and adjectives or from other verbs, nouns from verbs, adjectives from nouns and verbs, to mention some main types. In this paper, I will take a closer look at one particular derivational suffix, the suffix /ʃ/, spelled š, which forms verbs from adjectives or nouns. More precisely, the suffix attaches to an adjective or noun and returns a transitive verb meaning ‘[subject] find [object] (too) ADJECTIVE/NOUN’.1 A few examples are given in (1). Note that the verbs are given in the infinitive, with the infinitival suffix -it following the derivational suffix.9",1,"More precisely, the suffix attaches to an adjective or noun and returns a transitive verb meaning ‘[subject] find [object] (too) ADJECTIVE/NOUN’.1 A few examples are given in (1)",1,The suffix attaches to an adjective or noun and returns a transitive verb.
glossa-5462-julien,1 Introduction,"North Sámi is known to have a rich inventory of derivational suffixes – suffixes that form verbs from nouns and adjectives or from other verbs, nouns from verbs, adjectives from nouns and verbs, to mention some main types. In this paper, I will take a closer look at one particular derivational suffix, the suffix /ʃ/, spelled š, which forms verbs from adjectives or nouns. More precisely, the suffix attaches to an adjective or noun and returns a transitive verb meaning ‘[subject] find [object] (too) ADJECTIVE/NOUN’.1 A few examples are given in (1). Note that the verbs are given in the infinitive, with the infinitival suffix -it following the derivational suffix.9",1,"More precisely, the suffix attaches to an adjective or noun and returns a transitive verb meaning ‘[subject] find [object] (too) ADJECTIVE/NOUN’.1 A few examples are given in (1)",2,A few examples are given in (1).
glossa-5462-julien,1 Introduction,"North Sámi is known to have a rich inventory of derivational suffixes – suffixes that form verbs from nouns and adjectives or from other verbs, nouns from verbs, adjectives from nouns and verbs, to mention some main types. In this paper, I will take a closer look at one particular derivational suffix, the suffix /ʃ/, spelled š, which forms verbs from adjectives or nouns. More precisely, the suffix attaches to an adjective or noun and returns a transitive verb meaning ‘[subject] find [object] (too) ADJECTIVE/NOUN’.1 A few examples are given in (1). Note that the verbs are given in the infinitive, with the infinitival suffix -it following the derivational suffix.10",1,"More precisely, the suffix attaches to an adjective or noun and returns a transitive verb meaning ‘[subject] find [object] ADJECTIVE/NOUN’.1 A few examples are given in (1)",1,"In North Sámi, the suffix /ʃ/, spelled š, forms verbs from adjectives or nouns and returns a transitive verb meaning ‘[subject] find [object] ADJECTIVE/NOUN’."
glossa-5462-julien,1 Introduction,"North Sámi is known to have a rich inventory of derivational suffixes – suffixes that form verbs from nouns and adjectives or from other verbs, nouns from verbs, adjectives from nouns and verbs, to mention some main types. In this paper, I will take a closer look at one particular derivational suffix, the suffix /ʃ/, spelled š, which forms verbs from adjectives or nouns. More precisely, the suffix attaches to an adjective or noun and returns a transitive verb meaning ‘[subject] find [object] (too) ADJECTIVE/NOUN’.1 A few examples are given in (1). Note that the verbs are given in the infinitive, with the infinitival suffix -it following the derivational suffix.10",2,A few examples are given in (1),1,A few examples are given in the paper.
glossa-5462-julien,1 Introduction,"North Sámi is known to have a rich inventory of derivational suffixes – suffixes that form verbs from nouns and adjectives or from other verbs, nouns from verbs, adjectives from nouns and verbs, to mention some main types. In this paper, I will take a closer look at one particular derivational suffix, the suffix /ʃ/, spelled š, which forms verbs from adjectives or nouns. More precisely, the suffix attaches to an adjective or noun and returns a transitive verb meaning ‘[subject] find [object] (too) ADJECTIVE/NOUN’.1 A few examples are given in (1). Note that the verbs are given in the infinitive, with the infinitival suffix -it following the derivational suffix.11",1,"More precisely, the suffix attaches to an adjective or noun and returns a transitive verb meaning ‘[subject] find [object] ADJECTIVE/NOUN’.1 A few examples are given in (1)",1,"In North Sámi, the suffix /ʃ/, spelled š, forms verbs from adjectives or nouns and returns a transitive verb meaning ‘[subject] find [object] ADJECTIVE/NOUN’."
glossa-5462-julien,1 Introduction,"North Sámi is known to have a rich inventory of derivational suffixes – suffixes that form verbs from nouns and adjectives or from other verbs, nouns from verbs, adjectives from nouns and verbs, to mention some main types. In this paper, I will take a closer look at one particular derivational suffix, the suffix /ʃ/, spelled š, which forms verbs from adjectives or nouns. More precisely, the suffix attaches to an adjective or noun and returns a transitive verb meaning ‘[subject] find [object] (too) ADJECTIVE/NOUN’.1 A few examples are given in (1). Note that the verbs are given in the infinitive, with the infinitival suffix -it following the derivational suffix.11",2,A few examples are given in (1),1,A few examples are given in the paper.
glossa-5462-julien,1 Introduction,"North Sámi is known to have a rich inventory of derivational suffixes – suffixes that form verbs from nouns and adjectives or from other verbs, nouns from verbs, adjectives from nouns and verbs, to mention some main types. In this paper, I will take a closer look at one particular derivational suffix, the suffix /ʃ/, spelled š, which forms verbs from adjectives or nouns. More precisely, the suffix attaches to an adjective or noun and returns a transitive verb meaning ‘[subject] find [object] (too) ADJECTIVE/NOUN’.1 A few examples are given in (1). Note that the verbs are given in the infinitive, with the infinitival suffix -it following the derivational suffix.12",1,"Note that the verbs are given in the infinitive, with the infinitival suffix -it following the derivational suffix.2",1,"In North Sámi, the verbs are given in the infinitive with the infinitival suffix -it following the derivational suffix."
glossa-5462-julien,1 Introduction,"North Sámi is known to have a rich inventory of derivational suffixes – suffixes that form verbs from nouns and adjectives or from other verbs, nouns from verbs, adjectives from nouns and verbs, to mention some main types. In this paper, I will take a closer look at one particular derivational suffix, the suffix /ʃ/, spelled š, which forms verbs from adjectives or nouns. More precisely, the suffix attaches to an adjective or noun and returns a transitive verb meaning ‘[subject] find [object] (too) ADJECTIVE/NOUN’.1 A few examples are given in (1). Note that the verbs are given in the infinitive, with the infinitival suffix -it following the derivational suffix.13",1,"Note that the verbs are given in the infinitive, with the infinitival suffix -it following the derivational suffix.3",1,"In North Sámi, the verbs are given in the infinitive with the infinitival suffix -it following the derivational suffix."
glossa-8784-kocher,Title and Abstract,A sentence mood account for Spanish verum,1,A sentence mood account for Spanish verum,1,"In Spanish, there is a sentence mood account for verum."
glossa-8784-kocher,Title and Abstract,"This article argues in favor of the idea that verum can result from focus marking on sentence mood. The empirical base are verum strategies in Spanish, English and German. It is shown that all of them result from stress on sentence mood, even though the strategies to express verum in the three languages appear unrelated on a superficial level: German and English rely on stress on a finite verb, Spanish inserts a particle. In the article, a semantic and syntactic account complete each other. The semantic approach is a revised version of Lohnstein’s sentence mood theory of verum focus. The effect of verum in different sentence moods is derived by the function each mood has and the alternatives that focus on them generates. The syntactic analysis is modeled in a cartographic framework (Rizzi 1997 et seq.) and motivates a projection in the lower section of the left periphery dedicated to sentence mood. A focus feature in this projection results in the verum interpretation of the proposition. The principal argument developed in this article is that the superficial differences across languages and clause types result from the fact that the focused mood feature is checked in different configurations.",1,This article argues in favor of the idea that verum can result from focus marking on sentence mood.,1,"In this article, verum can result from focus marking on sentence mood."
glossa-8784-kocher,Title and Abstract,"This article argues in favor of the idea that verum can result from focus marking on sentence mood. The empirical base are verum strategies in Spanish, English and German. It is shown that all of them result from stress on sentence mood, even though the strategies to express verum in the three languages appear unrelated on a superficial level: German and English rely on stress on a finite verb, Spanish inserts a particle. In the article, a semantic and syntactic account complete each other. The semantic approach is a revised version of Lohnstein’s sentence mood theory of verum focus. The effect of verum in different sentence moods is derived by the function each mood has and the alternatives that focus on them generates. The syntactic analysis is modeled in a cartographic framework (Rizzi 1997 et seq.) and motivates a projection in the lower section of the left periphery dedicated to sentence mood. A focus feature in this projection results in the verum interpretation of the proposition. The principal argument developed in this article is that the superficial differences across languages and clause types result from the fact that the focused mood feature is checked in different configurations.",2,"The empirical base are verum strategies in Spanish, English and German.",1,"Verum strategies exist in Spanish, English, and German."
glossa-8784-kocher,Title and Abstract,"This article argues in favor of the idea that verum can result from focus marking on sentence mood. The empirical base are verum strategies in Spanish, English and German. It is shown that all of them result from stress on sentence mood, even though the strategies to express verum in the three languages appear unrelated on a superficial level: German and English rely on stress on a finite verb, Spanish inserts a particle. In the article, a semantic and syntactic account complete each other. The semantic approach is a revised version of Lohnstein’s sentence mood theory of verum focus. The effect of verum in different sentence moods is derived by the function each mood has and the alternatives that focus on them generates. The syntactic analysis is modeled in a cartographic framework (Rizzi 1997 et seq.) and motivates a projection in the lower section of the left periphery dedicated to sentence mood. A focus feature in this projection results in the verum interpretation of the proposition. The principal argument developed in this article is that the superficial differences across languages and clause types result from the fact that the focused mood feature is checked in different configurations.",3,"It is shown that all of them result from stress on sentence mood, even though the strategies to express verum in the three languages appear unrelated on a superficial level: German and English rely on stress on a finite verb, Spanish inserts a particle.",1,All verum strategies result from stress on sentence mood.
glossa-8784-kocher,Title and Abstract,"This article argues in favor of the idea that verum can result from focus marking on sentence mood. The empirical base are verum strategies in Spanish, English and German. It is shown that all of them result from stress on sentence mood, even though the strategies to express verum in the three languages appear unrelated on a superficial level: German and English rely on stress on a finite verb, Spanish inserts a particle. In the article, a semantic and syntactic account complete each other. The semantic approach is a revised version of Lohnstein’s sentence mood theory of verum focus. The effect of verum in different sentence moods is derived by the function each mood has and the alternatives that focus on them generates. The syntactic analysis is modeled in a cartographic framework (Rizzi 1997 et seq.) and motivates a projection in the lower section of the left periphery dedicated to sentence mood. A focus feature in this projection results in the verum interpretation of the proposition. The principal argument developed in this article is that the superficial differences across languages and clause types result from the fact that the focused mood feature is checked in different configurations.",3,"It is shown that all of them result from stress on sentence mood, even though the strategies to express verum in the three languages appear unrelated on a superficial level: German and English rely on stress on a finite verb, Spanish inserts a particle.",2,The strategies appear unrelated on a superficial level.
glossa-8784-kocher,Title and Abstract,"This article argues in favor of the idea that verum can result from focus marking on sentence mood. The empirical base are verum strategies in Spanish, English and German. It is shown that all of them result from stress on sentence mood, even though the strategies to express verum in the three languages appear unrelated on a superficial level: German and English rely on stress on a finite verb, Spanish inserts a particle. In the article, a semantic and syntactic account complete each other. The semantic approach is a revised version of Lohnstein’s sentence mood theory of verum focus. The effect of verum in different sentence moods is derived by the function each mood has and the alternatives that focus on them generates. The syntactic analysis is modeled in a cartographic framework (Rizzi 1997 et seq.) and motivates a projection in the lower section of the left periphery dedicated to sentence mood. A focus feature in this projection results in the verum interpretation of the proposition. The principal argument developed in this article is that the superficial differences across languages and clause types result from the fact that the focused mood feature is checked in different configurations.",3,"It is shown that all of them result from stress on sentence mood, even though the strategies to express verum in the three languages appear unrelated on a superficial level: German and English rely on stress on a finite verb, Spanish inserts a particle.",3,German and English rely on stress on a finite verb.
glossa-8784-kocher,Title and Abstract,"This article argues in favor of the idea that verum can result from focus marking on sentence mood. The empirical base are verum strategies in Spanish, English and German. It is shown that all of them result from stress on sentence mood, even though the strategies to express verum in the three languages appear unrelated on a superficial level: German and English rely on stress on a finite verb, Spanish inserts a particle. In the article, a semantic and syntactic account complete each other. The semantic approach is a revised version of Lohnstein’s sentence mood theory of verum focus. The effect of verum in different sentence moods is derived by the function each mood has and the alternatives that focus on them generates. The syntactic analysis is modeled in a cartographic framework (Rizzi 1997 et seq.) and motivates a projection in the lower section of the left periphery dedicated to sentence mood. A focus feature in this projection results in the verum interpretation of the proposition. The principal argument developed in this article is that the superficial differences across languages and clause types result from the fact that the focused mood feature is checked in different configurations.",3,"It is shown that all of them result from stress on sentence mood, even though the strategies to express verum in the three languages appear unrelated on a superficial level: German and English rely on stress on a finite verb, Spanish inserts a particle.",4,Spanish inserts a particle.
glossa-8784-kocher,Title and Abstract,"This article argues in favor of the idea that verum can result from focus marking on sentence mood. The empirical base are verum strategies in Spanish, English and German. It is shown that all of them result from stress on sentence mood, even though the strategies to express verum in the three languages appear unrelated on a superficial level: German and English rely on stress on a finite verb, Spanish inserts a particle. In the article, a semantic and syntactic account complete each other. The semantic approach is a revised version of Lohnstein’s sentence mood theory of verum focus. The effect of verum in different sentence moods is derived by the function each mood has and the alternatives that focus on them generates. The syntactic analysis is modeled in a cartographic framework (Rizzi 1997 et seq.) and motivates a projection in the lower section of the left periphery dedicated to sentence mood. A focus feature in this projection results in the verum interpretation of the proposition. The principal argument developed in this article is that the superficial differences across languages and clause types result from the fact that the focused mood feature is checked in different configurations.",4,"In the article, a semantic and syntactic account complete each other.",1,A semantic account and a syntactic account complement each other.
glossa-8784-kocher,Title and Abstract,"This article argues in favor of the idea that verum can result from focus marking on sentence mood. The empirical base are verum strategies in Spanish, English and German. It is shown that all of them result from stress on sentence mood, even though the strategies to express verum in the three languages appear unrelated on a superficial level: German and English rely on stress on a finite verb, Spanish inserts a particle. In the article, a semantic and syntactic account complete each other. The semantic approach is a revised version of Lohnstein’s sentence mood theory of verum focus. The effect of verum in different sentence moods is derived by the function each mood has and the alternatives that focus on them generates. The syntactic analysis is modeled in a cartographic framework (Rizzi 1997 et seq.) and motivates a projection in the lower section of the left periphery dedicated to sentence mood. A focus feature in this projection results in the verum interpretation of the proposition. The principal argument developed in this article is that the superficial differences across languages and clause types result from the fact that the focused mood feature is checked in different configurations.",5,The semantic approach is a revised version of Lohnstein’s sentence mood theory of verum focus.,1,The semantic approach is a revised version of Lohnstein’s sentence mood theory of verum focus.
glossa-8784-kocher,Title and Abstract,"This article argues in favor of the idea that verum can result from focus marking on sentence mood. The empirical base are verum strategies in Spanish, English and German. It is shown that all of them result from stress on sentence mood, even though the strategies to express verum in the three languages appear unrelated on a superficial level: German and English rely on stress on a finite verb, Spanish inserts a particle. In the article, a semantic and syntactic account complete each other. The semantic approach is a revised version of Lohnstein’s sentence mood theory of verum focus. The effect of verum in different sentence moods is derived by the function each mood has and the alternatives that focus on them generates. The syntactic analysis is modeled in a cartographic framework (Rizzi 1997 et seq.) and motivates a projection in the lower section of the left periphery dedicated to sentence mood. A focus feature in this projection results in the verum interpretation of the proposition. The principal argument developed in this article is that the superficial differences across languages and clause types result from the fact that the focused mood feature is checked in different configurations.",6,The effect of verum in different sentence moods is derived by the function each mood has and the alternatives that focus on them generates.,1,The effect of verum in different sentence moods is derived from the function of each mood and the alternatives that focus on them generate.
glossa-8784-kocher,Title and Abstract,"This article argues in favor of the idea that verum can result from focus marking on sentence mood. The empirical base are verum strategies in Spanish, English and German. It is shown that all of them result from stress on sentence mood, even though the strategies to express verum in the three languages appear unrelated on a superficial level: German and English rely on stress on a finite verb, Spanish inserts a particle. In the article, a semantic and syntactic account complete each other. The semantic approach is a revised version of Lohnstein’s sentence mood theory of verum focus. The effect of verum in different sentence moods is derived by the function each mood has and the alternatives that focus on them generates. The syntactic analysis is modeled in a cartographic framework (Rizzi 1997 et seq.) and motivates a projection in the lower section of the left periphery dedicated to sentence mood. A focus feature in this projection results in the verum interpretation of the proposition. The principal argument developed in this article is that the superficial differences across languages and clause types result from the fact that the focused mood feature is checked in different configurations.",7,The syntactic analysis is modeled in a cartographic framework (Rizzi 1997 et seq.) and motivates a projection in the lower section of the left periphery dedicated to sentence mood.,1,The syntactic analysis is modeled in a cartographic framework (Rizzi 1997 et seq.).
glossa-8784-kocher,Title and Abstract,"This article argues in favor of the idea that verum can result from focus marking on sentence mood. The empirical base are verum strategies in Spanish, English and German. It is shown that all of them result from stress on sentence mood, even though the strategies to express verum in the three languages appear unrelated on a superficial level: German and English rely on stress on a finite verb, Spanish inserts a particle. In the article, a semantic and syntactic account complete each other. The semantic approach is a revised version of Lohnstein’s sentence mood theory of verum focus. The effect of verum in different sentence moods is derived by the function each mood has and the alternatives that focus on them generates. The syntactic analysis is modeled in a cartographic framework (Rizzi 1997 et seq.) and motivates a projection in the lower section of the left periphery dedicated to sentence mood. A focus feature in this projection results in the verum interpretation of the proposition. The principal argument developed in this article is that the superficial differences across languages and clause types result from the fact that the focused mood feature is checked in different configurations.",7,The syntactic analysis is modeled in a cartographic framework (Rizzi 1997 et seq.) and motivates a projection in the lower section of the left periphery dedicated to sentence mood.,2,The cartographic framework motivates a projection in the lower section of the left periphery dedicated to sentence mood.
glossa-8784-kocher,Title and Abstract,"This article argues in favor of the idea that verum can result from focus marking on sentence mood. The empirical base are verum strategies in Spanish, English and German. It is shown that all of them result from stress on sentence mood, even though the strategies to express verum in the three languages appear unrelated on a superficial level: German and English rely on stress on a finite verb, Spanish inserts a particle. In the article, a semantic and syntactic account complete each other. The semantic approach is a revised version of Lohnstein’s sentence mood theory of verum focus. The effect of verum in different sentence moods is derived by the function each mood has and the alternatives that focus on them generates. The syntactic analysis is modeled in a cartographic framework (Rizzi 1997 et seq.) and motivates a projection in the lower section of the left periphery dedicated to sentence mood. A focus feature in this projection results in the verum interpretation of the proposition. The principal argument developed in this article is that the superficial differences across languages and clause types result from the fact that the focused mood feature is checked in different configurations.",8,A focus feature in this projection results in the verum interpretation of the proposition.,1,A focus feature in this projection results in the verum interpretation of the proposition.
glossa-8784-kocher,Title and Abstract,"This article argues in favor of the idea that verum can result from focus marking on sentence mood. The empirical base are verum strategies in Spanish, English and German. It is shown that all of them result from stress on sentence mood, even though the strategies to express verum in the three languages appear unrelated on a superficial level: German and English rely on stress on a finite verb, Spanish inserts a particle. In the article, a semantic and syntactic account complete each other. The semantic approach is a revised version of Lohnstein’s sentence mood theory of verum focus. The effect of verum in different sentence moods is derived by the function each mood has and the alternatives that focus on them generates. The syntactic analysis is modeled in a cartographic framework (Rizzi 1997 et seq.) and motivates a projection in the lower section of the left periphery dedicated to sentence mood. A focus feature in this projection results in the verum interpretation of the proposition. The principal argument developed in this article is that the superficial differences across languages and clause types result from the fact that the focused mood feature is checked in different configurations.",9,The principal argument developed in this article is that the superficial differences across languages and clause types result from the fact that the focused mood feature is checked in different configurations.,1,The superficial differences across languages and clause types result from the fact that the focused mood feature is checked in different configurations.
glossa-5286-contemori,,"Studies on second language (L2) anaphora resolution have mainly focused on learners of null-subject languages, demonstrating that L2 speakers show residual indeterminacy in the L2 referential choice, even at the highest levels of proficiency. On the other hand, studies on anaphora resolution in L2 learners of non-null-subject languages have shown conflicting results, indicating that L2 speakers may process referential expressions in the L2 like native speakers.Using a visual word paradigm task, we test the online processing of pronouns in highly proficient L2 speakers of English whose L1 is Spanish, and compare their performance to a group of native English speakers. The native speakers’ data show rapid use of the first mention bias (i.e., interpreting a pronoun towards the first-mentioned referent) and gender information upon encountering a gender ambiguous or unambiguous pronoun. For the L2 participants, we find similar underlying processes of pronoun resolution in comparison to native speakers. The results do not reveal a processing cost for L2 speakers of a non-null-subject language during anaphora resolution. Overall, our study demonstrates that L2 speakers of a non-null-subject language (English) can achieve native-like processing of the default referential form signaling topic continuity (i.e., the overt pronoun; Sorace 2011).",1,"Studies on second language (L2) anaphora resolution have mainly focused on learners of null-subject languages, demonstrating that L2 speakers show residual indeterminacy in the L2 referential choice, even at the highest levels of proficiency.",1,Second-language anaphora resolution studies have mainly focused on learners of null-subject languages.
glossa-5286-contemori,,"Studies on second language (L2) anaphora resolution have mainly focused on learners of null-subject languages, demonstrating that L2 speakers show residual indeterminacy in the L2 referential choice, even at the highest levels of proficiency. On the other hand, studies on anaphora resolution in L2 learners of non-null-subject languages have shown conflicting results, indicating that L2 speakers may process referential expressions in the L2 like native speakers.Using a visual word paradigm task, we test the online processing of pronouns in highly proficient L2 speakers of English whose L1 is Spanish, and compare their performance to a group of native English speakers. The native speakers’ data show rapid use of the first mention bias (i.e., interpreting a pronoun towards the first-mentioned referent) and gender information upon encountering a gender ambiguous or unambiguous pronoun. For the L2 participants, we find similar underlying processes of pronoun resolution in comparison to native speakers. The results do not reveal a processing cost for L2 speakers of a non-null-subject language during anaphora resolution. Overall, our study demonstrates that L2 speakers of a non-null-subject language (English) can achieve native-like processing of the default referential form signaling topic continuity (i.e., the overt pronoun; Sorace 2011).",1,"Studies on second language (L2) anaphora resolution have mainly focused on learners of null-subject languages, demonstrating that L2 speakers show residual indeterminacy in the L2 referential choice, even at the highest levels of proficiency.",2,Second-language speakers show residual indeterminacy in referential choice.
glossa-5286-contemori,,"Studies on second language (L2) anaphora resolution have mainly focused on learners of null-subject languages, demonstrating that L2 speakers show residual indeterminacy in the L2 referential choice, even at the highest levels of proficiency. On the other hand, studies on anaphora resolution in L2 learners of non-null-subject languages have shown conflicting results, indicating that L2 speakers may process referential expressions in the L2 like native speakers.Using a visual word paradigm task, we test the online processing of pronouns in highly proficient L2 speakers of English whose L1 is Spanish, and compare their performance to a group of native English speakers. The native speakers’ data show rapid use of the first mention bias (i.e., interpreting a pronoun towards the first-mentioned referent) and gender information upon encountering a gender ambiguous or unambiguous pronoun. For the L2 participants, we find similar underlying processes of pronoun resolution in comparison to native speakers. The results do not reveal a processing cost for L2 speakers of a non-null-subject language during anaphora resolution. Overall, our study demonstrates that L2 speakers of a non-null-subject language (English) can achieve native-like processing of the default referential form signaling topic continuity (i.e., the overt pronoun; Sorace 2011).",1,"Studies on second language (L2) anaphora resolution have mainly focused on learners of null-subject languages, demonstrating that L2 speakers show residual indeterminacy in the L2 referential choice, even at the highest levels of proficiency.",3,Residual indeterminacy persists even at the highest levels of proficiency.
glossa-5286-contemori,,"Studies on second language (L2) anaphora resolution have mainly focused on learners of null-subject languages, demonstrating that L2 speakers show residual indeterminacy in the L2 referential choice, even at the highest levels of proficiency. On the other hand, studies on anaphora resolution in L2 learners of non-null-subject languages have shown conflicting results, indicating that L2 speakers may process referential expressions in the L2 like native speakers.Using a visual word paradigm task, we test the online processing of pronouns in highly proficient L2 speakers of English whose L1 is Spanish, and compare their performance to a group of native English speakers. The native speakers’ data show rapid use of the first mention bias (i.e., interpreting a pronoun towards the first-mentioned referent) and gender information upon encountering a gender ambiguous or unambiguous pronoun. For the L2 participants, we find similar underlying processes of pronoun resolution in comparison to native speakers. The results do not reveal a processing cost for L2 speakers of a non-null-subject language during anaphora resolution. Overall, our study demonstrates that L2 speakers of a non-null-subject language (English) can achieve native-like processing of the default referential form signaling topic continuity (i.e., the overt pronoun; Sorace 2011).",2,"On the other hand, studies on anaphora resolution in L2 learners of non-null-subject languages have shown conflicting results, indicating that L2 speakers may process referential expressions in the L2 like native speakers.Using a visual word paradigm task, we test the online processing of pronouns in highly proficient L2 speakers of English whose L1 is Spanish, and compare their performance to a group of native English speakers.",1,Studies on second-language learners of non-null-subject languages show conflicting results.
glossa-5286-contemori,,"Studies on second language (L2) anaphora resolution have mainly focused on learners of null-subject languages, demonstrating that L2 speakers show residual indeterminacy in the L2 referential choice, even at the highest levels of proficiency. On the other hand, studies on anaphora resolution in L2 learners of non-null-subject languages have shown conflicting results, indicating that L2 speakers may process referential expressions in the L2 like native speakers.Using a visual word paradigm task, we test the online processing of pronouns in highly proficient L2 speakers of English whose L1 is Spanish, and compare their performance to a group of native English speakers. The native speakers’ data show rapid use of the first mention bias (i.e., interpreting a pronoun towards the first-mentioned referent) and gender information upon encountering a gender ambiguous or unambiguous pronoun. For the L2 participants, we find similar underlying processes of pronoun resolution in comparison to native speakers. The results do not reveal a processing cost for L2 speakers of a non-null-subject language during anaphora resolution. Overall, our study demonstrates that L2 speakers of a non-null-subject language (English) can achieve native-like processing of the default referential form signaling topic continuity (i.e., the overt pronoun; Sorace 2011).",2,"On the other hand, studies on anaphora resolution in L2 learners of non-null-subject languages have shown conflicting results, indicating that L2 speakers may process referential expressions in the L2 like native speakers.Using a visual word paradigm task, we test the online processing of pronouns in highly proficient L2 speakers of English whose L1 is Spanish, and compare their performance to a group of native English speakers.",2,These results indicate that second-language speakers may process referential expressions in the second language like native speakers.
glossa-5286-contemori,,"Studies on second language (L2) anaphora resolution have mainly focused on learners of null-subject languages, demonstrating that L2 speakers show residual indeterminacy in the L2 referential choice, even at the highest levels of proficiency. On the other hand, studies on anaphora resolution in L2 learners of non-null-subject languages have shown conflicting results, indicating that L2 speakers may process referential expressions in the L2 like native speakers.Using a visual word paradigm task, we test the online processing of pronouns in highly proficient L2 speakers of English whose L1 is Spanish, and compare their performance to a group of native English speakers. The native speakers’ data show rapid use of the first mention bias (i.e., interpreting a pronoun towards the first-mentioned referent) and gender information upon encountering a gender ambiguous or unambiguous pronoun. For the L2 participants, we find similar underlying processes of pronoun resolution in comparison to native speakers. The results do not reveal a processing cost for L2 speakers of a non-null-subject language during anaphora resolution. Overall, our study demonstrates that L2 speakers of a non-null-subject language (English) can achieve native-like processing of the default referential form signaling topic continuity (i.e., the overt pronoun; Sorace 2011).",2,"On the other hand, studies on anaphora resolution in L2 learners of non-null-subject languages have shown conflicting results, indicating that L2 speakers may process referential expressions in the L2 like native speakers.Using a visual word paradigm task, we test the online processing of pronouns in highly proficient L2 speakers of English whose L1 is Spanish, and compare their performance to a group of native English speakers.",3,A visual word paradigm task is used to test the online processing of pronouns in highly proficient second-language speakers of English whose first language is Spanish.
glossa-5286-contemori,,"Studies on second language (L2) anaphora resolution have mainly focused on learners of null-subject languages, demonstrating that L2 speakers show residual indeterminacy in the L2 referential choice, even at the highest levels of proficiency. On the other hand, studies on anaphora resolution in L2 learners of non-null-subject languages have shown conflicting results, indicating that L2 speakers may process referential expressions in the L2 like native speakers.Using a visual word paradigm task, we test the online processing of pronouns in highly proficient L2 speakers of English whose L1 is Spanish, and compare their performance to a group of native English speakers. The native speakers’ data show rapid use of the first mention bias (i.e., interpreting a pronoun towards the first-mentioned referent) and gender information upon encountering a gender ambiguous or unambiguous pronoun. For the L2 participants, we find similar underlying processes of pronoun resolution in comparison to native speakers. The results do not reveal a processing cost for L2 speakers of a non-null-subject language during anaphora resolution. Overall, our study demonstrates that L2 speakers of a non-null-subject language (English) can achieve native-like processing of the default referential form signaling topic continuity (i.e., the overt pronoun; Sorace 2011).",2,"On the other hand, studies on anaphora resolution in L2 learners of non-null-subject languages have shown conflicting results, indicating that L2 speakers may process referential expressions in the L2 like native speakers.Using a visual word paradigm task, we test the online processing of pronouns in highly proficient L2 speakers of English whose L1 is Spanish, and compare their performance to a group of native English speakers.",4,The performance of these second-language speakers is compared to that of native English speakers.
glossa-5286-contemori,,"Studies on second language (L2) anaphora resolution have mainly focused on learners of null-subject languages, demonstrating that L2 speakers show residual indeterminacy in the L2 referential choice, even at the highest levels of proficiency. On the other hand, studies on anaphora resolution in L2 learners of non-null-subject languages have shown conflicting results, indicating that L2 speakers may process referential expressions in the L2 like native speakers.Using a visual word paradigm task, we test the online processing of pronouns in highly proficient L2 speakers of English whose L1 is Spanish, and compare their performance to a group of native English speakers. The native speakers’ data show rapid use of the first mention bias (i.e., interpreting a pronoun towards the first-mentioned referent) and gender information upon encountering a gender ambiguous or unambiguous pronoun. For the L2 participants, we find similar underlying processes of pronoun resolution in comparison to native speakers. The results do not reveal a processing cost for L2 speakers of a non-null-subject language during anaphora resolution. Overall, our study demonstrates that L2 speakers of a non-null-subject language (English) can achieve native-like processing of the default referential form signaling topic continuity (i.e., the overt pronoun; Sorace 2011).",3,"The native speakers’ data show rapid use of the first mention bias (i.e., interpreting a pronoun towards the first-mentioned referent) and gender information upon encountering a gender ambiguous or unambiguous pronoun.",1,Native speakers show rapid use of the first-mention bias and gender information upon encountering a gender-ambiguous or gender-unambiguous pronoun.
glossa-5286-contemori,,"Studies on second language (L2) anaphora resolution have mainly focused on learners of null-subject languages, demonstrating that L2 speakers show residual indeterminacy in the L2 referential choice, even at the highest levels of proficiency. On the other hand, studies on anaphora resolution in L2 learners of non-null-subject languages have shown conflicting results, indicating that L2 speakers may process referential expressions in the L2 like native speakers.Using a visual word paradigm task, we test the online processing of pronouns in highly proficient L2 speakers of English whose L1 is Spanish, and compare their performance to a group of native English speakers. The native speakers’ data show rapid use of the first mention bias (i.e., interpreting a pronoun towards the first-mentioned referent) and gender information upon encountering a gender ambiguous or unambiguous pronoun. For the L2 participants, we find similar underlying processes of pronoun resolution in comparison to native speakers. The results do not reveal a processing cost for L2 speakers of a non-null-subject language during anaphora resolution. Overall, our study demonstrates that L2 speakers of a non-null-subject language (English) can achieve native-like processing of the default referential form signaling topic continuity (i.e., the overt pronoun; Sorace 2011).",4,"For the L2 participants, we find similar underlying processes of pronoun resolution in comparison to native speakers.",1,"For the second-language participants, similar underlying processes of pronoun resolution are found compared to native speakers."
glossa-5286-contemori,,"Studies on second language (L2) anaphora resolution have mainly focused on learners of null-subject languages, demonstrating that L2 speakers show residual indeterminacy in the L2 referential choice, even at the highest levels of proficiency. On the other hand, studies on anaphora resolution in L2 learners of non-null-subject languages have shown conflicting results, indicating that L2 speakers may process referential expressions in the L2 like native speakers.Using a visual word paradigm task, we test the online processing of pronouns in highly proficient L2 speakers of English whose L1 is Spanish, and compare their performance to a group of native English speakers. The native speakers’ data show rapid use of the first mention bias (i.e., interpreting a pronoun towards the first-mentioned referent) and gender information upon encountering a gender ambiguous or unambiguous pronoun. For the L2 participants, we find similar underlying processes of pronoun resolution in comparison to native speakers. The results do not reveal a processing cost for L2 speakers of a non-null-subject language during anaphora resolution. Overall, our study demonstrates that L2 speakers of a non-null-subject language (English) can achieve native-like processing of the default referential form signaling topic continuity (i.e., the overt pronoun; Sorace 2011).",5,The results do not reveal a processing cost for L2 speakers of a non-null-subject language during anaphora resolution.,1,The results do not reveal a processing cost for second-language speakers of a non-null-subject language during anaphora resolution.
glossa-5286-contemori,,"Studies on second language (L2) anaphora resolution have mainly focused on learners of null-subject languages, demonstrating that L2 speakers show residual indeterminacy in the L2 referential choice, even at the highest levels of proficiency. On the other hand, studies on anaphora resolution in L2 learners of non-null-subject languages have shown conflicting results, indicating that L2 speakers may process referential expressions in the L2 like native speakers.Using a visual word paradigm task, we test the online processing of pronouns in highly proficient L2 speakers of English whose L1 is Spanish, and compare their performance to a group of native English speakers. The native speakers’ data show rapid use of the first mention bias (i.e., interpreting a pronoun towards the first-mentioned referent) and gender information upon encountering a gender ambiguous or unambiguous pronoun. For the L2 participants, we find similar underlying processes of pronoun resolution in comparison to native speakers. The results do not reveal a processing cost for L2 speakers of a non-null-subject language during anaphora resolution. Overall, our study demonstrates that L2 speakers of a non-null-subject language (English) can achieve native-like processing of the default referential form signaling topic continuity (i.e., the overt pronoun; Sorace 2011).",6,"Overall, our study demonstrates that L2 speakers of a non-null-subject language (English) can achieve native-like processing of the default referential form signaling topic continuity (i.e., the overt pronoun; Sorace 2011).",1,The study demonstrates that second-language speakers of a non-null-subject language can achieve native-like processing of the overt pronoun signaling topic continuity.
glossa-5286-contemori,,"Studies on second language (L2) anaphora resolution have mainly focused on learners of null-subject languages, demonstrating that L2 speakers show residual indeterminacy in the L2 referential choice, even at the highest levels of proficiency. On the other hand, studies on anaphora resolution in L2 learners of non-null-subject languages have shown conflicting results, indicating that L2 speakers may process referential expressions in the L2 like native speakers.Using a visual word paradigm task, we test the online processing of pronouns in highly proficient L2 speakers of English whose L1 is Spanish, and compare their performance to a group of native English speakers. The native speakers’ data show rapid use of the first mention bias (i.e., interpreting a pronoun towards the first-mentioned referent) and gender information upon encountering a gender ambiguous or unambiguous pronoun. For the L2 participants, we find similar underlying processes of pronoun resolution in comparison to native speakers. The results do not reveal a processing cost for L2 speakers of a non-null-subject language during anaphora resolution. Overall, our study demonstrates that L2 speakers of a non-null-subject language (English) can achieve native-like processing of the default referential form signaling topic continuity (i.e., the overt pronoun; Sorace 2011).",6,"Overall, our study demonstrates that L2 speakers of a non-null-subject language (English) can achieve native-like processing of the default referential form signaling topic continuity (i.e., the overt pronoun; Sorace 2011).",2,Sorace (2011) discusses the overt pronoun signaling topic continuity.
glossa-5040-heffernan,,Showcasing the interaction of generative and emergent linguistic knowledge with case marker omission in spoken Japanese,1,Showcasing the interaction of generative and emergent linguistic knowledge with case marker omission in spoken Japanese,1,"In Japanese, there is an interaction between generative linguistic knowledge and emergent linguistic knowledge with case marker omission in spoken language."
glossa-5040-heffernan,1 The emergent–generative debate,"Linguists are currently debating the nature of our grammatical knowledge. Many have argued that such knowledge is innate and that we use this knowledge to generate utterances; others have argued that grammatical knowledge emerges from linguistic experience, and that such knowledge forms exemplars for modeling novel utterances. Generative grammar advocates emphasize the way that utterances are generated by combining individual words as needed (Hauser et al. 2002; Newmeyer 2010, and many others). In contrast, emergent grammar advocates emphasize that prefabricated sequences of abstract and concrete linguistic forms are recycled (Thompson 2002; Ellis 2008; Beckner et al. 2009; Bybee 2010; Dąbrowska 2014, and many others; see MacWhinney & O’Grady 2015 and references therein).",1,Linguists are currently debating the nature of our grammatical knowledge.,1,"In linguistics, the nature of grammatical knowledge is debated."
glossa-5040-heffernan,1 The emergent–generative debate,"Linguists are currently debating the nature of our grammatical knowledge. Many have argued that such knowledge is innate and that we use this knowledge to generate utterances; others have argued that grammatical knowledge emerges from linguistic experience, and that such knowledge forms exemplars for modeling novel utterances. Generative grammar advocates emphasize the way that utterances are generated by combining individual words as needed (Hauser et al. 2002; Newmeyer 2010, and many others). In contrast, emergent grammar advocates emphasize that prefabricated sequences of abstract and concrete linguistic forms are recycled (Thompson 2002; Ellis 2008; Beckner et al. 2009; Bybee 2010; Dąbrowska 2014, and many others; see MacWhinney & O’Grady 2015 and references therein).",2,"Many have argued that such knowledge is innate and that we use this knowledge to generate utterances; others have argued that grammatical knowledge emerges from linguistic experience, and that such knowledge forms exemplars for modeling novel utterances.",1,Many argue that grammatical knowledge is innate and that it is used to generate utterances.
glossa-5040-heffernan,1 The emergent–generative debate,"Linguists are currently debating the nature of our grammatical knowledge. Many have argued that such knowledge is innate and that we use this knowledge to generate utterances; others have argued that grammatical knowledge emerges from linguistic experience, and that such knowledge forms exemplars for modeling novel utterances. Generative grammar advocates emphasize the way that utterances are generated by combining individual words as needed (Hauser et al. 2002; Newmeyer 2010, and many others). In contrast, emergent grammar advocates emphasize that prefabricated sequences of abstract and concrete linguistic forms are recycled (Thompson 2002; Ellis 2008; Beckner et al. 2009; Bybee 2010; Dąbrowska 2014, and many others; see MacWhinney & O’Grady 2015 and references therein).",2,"Many have argued that such knowledge is innate and that we use this knowledge to generate utterances; others have argued that grammatical knowledge emerges from linguistic experience, and that such knowledge forms exemplars for modeling novel utterances.",2,Others argue that grammatical knowledge emerges from linguistic experience and forms exemplars for modeling novel utterances.
glossa-5040-heffernan,1 The emergent–generative debate,"Linguists are currently debating the nature of our grammatical knowledge. Many have argued that such knowledge is innate and that we use this knowledge to generate utterances; others have argued that grammatical knowledge emerges from linguistic experience, and that such knowledge forms exemplars for modeling novel utterances. Generative grammar advocates emphasize the way that utterances are generated by combining individual words as needed (Hauser et al. 2002; Newmeyer 2010, and many others). In contrast, emergent grammar advocates emphasize that prefabricated sequences of abstract and concrete linguistic forms are recycled (Thompson 2002; Ellis 2008; Beckner et al. 2009; Bybee 2010; Dąbrowska 2014, and many others; see MacWhinney & O’Grady 2015 and references therein).",3,"Generative grammar advocates emphasize the way that utterances are generated by combining individual words as needed (Hauser et al. 2002; Newmeyer 2010, and many others).",1,Generative grammar advocates emphasize that utterances are generated by combining individual words as needed (Hauser et al. 2002; Newmeyer 2010).
glossa-5040-heffernan,1 The emergent–generative debate,"Linguists are currently debating the nature of our grammatical knowledge. Many have argued that such knowledge is innate and that we use this knowledge to generate utterances; others have argued that grammatical knowledge emerges from linguistic experience, and that such knowledge forms exemplars for modeling novel utterances. Generative grammar advocates emphasize the way that utterances are generated by combining individual words as needed (Hauser et al. 2002; Newmeyer 2010, and many others). In contrast, emergent grammar advocates emphasize that prefabricated sequences of abstract and concrete linguistic forms are recycled (Thompson 2002; Ellis 2008; Beckner et al. 2009; Bybee 2010; Dąbrowska 2014, and many others; see MacWhinney & O’Grady 2015 and references therein).",4,"In contrast, emergent grammar advocates emphasize that prefabricated sequences of abstract and concrete linguistic forms are recycled (Thompson 2002; Ellis 2008; Beckner et al. 2009; Bybee 2010; Dąbrowska 2014, and many others; see MacWhinney & O’Grady 2015 and references therein).",1,"Emergent grammar advocates emphasize that prefabricated sequences of abstract and concrete linguistic forms are recycled (Thompson 2002; Ellis 2008; Beckner et al. 2009; Bybee 2010; Dąbrowska 2014, and many others; see MacWhinney & O’Grady 2015 and references therein)."
glossa-5040-heffernan,1 The emergent–generative debate,"Consider Dąbrowska’s (2010) example (9a), repeated here as (1a). This sentence illustrates the long-distance dependency between the wh word in the main clause and the trace in the object position for the verb do in the subordinate clause. Dąbrowska points out that word choice in sentences with long-distance dependencies in natural conversation is constrained; that is, the main clause auxiliary in such sentences is do over 90% of the time, the subject is you about 90% of the time, and the verb is think or say about 90% of the time. Dąbrowska gave several more examples that illustrated these tendencies, and we have repeated two of them as (1b) and (1c). She concludes that utterances with long-distance dependencies followed specific templates most of the time, and emerged frequently because “they are psychologically more basic than non-prototypical ones… prototypical questions are produced more fluently, judged to be more acceptable, remembered better and acquired earlier by children” (Dąbrowska 2010: 63).",1,"Consider Dąbrowska’s (2010) example (9a), repeated here as (1a). This sentence illustrates the long-distance dependency between the wh word in the main clause and the trace in the object position for the verb do in the subordinate clause.",1,Dąbrowska’s (2010) example shows a long-distance dependency between the wh word in the main clause and the trace in the object position for the verb do in the subordinate clause.
glossa-5217-bîlbîie,Title and Abstract,"This paper discusses the No Embedding Constraint, considered to be a strong syntactic constraint on gapping and a diagnostic for this ellipsis type. As shown by two acceptability judgments tasks in Spanish, the assumptions related to the No Embedding Constraint are not borne out by our experimental results. Embedded gapping is acceptable in Spanish, and seems to be governed by a (more general) semantic constraint. Specifically, some predicates embed more easily than others, confirming, on the one hand, the asymmetry between non-factive and factive predicates, and, on the other hand, the dichotomy between semi-factive and true factive predicates. Embedded gapping and embedded coordinated clauses in general are thus sensitive to the semantic class of the embedding predicate. We argue that our data on embedded gapping in Spanish constitute a challenge for any Small Conjunct Gapping approach (in terms of subclausal/low coordination) and give support to a Large Conjunct Gapping approach (in terms of clausal/high coordination). In this paper, we adopt a constructional fragment-based analysis of gapping, which treats non-embedded and embedded gapping uniformly. More generally, this paper suggests that gapping is more similar to other ellipsis types than has been traditionally assumed.",2,"Dąbrowska points out that word choice in sentences with long-distance dependencies in natural conversation is constrained; that is, the main clause auxiliary in such sentences is do over 90% of the time, the subject is you about 90% of the time, and the verb is think or say about 90% of the time.",1,The main clause auxiliary in sentences with long-distance dependencies is do over 90% of the time.
glossa-5217-bîlbîie,Title and Abstract,"This paper discusses the No Embedding Constraint, considered to be a strong syntactic constraint on gapping and a diagnostic for this ellipsis type. As shown by two acceptability judgments tasks in Spanish, the assumptions related to the No Embedding Constraint are not borne out by our experimental results. Embedded gapping is acceptable in Spanish, and seems to be governed by a (more general) semantic constraint. Specifically, some predicates embed more easily than others, confirming, on the one hand, the asymmetry between non-factive and factive predicates, and, on the other hand, the dichotomy between semi-factive and true factive predicates. Embedded gapping and embedded coordinated clauses in general are thus sensitive to the semantic class of the embedding predicate. We argue that our data on embedded gapping in Spanish constitute a challenge for any Small Conjunct Gapping approach (in terms of subclausal/low coordination) and give support to a Large Conjunct Gapping approach (in terms of clausal/high coordination). In this paper, we adopt a constructional fragment-based analysis of gapping, which treats non-embedded and embedded gapping uniformly. More generally, this paper suggests that gapping is more similar to other ellipsis types than has been traditionally assumed.",2,"Dąbrowska points out that word choice in sentences with long-distance dependencies in natural conversation is constrained; that is, the main clause auxiliary in such sentences is do over 90% of the time, the subject is you about 90% of the time, and the verb is think or say about 90% of the time.",2,The subject is you about 90% of the time.
glossa-5217-bîlbîie,Title and Abstract,"This paper discusses the No Embedding Constraint, considered to be a strong syntactic constraint on gapping and a diagnostic for this ellipsis type. As shown by two acceptability judgments tasks in Spanish, the assumptions related to the No Embedding Constraint are not borne out by our experimental results. Embedded gapping is acceptable in Spanish, and seems to be governed by a (more general) semantic constraint. Specifically, some predicates embed more easily than others, confirming, on the one hand, the asymmetry between non-factive and factive predicates, and, on the other hand, the dichotomy between semi-factive and true factive predicates. Embedded gapping and embedded coordinated clauses in general are thus sensitive to the semantic class of the embedding predicate. We argue that our data on embedded gapping in Spanish constitute a challenge for any Small Conjunct Gapping approach (in terms of subclausal/low coordination) and give support to a Large Conjunct Gapping approach (in terms of clausal/high coordination). In this paper, we adopt a constructional fragment-based analysis of gapping, which treats non-embedded and embedded gapping uniformly. More generally, this paper suggests that gapping is more similar to other ellipsis types than has been traditionally assumed.",2,"Dąbrowska points out that word choice in sentences with long-distance dependencies in natural conversation is constrained; that is, the main clause auxiliary in such sentences is do over 90% of the time, the subject is you about 90% of the time, and the verb is think or say about 90% of the time.",3,The verb is think or say about 90% of the time.
glossa-4968-childs,,Integrating syntactic theory and variationist analysis: The structure of negative indefinites in regional dialects of British English,3,"Dąbrowska gave several more examples that illustrated these tendencies, and we have repeated two of them as (1b) and (1c).",1,Dąbrowska gave several more examples illustrating these tendencies.
glossa-4968-childs,,Integrating syntactic theory and variationist analysis: The structure of negative indefinites in regional dialects of British English,3,"Dąbrowska gave several more examples that illustrated these tendencies, and we have repeated two of them as (1b) and (1c).",2,Two of Dąbrowska’s additional examples illustrating these tendencies were repeated as (1b) and (1c).
glossa-4968-childs,,"This paper integrates syntactic theory and variationist analysis in an investigation of the variation between English not-negation (I don’t have any money), no-negation (I have no money) and negative concord (I don’t have no money). Using corpora of three varieties of UK English spoken in Glasgow, Tyneside and Salford respectively, I test two theoretical accounts of the variation. Account 1 applies Zeijlstra’s (2004) agreement-based theory of negative concord to all three variants, such that n-words (e.g. nobody) which feature in no-negation and negative concord are not inherently negative but agree with a negative operator in a higher NegP. Under Account 2, no-negation is instead derived via negative-marking within the DP followed by movement to the higher NegP for sentential scope (Kayne 1998; Svenonius 2002; Zeijlstra 2011). These accounts, together with observations about the raising properties of functional versus lexical verbs, lead to the formulation of different hypotheses about the distribution of variants in speech according to verb type, verb phrase complexity, and the discourse status of the propositions expressed. Results of distributional analysis and mixed-effects modelling support Account 2 of the variation over Account 1, suggesting structural identity between not-negation and negative concord (in contrast to no-negation). This supports Tubau’s (2016) proposal that English negative indefinites have two distinct structures: one in which negation is marked syntactically in the DP and one in which they agree with a syntactically-higher NegP.",4,"She concludes that utterances with long-distance dependencies followed specific templates most of the time, and emerged frequently because “they are psychologically more basic than non-prototypical ones… prototypical questions are produced more fluently, judged to be more acceptable, remembered better and acquired earlier by children” (Dąbrowska 2010: 63).",1,Utterances with long-distance dependencies follow specific templates most of the time.
glossa-4968-childs,,"This paper integrates syntactic theory and variationist analysis in an investigation of the variation between English not-negation (I don’t have any money), no-negation (I have no money) and negative concord (I don’t have no money). Using corpora of three varieties of UK English spoken in Glasgow, Tyneside and Salford respectively, I test two theoretical accounts of the variation. Account 1 applies Zeijlstra’s (2004) agreement-based theory of negative concord to all three variants, such that n-words (e.g. nobody) which feature in no-negation and negative concord are not inherently negative but agree with a negative operator in a higher NegP. Under Account 2, no-negation is instead derived via negative-marking within the DP followed by movement to the higher NegP for sentential scope (Kayne 1998; Svenonius 2002; Zeijlstra 2011). These accounts, together with observations about the raising properties of functional versus lexical verbs, lead to the formulation of different hypotheses about the distribution of variants in speech according to verb type, verb phrase complexity, and the discourse status of the propositions expressed. Results of distributional analysis and mixed-effects modelling support Account 2 of the variation over Account 1, suggesting structural identity between not-negation and negative concord (in contrast to no-negation). This supports Tubau’s (2016) proposal that English negative indefinites have two distinct structures: one in which negation is marked syntactically in the DP and one in which they agree with a syntactically-higher NegP.",4,"She concludes that utterances with long-distance dependencies followed specific templates most of the time, and emerged frequently because “they are psychologically more basic than non-prototypical ones… prototypical questions are produced more fluently, judged to be more acceptable, remembered better and acquired earlier by children” (Dąbrowska 2010: 63).",2,Prototypical questions are produced more fluently.
glossa-4968-childs,,"This paper integrates syntactic theory and variationist analysis in an investigation of the variation between English not-negation (I don’t have any money), no-negation (I have no money) and negative concord (I don’t have no money). Using corpora of three varieties of UK English spoken in Glasgow, Tyneside and Salford respectively, I test two theoretical accounts of the variation. Account 1 applies Zeijlstra’s (2004) agreement-based theory of negative concord to all three variants, such that n-words (e.g. nobody) which feature in no-negation and negative concord are not inherently negative but agree with a negative operator in a higher NegP. Under Account 2, no-negation is instead derived via negative-marking within the DP followed by movement to the higher NegP for sentential scope (Kayne 1998; Svenonius 2002; Zeijlstra 2011). These accounts, together with observations about the raising properties of functional versus lexical verbs, lead to the formulation of different hypotheses about the distribution of variants in speech according to verb type, verb phrase complexity, and the discourse status of the propositions expressed. Results of distributional analysis and mixed-effects modelling support Account 2 of the variation over Account 1, suggesting structural identity between not-negation and negative concord (in contrast to no-negation). This supports Tubau’s (2016) proposal that English negative indefinites have two distinct structures: one in which negation is marked syntactically in the DP and one in which they agree with a syntactically-higher NegP.",4,"She concludes that utterances with long-distance dependencies followed specific templates most of the time, and emerged frequently because “they are psychologically more basic than non-prototypical ones… prototypical questions are produced more fluently, judged to be more acceptable, remembered better and acquired earlier by children” (Dąbrowska 2010: 63).",3,Prototypical questions are judged to be more acceptable.
glossa-4968-childs,,"This paper integrates syntactic theory and variationist analysis in an investigation of the variation between English not-negation (I don’t have any money), no-negation (I have no money) and negative concord (I don’t have no money). Using corpora of three varieties of UK English spoken in Glasgow, Tyneside and Salford respectively, I test two theoretical accounts of the variation. Account 1 applies Zeijlstra’s (2004) agreement-based theory of negative concord to all three variants, such that n-words (e.g. nobody) which feature in no-negation and negative concord are not inherently negative but agree with a negative operator in a higher NegP. Under Account 2, no-negation is instead derived via negative-marking within the DP followed by movement to the higher NegP for sentential scope (Kayne 1998; Svenonius 2002; Zeijlstra 2011). These accounts, together with observations about the raising properties of functional versus lexical verbs, lead to the formulation of different hypotheses about the distribution of variants in speech according to verb type, verb phrase complexity, and the discourse status of the propositions expressed. Results of distributional analysis and mixed-effects modelling support Account 2 of the variation over Account 1, suggesting structural identity between not-negation and negative concord (in contrast to no-negation). This supports Tubau’s (2016) proposal that English negative indefinites have two distinct structures: one in which negation is marked syntactically in the DP and one in which they agree with a syntactically-higher NegP.",4,"She concludes that utterances with long-distance dependencies followed specific templates most of the time, and emerged frequently because “they are psychologically more basic than non-prototypical ones… prototypical questions are produced more fluently, judged to be more acceptable, remembered better and acquired earlier by children” (Dąbrowska 2010: 63).",4,Prototypical questions are remembered better.
glossa-4968-childs,,"This paper integrates syntactic theory and variationist analysis in an investigation of the variation between English not-negation (I don’t have any money), no-negation (I have no money) and negative concord (I don’t have no money). Using corpora of three varieties of UK English spoken in Glasgow, Tyneside and Salford respectively, I test two theoretical accounts of the variation. Account 1 applies Zeijlstra’s (2004) agreement-based theory of negative concord to all three variants, such that n-words (e.g. nobody) which feature in no-negation and negative concord are not inherently negative but agree with a negative operator in a higher NegP. Under Account 2, no-negation is instead derived via negative-marking within the DP followed by movement to the higher NegP for sentential scope (Kayne 1998; Svenonius 2002; Zeijlstra 2011). These accounts, together with observations about the raising properties of functional versus lexical verbs, lead to the formulation of different hypotheses about the distribution of variants in speech according to verb type, verb phrase complexity, and the discourse status of the propositions expressed. Results of distributional analysis and mixed-effects modelling support Account 2 of the variation over Account 1, suggesting structural identity between not-negation and negative concord (in contrast to no-negation). This supports Tubau’s (2016) proposal that English negative indefinites have two distinct structures: one in which negation is marked syntactically in the DP and one in which they agree with a syntactically-higher NegP.",4,"She concludes that utterances with long-distance dependencies followed specific templates most of the time, and emerged frequently because “they are psychologically more basic than non-prototypical ones… prototypical questions are produced more fluently, judged to be more acceptable, remembered better and acquired earlier by children” (Dąbrowska 2010: 63).",5,Prototypical questions are acquired earlier by children.
glossa-4968-childs,,"This paper integrates syntactic theory and variationist analysis in an investigation of the variation between English not-negation (I don’t have any money), no-negation (I have no money) and negative concord (I don’t have no money). Using corpora of three varieties of UK English spoken in Glasgow, Tyneside and Salford respectively, I test two theoretical accounts of the variation. Account 1 applies Zeijlstra’s (2004) agreement-based theory of negative concord to all three variants, such that n-words (e.g. nobody) which feature in no-negation and negative concord are not inherently negative but agree with a negative operator in a higher NegP. Under Account 2, no-negation is instead derived via negative-marking within the DP followed by movement to the higher NegP for sentential scope (Kayne 1998; Svenonius 2002; Zeijlstra 2011). These accounts, together with observations about the raising properties of functional versus lexical verbs, lead to the formulation of different hypotheses about the distribution of variants in speech according to verb type, verb phrase complexity, and the discourse status of the propositions expressed. Results of distributional analysis and mixed-effects modelling support Account 2 of the variation over Account 1, suggesting structural identity between not-negation and negative concord (in contrast to no-negation). This supports Tubau’s (2016) proposal that English negative indefinites have two distinct structures: one in which negation is marked syntactically in the DP and one in which they agree with a syntactically-higher NegP.",4,"She concludes that utterances with long-distance dependencies followed specific templates most of the time, and emerged frequently because “they are psychologically more basic than non-prototypical ones… prototypical questions are produced more fluently, judged to be more acceptable, remembered better and acquired earlier by children” (Dąbrowska 2010: 63).",6,Prototypical questions are psychologically more basic than non-prototypical ones.
glossa-4968-childs,1 Introduction,"Negation is a fervently-debated phenomenon within formal syntactic enquiry, as it is a universal property of language that is, at the same time, highly variable in terms of how it is expressed (Mazzon 2004: 94). The variability of negation also makes it an intriguing object of study for variationist sociolinguists, given their interest in the factors that condition speakers’ choices between linguistic forms that convey the same meaning (Tagliamonte 2006). Formal syntactic theory and variationist sociolinguistics are often depicted as somewhat incompatible “opposites”, because of their respective focus on linguistic competence and general linguistic principles on the one hand, versus performance and variability on the other (Wilson and Henry 1998). However, recent studies have advocated bridging the gap between the two in analysing morpho-syntactic variation and change (Wilson and Henry 1998; Adger and Smith 2005; 2010; Cornips and Corrigan 2005a; b; Adger and Trousdale 2007; Buchstaller et al. 2013; Burnett et al. under review), with Barbiers (2005: 235) suggesting that “it is the task of sociolinguists to describe and explain the patterns of variation that occur within a linguistic community given the theoretical limits of this variation uncovered by generative linguistics [emphasis mine]”. This paper takes such an approach and argues that integrating formal theory into variationist analysis of morpho-syntactic variation allows for: (i) more careful delimitation of the linguistic variable and its contexts, taking into consideration the constraints of the grammar; (ii) theoretically-informed decision-making as to the inclusion and exclusion of tokens; and (iii) using production data to test hypotheses that can elucidate how variants are derived from the grammar. Adopting this approach, my investigation focuses specifically on the alternation between not-negation (1), no-negation (2) and negative concord (3) in English.1",1,"Negation is a fervently-debated phenomenon within formal syntactic enquiry, as it is a universal property of language that is, at the same time, highly variable in terms of how it is expressed (Mazzon 2004: 94).",1,"Negation is a fervently-debated phenomenon within formal syntactic enquiry, according to Mazzon (2004: 94)."
glossa-4968-childs,1 Introduction,"Negation is a fervently-debated phenomenon within formal syntactic enquiry, as it is a universal property of language that is, at the same time, highly variable in terms of how it is expressed (Mazzon 2004: 94). The variability of negation also makes it an intriguing object of study for variationist sociolinguists, given their interest in the factors that condition speakers’ choices between linguistic forms that convey the same meaning (Tagliamonte 2006). Formal syntactic theory and variationist sociolinguistics are often depicted as somewhat incompatible “opposites”, because of their respective focus on linguistic competence and general linguistic principles on the one hand, versus performance and variability on the other (Wilson and Henry 1998). However, recent studies have advocated bridging the gap between the two in analysing morpho-syntactic variation and change (Wilson and Henry 1998; Adger and Smith 2005; 2010; Cornips and Corrigan 2005a; b; Adger and Trousdale 2007; Buchstaller et al. 2013; Burnett et al. under review), with Barbiers (2005: 235) suggesting that “it is the task of sociolinguists to describe and explain the patterns of variation that occur within a linguistic community given the theoretical limits of this variation uncovered by generative linguistics [emphasis mine]”. This paper takes such an approach and argues that integrating formal theory into variationist analysis of morpho-syntactic variation allows for: (i) more careful delimitation of the linguistic variable and its contexts, taking into consideration the constraints of the grammar; (ii) theoretically-informed decision-making as to the inclusion and exclusion of tokens; and (iii) using production data to test hypotheses that can elucidate how variants are derived from the grammar. Adopting this approach, my investigation focuses specifically on the alternation between not-negation (1), no-negation (2) and negative concord (3) in English.1",1,"Negation is a fervently-debated phenomenon within formal syntactic enquiry, as it is a universal property of language that is, at the same time, highly variable in terms of how it is expressed (Mazzon 2004: 94).",2,Negation is a universal property of language.
glossa-4968-childs,1 Introduction,"Negation is a fervently-debated phenomenon within formal syntactic enquiry, as it is a universal property of language that is, at the same time, highly variable in terms of how it is expressed (Mazzon 2004: 94). The variability of negation also makes it an intriguing object of study for variationist sociolinguists, given their interest in the factors that condition speakers’ choices between linguistic forms that convey the same meaning (Tagliamonte 2006). Formal syntactic theory and variationist sociolinguistics are often depicted as somewhat incompatible “opposites”, because of their respective focus on linguistic competence and general linguistic principles on the one hand, versus performance and variability on the other (Wilson and Henry 1998). However, recent studies have advocated bridging the gap between the two in analysing morpho-syntactic variation and change (Wilson and Henry 1998; Adger and Smith 2005; 2010; Cornips and Corrigan 2005a; b; Adger and Trousdale 2007; Buchstaller et al. 2013; Burnett et al. under review), with Barbiers (2005: 235) suggesting that “it is the task of sociolinguists to describe and explain the patterns of variation that occur within a linguistic community given the theoretical limits of this variation uncovered by generative linguistics [emphasis mine]”. This paper takes such an approach and argues that integrating formal theory into variationist analysis of morpho-syntactic variation allows for: (i) more careful delimitation of the linguistic variable and its contexts, taking into consideration the constraints of the grammar; (ii) theoretically-informed decision-making as to the inclusion and exclusion of tokens; and (iii) using production data to test hypotheses that can elucidate how variants are derived from the grammar. Adopting this approach, my investigation focuses specifically on the alternation between not-negation (1), no-negation (2) and negative concord (3) in English.1",1,"Negation is a fervently-debated phenomenon within formal syntactic enquiry, as it is a universal property of language that is, at the same time, highly variable in terms of how it is expressed (Mazzon 2004: 94).",3,Negation is highly variable in terms of how it is expressed.
glossa-4968-childs,1 Introduction,"Negation is a fervently-debated phenomenon within formal syntactic enquiry, as it is a universal property of language that is, at the same time, highly variable in terms of how it is expressed (Mazzon 2004: 94). The variability of negation also makes it an intriguing object of study for variationist sociolinguists, given their interest in the factors that condition speakers’ choices between linguistic forms that convey the same meaning (Tagliamonte 2006). Formal syntactic theory and variationist sociolinguistics are often depicted as somewhat incompatible “opposites”, because of their respective focus on linguistic competence and general linguistic principles on the one hand, versus performance and variability on the other (Wilson and Henry 1998). However, recent studies have advocated bridging the gap between the two in analysing morpho-syntactic variation and change (Wilson and Henry 1998; Adger and Smith 2005; 2010; Cornips and Corrigan 2005a; b; Adger and Trousdale 2007; Buchstaller et al. 2013; Burnett et al. under review), with Barbiers (2005: 235) suggesting that “it is the task of sociolinguists to describe and explain the patterns of variation that occur within a linguistic community given the theoretical limits of this variation uncovered by generative linguistics [emphasis mine]”. This paper takes such an approach and argues that integrating formal theory into variationist analysis of morpho-syntactic variation allows for: (i) more careful delimitation of the linguistic variable and its contexts, taking into consideration the constraints of the grammar; (ii) theoretically-informed decision-making as to the inclusion and exclusion of tokens; and (iii) using production data to test hypotheses that can elucidate how variants are derived from the grammar. Adopting this approach, my investigation focuses specifically on the alternation between not-negation (1), no-negation (2) and negative concord (3) in English.2",1,"Negation is a fervently-debated phenomenon within formal syntactic enquiry, as it is a universal property of language that is, at the same time, highly variable in terms of how it is expressed (Mazzon 2004: 94).",1,"Negation is a fervently-debated phenomenon within formal syntactic enquiry, according to Mazzon (2004: 94)."
glossa-4968-childs,1 Introduction,"Negation is a fervently-debated phenomenon within formal syntactic enquiry, as it is a universal property of language that is, at the same time, highly variable in terms of how it is expressed (Mazzon 2004: 94). The variability of negation also makes it an intriguing object of study for variationist sociolinguists, given their interest in the factors that condition speakers’ choices between linguistic forms that convey the same meaning (Tagliamonte 2006). Formal syntactic theory and variationist sociolinguistics are often depicted as somewhat incompatible “opposites”, because of their respective focus on linguistic competence and general linguistic principles on the one hand, versus performance and variability on the other (Wilson and Henry 1998). However, recent studies have advocated bridging the gap between the two in analysing morpho-syntactic variation and change (Wilson and Henry 1998; Adger and Smith 2005; 2010; Cornips and Corrigan 2005a; b; Adger and Trousdale 2007; Buchstaller et al. 2013; Burnett et al. under review), with Barbiers (2005: 235) suggesting that “it is the task of sociolinguists to describe and explain the patterns of variation that occur within a linguistic community given the theoretical limits of this variation uncovered by generative linguistics [emphasis mine]”. This paper takes such an approach and argues that integrating formal theory into variationist analysis of morpho-syntactic variation allows for: (i) more careful delimitation of the linguistic variable and its contexts, taking into consideration the constraints of the grammar; (ii) theoretically-informed decision-making as to the inclusion and exclusion of tokens; and (iii) using production data to test hypotheses that can elucidate how variants are derived from the grammar. Adopting this approach, my investigation focuses specifically on the alternation between not-negation (1), no-negation (2) and negative concord (3) in English.2",1,"Negation is a fervently-debated phenomenon within formal syntactic enquiry, as it is a universal property of language that is, at the same time, highly variable in terms of how it is expressed (Mazzon 2004: 94).",2,Negation is a universal property of language.
glossa-4968-childs,1 Introduction,"Negation is a fervently-debated phenomenon within formal syntactic enquiry, as it is a universal property of language that is, at the same time, highly variable in terms of how it is expressed (Mazzon 2004: 94). The variability of negation also makes it an intriguing object of study for variationist sociolinguists, given their interest in the factors that condition speakers’ choices between linguistic forms that convey the same meaning (Tagliamonte 2006). Formal syntactic theory and variationist sociolinguistics are often depicted as somewhat incompatible “opposites”, because of their respective focus on linguistic competence and general linguistic principles on the one hand, versus performance and variability on the other (Wilson and Henry 1998). However, recent studies have advocated bridging the gap between the two in analysing morpho-syntactic variation and change (Wilson and Henry 1998; Adger and Smith 2005; 2010; Cornips and Corrigan 2005a; b; Adger and Trousdale 2007; Buchstaller et al. 2013; Burnett et al. under review), with Barbiers (2005: 235) suggesting that “it is the task of sociolinguists to describe and explain the patterns of variation that occur within a linguistic community given the theoretical limits of this variation uncovered by generative linguistics [emphasis mine]”. This paper takes such an approach and argues that integrating formal theory into variationist analysis of morpho-syntactic variation allows for: (i) more careful delimitation of the linguistic variable and its contexts, taking into consideration the constraints of the grammar; (ii) theoretically-informed decision-making as to the inclusion and exclusion of tokens; and (iii) using production data to test hypotheses that can elucidate how variants are derived from the grammar. Adopting this approach, my investigation focuses specifically on the alternation between not-negation (1), no-negation (2) and negative concord (3) in English.2",1,"Negation is a fervently-debated phenomenon within formal syntactic enquiry, as it is a universal property of language that is, at the same time, highly variable in terms of how it is expressed (Mazzon 2004: 94).",3,Negation is highly variable in terms of how it is expressed.
glossa-4968-childs,1 Introduction,"Negation is a fervently-debated phenomenon within formal syntactic enquiry, as it is a universal property of language that is, at the same time, highly variable in terms of how it is expressed (Mazzon 2004: 94). The variability of negation also makes it an intriguing object of study for variationist sociolinguists, given their interest in the factors that condition speakers’ choices between linguistic forms that convey the same meaning (Tagliamonte 2006). Formal syntactic theory and variationist sociolinguistics are often depicted as somewhat incompatible “opposites”, because of their respective focus on linguistic competence and general linguistic principles on the one hand, versus performance and variability on the other (Wilson and Henry 1998). However, recent studies have advocated bridging the gap between the two in analysing morpho-syntactic variation and change (Wilson and Henry 1998; Adger and Smith 2005; 2010; Cornips and Corrigan 2005a; b; Adger and Trousdale 2007; Buchstaller et al. 2013; Burnett et al. under review), with Barbiers (2005: 235) suggesting that “it is the task of sociolinguists to describe and explain the patterns of variation that occur within a linguistic community given the theoretical limits of this variation uncovered by generative linguistics [emphasis mine]”. This paper takes such an approach and argues that integrating formal theory into variationist analysis of morpho-syntactic variation allows for: (i) more careful delimitation of the linguistic variable and its contexts, taking into consideration the constraints of the grammar; (ii) theoretically-informed decision-making as to the inclusion and exclusion of tokens; and (iii) using production data to test hypotheses that can elucidate how variants are derived from the grammar. Adopting this approach, my investigation focuses specifically on the alternation between not-negation (1), no-negation (2) and negative concord (3) in English.3",1,"Negation is a fervently-debated phenomenon within formal syntactic enquiry, as it is a universal property of language that is, at the same time, highly variable in terms of how it is expressed (Mazzon 2004: 94).",1,Negation is a fervently-debated phenomenon within formal syntactic enquiry (Mazzon 2004: 94).
glossa-4968-childs,1 Introduction,"Negation is a fervently-debated phenomenon within formal syntactic enquiry, as it is a universal property of language that is, at the same time, highly variable in terms of how it is expressed (Mazzon 2004: 94). The variability of negation also makes it an intriguing object of study for variationist sociolinguists, given their interest in the factors that condition speakers’ choices between linguistic forms that convey the same meaning (Tagliamonte 2006). Formal syntactic theory and variationist sociolinguistics are often depicted as somewhat incompatible “opposites”, because of their respective focus on linguistic competence and general linguistic principles on the one hand, versus performance and variability on the other (Wilson and Henry 1998). However, recent studies have advocated bridging the gap between the two in analysing morpho-syntactic variation and change (Wilson and Henry 1998; Adger and Smith 2005; 2010; Cornips and Corrigan 2005a; b; Adger and Trousdale 2007; Buchstaller et al. 2013; Burnett et al. under review), with Barbiers (2005: 235) suggesting that “it is the task of sociolinguists to describe and explain the patterns of variation that occur within a linguistic community given the theoretical limits of this variation uncovered by generative linguistics [emphasis mine]”. This paper takes such an approach and argues that integrating formal theory into variationist analysis of morpho-syntactic variation allows for: (i) more careful delimitation of the linguistic variable and its contexts, taking into consideration the constraints of the grammar; (ii) theoretically-informed decision-making as to the inclusion and exclusion of tokens; and (iii) using production data to test hypotheses that can elucidate how variants are derived from the grammar. Adopting this approach, my investigation focuses specifically on the alternation between not-negation (1), no-negation (2) and negative concord (3) in English.3",1,"Negation is a fervently-debated phenomenon within formal syntactic enquiry, as it is a universal property of language that is, at the same time, highly variable in terms of how it is expressed (Mazzon 2004: 94).",2,Negation is a universal property of language that is highly variable in terms of how it is expressed (Mazzon 2004: 94).
glossa-4968-childs,1 Introduction,"Negation is a fervently-debated phenomenon within formal syntactic enquiry, as it is a universal property of language that is, at the same time, highly variable in terms of how it is expressed (Mazzon 2004: 94). The variability of negation also makes it an intriguing object of study for variationist sociolinguists, given their interest in the factors that condition speakers’ choices between linguistic forms that convey the same meaning (Tagliamonte 2006). Formal syntactic theory and variationist sociolinguistics are often depicted as somewhat incompatible “opposites”, because of their respective focus on linguistic competence and general linguistic principles on the one hand, versus performance and variability on the other (Wilson and Henry 1998). However, recent studies have advocated bridging the gap between the two in analysing morpho-syntactic variation and change (Wilson and Henry 1998; Adger and Smith 2005; 2010; Cornips and Corrigan 2005a; b; Adger and Trousdale 2007; Buchstaller et al. 2013; Burnett et al. under review), with Barbiers (2005: 235) suggesting that “it is the task of sociolinguists to describe and explain the patterns of variation that occur within a linguistic community given the theoretical limits of this variation uncovered by generative linguistics [emphasis mine]”. This paper takes such an approach and argues that integrating formal theory into variationist analysis of morpho-syntactic variation allows for: (i) more careful delimitation of the linguistic variable and its contexts, taking into consideration the constraints of the grammar; (ii) theoretically-informed decision-making as to the inclusion and exclusion of tokens; and (iii) using production data to test hypotheses that can elucidate how variants are derived from the grammar. Adopting this approach, my investigation focuses specifically on the alternation between not-negation (1), no-negation (2) and negative concord (3) in English.4",1,"Negation is a fervently-debated phenomenon within formal syntactic enquiry, as it is a universal property of language that is, at the same time, highly variable in terms of how it is expressed (Mazzon 2004: 94).",1,Negation is a fervently-debated phenomenon within formal syntactic enquiry (Mazzon 2004: 94).
glossa-4968-childs,1 Introduction,"Negation is a fervently-debated phenomenon within formal syntactic enquiry, as it is a universal property of language that is, at the same time, highly variable in terms of how it is expressed (Mazzon 2004: 94). The variability of negation also makes it an intriguing object of study for variationist sociolinguists, given their interest in the factors that condition speakers’ choices between linguistic forms that convey the same meaning (Tagliamonte 2006). Formal syntactic theory and variationist sociolinguistics are often depicted as somewhat incompatible “opposites”, because of their respective focus on linguistic competence and general linguistic principles on the one hand, versus performance and variability on the other (Wilson and Henry 1998). However, recent studies have advocated bridging the gap between the two in analysing morpho-syntactic variation and change (Wilson and Henry 1998; Adger and Smith 2005; 2010; Cornips and Corrigan 2005a; b; Adger and Trousdale 2007; Buchstaller et al. 2013; Burnett et al. under review), with Barbiers (2005: 235) suggesting that “it is the task of sociolinguists to describe and explain the patterns of variation that occur within a linguistic community given the theoretical limits of this variation uncovered by generative linguistics [emphasis mine]”. This paper takes such an approach and argues that integrating formal theory into variationist analysis of morpho-syntactic variation allows for: (i) more careful delimitation of the linguistic variable and its contexts, taking into consideration the constraints of the grammar; (ii) theoretically-informed decision-making as to the inclusion and exclusion of tokens; and (iii) using production data to test hypotheses that can elucidate how variants are derived from the grammar. Adopting this approach, my investigation focuses specifically on the alternation between not-negation (1), no-negation (2) and negative concord (3) in English.4",1,"Negation is a fervently-debated phenomenon within formal syntactic enquiry, as it is a universal property of language that is, at the same time, highly variable in terms of how it is expressed (Mazzon 2004: 94).",2,Negation is a universal property of language that is highly variable in terms of how it is expressed (Mazzon 2004: 94).
glossa-4968-childs,1 Introduction,"Negation is a fervently-debated phenomenon within formal syntactic enquiry, as it is a universal property of language that is, at the same time, highly variable in terms of how it is expressed (Mazzon 2004: 94). The variability of negation also makes it an intriguing object of study for variationist sociolinguists, given their interest in the factors that condition speakers’ choices between linguistic forms that convey the same meaning (Tagliamonte 2006). Formal syntactic theory and variationist sociolinguistics are often depicted as somewhat incompatible “opposites”, because of their respective focus on linguistic competence and general linguistic principles on the one hand, versus performance and variability on the other (Wilson and Henry 1998). However, recent studies have advocated bridging the gap between the two in analysing morpho-syntactic variation and change (Wilson and Henry 1998; Adger and Smith 2005; 2010; Cornips and Corrigan 2005a; b; Adger and Trousdale 2007; Buchstaller et al. 2013; Burnett et al. under review), with Barbiers (2005: 235) suggesting that “it is the task of sociolinguists to describe and explain the patterns of variation that occur within a linguistic community given the theoretical limits of this variation uncovered by generative linguistics [emphasis mine]”. This paper takes such an approach and argues that integrating formal theory into variationist analysis of morpho-syntactic variation allows for: (i) more careful delimitation of the linguistic variable and its contexts, taking into consideration the constraints of the grammar; (ii) theoretically-informed decision-making as to the inclusion and exclusion of tokens; and (iii) using production data to test hypotheses that can elucidate how variants are derived from the grammar. Adopting this approach, my investigation focuses specifically on the alternation between not-negation (1), no-negation (2) and negative concord (3) in English.5",1,"Negation is a fervently-debated phenomenon within formal syntactic enquiry, as it is a universal property of language that is, at the same time, highly variable in terms of how it is expressed (Mazzon 2004: 94).",1,"In English, negation is a fervently-debated phenomenon within formal syntactic enquiry (Mazzon 2004: 94)."
glossa-4968-childs,1 Introduction,"Negation is a fervently-debated phenomenon within formal syntactic enquiry, as it is a universal property of language that is, at the same time, highly variable in terms of how it is expressed (Mazzon 2004: 94). The variability of negation also makes it an intriguing object of study for variationist sociolinguists, given their interest in the factors that condition speakers’ choices between linguistic forms that convey the same meaning (Tagliamonte 2006). Formal syntactic theory and variationist sociolinguistics are often depicted as somewhat incompatible “opposites”, because of their respective focus on linguistic competence and general linguistic principles on the one hand, versus performance and variability on the other (Wilson and Henry 1998). However, recent studies have advocated bridging the gap between the two in analysing morpho-syntactic variation and change (Wilson and Henry 1998; Adger and Smith 2005; 2010; Cornips and Corrigan 2005a; b; Adger and Trousdale 2007; Buchstaller et al. 2013; Burnett et al. under review), with Barbiers (2005: 235) suggesting that “it is the task of sociolinguists to describe and explain the patterns of variation that occur within a linguistic community given the theoretical limits of this variation uncovered by generative linguistics [emphasis mine]”. This paper takes such an approach and argues that integrating formal theory into variationist analysis of morpho-syntactic variation allows for: (i) more careful delimitation of the linguistic variable and its contexts, taking into consideration the constraints of the grammar; (ii) theoretically-informed decision-making as to the inclusion and exclusion of tokens; and (iii) using production data to test hypotheses that can elucidate how variants are derived from the grammar. Adopting this approach, my investigation focuses specifically on the alternation between not-negation (1), no-negation (2) and negative concord (3) in English.5",1,"Negation is a fervently-debated phenomenon within formal syntactic enquiry, as it is a universal property of language that is, at the same time, highly variable in terms of how it is expressed (Mazzon 2004: 94).",2,"In English, negation is a universal property of language that is highly variable in terms of how it is expressed (Mazzon 2004: 94)."
glossa-4968-childs,1 Introduction,"Negation is a fervently-debated phenomenon within formal syntactic enquiry, as it is a universal property of language that is, at the same time, highly variable in terms of how it is expressed (Mazzon 2004: 94). The variability of negation also makes it an intriguing object of study for variationist sociolinguists, given their interest in the factors that condition speakers’ choices between linguistic forms that convey the same meaning (Tagliamonte 2006). Formal syntactic theory and variationist sociolinguistics are often depicted as somewhat incompatible “opposites”, because of their respective focus on linguistic competence and general linguistic principles on the one hand, versus performance and variability on the other (Wilson and Henry 1998). However, recent studies have advocated bridging the gap between the two in analysing morpho-syntactic variation and change (Wilson and Henry 1998; Adger and Smith 2005; 2010; Cornips and Corrigan 2005a; b; Adger and Trousdale 2007; Buchstaller et al. 2013; Burnett et al. under review), with Barbiers (2005: 235) suggesting that “it is the task of sociolinguists to describe and explain the patterns of variation that occur within a linguistic community given the theoretical limits of this variation uncovered by generative linguistics [emphasis mine]”. This paper takes such an approach and argues that integrating formal theory into variationist analysis of morpho-syntactic variation allows for: (i) more careful delimitation of the linguistic variable and its contexts, taking into consideration the constraints of the grammar; (ii) theoretically-informed decision-making as to the inclusion and exclusion of tokens; and (iii) using production data to test hypotheses that can elucidate how variants are derived from the grammar. Adopting this approach, my investigation focuses specifically on the alternation between not-negation (1), no-negation (2) and negative concord (3) in English.6",1,"Negation is a fervently-debated phenomenon within formal syntactic enquiry, as it is a universal property of language that is, at the same time, highly variable in terms of how it is expressed (Mazzon 2004: 94).",1,"In English, negation is a fervently-debated phenomenon within formal syntactic enquiry (Mazzon 2004: 94)."
glossa-4968-childs,1 Introduction,"Negation is a fervently-debated phenomenon within formal syntactic enquiry, as it is a universal property of language that is, at the same time, highly variable in terms of how it is expressed (Mazzon 2004: 94). The variability of negation also makes it an intriguing object of study for variationist sociolinguists, given their interest in the factors that condition speakers’ choices between linguistic forms that convey the same meaning (Tagliamonte 2006). Formal syntactic theory and variationist sociolinguistics are often depicted as somewhat incompatible “opposites”, because of their respective focus on linguistic competence and general linguistic principles on the one hand, versus performance and variability on the other (Wilson and Henry 1998). However, recent studies have advocated bridging the gap between the two in analysing morpho-syntactic variation and change (Wilson and Henry 1998; Adger and Smith 2005; 2010; Cornips and Corrigan 2005a; b; Adger and Trousdale 2007; Buchstaller et al. 2013; Burnett et al. under review), with Barbiers (2005: 235) suggesting that “it is the task of sociolinguists to describe and explain the patterns of variation that occur within a linguistic community given the theoretical limits of this variation uncovered by generative linguistics [emphasis mine]”. This paper takes such an approach and argues that integrating formal theory into variationist analysis of morpho-syntactic variation allows for: (i) more careful delimitation of the linguistic variable and its contexts, taking into consideration the constraints of the grammar; (ii) theoretically-informed decision-making as to the inclusion and exclusion of tokens; and (iii) using production data to test hypotheses that can elucidate how variants are derived from the grammar. Adopting this approach, my investigation focuses specifically on the alternation between not-negation (1), no-negation (2) and negative concord (3) in English.6",1,"Negation is a fervently-debated phenomenon within formal syntactic enquiry, as it is a universal property of language that is, at the same time, highly variable in terms of how it is expressed (Mazzon 2004: 94).",2,"In English, negation is a universal property of language that is highly variable in terms of how it is expressed (Mazzon 2004: 94)."
glossa-4968-childs,1 Introduction,"Negation is a fervently-debated phenomenon within formal syntactic enquiry, as it is a universal property of language that is, at the same time, highly variable in terms of how it is expressed (Mazzon 2004: 94). The variability of negation also makes it an intriguing object of study for variationist sociolinguists, given their interest in the factors that condition speakers’ choices between linguistic forms that convey the same meaning (Tagliamonte 2006). Formal syntactic theory and variationist sociolinguistics are often depicted as somewhat incompatible “opposites”, because of their respective focus on linguistic competence and general linguistic principles on the one hand, versus performance and variability on the other (Wilson and Henry 1998). However, recent studies have advocated bridging the gap between the two in analysing morpho-syntactic variation and change (Wilson and Henry 1998; Adger and Smith 2005; 2010; Cornips and Corrigan 2005a; b; Adger and Trousdale 2007; Buchstaller et al. 2013; Burnett et al. under review), with Barbiers (2005: 235) suggesting that “it is the task of sociolinguists to describe and explain the patterns of variation that occur within a linguistic community given the theoretical limits of this variation uncovered by generative linguistics [emphasis mine]”. This paper takes such an approach and argues that integrating formal theory into variationist analysis of morpho-syntactic variation allows for: (i) more careful delimitation of the linguistic variable and its contexts, taking into consideration the constraints of the grammar; (ii) theoretically-informed decision-making as to the inclusion and exclusion of tokens; and (iii) using production data to test hypotheses that can elucidate how variants are derived from the grammar. Adopting this approach, my investigation focuses specifically on the alternation between not-negation (1), no-negation (2) and negative concord (3) in English.7",1,"The variability of negation also makes it an intriguing object of study for variationist sociolinguists, given their interest in the factors that condition speakers’ choices between linguistic forms that convey the same meaning (Tagliamonte 2006).",1,"Tagliamonte (2006) argues that the variability of negation is an intriguing object of study for variationist sociolinguists, given their interest in the factors that condition speakers’ choices between linguistic forms that convey the same meaning."
glossa-4968-childs,1 Introduction,"Negation is a fervently-debated phenomenon within formal syntactic enquiry, as it is a universal property of language that is, at the same time, highly variable in terms of how it is expressed (Mazzon 2004: 94). The variability of negation also makes it an intriguing object of study for variationist sociolinguists, given their interest in the factors that condition speakers’ choices between linguistic forms that convey the same meaning (Tagliamonte 2006). Formal syntactic theory and variationist sociolinguistics are often depicted as somewhat incompatible “opposites”, because of their respective focus on linguistic competence and general linguistic principles on the one hand, versus performance and variability on the other (Wilson and Henry 1998). However, recent studies have advocated bridging the gap between the two in analysing morpho-syntactic variation and change (Wilson and Henry 1998; Adger and Smith 2005; 2010; Cornips and Corrigan 2005a; b; Adger and Trousdale 2007; Buchstaller et al. 2013; Burnett et al. under review), with Barbiers (2005: 235) suggesting that “it is the task of sociolinguists to describe and explain the patterns of variation that occur within a linguistic community given the theoretical limits of this variation uncovered by generative linguistics [emphasis mine]”. This paper takes such an approach and argues that integrating formal theory into variationist analysis of morpho-syntactic variation allows for: (i) more careful delimitation of the linguistic variable and its contexts, taking into consideration the constraints of the grammar; (ii) theoretically-informed decision-making as to the inclusion and exclusion of tokens; and (iii) using production data to test hypotheses that can elucidate how variants are derived from the grammar. Adopting this approach, my investigation focuses specifically on the alternation between not-negation (1), no-negation (2) and negative concord (3) in English.7",1,"The variability of negation also makes it an intriguing object of study for variationist sociolinguists, given their interest in the factors that condition speakers’ choices between linguistic forms that convey the same meaning (Tagliamonte 2006).",2,"The variability of negation is an intriguing object of study for variationist sociolinguists, given their interest in the factors that condition speakers’ choices between linguistic forms that convey the same meaning."
glossa-4968-childs,1 Introduction,"Negation is a fervently-debated phenomenon within formal syntactic enquiry, as it is a universal property of language that is, at the same time, highly variable in terms of how it is expressed (Mazzon 2004: 94). The variability of negation also makes it an intriguing object of study for variationist sociolinguists, given their interest in the factors that condition speakers’ choices between linguistic forms that convey the same meaning (Tagliamonte 2006). Formal syntactic theory and variationist sociolinguistics are often depicted as somewhat incompatible “opposites”, because of their respective focus on linguistic competence and general linguistic principles on the one hand, versus performance and variability on the other (Wilson and Henry 1998). However, recent studies have advocated bridging the gap between the two in analysing morpho-syntactic variation and change (Wilson and Henry 1998; Adger and Smith 2005; 2010; Cornips and Corrigan 2005a; b; Adger and Trousdale 2007; Buchstaller et al. 2013; Burnett et al. under review), with Barbiers (2005: 235) suggesting that “it is the task of sociolinguists to describe and explain the patterns of variation that occur within a linguistic community given the theoretical limits of this variation uncovered by generative linguistics [emphasis mine]”. This paper takes such an approach and argues that integrating formal theory into variationist analysis of morpho-syntactic variation allows for: (i) more careful delimitation of the linguistic variable and its contexts, taking into consideration the constraints of the grammar; (ii) theoretically-informed decision-making as to the inclusion and exclusion of tokens; and (iii) using production data to test hypotheses that can elucidate how variants are derived from the grammar. Adopting this approach, my investigation focuses specifically on the alternation between not-negation (1), no-negation (2) and negative concord (3) in English.8",1,"The variability of negation also makes it an intriguing object of study for variationist sociolinguists, given their interest in the factors that condition speakers’ choices between linguistic forms that convey the same meaning (Tagliamonte 2006).",1,"Tagliamonte (2006) argues that the variability of negation is an intriguing object of study for variationist sociolinguists, given their interest in the factors that condition speakers’ choices between linguistic forms that convey the same meaning."
glossa-4968-childs,1 Introduction,"Negation is a fervently-debated phenomenon within formal syntactic enquiry, as it is a universal property of language that is, at the same time, highly variable in terms of how it is expressed (Mazzon 2004: 94). The variability of negation also makes it an intriguing object of study for variationist sociolinguists, given their interest in the factors that condition speakers’ choices between linguistic forms that convey the same meaning (Tagliamonte 2006). Formal syntactic theory and variationist sociolinguistics are often depicted as somewhat incompatible “opposites”, because of their respective focus on linguistic competence and general linguistic principles on the one hand, versus performance and variability on the other (Wilson and Henry 1998). However, recent studies have advocated bridging the gap between the two in analysing morpho-syntactic variation and change (Wilson and Henry 1998; Adger and Smith 2005; 2010; Cornips and Corrigan 2005a; b; Adger and Trousdale 2007; Buchstaller et al. 2013; Burnett et al. under review), with Barbiers (2005: 235) suggesting that “it is the task of sociolinguists to describe and explain the patterns of variation that occur within a linguistic community given the theoretical limits of this variation uncovered by generative linguistics [emphasis mine]”. This paper takes such an approach and argues that integrating formal theory into variationist analysis of morpho-syntactic variation allows for: (i) more careful delimitation of the linguistic variable and its contexts, taking into consideration the constraints of the grammar; (ii) theoretically-informed decision-making as to the inclusion and exclusion of tokens; and (iii) using production data to test hypotheses that can elucidate how variants are derived from the grammar. Adopting this approach, my investigation focuses specifically on the alternation between not-negation (1), no-negation (2) and negative concord (3) in English.8",1,"The variability of negation also makes it an intriguing object of study for variationist sociolinguists, given their interest in the factors that condition speakers’ choices between linguistic forms that convey the same meaning (Tagliamonte 2006).",2,"The variability of negation is an intriguing object of study for variationist sociolinguists, given their interest in the factors that condition speakers’ choices between linguistic forms that convey the same meaning."
glossa-4968-childs,1 Introduction,"Negation is a fervently-debated phenomenon within formal syntactic enquiry, as it is a universal property of language that is, at the same time, highly variable in terms of how it is expressed (Mazzon 2004: 94). The variability of negation also makes it an intriguing object of study for variationist sociolinguists, given their interest in the factors that condition speakers’ choices between linguistic forms that convey the same meaning (Tagliamonte 2006). Formal syntactic theory and variationist sociolinguistics are often depicted as somewhat incompatible “opposites”, because of their respective focus on linguistic competence and general linguistic principles on the one hand, versus performance and variability on the other (Wilson and Henry 1998). However, recent studies have advocated bridging the gap between the two in analysing morpho-syntactic variation and change (Wilson and Henry 1998; Adger and Smith 2005; 2010; Cornips and Corrigan 2005a; b; Adger and Trousdale 2007; Buchstaller et al. 2013; Burnett et al. under review), with Barbiers (2005: 235) suggesting that “it is the task of sociolinguists to describe and explain the patterns of variation that occur within a linguistic community given the theoretical limits of this variation uncovered by generative linguistics [emphasis mine]”. This paper takes such an approach and argues that integrating formal theory into variationist analysis of morpho-syntactic variation allows for: (i) more careful delimitation of the linguistic variable and its contexts, taking into consideration the constraints of the grammar; (ii) theoretically-informed decision-making as to the inclusion and exclusion of tokens; and (iii) using production data to test hypotheses that can elucidate how variants are derived from the grammar. Adopting this approach, my investigation focuses specifically on the alternation between not-negation (1), no-negation (2) and negative concord (3) in English.9",1,"The variability of negation also makes it an intriguing object of study for variationist sociolinguists, given their interest in the factors that condition speakers’ choices between linguistic forms that convey the same meaning (Tagliamonte 2006).",1,The variability of negation makes it an intriguing object of study for variationist sociolinguists (Tagliamonte 2006).
glossa-4968-childs,1 Introduction,"Negation is a fervently-debated phenomenon within formal syntactic enquiry, as it is a universal property of language that is, at the same time, highly variable in terms of how it is expressed (Mazzon 2004: 94). The variability of negation also makes it an intriguing object of study for variationist sociolinguists, given their interest in the factors that condition speakers’ choices between linguistic forms that convey the same meaning (Tagliamonte 2006). Formal syntactic theory and variationist sociolinguistics are often depicted as somewhat incompatible “opposites”, because of their respective focus on linguistic competence and general linguistic principles on the one hand, versus performance and variability on the other (Wilson and Henry 1998). However, recent studies have advocated bridging the gap between the two in analysing morpho-syntactic variation and change (Wilson and Henry 1998; Adger and Smith 2005; 2010; Cornips and Corrigan 2005a; b; Adger and Trousdale 2007; Buchstaller et al. 2013; Burnett et al. under review), with Barbiers (2005: 235) suggesting that “it is the task of sociolinguists to describe and explain the patterns of variation that occur within a linguistic community given the theoretical limits of this variation uncovered by generative linguistics [emphasis mine]”. This paper takes such an approach and argues that integrating formal theory into variationist analysis of morpho-syntactic variation allows for: (i) more careful delimitation of the linguistic variable and its contexts, taking into consideration the constraints of the grammar; (ii) theoretically-informed decision-making as to the inclusion and exclusion of tokens; and (iii) using production data to test hypotheses that can elucidate how variants are derived from the grammar. Adopting this approach, my investigation focuses specifically on the alternation between not-negation (1), no-negation (2) and negative concord (3) in English.9",1,"The variability of negation also makes it an intriguing object of study for variationist sociolinguists, given their interest in the factors that condition speakers’ choices between linguistic forms that convey the same meaning (Tagliamonte 2006).",2,Variationist sociolinguists are interested in the factors that condition speakers’ choices between linguistic forms that convey the same meaning (Tagliamonte 2006).
glossa-4968-childs,1 Introduction,"Negation is a fervently-debated phenomenon within formal syntactic enquiry, as it is a universal property of language that is, at the same time, highly variable in terms of how it is expressed (Mazzon 2004: 94). The variability of negation also makes it an intriguing object of study for variationist sociolinguists, given their interest in the factors that condition speakers’ choices between linguistic forms that convey the same meaning (Tagliamonte 2006). Formal syntactic theory and variationist sociolinguistics are often depicted as somewhat incompatible “opposites”, because of their respective focus on linguistic competence and general linguistic principles on the one hand, versus performance and variability on the other (Wilson and Henry 1998). However, recent studies have advocated bridging the gap between the two in analysing morpho-syntactic variation and change (Wilson and Henry 1998; Adger and Smith 2005; 2010; Cornips and Corrigan 2005a; b; Adger and Trousdale 2007; Buchstaller et al. 2013; Burnett et al. under review), with Barbiers (2005: 235) suggesting that “it is the task of sociolinguists to describe and explain the patterns of variation that occur within a linguistic community given the theoretical limits of this variation uncovered by generative linguistics [emphasis mine]”. This paper takes such an approach and argues that integrating formal theory into variationist analysis of morpho-syntactic variation allows for: (i) more careful delimitation of the linguistic variable and its contexts, taking into consideration the constraints of the grammar; (ii) theoretically-informed decision-making as to the inclusion and exclusion of tokens; and (iii) using production data to test hypotheses that can elucidate how variants are derived from the grammar. Adopting this approach, my investigation focuses specifically on the alternation between not-negation (1), no-negation (2) and negative concord (3) in English.10",1,"Formal syntactic theory and variationist sociolinguistics are often depicted as somewhat incompatible “opposites”, because of their respective focus on linguistic competence and general linguistic principles on the one hand, versus performance and variability on the other (Wilson and Henry 1998).",1,Formal syntactic theory and variationist sociolinguistics are often depicted as incompatible “opposites” (Wilson and Henry 1998).
glossa-4968-childs,1 Introduction,"Negation is a fervently-debated phenomenon within formal syntactic enquiry, as it is a universal property of language that is, at the same time, highly variable in terms of how it is expressed (Mazzon 2004: 94). The variability of negation also makes it an intriguing object of study for variationist sociolinguists, given their interest in the factors that condition speakers’ choices between linguistic forms that convey the same meaning (Tagliamonte 2006). Formal syntactic theory and variationist sociolinguistics are often depicted as somewhat incompatible “opposites”, because of their respective focus on linguistic competence and general linguistic principles on the one hand, versus performance and variability on the other (Wilson and Henry 1998). However, recent studies have advocated bridging the gap between the two in analysing morpho-syntactic variation and change (Wilson and Henry 1998; Adger and Smith 2005; 2010; Cornips and Corrigan 2005a; b; Adger and Trousdale 2007; Buchstaller et al. 2013; Burnett et al. under review), with Barbiers (2005: 235) suggesting that “it is the task of sociolinguists to describe and explain the patterns of variation that occur within a linguistic community given the theoretical limits of this variation uncovered by generative linguistics [emphasis mine]”. This paper takes such an approach and argues that integrating formal theory into variationist analysis of morpho-syntactic variation allows for: (i) more careful delimitation of the linguistic variable and its contexts, taking into consideration the constraints of the grammar; (ii) theoretically-informed decision-making as to the inclusion and exclusion of tokens; and (iii) using production data to test hypotheses that can elucidate how variants are derived from the grammar. Adopting this approach, my investigation focuses specifically on the alternation between not-negation (1), no-negation (2) and negative concord (3) in English.11",1,"Formal syntactic theory and variationist sociolinguistics are often depicted as somewhat incompatible “opposites”, because of their respective focus on linguistic competence and general linguistic principles on the one hand, versus performance and variability on the other (Wilson and Henry 1998).",1,"In English, Wilson and Henry (1998) depict formal syntactic theory and variationist sociolinguistics as incompatible opposites due to their respective focus on linguistic competence and general linguistic principles, versus performance and variability."
glossa-4968-childs,1 Introduction,"Negation is a fervently-debated phenomenon within formal syntactic enquiry, as it is a universal property of language that is, at the same time, highly variable in terms of how it is expressed (Mazzon 2004: 94). The variability of negation also makes it an intriguing object of study for variationist sociolinguists, given their interest in the factors that condition speakers’ choices between linguistic forms that convey the same meaning (Tagliamonte 2006). Formal syntactic theory and variationist sociolinguistics are often depicted as somewhat incompatible “opposites”, because of their respective focus on linguistic competence and general linguistic principles on the one hand, versus performance and variability on the other (Wilson and Henry 1998). However, recent studies have advocated bridging the gap between the two in analysing morpho-syntactic variation and change (Wilson and Henry 1998; Adger and Smith 2005; 2010; Cornips and Corrigan 2005a; b; Adger and Trousdale 2007; Buchstaller et al. 2013; Burnett et al. under review), with Barbiers (2005: 235) suggesting that “it is the task of sociolinguists to describe and explain the patterns of variation that occur within a linguistic community given the theoretical limits of this variation uncovered by generative linguistics [emphasis mine]”. This paper takes such an approach and argues that integrating formal theory into variationist analysis of morpho-syntactic variation allows for: (i) more careful delimitation of the linguistic variable and its contexts, taking into consideration the constraints of the grammar; (ii) theoretically-informed decision-making as to the inclusion and exclusion of tokens; and (iii) using production data to test hypotheses that can elucidate how variants are derived from the grammar. Adopting this approach, my investigation focuses specifically on the alternation between not-negation (1), no-negation (2) and negative concord (3) in English.12",1,"Formal syntactic theory and variationist sociolinguistics are often depicted as somewhat incompatible “opposites”, because of their respective focus on linguistic competence and general linguistic principles on the one hand, versus performance and variability on the other (Wilson and Henry 1998).",1,"In English, Wilson and Henry (1998) depict formal syntactic theory and variationist sociolinguistics as incompatible opposites due to their respective focus on linguistic competence and general linguistic principles, versus performance and variability."
glossa-4968-childs,1 Introduction,"Negation is a fervently-debated phenomenon within formal syntactic enquiry, as it is a universal property of language that is, at the same time, highly variable in terms of how it is expressed (Mazzon 2004: 94). The variability of negation also makes it an intriguing object of study for variationist sociolinguists, given their interest in the factors that condition speakers’ choices between linguistic forms that convey the same meaning (Tagliamonte 2006). Formal syntactic theory and variationist sociolinguistics are often depicted as somewhat incompatible “opposites”, because of their respective focus on linguistic competence and general linguistic principles on the one hand, versus performance and variability on the other (Wilson and Henry 1998). However, recent studies have advocated bridging the gap between the two in analysing morpho-syntactic variation and change (Wilson and Henry 1998; Adger and Smith 2005; 2010; Cornips and Corrigan 2005a; b; Adger and Trousdale 2007; Buchstaller et al. 2013; Burnett et al. under review), with Barbiers (2005: 235) suggesting that “it is the task of sociolinguists to describe and explain the patterns of variation that occur within a linguistic community given the theoretical limits of this variation uncovered by generative linguistics [emphasis mine]”. This paper takes such an approach and argues that integrating formal theory into variationist analysis of morpho-syntactic variation allows for: (i) more careful delimitation of the linguistic variable and its contexts, taking into consideration the constraints of the grammar; (ii) theoretically-informed decision-making as to the inclusion and exclusion of tokens; and (iii) using production data to test hypotheses that can elucidate how variants are derived from the grammar. Adopting this approach, my investigation focuses specifically on the alternation between not-negation (1), no-negation (2) and negative concord (3) in English.13",1,"Formal syntactic theory and variationist sociolinguistics are often depicted as somewhat incompatible “opposites”, because of their respective focus on linguistic competence and general linguistic principles on the one hand, versus performance and variability on the other (Wilson and Henry 1998).",1,"In English, formal syntactic theory and variationist sociolinguistics are often depicted as somewhat incompatible “opposites”, because of their respective focus on linguistic competence and general linguistic principles on the one hand, versus performance and variability on the other (Wilson and Henry 1998)."
glossa-4968-childs,1 Introduction,"Negation is a fervently-debated phenomenon within formal syntactic enquiry, as it is a universal property of language that is, at the same time, highly variable in terms of how it is expressed (Mazzon 2004: 94). The variability of negation also makes it an intriguing object of study for variationist sociolinguists, given their interest in the factors that condition speakers’ choices between linguistic forms that convey the same meaning (Tagliamonte 2006). Formal syntactic theory and variationist sociolinguistics are often depicted as somewhat incompatible “opposites”, because of their respective focus on linguistic competence and general linguistic principles on the one hand, versus performance and variability on the other (Wilson and Henry 1998). However, recent studies have advocated bridging the gap between the two in analysing morpho-syntactic variation and change (Wilson and Henry 1998; Adger and Smith 2005; 2010; Cornips and Corrigan 2005a; b; Adger and Trousdale 2007; Buchstaller et al. 2013; Burnett et al. under review), with Barbiers (2005: 235) suggesting that “it is the task of sociolinguists to describe and explain the patterns of variation that occur within a linguistic community given the theoretical limits of this variation uncovered by generative linguistics [emphasis mine]”. This paper takes such an approach and argues that integrating formal theory into variationist analysis of morpho-syntactic variation allows for: (i) more careful delimitation of the linguistic variable and its contexts, taking into consideration the constraints of the grammar; (ii) theoretically-informed decision-making as to the inclusion and exclusion of tokens; and (iii) using production data to test hypotheses that can elucidate how variants are derived from the grammar. Adopting this approach, my investigation focuses specifically on the alternation between not-negation (1), no-negation (2) and negative concord (3) in English.14",1,"Formal syntactic theory and variationist sociolinguistics are often depicted as somewhat incompatible “opposites”, because of their respective focus on linguistic competence and general linguistic principles on the one hand, versus performance and variability on the other (Wilson and Henry 1998).",1,"In English, formal syntactic theory and variationist sociolinguistics are often depicted as somewhat incompatible “opposites”, because of their respective focus on linguistic competence and general linguistic principles on the one hand, versus performance and variability on the other (Wilson and Henry 1998)."
glossa-4968-childs,1 Introduction,"Negation is a fervently-debated phenomenon within formal syntactic enquiry, as it is a universal property of language that is, at the same time, highly variable in terms of how it is expressed (Mazzon 2004: 94). The variability of negation also makes it an intriguing object of study for variationist sociolinguists, given their interest in the factors that condition speakers’ choices between linguistic forms that convey the same meaning (Tagliamonte 2006). Formal syntactic theory and variationist sociolinguistics are often depicted as somewhat incompatible “opposites”, because of their respective focus on linguistic competence and general linguistic principles on the one hand, versus performance and variability on the other (Wilson and Henry 1998). However, recent studies have advocated bridging the gap between the two in analysing morpho-syntactic variation and change (Wilson and Henry 1998; Adger and Smith 2005; 2010; Cornips and Corrigan 2005a; b; Adger and Trousdale 2007; Buchstaller et al. 2013; Burnett et al. under review), with Barbiers (2005: 235) suggesting that “it is the task of sociolinguists to describe and explain the patterns of variation that occur within a linguistic community given the theoretical limits of this variation uncovered by generative linguistics [emphasis mine]”. This paper takes such an approach and argues that integrating formal theory into variationist analysis of morpho-syntactic variation allows for: (i) more careful delimitation of the linguistic variable and its contexts, taking into consideration the constraints of the grammar; (ii) theoretically-informed decision-making as to the inclusion and exclusion of tokens; and (iii) using production data to test hypotheses that can elucidate how variants are derived from the grammar. Adopting this approach, my investigation focuses specifically on the alternation between not-negation (1), no-negation (2) and negative concord (3) in English.15",1,"Formal syntactic theory and variationist sociolinguistics are often depicted as somewhat incompatible “opposites”, because of their respective focus on linguistic competence and general linguistic principles on the one hand, versus performance and variability on the other (Wilson and Henry 1998).",1,"Wilson and Henry (1998) describe formal syntactic theory and variationist sociolinguistics as often depicted as somewhat incompatible “opposites” because of their respective focus on linguistic competence and general linguistic principles, on the one hand, versus performance and variability on the other."
glossa-4968-childs,1 Introduction,"Negation is a fervently-debated phenomenon within formal syntactic enquiry, as it is a universal property of language that is, at the same time, highly variable in terms of how it is expressed (Mazzon 2004: 94). The variability of negation also makes it an intriguing object of study for variationist sociolinguists, given their interest in the factors that condition speakers’ choices between linguistic forms that convey the same meaning (Tagliamonte 2006). Formal syntactic theory and variationist sociolinguistics are often depicted as somewhat incompatible “opposites”, because of their respective focus on linguistic competence and general linguistic principles on the one hand, versus performance and variability on the other (Wilson and Henry 1998). However, recent studies have advocated bridging the gap between the two in analysing morpho-syntactic variation and change (Wilson and Henry 1998; Adger and Smith 2005; 2010; Cornips and Corrigan 2005a; b; Adger and Trousdale 2007; Buchstaller et al. 2013; Burnett et al. under review), with Barbiers (2005: 235) suggesting that “it is the task of sociolinguists to describe and explain the patterns of variation that occur within a linguistic community given the theoretical limits of this variation uncovered by generative linguistics [emphasis mine]”. This paper takes such an approach and argues that integrating formal theory into variationist analysis of morpho-syntactic variation allows for: (i) more careful delimitation of the linguistic variable and its contexts, taking into consideration the constraints of the grammar; (ii) theoretically-informed decision-making as to the inclusion and exclusion of tokens; and (iii) using production data to test hypotheses that can elucidate how variants are derived from the grammar. Adopting this approach, my investigation focuses specifically on the alternation between not-negation (1), no-negation (2) and negative concord (3) in English.16",1,"However, recent studies have advocated bridging the gap between the two in analysing morpho-syntactic variation and change (Wilson and Henry 1998; Adger and Smith 2005; 2010; Cornips and Corrigan 2005a; b; Adger and Trousdale 2007; Buchstaller et al. 2013; Burnett et al. under review), with Barbiers (2005: 235) suggesting that “it is the task of sociolinguists to describe and explain the patterns of variation that occur within a linguistic community given the theoretical limits of this variation uncovered by generative linguistics [emphasis mine]”.",1,Recent studies (Wilson and Henry 1998; Adger and Smith 2005; 2010; Cornips and Corrigan 2005a; b; Adger and Trousdale 2007; Buchstaller et al. 2013; Burnett et al. under review) have advocated bridging the gap between the two in analysing morpho-syntactic variation and change.
glossa-4968-childs,1 Introduction,"Negation is a fervently-debated phenomenon within formal syntactic enquiry, as it is a universal property of language that is, at the same time, highly variable in terms of how it is expressed (Mazzon 2004: 94). The variability of negation also makes it an intriguing object of study for variationist sociolinguists, given their interest in the factors that condition speakers’ choices between linguistic forms that convey the same meaning (Tagliamonte 2006). Formal syntactic theory and variationist sociolinguistics are often depicted as somewhat incompatible “opposites”, because of their respective focus on linguistic competence and general linguistic principles on the one hand, versus performance and variability on the other (Wilson and Henry 1998). However, recent studies have advocated bridging the gap between the two in analysing morpho-syntactic variation and change (Wilson and Henry 1998; Adger and Smith 2005; 2010; Cornips and Corrigan 2005a; b; Adger and Trousdale 2007; Buchstaller et al. 2013; Burnett et al. under review), with Barbiers (2005: 235) suggesting that “it is the task of sociolinguists to describe and explain the patterns of variation that occur within a linguistic community given the theoretical limits of this variation uncovered by generative linguistics [emphasis mine]”. This paper takes such an approach and argues that integrating formal theory into variationist analysis of morpho-syntactic variation allows for: (i) more careful delimitation of the linguistic variable and its contexts, taking into consideration the constraints of the grammar; (ii) theoretically-informed decision-making as to the inclusion and exclusion of tokens; and (iii) using production data to test hypotheses that can elucidate how variants are derived from the grammar. Adopting this approach, my investigation focuses specifically on the alternation between not-negation (1), no-negation (2) and negative concord (3) in English.16",1,"However, recent studies have advocated bridging the gap between the two in analysing morpho-syntactic variation and change (Wilson and Henry 1998; Adger and Smith 2005; 2010; Cornips and Corrigan 2005a; b; Adger and Trousdale 2007; Buchstaller et al. 2013; Burnett et al. under review), with Barbiers (2005: 235) suggesting that “it is the task of sociolinguists to describe and explain the patterns of variation that occur within a linguistic community given the theoretical limits of this variation uncovered by generative linguistics [emphasis mine]”.",2,Barbiers (2005: 235) suggesting that “it is the task of sociolinguists to describe and explain the patterns of variation that occur within a linguistic community given the theoretical limits of this variation uncovered by generative linguistics”.
glossa-4968-childs,1 Introduction,"Negation is a fervently-debated phenomenon within formal syntactic enquiry, as it is a universal property of language that is, at the same time, highly variable in terms of how it is expressed (Mazzon 2004: 94). The variability of negation also makes it an intriguing object of study for variationist sociolinguists, given their interest in the factors that condition speakers’ choices between linguistic forms that convey the same meaning (Tagliamonte 2006). Formal syntactic theory and variationist sociolinguistics are often depicted as somewhat incompatible “opposites”, because of their respective focus on linguistic competence and general linguistic principles on the one hand, versus performance and variability on the other (Wilson and Henry 1998). However, recent studies have advocated bridging the gap between the two in analysing morpho-syntactic variation and change (Wilson and Henry 1998; Adger and Smith 2005; 2010; Cornips and Corrigan 2005a; b; Adger and Trousdale 2007; Buchstaller et al. 2013; Burnett et al. under review), with Barbiers (2005: 235) suggesting that “it is the task of sociolinguists to describe and explain the patterns of variation that occur within a linguistic community given the theoretical limits of this variation uncovered by generative linguistics [emphasis mine]”. This paper takes such an approach and argues that integrating formal theory into variationist analysis of morpho-syntactic variation allows for: (i) more careful delimitation of the linguistic variable and its contexts, taking into consideration the constraints of the grammar; (ii) theoretically-informed decision-making as to the inclusion and exclusion of tokens; and (iii) using production data to test hypotheses that can elucidate how variants are derived from the grammar. Adopting this approach, my investigation focuses specifically on the alternation between not-negation (1), no-negation (2) and negative concord (3) in English.17",1,"However, recent studies have advocated bridging the gap between the two in analysing morpho-syntactic variation and change (Wilson and Henry 1998; Adger and Smith 2005; 2010; Cornips and Corrigan 2005a; b; Adger and Trousdale 2007; Buchstaller et al. 2013; Burnett et al. under review), with Barbiers (2005: 235) suggesting that “it is the task of sociolinguists to describe and explain the patterns of variation that occur within a linguistic community given the theoretical limits of this variation uncovered by generative linguistics [emphasis mine]”.",1,"In English, recent studies have advocated bridging the gap between formal syntactic theory and variationist sociolinguistics in analysing morpho-syntactic variation and change, as shown by Wilson and Henry (1998); Adger and Smith (2005; 2010); Cornips and Corrigan (2005a; b); Adger and Trousdale (2007); Buchstaller et al. (2013); Burnett et al. under review."
glossa-4968-childs,1 Introduction,"Negation is a fervently-debated phenomenon within formal syntactic enquiry, as it is a universal property of language that is, at the same time, highly variable in terms of how it is expressed (Mazzon 2004: 94). The variability of negation also makes it an intriguing object of study for variationist sociolinguists, given their interest in the factors that condition speakers’ choices between linguistic forms that convey the same meaning (Tagliamonte 2006). Formal syntactic theory and variationist sociolinguistics are often depicted as somewhat incompatible “opposites”, because of their respective focus on linguistic competence and general linguistic principles on the one hand, versus performance and variability on the other (Wilson and Henry 1998). However, recent studies have advocated bridging the gap between the two in analysing morpho-syntactic variation and change (Wilson and Henry 1998; Adger and Smith 2005; 2010; Cornips and Corrigan 2005a; b; Adger and Trousdale 2007; Buchstaller et al. 2013; Burnett et al. under review), with Barbiers (2005: 235) suggesting that “it is the task of sociolinguists to describe and explain the patterns of variation that occur within a linguistic community given the theoretical limits of this variation uncovered by generative linguistics [emphasis mine]”. This paper takes such an approach and argues that integrating formal theory into variationist analysis of morpho-syntactic variation allows for: (i) more careful delimitation of the linguistic variable and its contexts, taking into consideration the constraints of the grammar; (ii) theoretically-informed decision-making as to the inclusion and exclusion of tokens; and (iii) using production data to test hypotheses that can elucidate how variants are derived from the grammar. Adopting this approach, my investigation focuses specifically on the alternation between not-negation (1), no-negation (2) and negative concord (3) in English.17",1,"However, recent studies have advocated bridging the gap between the two in analysing morpho-syntactic variation and change (Wilson and Henry 1998; Adger and Smith 2005; 2010; Cornips and Corrigan 2005a; b; Adger and Trousdale 2007; Buchstaller et al. 2013; Burnett et al. under review), with Barbiers (2005: 235) suggesting that “it is the task of sociolinguists to describe and explain the patterns of variation that occur within a linguistic community given the theoretical limits of this variation uncovered by generative linguistics [emphasis mine]”.",2,"In English, Barbiers (2005: 235) suggests that “it is the task of sociolinguists to describe and explain the patterns of variation that occur within a linguistic community given the theoretical limits of this variation uncovered by generative linguistics [emphasis mine]”."
glossa-4968-childs,1 Introduction,"Negation is a fervently-debated phenomenon within formal syntactic enquiry, as it is a universal property of language that is, at the same time, highly variable in terms of how it is expressed (Mazzon 2004: 94). The variability of negation also makes it an intriguing object of study for variationist sociolinguists, given their interest in the factors that condition speakers’ choices between linguistic forms that convey the same meaning (Tagliamonte 2006). Formal syntactic theory and variationist sociolinguistics are often depicted as somewhat incompatible “opposites”, because of their respective focus on linguistic competence and general linguistic principles on the one hand, versus performance and variability on the other (Wilson and Henry 1998). However, recent studies have advocated bridging the gap between the two in analysing morpho-syntactic variation and change (Wilson and Henry 1998; Adger and Smith 2005; 2010; Cornips and Corrigan 2005a; b; Adger and Trousdale 2007; Buchstaller et al. 2013; Burnett et al. under review), with Barbiers (2005: 235) suggesting that “it is the task of sociolinguists to describe and explain the patterns of variation that occur within a linguistic community given the theoretical limits of this variation uncovered by generative linguistics [emphasis mine]”. This paper takes such an approach and argues that integrating formal theory into variationist analysis of morpho-syntactic variation allows for: (i) more careful delimitation of the linguistic variable and its contexts, taking into consideration the constraints of the grammar; (ii) theoretically-informed decision-making as to the inclusion and exclusion of tokens; and (iii) using production data to test hypotheses that can elucidate how variants are derived from the grammar. Adopting this approach, my investigation focuses specifically on the alternation between not-negation (1), no-negation (2) and negative concord (3) in English.17",1,"However, recent studies have advocated bridging the gap between the two in analysing morpho-syntactic variation and change (Wilson and Henry 1998; Adger and Smith 2005; 2010; Cornips and Corrigan 2005a; b; Adger and Trousdale 2007; Buchstaller et al. 2013; Burnett et al. under review), with Barbiers (2005: 235) suggesting that “it is the task of sociolinguists to describe and explain the patterns of variation that occur within a linguistic community given the theoretical limits of this variation uncovered by generative linguistics [emphasis mine]”.",3,"In English, integrating formal theory into variationist analysis of morpho-syntactic variation allows for more careful delimitation of the linguistic variable and its contexts, taking into consideration the constraints of the grammar."
glossa-4968-childs,1 Introduction,"Negation is a fervently-debated phenomenon within formal syntactic enquiry, as it is a universal property of language that is, at the same time, highly variable in terms of how it is expressed (Mazzon 2004: 94). The variability of negation also makes it an intriguing object of study for variationist sociolinguists, given their interest in the factors that condition speakers’ choices between linguistic forms that convey the same meaning (Tagliamonte 2006). Formal syntactic theory and variationist sociolinguistics are often depicted as somewhat incompatible “opposites”, because of their respective focus on linguistic competence and general linguistic principles on the one hand, versus performance and variability on the other (Wilson and Henry 1998). However, recent studies have advocated bridging the gap between the two in analysing morpho-syntactic variation and change (Wilson and Henry 1998; Adger and Smith 2005; 2010; Cornips and Corrigan 2005a; b; Adger and Trousdale 2007; Buchstaller et al. 2013; Burnett et al. under review), with Barbiers (2005: 235) suggesting that “it is the task of sociolinguists to describe and explain the patterns of variation that occur within a linguistic community given the theoretical limits of this variation uncovered by generative linguistics [emphasis mine]”. This paper takes such an approach and argues that integrating formal theory into variationist analysis of morpho-syntactic variation allows for: (i) more careful delimitation of the linguistic variable and its contexts, taking into consideration the constraints of the grammar; (ii) theoretically-informed decision-making as to the inclusion and exclusion of tokens; and (iii) using production data to test hypotheses that can elucidate how variants are derived from the grammar. Adopting this approach, my investigation focuses specifically on the alternation between not-negation (1), no-negation (2) and negative concord (3) in English.17",1,"However, recent studies have advocated bridging the gap between the two in analysing morpho-syntactic variation and change (Wilson and Henry 1998; Adger and Smith 2005; 2010; Cornips and Corrigan 2005a; b; Adger and Trousdale 2007; Buchstaller et al. 2013; Burnett et al. under review), with Barbiers (2005: 235) suggesting that “it is the task of sociolinguists to describe and explain the patterns of variation that occur within a linguistic community given the theoretical limits of this variation uncovered by generative linguistics [emphasis mine]”.",4,"In English, integrating formal theory into variationist analysis of morpho-syntactic variation allows theoretically-informed decision-making as to the inclusion and exclusion of tokens."
glossa-4968-childs,1 Introduction,"Negation is a fervently-debated phenomenon within formal syntactic enquiry, as it is a universal property of language that is, at the same time, highly variable in terms of how it is expressed (Mazzon 2004: 94). The variability of negation also makes it an intriguing object of study for variationist sociolinguists, given their interest in the factors that condition speakers’ choices between linguistic forms that convey the same meaning (Tagliamonte 2006). Formal syntactic theory and variationist sociolinguistics are often depicted as somewhat incompatible “opposites”, because of their respective focus on linguistic competence and general linguistic principles on the one hand, versus performance and variability on the other (Wilson and Henry 1998). However, recent studies have advocated bridging the gap between the two in analysing morpho-syntactic variation and change (Wilson and Henry 1998; Adger and Smith 2005; 2010; Cornips and Corrigan 2005a; b; Adger and Trousdale 2007; Buchstaller et al. 2013; Burnett et al. under review), with Barbiers (2005: 235) suggesting that “it is the task of sociolinguists to describe and explain the patterns of variation that occur within a linguistic community given the theoretical limits of this variation uncovered by generative linguistics [emphasis mine]”. This paper takes such an approach and argues that integrating formal theory into variationist analysis of morpho-syntactic variation allows for: (i) more careful delimitation of the linguistic variable and its contexts, taking into consideration the constraints of the grammar; (ii) theoretically-informed decision-making as to the inclusion and exclusion of tokens; and (iii) using production data to test hypotheses that can elucidate how variants are derived from the grammar. Adopting this approach, my investigation focuses specifically on the alternation between not-negation (1), no-negation (2) and negative concord (3) in English.17",1,"However, recent studies have advocated bridging the gap between the two in analysing morpho-syntactic variation and change (Wilson and Henry 1998; Adger and Smith 2005; 2010; Cornips and Corrigan 2005a; b; Adger and Trousdale 2007; Buchstaller et al. 2013; Burnett et al. under review), with Barbiers (2005: 235) suggesting that “it is the task of sociolinguists to describe and explain the patterns of variation that occur within a linguistic community given the theoretical limits of this variation uncovered by generative linguistics [emphasis mine]”.",5,"In English, integrating formal theory into variationist analysis of morpho-syntactic variation allows using production data to test hypotheses that can elucidate how variants are derived from the grammar."
glossa-4968-childs,1 Introduction,"Negation is a fervently-debated phenomenon within formal syntactic enquiry, as it is a universal property of language that is, at the same time, highly variable in terms of how it is expressed (Mazzon 2004: 94). The variability of negation also makes it an intriguing object of study for variationist sociolinguists, given their interest in the factors that condition speakers’ choices between linguistic forms that convey the same meaning (Tagliamonte 2006). Formal syntactic theory and variationist sociolinguistics are often depicted as somewhat incompatible “opposites”, because of their respective focus on linguistic competence and general linguistic principles on the one hand, versus performance and variability on the other (Wilson and Henry 1998). However, recent studies have advocated bridging the gap between the two in analysing morpho-syntactic variation and change (Wilson and Henry 1998; Adger and Smith 2005; 2010; Cornips and Corrigan 2005a; b; Adger and Trousdale 2007; Buchstaller et al. 2013; Burnett et al. under review), with Barbiers (2005: 235) suggesting that “it is the task of sociolinguists to describe and explain the patterns of variation that occur within a linguistic community given the theoretical limits of this variation uncovered by generative linguistics [emphasis mine]”. This paper takes such an approach and argues that integrating formal theory into variationist analysis of morpho-syntactic variation allows for: (i) more careful delimitation of the linguistic variable and its contexts, taking into consideration the constraints of the grammar; (ii) theoretically-informed decision-making as to the inclusion and exclusion of tokens; and (iii) using production data to test hypotheses that can elucidate how variants are derived from the grammar. Adopting this approach, my investigation focuses specifically on the alternation between not-negation (1), no-negation (2) and negative concord (3) in English.17",1,"However, recent studies have advocated bridging the gap between the two in analysing morpho-syntactic variation and change (Wilson and Henry 1998; Adger and Smith 2005; 2010; Cornips and Corrigan 2005a; b; Adger and Trousdale 2007; Buchstaller et al. 2013; Burnett et al. under review), with Barbiers (2005: 235) suggesting that “it is the task of sociolinguists to describe and explain the patterns of variation that occur within a linguistic community given the theoretical limits of this variation uncovered by generative linguistics [emphasis mine]”.",6,"In English, adopting this approach the investigation focuses specifically on the alternation between not-negation, no-negation and negative concord in English."
glossa-4968-childs,1 Introduction,"Negation is a fervently-debated phenomenon within formal syntactic enquiry, as it is a universal property of language that is, at the same time, highly variable in terms of how it is expressed (Mazzon 2004: 94). The variability of negation also makes it an intriguing object of study for variationist sociolinguists, given their interest in the factors that condition speakers’ choices between linguistic forms that convey the same meaning (Tagliamonte 2006). Formal syntactic theory and variationist sociolinguistics are often depicted as somewhat incompatible “opposites”, because of their respective focus on linguistic competence and general linguistic principles on the one hand, versus performance and variability on the other (Wilson and Henry 1998). However, recent studies have advocated bridging the gap between the two in analysing morpho-syntactic variation and change (Wilson and Henry 1998; Adger and Smith 2005; 2010; Cornips and Corrigan 2005a; b; Adger and Trousdale 2007; Buchstaller et al. 2013; Burnett et al. under review), with Barbiers (2005: 235) suggesting that “it is the task of sociolinguists to describe and explain the patterns of variation that occur within a linguistic community given the theoretical limits of this variation uncovered by generative linguistics [emphasis mine]”. This paper takes such an approach and argues that integrating formal theory into variationist analysis of morpho-syntactic variation allows for: (i) more careful delimitation of the linguistic variable and its contexts, taking into consideration the constraints of the grammar; (ii) theoretically-informed decision-making as to the inclusion and exclusion of tokens; and (iii) using production data to test hypotheses that can elucidate how variants are derived from the grammar. Adopting this approach, my investigation focuses specifically on the alternation between not-negation (1), no-negation (2) and negative concord (3) in English.18",1,"However, recent studies have advocated bridging the gap between the two in analysing morpho-syntactic variation and change (Wilson and Henry 1998; Adger and Smith 2005; 2010; Cornips and Corrigan 2005a; b; Adger and Trousdale 2007; Buchstaller et al. 2013; Burnett et al. under review), with Barbiers (2005: 235) suggesting that “it is the task of sociolinguists to describe and explain the patterns of variation that occur within a linguistic community given the theoretical limits of this variation uncovered by generative linguistics [emphasis mine]”.",1,"In English, recent studies have advocated bridging the gap between formal syntactic theory and variationist sociolinguistics in analysing morpho-syntactic variation and change, as shown by Wilson and Henry (1998); Adger and Smith (2005; 2010); Cornips and Corrigan (2005a; b); Adger and Trousdale (2007); Buchstaller et al. (2013); Burnett et al. under review."
glossa-4968-childs,1 Introduction,"Negation is a fervently-debated phenomenon within formal syntactic enquiry, as it is a universal property of language that is, at the same time, highly variable in terms of how it is expressed (Mazzon 2004: 94). The variability of negation also makes it an intriguing object of study for variationist sociolinguists, given their interest in the factors that condition speakers’ choices between linguistic forms that convey the same meaning (Tagliamonte 2006). Formal syntactic theory and variationist sociolinguistics are often depicted as somewhat incompatible “opposites”, because of their respective focus on linguistic competence and general linguistic principles on the one hand, versus performance and variability on the other (Wilson and Henry 1998). However, recent studies have advocated bridging the gap between the two in analysing morpho-syntactic variation and change (Wilson and Henry 1998; Adger and Smith 2005; 2010; Cornips and Corrigan 2005a; b; Adger and Trousdale 2007; Buchstaller et al. 2013; Burnett et al. under review), with Barbiers (2005: 235) suggesting that “it is the task of sociolinguists to describe and explain the patterns of variation that occur within a linguistic community given the theoretical limits of this variation uncovered by generative linguistics [emphasis mine]”. This paper takes such an approach and argues that integrating formal theory into variationist analysis of morpho-syntactic variation allows for: (i) more careful delimitation of the linguistic variable and its contexts, taking into consideration the constraints of the grammar; (ii) theoretically-informed decision-making as to the inclusion and exclusion of tokens; and (iii) using production data to test hypotheses that can elucidate how variants are derived from the grammar. Adopting this approach, my investigation focuses specifically on the alternation between not-negation (1), no-negation (2) and negative concord (3) in English.18",1,"However, recent studies have advocated bridging the gap between the two in analysing morpho-syntactic variation and change (Wilson and Henry 1998; Adger and Smith 2005; 2010; Cornips and Corrigan 2005a; b; Adger and Trousdale 2007; Buchstaller et al. 2013; Burnett et al. under review), with Barbiers (2005: 235) suggesting that “it is the task of sociolinguists to describe and explain the patterns of variation that occur within a linguistic community given the theoretical limits of this variation uncovered by generative linguistics [emphasis mine]”.",2,"In English, Barbiers (2005: 235) suggests that “it is the task of sociolinguists to describe and explain the patterns of variation that occur within a linguistic community given the theoretical limits of this variation uncovered by generative linguistics [emphasis mine]”."
glossa-4968-childs,1 Introduction,"Negation is a fervently-debated phenomenon within formal syntactic enquiry, as it is a universal property of language that is, at the same time, highly variable in terms of how it is expressed (Mazzon 2004: 94). The variability of negation also makes it an intriguing object of study for variationist sociolinguists, given their interest in the factors that condition speakers’ choices between linguistic forms that convey the same meaning (Tagliamonte 2006). Formal syntactic theory and variationist sociolinguistics are often depicted as somewhat incompatible “opposites”, because of their respective focus on linguistic competence and general linguistic principles on the one hand, versus performance and variability on the other (Wilson and Henry 1998). However, recent studies have advocated bridging the gap between the two in analysing morpho-syntactic variation and change (Wilson and Henry 1998; Adger and Smith 2005; 2010; Cornips and Corrigan 2005a; b; Adger and Trousdale 2007; Buchstaller et al. 2013; Burnett et al. under review), with Barbiers (2005: 235) suggesting that “it is the task of sociolinguists to describe and explain the patterns of variation that occur within a linguistic community given the theoretical limits of this variation uncovered by generative linguistics [emphasis mine]”. This paper takes such an approach and argues that integrating formal theory into variationist analysis of morpho-syntactic variation allows for: (i) more careful delimitation of the linguistic variable and its contexts, taking into consideration the constraints of the grammar; (ii) theoretically-informed decision-making as to the inclusion and exclusion of tokens; and (iii) using production data to test hypotheses that can elucidate how variants are derived from the grammar. Adopting this approach, my investigation focuses specifically on the alternation between not-negation (1), no-negation (2) and negative concord (3) in English.18",1,"However, recent studies have advocated bridging the gap between the two in analysing morpho-syntactic variation and change (Wilson and Henry 1998; Adger and Smith 2005; 2010; Cornips and Corrigan 2005a; b; Adger and Trousdale 2007; Buchstaller et al. 2013; Burnett et al. under review), with Barbiers (2005: 235) suggesting that “it is the task of sociolinguists to describe and explain the patterns of variation that occur within a linguistic community given the theoretical limits of this variation uncovered by generative linguistics [emphasis mine]”.",3,"In English, integrating formal theory into variationist analysis of morpho-syntactic variation allows for more careful delimitation of the linguistic variable and its contexts, taking into consideration the constraints of the grammar."
glossa-4968-childs,1 Introduction,"Negation is a fervently-debated phenomenon within formal syntactic enquiry, as it is a universal property of language that is, at the same time, highly variable in terms of how it is expressed (Mazzon 2004: 94). The variability of negation also makes it an intriguing object of study for variationist sociolinguists, given their interest in the factors that condition speakers’ choices between linguistic forms that convey the same meaning (Tagliamonte 2006). Formal syntactic theory and variationist sociolinguistics are often depicted as somewhat incompatible “opposites”, because of their respective focus on linguistic competence and general linguistic principles on the one hand, versus performance and variability on the other (Wilson and Henry 1998). However, recent studies have advocated bridging the gap between the two in analysing morpho-syntactic variation and change (Wilson and Henry 1998; Adger and Smith 2005; 2010; Cornips and Corrigan 2005a; b; Adger and Trousdale 2007; Buchstaller et al. 2013; Burnett et al. under review), with Barbiers (2005: 235) suggesting that “it is the task of sociolinguists to describe and explain the patterns of variation that occur within a linguistic community given the theoretical limits of this variation uncovered by generative linguistics [emphasis mine]”. This paper takes such an approach and argues that integrating formal theory into variationist analysis of morpho-syntactic variation allows for: (i) more careful delimitation of the linguistic variable and its contexts, taking into consideration the constraints of the grammar; (ii) theoretically-informed decision-making as to the inclusion and exclusion of tokens; and (iii) using production data to test hypotheses that can elucidate how variants are derived from the grammar. Adopting this approach, my investigation focuses specifically on the alternation between not-negation (1), no-negation (2) and negative concord (3) in English.18",1,"However, recent studies have advocated bridging the gap between the two in analysing morpho-syntactic variation and change (Wilson and Henry 1998; Adger and Smith 2005; 2010; Cornips and Corrigan 2005a; b; Adger and Trousdale 2007; Buchstaller et al. 2013; Burnett et al. under review), with Barbiers (2005: 235) suggesting that “it is the task of sociolinguists to describe and explain the patterns of variation that occur within a linguistic community given the theoretical limits of this variation uncovered by generative linguistics [emphasis mine]”.",4,"In English, integrating formal theory into variationist analysis of morpho-syntactic variation allows theoretically-informed decision-making as to the inclusion and exclusion of tokens."
glossa-4968-childs,1 Introduction,"Negation is a fervently-debated phenomenon within formal syntactic enquiry, as it is a universal property of language that is, at the same time, highly variable in terms of how it is expressed (Mazzon 2004: 94). The variability of negation also makes it an intriguing object of study for variationist sociolinguists, given their interest in the factors that condition speakers’ choices between linguistic forms that convey the same meaning (Tagliamonte 2006). Formal syntactic theory and variationist sociolinguistics are often depicted as somewhat incompatible “opposites”, because of their respective focus on linguistic competence and general linguistic principles on the one hand, versus performance and variability on the other (Wilson and Henry 1998). However, recent studies have advocated bridging the gap between the two in analysing morpho-syntactic variation and change (Wilson and Henry 1998; Adger and Smith 2005; 2010; Cornips and Corrigan 2005a; b; Adger and Trousdale 2007; Buchstaller et al. 2013; Burnett et al. under review), with Barbiers (2005: 235) suggesting that “it is the task of sociolinguists to describe and explain the patterns of variation that occur within a linguistic community given the theoretical limits of this variation uncovered by generative linguistics [emphasis mine]”. This paper takes such an approach and argues that integrating formal theory into variationist analysis of morpho-syntactic variation allows for: (i) more careful delimitation of the linguistic variable and its contexts, taking into consideration the constraints of the grammar; (ii) theoretically-informed decision-making as to the inclusion and exclusion of tokens; and (iii) using production data to test hypotheses that can elucidate how variants are derived from the grammar. Adopting this approach, my investigation focuses specifically on the alternation between not-negation (1), no-negation (2) and negative concord (3) in English.18",1,"However, recent studies have advocated bridging the gap between the two in analysing morpho-syntactic variation and change (Wilson and Henry 1998; Adger and Smith 2005; 2010; Cornips and Corrigan 2005a; b; Adger and Trousdale 2007; Buchstaller et al. 2013; Burnett et al. under review), with Barbiers (2005: 235) suggesting that “it is the task of sociolinguists to describe and explain the patterns of variation that occur within a linguistic community given the theoretical limits of this variation uncovered by generative linguistics [emphasis mine]”.",5,"In English, integrating formal theory into variationist analysis of morpho-syntactic variation allows using production data to test hypotheses that can elucidate how variants are derived from the grammar."
glossa-4968-childs,1 Introduction,"Negation is a fervently-debated phenomenon within formal syntactic enquiry, as it is a universal property of language that is, at the same time, highly variable in terms of how it is expressed (Mazzon 2004: 94). The variability of negation also makes it an intriguing object of study for variationist sociolinguists, given their interest in the factors that condition speakers’ choices between linguistic forms that convey the same meaning (Tagliamonte 2006). Formal syntactic theory and variationist sociolinguistics are often depicted as somewhat incompatible “opposites”, because of their respective focus on linguistic competence and general linguistic principles on the one hand, versus performance and variability on the other (Wilson and Henry 1998). However, recent studies have advocated bridging the gap between the two in analysing morpho-syntactic variation and change (Wilson and Henry 1998; Adger and Smith 2005; 2010; Cornips and Corrigan 2005a; b; Adger and Trousdale 2007; Buchstaller et al. 2013; Burnett et al. under review), with Barbiers (2005: 235) suggesting that “it is the task of sociolinguists to describe and explain the patterns of variation that occur within a linguistic community given the theoretical limits of this variation uncovered by generative linguistics [emphasis mine]”. This paper takes such an approach and argues that integrating formal theory into variationist analysis of morpho-syntactic variation allows for: (i) more careful delimitation of the linguistic variable and its contexts, taking into consideration the constraints of the grammar; (ii) theoretically-informed decision-making as to the inclusion and exclusion of tokens; and (iii) using production data to test hypotheses that can elucidate how variants are derived from the grammar. Adopting this approach, my investigation focuses specifically on the alternation between not-negation (1), no-negation (2) and negative concord (3) in English.18",1,"However, recent studies have advocated bridging the gap between the two in analysing morpho-syntactic variation and change (Wilson and Henry 1998; Adger and Smith 2005; 2010; Cornips and Corrigan 2005a; b; Adger and Trousdale 2007; Buchstaller et al. 2013; Burnett et al. under review), with Barbiers (2005: 235) suggesting that “it is the task of sociolinguists to describe and explain the patterns of variation that occur within a linguistic community given the theoretical limits of this variation uncovered by generative linguistics [emphasis mine]”.",6,"In English, adopting this approach the investigation focuses specifically on the alternation between not-negation, no-negation and negative concord in English."
glossa-4968-childs,1 Introduction,"Negation is a fervently-debated phenomenon within formal syntactic enquiry, as it is a universal property of language that is, at the same time, highly variable in terms of how it is expressed (Mazzon 2004: 94). The variability of negation also makes it an intriguing object of study for variationist sociolinguists, given their interest in the factors that condition speakers’ choices between linguistic forms that convey the same meaning (Tagliamonte 2006). Formal syntactic theory and variationist sociolinguistics are often depicted as somewhat incompatible “opposites”, because of their respective focus on linguistic competence and general linguistic principles on the one hand, versus performance and variability on the other (Wilson and Henry 1998). However, recent studies have advocated bridging the gap between the two in analysing morpho-syntactic variation and change (Wilson and Henry 1998; Adger and Smith 2005; 2010; Cornips and Corrigan 2005a; b; Adger and Trousdale 2007; Buchstaller et al. 2013; Burnett et al. under review), with Barbiers (2005: 235) suggesting that “it is the task of sociolinguists to describe and explain the patterns of variation that occur within a linguistic community given the theoretical limits of this variation uncovered by generative linguistics [emphasis mine]”. This paper takes such an approach and argues that integrating formal theory into variationist analysis of morpho-syntactic variation allows for: (i) more careful delimitation of the linguistic variable and its contexts, taking into consideration the constraints of the grammar; (ii) theoretically-informed decision-making as to the inclusion and exclusion of tokens; and (iii) using production data to test hypotheses that can elucidate how variants are derived from the grammar. Adopting this approach, my investigation focuses specifically on the alternation between not-negation (1), no-negation (2) and negative concord (3) in English.19",1,"However, recent studies have advocated bridging the gap between the two in analysing morpho-syntactic variation and change (Wilson and Henry 1998; Adger and Smith 2005; 2010; Cornips and Corrigan 2005a; b; Adger and Trousdale 2007; Buchstaller et al. 2013; Burnett et al. under review), with Barbiers (2005: 235) suggesting that “it is the task of sociolinguists to describe and explain the patterns of variation that occur within a linguistic community given the theoretical limits of this variation uncovered by generative linguistics [emphasis mine]”.",1,"In linguistics, recent studies have advocated bridging the gap between formal syntactic theory and variationist sociolinguistics in analysing morpho-syntactic variation and change (Wilson and Henry 1998; Adger and Smith 2005; 2010; Cornips and Corrigan 2005a; b; Adger and Trousdale 2007; Buchstaller et al. 2013; Burnett et al. under review)."
glossa-4968-childs,1 Introduction,"Negation is a fervently-debated phenomenon within formal syntactic enquiry, as it is a universal property of language that is, at the same time, highly variable in terms of how it is expressed (Mazzon 2004: 94). The variability of negation also makes it an intriguing object of study for variationist sociolinguists, given their interest in the factors that condition speakers’ choices between linguistic forms that convey the same meaning (Tagliamonte 2006). Formal syntactic theory and variationist sociolinguistics are often depicted as somewhat incompatible “opposites”, because of their respective focus on linguistic competence and general linguistic principles on the one hand, versus performance and variability on the other (Wilson and Henry 1998). However, recent studies have advocated bridging the gap between the two in analysing morpho-syntactic variation and change (Wilson and Henry 1998; Adger and Smith 2005; 2010; Cornips and Corrigan 2005a; b; Adger and Trousdale 2007; Buchstaller et al. 2013; Burnett et al. under review), with Barbiers (2005: 235) suggesting that “it is the task of sociolinguists to describe and explain the patterns of variation that occur within a linguistic community given the theoretical limits of this variation uncovered by generative linguistics [emphasis mine]”. This paper takes such an approach and argues that integrating formal theory into variationist analysis of morpho-syntactic variation allows for: (i) more careful delimitation of the linguistic variable and its contexts, taking into consideration the constraints of the grammar; (ii) theoretically-informed decision-making as to the inclusion and exclusion of tokens; and (iii) using production data to test hypotheses that can elucidate how variants are derived from the grammar. Adopting this approach, my investigation focuses specifically on the alternation between not-negation (1), no-negation (2) and negative concord (3) in English.19",1,"However, recent studies have advocated bridging the gap between the two in analysing morpho-syntactic variation and change (Wilson and Henry 1998; Adger and Smith 2005; 2010; Cornips and Corrigan 2005a; b; Adger and Trousdale 2007; Buchstaller et al. 2013; Burnett et al. under review), with Barbiers (2005: 235) suggesting that “it is the task of sociolinguists to describe and explain the patterns of variation that occur within a linguistic community given the theoretical limits of this variation uncovered by generative linguistics [emphasis mine]”.",2,Barbiers (2005: 235) suggesting that “it is the task of sociolinguists to describe and explain the patterns of variation that occur within a linguistic community given the theoretical limits of this variation uncovered by generative linguistics [emphasis mine]”.
glossa-4968-childs,1 Introduction,"Negation is a fervently-debated phenomenon within formal syntactic enquiry, as it is a universal property of language that is, at the same time, highly variable in terms of how it is expressed (Mazzon 2004: 94). The variability of negation also makes it an intriguing object of study for variationist sociolinguists, given their interest in the factors that condition speakers’ choices between linguistic forms that convey the same meaning (Tagliamonte 2006). Formal syntactic theory and variationist sociolinguistics are often depicted as somewhat incompatible “opposites”, because of their respective focus on linguistic competence and general linguistic principles on the one hand, versus performance and variability on the other (Wilson and Henry 1998). However, recent studies have advocated bridging the gap between the two in analysing morpho-syntactic variation and change (Wilson and Henry 1998; Adger and Smith 2005; 2010; Cornips and Corrigan 2005a; b; Adger and Trousdale 2007; Buchstaller et al. 2013; Burnett et al. under review), with Barbiers (2005: 235) suggesting that “it is the task of sociolinguists to describe and explain the patterns of variation that occur within a linguistic community given the theoretical limits of this variation uncovered by generative linguistics [emphasis mine]”. This paper takes such an approach and argues that integrating formal theory into variationist analysis of morpho-syntactic variation allows for: (i) more careful delimitation of the linguistic variable and its contexts, taking into consideration the constraints of the grammar; (ii) theoretically-informed decision-making as to the inclusion and exclusion of tokens; and (iii) using production data to test hypotheses that can elucidate how variants are derived from the grammar. Adopting this approach, my investigation focuses specifically on the alternation between not-negation (1), no-negation (2) and negative concord (3) in English.20",1,"This paper takes such an approach and argues that integrating formal theory into variationist analysis of morpho-syntactic variation allows for: (i) more careful delimitation of the linguistic variable and its contexts, taking into consideration the constraints of the grammar; (ii) theoretically-informed decision-making as to the inclusion and exclusion of tokens; and (iii) using production data to test hypotheses that can elucidate how variants are derived from the grammar.",1,"Integrating formal theory into variationist analysis of morpho-syntactic variation allows for more careful delimitation of the linguistic variable and its contexts, taking into consideration the constraints of the grammar."
glossa-4968-childs,1 Introduction,"Negation is a fervently-debated phenomenon within formal syntactic enquiry, as it is a universal property of language that is, at the same time, highly variable in terms of how it is expressed (Mazzon 2004: 94). The variability of negation also makes it an intriguing object of study for variationist sociolinguists, given their interest in the factors that condition speakers’ choices between linguistic forms that convey the same meaning (Tagliamonte 2006). Formal syntactic theory and variationist sociolinguistics are often depicted as somewhat incompatible “opposites”, because of their respective focus on linguistic competence and general linguistic principles on the one hand, versus performance and variability on the other (Wilson and Henry 1998). However, recent studies have advocated bridging the gap between the two in analysing morpho-syntactic variation and change (Wilson and Henry 1998; Adger and Smith 2005; 2010; Cornips and Corrigan 2005a; b; Adger and Trousdale 2007; Buchstaller et al. 2013; Burnett et al. under review), with Barbiers (2005: 235) suggesting that “it is the task of sociolinguists to describe and explain the patterns of variation that occur within a linguistic community given the theoretical limits of this variation uncovered by generative linguistics [emphasis mine]”. This paper takes such an approach and argues that integrating formal theory into variationist analysis of morpho-syntactic variation allows for: (i) more careful delimitation of the linguistic variable and its contexts, taking into consideration the constraints of the grammar; (ii) theoretically-informed decision-making as to the inclusion and exclusion of tokens; and (iii) using production data to test hypotheses that can elucidate how variants are derived from the grammar. Adopting this approach, my investigation focuses specifically on the alternation between not-negation (1), no-negation (2) and negative concord (3) in English.20",1,"This paper takes such an approach and argues that integrating formal theory into variationist analysis of morpho-syntactic variation allows for: (i) more careful delimitation of the linguistic variable and its contexts, taking into consideration the constraints of the grammar; (ii) theoretically-informed decision-making as to the inclusion and exclusion of tokens; and (iii) using production data to test hypotheses that can elucidate how variants are derived from the grammar.",2,Integrating formal theory into variationist analysis of morpho-syntactic variation allows for theoretically-informed decision-making as to the inclusion and exclusion of tokens.
glossa-4968-childs,1 Introduction,"Negation is a fervently-debated phenomenon within formal syntactic enquiry, as it is a universal property of language that is, at the same time, highly variable in terms of how it is expressed (Mazzon 2004: 94). The variability of negation also makes it an intriguing object of study for variationist sociolinguists, given their interest in the factors that condition speakers’ choices between linguistic forms that convey the same meaning (Tagliamonte 2006). Formal syntactic theory and variationist sociolinguistics are often depicted as somewhat incompatible “opposites”, because of their respective focus on linguistic competence and general linguistic principles on the one hand, versus performance and variability on the other (Wilson and Henry 1998). However, recent studies have advocated bridging the gap between the two in analysing morpho-syntactic variation and change (Wilson and Henry 1998; Adger and Smith 2005; 2010; Cornips and Corrigan 2005a; b; Adger and Trousdale 2007; Buchstaller et al. 2013; Burnett et al. under review), with Barbiers (2005: 235) suggesting that “it is the task of sociolinguists to describe and explain the patterns of variation that occur within a linguistic community given the theoretical limits of this variation uncovered by generative linguistics [emphasis mine]”. This paper takes such an approach and argues that integrating formal theory into variationist analysis of morpho-syntactic variation allows for: (i) more careful delimitation of the linguistic variable and its contexts, taking into consideration the constraints of the grammar; (ii) theoretically-informed decision-making as to the inclusion and exclusion of tokens; and (iii) using production data to test hypotheses that can elucidate how variants are derived from the grammar. Adopting this approach, my investigation focuses specifically on the alternation between not-negation (1), no-negation (2) and negative concord (3) in English.20",1,"This paper takes such an approach and argues that integrating formal theory into variationist analysis of morpho-syntactic variation allows for: (i) more careful delimitation of the linguistic variable and its contexts, taking into consideration the constraints of the grammar; (ii) theoretically-informed decision-making as to the inclusion and exclusion of tokens; and (iii) using production data to test hypotheses that can elucidate how variants are derived from the grammar.",3,Integrating formal theory into variationist analysis of morpho-syntactic variation allows for using production data to test hypotheses that can elucidate how variants are derived from the grammar.
glossa-4968-childs,1 Introduction,"Negation is a fervently-debated phenomenon within formal syntactic enquiry, as it is a universal property of language that is, at the same time, highly variable in terms of how it is expressed (Mazzon 2004: 94). The variability of negation also makes it an intriguing object of study for variationist sociolinguists, given their interest in the factors that condition speakers’ choices between linguistic forms that convey the same meaning (Tagliamonte 2006). Formal syntactic theory and variationist sociolinguistics are often depicted as somewhat incompatible “opposites”, because of their respective focus on linguistic competence and general linguistic principles on the one hand, versus performance and variability on the other (Wilson and Henry 1998). However, recent studies have advocated bridging the gap between the two in analysing morpho-syntactic variation and change (Wilson and Henry 1998; Adger and Smith 2005; 2010; Cornips and Corrigan 2005a; b; Adger and Trousdale 2007; Buchstaller et al. 2013; Burnett et al. under review), with Barbiers (2005: 235) suggesting that “it is the task of sociolinguists to describe and explain the patterns of variation that occur within a linguistic community given the theoretical limits of this variation uncovered by generative linguistics [emphasis mine]”. This paper takes such an approach and argues that integrating formal theory into variationist analysis of morpho-syntactic variation allows for: (i) more careful delimitation of the linguistic variable and its contexts, taking into consideration the constraints of the grammar; (ii) theoretically-informed decision-making as to the inclusion and exclusion of tokens; and (iii) using production data to test hypotheses that can elucidate how variants are derived from the grammar. Adopting this approach, my investigation focuses specifically on the alternation between not-negation (1), no-negation (2) and negative concord (3) in English.21",1,"This paper takes such an approach and argues that integrating formal theory into variationist analysis of morpho-syntactic variation allows for: (i) more careful delimitation of the linguistic variable and its contexts, taking into consideration the constraints of the grammar; (ii) theoretically-informed decision-making as to the inclusion and exclusion of tokens; and (iii) using production data to test hypotheses that can elucidate how variants are derived from the grammar.",1,"In English, integrating formal theory into variationist analysis of morpho-syntactic variation allows for more careful delimitation of the linguistic variable and its contexts, taking into consideration the constraints of the grammar."
glossa-4968-childs,1 Introduction,"Negation is a fervently-debated phenomenon within formal syntactic enquiry, as it is a universal property of language that is, at the same time, highly variable in terms of how it is expressed (Mazzon 2004: 94). The variability of negation also makes it an intriguing object of study for variationist sociolinguists, given their interest in the factors that condition speakers’ choices between linguistic forms that convey the same meaning (Tagliamonte 2006). Formal syntactic theory and variationist sociolinguistics are often depicted as somewhat incompatible “opposites”, because of their respective focus on linguistic competence and general linguistic principles on the one hand, versus performance and variability on the other (Wilson and Henry 1998). However, recent studies have advocated bridging the gap between the two in analysing morpho-syntactic variation and change (Wilson and Henry 1998; Adger and Smith 2005; 2010; Cornips and Corrigan 2005a; b; Adger and Trousdale 2007; Buchstaller et al. 2013; Burnett et al. under review), with Barbiers (2005: 235) suggesting that “it is the task of sociolinguists to describe and explain the patterns of variation that occur within a linguistic community given the theoretical limits of this variation uncovered by generative linguistics [emphasis mine]”. This paper takes such an approach and argues that integrating formal theory into variationist analysis of morpho-syntactic variation allows for: (i) more careful delimitation of the linguistic variable and its contexts, taking into consideration the constraints of the grammar; (ii) theoretically-informed decision-making as to the inclusion and exclusion of tokens; and (iii) using production data to test hypotheses that can elucidate how variants are derived from the grammar. Adopting this approach, my investigation focuses specifically on the alternation between not-negation (1), no-negation (2) and negative concord (3) in English.21",1,"This paper takes such an approach and argues that integrating formal theory into variationist analysis of morpho-syntactic variation allows for: (i) more careful delimitation of the linguistic variable and its contexts, taking into consideration the constraints of the grammar; (ii) theoretically-informed decision-making as to the inclusion and exclusion of tokens; and (iii) using production data to test hypotheses that can elucidate how variants are derived from the grammar.",2,"In English, integrating formal theory into variationist analysis of morpho-syntactic variation allows for theoretically-informed decision-making as to the inclusion and exclusion of tokens."
glossa-4968-childs,1 Introduction,"Negation is a fervently-debated phenomenon within formal syntactic enquiry, as it is a universal property of language that is, at the same time, highly variable in terms of how it is expressed (Mazzon 2004: 94). The variability of negation also makes it an intriguing object of study for variationist sociolinguists, given their interest in the factors that condition speakers’ choices between linguistic forms that convey the same meaning (Tagliamonte 2006). Formal syntactic theory and variationist sociolinguistics are often depicted as somewhat incompatible “opposites”, because of their respective focus on linguistic competence and general linguistic principles on the one hand, versus performance and variability on the other (Wilson and Henry 1998). However, recent studies have advocated bridging the gap between the two in analysing morpho-syntactic variation and change (Wilson and Henry 1998; Adger and Smith 2005; 2010; Cornips and Corrigan 2005a; b; Adger and Trousdale 2007; Buchstaller et al. 2013; Burnett et al. under review), with Barbiers (2005: 235) suggesting that “it is the task of sociolinguists to describe and explain the patterns of variation that occur within a linguistic community given the theoretical limits of this variation uncovered by generative linguistics [emphasis mine]”. This paper takes such an approach and argues that integrating formal theory into variationist analysis of morpho-syntactic variation allows for: (i) more careful delimitation of the linguistic variable and its contexts, taking into consideration the constraints of the grammar; (ii) theoretically-informed decision-making as to the inclusion and exclusion of tokens; and (iii) using production data to test hypotheses that can elucidate how variants are derived from the grammar. Adopting this approach, my investigation focuses specifically on the alternation between not-negation (1), no-negation (2) and negative concord (3) in English.21",1,"This paper takes such an approach and argues that integrating formal theory into variationist analysis of morpho-syntactic variation allows for: (i) more careful delimitation of the linguistic variable and its contexts, taking into consideration the constraints of the grammar; (ii) theoretically-informed decision-making as to the inclusion and exclusion of tokens; and (iii) using production data to test hypotheses that can elucidate how variants are derived from the grammar.",3,"In English, using production data to test hypotheses that can elucidate how variants are derived from the grammar."
glossa-4968-childs,1 Introduction,"Negation is a fervently-debated phenomenon within formal syntactic enquiry, as it is a universal property of language that is, at the same time, highly variable in terms of how it is expressed (Mazzon 2004: 94). The variability of negation also makes it an intriguing object of study for variationist sociolinguists, given their interest in the factors that condition speakers’ choices between linguistic forms that convey the same meaning (Tagliamonte 2006). Formal syntactic theory and variationist sociolinguistics are often depicted as somewhat incompatible “opposites”, because of their respective focus on linguistic competence and general linguistic principles on the one hand, versus performance and variability on the other (Wilson and Henry 1998). However, recent studies have advocated bridging the gap between the two in analysing morpho-syntactic variation and change (Wilson and Henry 1998; Adger and Smith 2005; 2010; Cornips and Corrigan 2005a; b; Adger and Trousdale 2007; Buchstaller et al. 2013; Burnett et al. under review), with Barbiers (2005: 235) suggesting that “it is the task of sociolinguists to describe and explain the patterns of variation that occur within a linguistic community given the theoretical limits of this variation uncovered by generative linguistics [emphasis mine]”. This paper takes such an approach and argues that integrating formal theory into variationist analysis of morpho-syntactic variation allows for: (i) more careful delimitation of the linguistic variable and its contexts, taking into consideration the constraints of the grammar; (ii) theoretically-informed decision-making as to the inclusion and exclusion of tokens; and (iii) using production data to test hypotheses that can elucidate how variants are derived from the grammar. Adopting this approach, my investigation focuses specifically on the alternation between not-negation (1), no-negation (2) and negative concord (3) in English.22",1,"This paper takes such an approach and argues that integrating formal theory into variationist analysis of morpho-syntactic variation allows for: (i) more careful delimitation of the linguistic variable and its contexts, taking into consideration the constraints of the grammar; (ii) theoretically-informed decision-making as to the inclusion and exclusion of tokens; and (iii) using production data to test hypotheses that can elucidate how variants are derived from the grammar.",1,"In English, integrating formal theory into variationist analysis of morpho-syntactic variation allows for more careful delimitation of the linguistic variable and its contexts, taking into consideration the constraints of the grammar."
glossa-4968-childs,1 Introduction,"Negation is a fervently-debated phenomenon within formal syntactic enquiry, as it is a universal property of language that is, at the same time, highly variable in terms of how it is expressed (Mazzon 2004: 94). The variability of negation also makes it an intriguing object of study for variationist sociolinguists, given their interest in the factors that condition speakers’ choices between linguistic forms that convey the same meaning (Tagliamonte 2006). Formal syntactic theory and variationist sociolinguistics are often depicted as somewhat incompatible “opposites”, because of their respective focus on linguistic competence and general linguistic principles on the one hand, versus performance and variability on the other (Wilson and Henry 1998). However, recent studies have advocated bridging the gap between the two in analysing morpho-syntactic variation and change (Wilson and Henry 1998; Adger and Smith 2005; 2010; Cornips and Corrigan 2005a; b; Adger and Trousdale 2007; Buchstaller et al. 2013; Burnett et al. under review), with Barbiers (2005: 235) suggesting that “it is the task of sociolinguists to describe and explain the patterns of variation that occur within a linguistic community given the theoretical limits of this variation uncovered by generative linguistics [emphasis mine]”. This paper takes such an approach and argues that integrating formal theory into variationist analysis of morpho-syntactic variation allows for: (i) more careful delimitation of the linguistic variable and its contexts, taking into consideration the constraints of the grammar; (ii) theoretically-informed decision-making as to the inclusion and exclusion of tokens; and (iii) using production data to test hypotheses that can elucidate how variants are derived from the grammar. Adopting this approach, my investigation focuses specifically on the alternation between not-negation (1), no-negation (2) and negative concord (3) in English.22",1,"This paper takes such an approach and argues that integrating formal theory into variationist analysis of morpho-syntactic variation allows for: (i) more careful delimitation of the linguistic variable and its contexts, taking into consideration the constraints of the grammar; (ii) theoretically-informed decision-making as to the inclusion and exclusion of tokens; and (iii) using production data to test hypotheses that can elucidate how variants are derived from the grammar.",2,"In English, integrating formal theory into variationist analysis of morpho-syntactic variation allows for theoretically-informed decision-making as to the inclusion and exclusion of tokens."
glossa-4968-childs,1 Introduction,"Negation is a fervently-debated phenomenon within formal syntactic enquiry, as it is a universal property of language that is, at the same time, highly variable in terms of how it is expressed (Mazzon 2004: 94). The variability of negation also makes it an intriguing object of study for variationist sociolinguists, given their interest in the factors that condition speakers’ choices between linguistic forms that convey the same meaning (Tagliamonte 2006). Formal syntactic theory and variationist sociolinguistics are often depicted as somewhat incompatible “opposites”, because of their respective focus on linguistic competence and general linguistic principles on the one hand, versus performance and variability on the other (Wilson and Henry 1998). However, recent studies have advocated bridging the gap between the two in analysing morpho-syntactic variation and change (Wilson and Henry 1998; Adger and Smith 2005; 2010; Cornips and Corrigan 2005a; b; Adger and Trousdale 2007; Buchstaller et al. 2013; Burnett et al. under review), with Barbiers (2005: 235) suggesting that “it is the task of sociolinguists to describe and explain the patterns of variation that occur within a linguistic community given the theoretical limits of this variation uncovered by generative linguistics [emphasis mine]”. This paper takes such an approach and argues that integrating formal theory into variationist analysis of morpho-syntactic variation allows for: (i) more careful delimitation of the linguistic variable and its contexts, taking into consideration the constraints of the grammar; (ii) theoretically-informed decision-making as to the inclusion and exclusion of tokens; and (iii) using production data to test hypotheses that can elucidate how variants are derived from the grammar. Adopting this approach, my investigation focuses specifically on the alternation between not-negation (1), no-negation (2) and negative concord (3) in English.22",1,"This paper takes such an approach and argues that integrating formal theory into variationist analysis of morpho-syntactic variation allows for: (i) more careful delimitation of the linguistic variable and its contexts, taking into consideration the constraints of the grammar; (ii) theoretically-informed decision-making as to the inclusion and exclusion of tokens; and (iii) using production data to test hypotheses that can elucidate how variants are derived from the grammar.",3,"In English, using production data to test hypotheses that can elucidate how variants are derived from the grammar."
glossa-15197-hassen,1.2 Alternative analyses of P-omission under sluicing,"Under direct interpretation approaches to ellipsis (Ginzburg & Sag 2000; Culicover & Jackendoff 2005; Sag & Nykiel 2011), an interrogative sluice is not derived from a full interrogative counterpart: a wh-fragment recovers its propositional meaning from an antecedent available in the context, and it inherits its syntactic and semantic properties from a contextual correlate.",1,"Under direct interpretation approaches to ellipsis (Ginzburg & Sag 2000; Culicover & Jackendoff 2005; Sag & Nykiel 2011), an interrogative sluice is not derived from a full interrogative counterpart: a wh-fragment recovers its propositional meaning from an antecedent available in the context, and it inherits its syntactic and semantic properties from a contextual correlate.",1,"In English, an interrogative sluice is not derived from a full interrogative counterpart."
glossa-15197-hassen,1.2 Alternative analyses of P-omission under sluicing,"Under direct interpretation approaches to ellipsis (Ginzburg & Sag 2000; Culicover & Jackendoff 2005; Sag & Nykiel 2011), an interrogative sluice is not derived from a full interrogative counterpart: a wh-fragment recovers its propositional meaning from an antecedent available in the context, and it inherits its syntactic and semantic properties from a contextual correlate.",1,"Under direct interpretation approaches to ellipsis (Ginzburg & Sag 2000; Culicover & Jackendoff 2005; Sag & Nykiel 2011), an interrogative sluice is not derived from a full interrogative counterpart: a wh-fragment recovers its propositional meaning from an antecedent available in the context, and it inherits its syntactic and semantic properties from a contextual correlate.",2,A wh-fragment recovers its propositional meaning from an antecedent available in the context.
glossa-15197-hassen,1.2 Alternative analyses of P-omission under sluicing,"Under direct interpretation approaches to ellipsis (Ginzburg & Sag 2000; Culicover & Jackendoff 2005; Sag & Nykiel 2011), an interrogative sluice is not derived from a full interrogative counterpart: a wh-fragment recovers its propositional meaning from an antecedent available in the context, and it inherits its syntactic and semantic properties from a contextual correlate.",1,"Under direct interpretation approaches to ellipsis (Ginzburg & Sag 2000; Culicover & Jackendoff 2005; Sag & Nykiel 2011), an interrogative sluice is not derived from a full interrogative counterpart: a wh-fragment recovers its propositional meaning from an antecedent available in the context, and it inherits its syntactic and semantic properties from a contextual correlate.",3,A wh-fragment inherits its syntactic and semantic properties from a contextual correlate.
glossa-15197-hassen,1.2 Alternative analyses of P-omission under sluicing,"This is why, when the correlate is an animate NP, the remnant must be an animate NP, not a PP (6).",1,"This is why, when the correlate is an animate NP, the remnant must be an animate NP, not a PP (6).",1,"When the correlate is an animate noun phrase, the remnant must be an animate noun phrase, not a prepositional phrase."
glossa-15197-hassen,1.2 Alternative analyses of P-omission under sluicing,"If the antecedent clause includes a PP, two correlates are in fact available; the whole PP or the NP inside it (7), hence two possible corresponding remnants (an NP or a PP), and the possibility of P-omission (7b).",1,"If the antecedent clause includes a PP, two correlates are in fact available; the whole PP or the NP inside it (7), hence two possible corresponding remnants (an NP or a PP), and the possibility of P-omission (7b).",1,"If the antecedent clause includes a prepositional phrase, two correlates are available: the whole prepositional phrase or the noun phrase inside it, leading to two possible remnants (an NP or a PP) and the possibility of preposition omission."
glossa-15197-hassen,1.2 Alternative analyses of P-omission under sluicing,"Under such theories, any language may allow P-omission in sluices, and non-syntactic factors may play a role. Nykiel (2013), working on Polish, a non-P-stranding language, found that P-omission is acceptable in sluices, while the cleft source proposed by Szczegielniak (2008) was as degraded as ungrammatical controls. She also found that P-omission is favored by nominal correlates and remnants (8a), while pronominal correlates (8b) favor PP remnants.",1,"Under such theories, any language may allow P-omission in sluices, and non-syntactic factors may play a role.",1,"Under such theories, any language may allow P-omission in sluices, and non-syntactic factors may play a role."
glossa-15197-hassen,1.2 Alternative analyses of P-omission under sluicing,"Under such theories, any language may allow P-omission in sluices, and non-syntactic factors may play a role. Nykiel (2013), working on Polish, a non-P-stranding language, found that P-omission is acceptable in sluices, while the cleft source proposed by Szczegielniak (2008) was as degraded as ungrammatical controls. She also found that P-omission is favored by nominal correlates and remnants (8a), while pronominal correlates (8b) favor PP remnants.",2,"Nykiel (2013), working on Polish, a non-P-stranding language, found that P-omission is acceptable in sluices, while the cleft source proposed by Szczegielniak (2008) was as degraded as ungrammatical controls.",1,"In Polish, Nykiel (2013) found that P-omission is acceptable in sluices."
glossa-15197-hassen,1.2 Alternative analyses of P-omission under sluicing,"Under such theories, any language may allow P-omission in sluices, and non-syntactic factors may play a role. Nykiel (2013), working on Polish, a non-P-stranding language, found that P-omission is acceptable in sluices, while the cleft source proposed by Szczegielniak (2008) was as degraded as ungrammatical controls. She also found that P-omission is favored by nominal correlates and remnants (8a), while pronominal correlates (8b) favor PP remnants.",2,"Nykiel (2013), working on Polish, a non-P-stranding language, found that P-omission is acceptable in sluices, while the cleft source proposed by Szczegielniak (2008) was as degraded as ungrammatical controls.",2,Szczegielniak (2008) proposed a cleft source that was as degraded as ungrammatical controls.
glossa-15197-hassen,1.2 Alternative analyses of P-omission under sluicing,"Under such theories, any language may allow P-omission in sluices, and non-syntactic factors may play a role. Nykiel (2013), working on Polish, a non-P-stranding language, found that P-omission is acceptable in sluices, while the cleft source proposed by Szczegielniak (2008) was as degraded as ungrammatical controls. She also found that P-omission is favored by nominal correlates and remnants (8a), while pronominal correlates (8b) favor PP remnants.",3,"She also found that P-omission is favored by nominal correlates and remnants (8a), while pronominal correlates (8b) favor PP remnants.",1,"In Polish, Nykiel (2013) found that P-omission is favored by nominal correlates and remnants."
glossa-15197-hassen,1.2 Alternative analyses of P-omission under sluicing,"Under such theories, any language may allow P-omission in sluices, and non-syntactic factors may play a role. Nykiel (2013), working on Polish, a non-P-stranding language, found that P-omission is acceptable in sluices, while the cleft source proposed by Szczegielniak (2008) was as degraded as ungrammatical controls. She also found that P-omission is favored by nominal correlates and remnants (8a), while pronominal correlates (8b) favor PP remnants.",3,"She also found that P-omission is favored by nominal correlates and remnants (8a), while pronominal correlates (8b) favor PP remnants.",2,"In Polish, Nykiel (2013) found that pronominal correlates favor PP remnants."
glossa-15197-hassen,1.2 Alternative analyses of P-omission under sluicing,"Based on these results, Nykiel suggested a processing-based theory. Interpreting a sluice comes with a processing cost since an antecedent has to be found. As in anaphora processing, some antecedents are more accessible than others, and some cues are better than others (Lewis & Vasishth 2005; Martin & McElree 2011; Parker 2019). Nominal correlates are more accessible than pronominal ones due to their richer semantic and morphosyntactic content (Hofmeister et al. 2007).",1,"Based on these results, Nykiel suggested a processing-based theory.",1,Nykiel suggested a processing-based theory.
glossa-15197-hassen,1.2 Alternative analyses of P-omission under sluicing,"Based on these results, Nykiel suggested a processing-based theory. Interpreting a sluice comes with a processing cost since an antecedent has to be found. As in anaphora processing, some antecedents are more accessible than others, and some cues are better than others (Lewis & Vasishth 2005; Martin & McElree 2011; Parker 2019). Nominal correlates are more accessible than pronominal ones due to their richer semantic and morphosyntactic content (Hofmeister et al. 2007).",2,Interpreting a sluice comes with a processing cost since an antecedent has to be found.,1,Interpreting a sluice comes with a processing cost because an antecedent has to be found.
glossa-15197-hassen,1.2 Alternative analyses of P-omission under sluicing,"Based on these results, Nykiel suggested a processing-based theory. Interpreting a sluice comes with a processing cost since an antecedent has to be found. As in anaphora processing, some antecedents are more accessible than others, and some cues are better than others (Lewis & Vasishth 2005; Martin & McElree 2011; Parker 2019). Nominal correlates are more accessible than pronominal ones due to their richer semantic and morphosyntactic content (Hofmeister et al. 2007).",3,"As in anaphora processing, some antecedents are more accessible than others, and some cues are better than others (Lewis & Vasishth 2005; Martin & McElree 2011; Parker 2019).",1,"Some antecedents are more accessible than others, and some cues are better than others."
glossa-15197-hassen,1.2 Alternative analyses of P-omission under sluicing,"Based on these results, Nykiel suggested a processing-based theory. Interpreting a sluice comes with a processing cost since an antecedent has to be found. As in anaphora processing, some antecedents are more accessible than others, and some cues are better than others (Lewis & Vasishth 2005; Martin & McElree 2011; Parker 2019). Nominal correlates are more accessible than pronominal ones due to their richer semantic and morphosyntactic content (Hofmeister et al. 2007).",4,Nominal correlates are more accessible than pronominal ones due to their richer semantic and morphosyntactic content (Hofmeister et al. 2007).,1,Nominal correlates are more accessible than pronominal correlates due to their richer semantic and morphosyntactic content.
glossa-15197-hassen,1.2 Alternative analyses of P-omission under sluicing,"Prepositions also act as cues to retrieve the PP correlate (preventing who to be misinterpreted as referring to Paul in (7b), for instance), hence P-omission in sluices comes with a processing cost (Nykiel & Hawkins 2020). Philippova (2014) found that preposition length favors P-omission in Russian, longer prepositions offering a better cue for ellipsis resolution, and Nykiel & Kim (2022b) found a similar effect for Polish.",1,"Prepositions also act as cues to retrieve the PP correlate (preventing who to be misinterpreted as referring to Paul in (7b), for instance), hence P-omission in sluices comes with a processing cost (Nykiel & Hawkins 2020).",1,"Prepositions act as cues to retrieve the PP correlate, preventing who to be misinterpreted as referring to Paul."
glossa-15197-hassen,1.2 Alternative analyses of P-omission under sluicing,"Prepositions also act as cues to retrieve the PP correlate (preventing who to be misinterpreted as referring to Paul in (7b), for instance), hence P-omission in sluices comes with a processing cost (Nykiel & Hawkins 2020). Philippova (2014) found that preposition length favors P-omission in Russian, longer prepositions offering a better cue for ellipsis resolution, and Nykiel & Kim (2022b) found a similar effect for Polish.",1,"Prepositions also act as cues to retrieve the PP correlate (preventing who to be misinterpreted as referring to Paul in (7b), for instance), hence P-omission in sluices comes with a processing cost (Nykiel & Hawkins 2020).",2,P-omission in sluices comes with a processing cost.
glossa-15197-hassen,1.2 Alternative analyses of P-omission under sluicing,"Prepositions also act as cues to retrieve the PP correlate (preventing who to be misinterpreted as referring to Paul in (7b), for instance), hence P-omission in sluices comes with a processing cost (Nykiel & Hawkins 2020). Philippova (2014) found that preposition length favors P-omission in Russian, longer prepositions offering a better cue for ellipsis resolution, and Nykiel & Kim (2022b) found a similar effect for Polish.",2,"Philippova (2014) found that preposition length favors P-omission in Russian, longer prepositions offering a better cue for ellipsis resolution, and Nykiel & Kim (2022b) found a similar effect for Polish.",1,"In Russian, preposition length favors P-omission, with longer prepositions offering a better cue for ellipsis resolution."
glossa-15197-hassen,1.2 Alternative analyses of P-omission under sluicing,"Prepositions also act as cues to retrieve the PP correlate (preventing who to be misinterpreted as referring to Paul in (7b), for instance), hence P-omission in sluices comes with a processing cost (Nykiel & Hawkins 2020). Philippova (2014) found that preposition length favors P-omission in Russian, longer prepositions offering a better cue for ellipsis resolution, and Nykiel & Kim (2022b) found a similar effect for Polish.",2,"Philippova (2014) found that preposition length favors P-omission in Russian, longer prepositions offering a better cue for ellipsis resolution, and Nykiel & Kim (2022b) found a similar effect for Polish.",2,"In Polish, a similar effect was found by Nykiel & Kim (2022b)."
glossa-15197-hassen,1.2 Alternative analyses of P-omission under sluicing,"According to Nykiel & Hawkins (2020)’s theory, two general principles are at play: Minimize Forms (MiF) (Hawkins 2004), favoring ellipsis and P-omission, and Minimize Domains (MiD), which may disfavor P-omission. According to MiF, forms can be reduced (e.g., via ellipsis) when the necessary information can be easily retrieved from the context, with full noun phrases being more accessible than pronouns. For sluices, MiF predicts that P-omission is more likely to occur with nominal correlates, which are easily accessible, and also with nominal remnants, which are better cues than pronominal ones.",1,"According to Nykiel & Hawkins (2020)’s theory, two general principles are at play: Minimize Forms (MiF) (Hawkins 2004), favoring ellipsis and P-omission, and Minimize Domains (MiD), which may disfavor P-omission.",1,Two general principles are at play in Nykiel & Hawkins (2020)’s theory: Minimize Forms (MiF) and Minimize Domains (MiD).
glossa-15197-hassen,1.2 Alternative analyses of P-omission under sluicing,"According to Nykiel & Hawkins (2020)’s theory, two general principles are at play: Minimize Forms (MiF) (Hawkins 2004), favoring ellipsis and P-omission, and Minimize Domains (MiD), which may disfavor P-omission. According to MiF, forms can be reduced (e.g., via ellipsis) when the necessary information can be easily retrieved from the context, with full noun phrases being more accessible than pronouns. For sluices, MiF predicts that P-omission is more likely to occur with nominal correlates, which are easily accessible, and also with nominal remnants, which are better cues than pronominal ones.",2,"According to MiF, forms can be reduced (e.g., via ellipsis) when the necessary information can be easily retrieved from the context, with full noun phrases being more accessible than pronouns.",1,"MiF predicts that forms can be reduced via ellipsis when the necessary information can be easily retrieved from the context, with full noun phrases being more accessible than pronouns."
glossa-15197-hassen,1.2 Alternative analyses of P-omission under sluicing,"According to Nykiel & Hawkins (2020)’s theory, two general principles are at play: Minimize Forms (MiF) (Hawkins 2004), favoring ellipsis and P-omission, and Minimize Domains (MiD), which may disfavor P-omission. According to MiF, forms can be reduced (e.g., via ellipsis) when the necessary information can be easily retrieved from the context, with full noun phrases being more accessible than pronouns. For sluices, MiF predicts that P-omission is more likely to occur with nominal correlates, which are easily accessible, and also with nominal remnants, which are better cues than pronominal ones.",3,"For sluices, MiF predicts that P-omission is more likely to occur with nominal correlates, which are easily accessible, and also with nominal remnants, which are better cues than pronominal ones.",1,"For sluices, MiF predicts that P-omission is more likely to occur with nominal correlates, which are easily accessible, and also with nominal remnants, which are better cues than pronominal ones."
glossa-15197-hassen,1.2 Alternative analyses of P-omission under sluicing,"According to MiD, on the other hand, processing efficiency increases when semantically and syntactically dependent elements are processed in the smallest possible processing domain. In a PP sluice, P is typically processed within the PP domain when P is independent from the verb as in (9a). However, if the P is dependent on the verb as in (9b), it is interpreted in the VP domain. This domain extension creates an additional processing cost for sluices as P in the remnant must go back to re-establish its dependency relation with the V for interpretation. Therefore, MiD predicts that V-dependent Ps are more easily omitted in a sluice.",1,"According to MiD, on the other hand, processing efficiency increases when semantically and syntactically dependent elements are processed in the smallest possible processing domain.",1,MiD predicts that processing efficiency increases when dependent elements are processed in the smallest possible processing domain.
glossa-15197-hassen,1.2 Alternative analyses of P-omission under sluicing,"According to MiD, on the other hand, processing efficiency increases when semantically and syntactically dependent elements are processed in the smallest possible processing domain. In a PP sluice, P is typically processed within the PP domain when P is independent from the verb as in (9a). However, if the P is dependent on the verb as in (9b), it is interpreted in the VP domain. This domain extension creates an additional processing cost for sluices as P in the remnant must go back to re-establish its dependency relation with the V for interpretation. Therefore, MiD predicts that V-dependent Ps are more easily omitted in a sluice.",2,"In a PP sluice, P is typically processed within the PP domain when P is independent from the verb as in (9a).",1,"In a PP sluice, the preposition is typically processed within the PP domain when the preposition is independent from the verb."
glossa-15197-hassen,1.2 Alternative analyses of P-omission under sluicing,"According to MiD, on the other hand, processing efficiency increases when semantically and syntactically dependent elements are processed in the smallest possible processing domain. In a PP sluice, P is typically processed within the PP domain when P is independent from the verb as in (9a). However, if the P is dependent on the verb as in (9b), it is interpreted in the VP domain. This domain extension creates an additional processing cost for sluices as P in the remnant must go back to re-establish its dependency relation with the V for interpretation. Therefore, MiD predicts that V-dependent Ps are more easily omitted in a sluice.",3,"However, if the P is dependent on the verb as in (9b), it is interpreted in the VP domain.",1,"If the preposition is dependent on the verb, it is interpreted in the VP domain."
glossa-15197-hassen,1.2 Alternative analyses of P-omission under sluicing,"According to MiD, on the other hand, processing efficiency increases when semantically and syntactically dependent elements are processed in the smallest possible processing domain. In a PP sluice, P is typically processed within the PP domain when P is independent from the verb as in (9a). However, if the P is dependent on the verb as in (9b), it is interpreted in the VP domain. This domain extension creates an additional processing cost for sluices as P in the remnant must go back to re-establish its dependency relation with the V for interpretation. Therefore, MiD predicts that V-dependent Ps are more easily omitted in a sluice.",4,This domain extension creates an additional processing cost for sluices as P in the remnant must go back to re-establish its dependency relation with the V for interpretation.,1,This domain extension creates an additional processing cost for sluices because the preposition in the remnant must go back to re-establish its dependency relation with the verb for interpretation.
glossa-15197-hassen,1.2 Alternative analyses of P-omission under sluicing,"According to MiD, on the other hand, processing efficiency increases when semantically and syntactically dependent elements are processed in the smallest possible processing domain. In a PP sluice, P is typically processed within the PP domain when P is independent from the verb as in (9a). However, if the P is dependent on the verb as in (9b), it is interpreted in the VP domain. This domain extension creates an additional processing cost for sluices as P in the remnant must go back to re-establish its dependency relation with the V for interpretation. Therefore, MiD predicts that V-dependent Ps are more easily omitted in a sluice.",5,"Therefore, MiD predicts that V-dependent Ps are more easily omitted in a sluice.",1,MiD predicts that verb-dependent prepositions are more easily omitted in a sluice.
glossa-15197-hassen,1.2 Alternative analyses of P-omission under sluicing,"In such a theory, the acceptability of P-omission under sluicing is flexible, and favored by contentful remnants and correlates, and also by more dependent prepositions.",1,"In such a theory, the acceptability of P-omission under sluicing is flexible, and favored by contentful remnants and correlates, and also by more dependent prepositions.",1,"In this theory, the acceptability of P-omission under sluicing is flexible and favored by contentful remnants and correlates, and by more dependent prepositions."
