article,section,paragraph,sentence_idx,sentence_text,statement_idx,statement,verification,predicted_class,confidence,language,secondary_class,secondary_confidence
glossa-5270-pineda,,"Basque is a morphologically ergative language in which intransitive verbs show two different morphological alignments: broadly speaking, agentive verbs usually occur with an ergative subject and the auxiliary edun ‘have’, whereas patientive verbs combine with an absolutive subject and the auxiliary izan ‘be’ (Levin 1983). Nevertheless, there exists some dialectal variation regarding the use of certain agentive verbs, specifically those that convey (non-static) processes, where the subject is interpreted as both the force initiating the process and the entity undergoing it. We will henceforth refer to this group of verbs as agentive process verbs. In Eastern dialects,1 some agentive process verbs combine an absolutive subject with the auxiliary izan ‘be’ (Oyharçabal 1992; Aldai 2006; 2009; 2010; Berro 2010; 2012), thus resembling other ergative – non-active – languages like Warlpiri, Niuean and Samoan, where all intransitive verbs combine with an absolutive subject (Levin 1983; Massam 2009; Tollan 2018). Even if we do not believe that verb meaning by itself (in rough terms, agentive vs. patientive) is a totally reliable predictor of the syntactic behavior of verbs, it is important to pay attention to and account for those cases where semantic generalizations are clearly contravened, as occurs with the verbs under study. With the exception of Levin (1983), previous studies have assumed that the agentive process verbs that combine with an absolutive subject in Eastern dialects are unergative and have accounted independently for the absolutive marking. In fact, these verbs belong to semantic groups that are usually considered unergative (controlled and agentive processes), and include bazkaldu ‘have lunch’, solastatu ‘talk’, borrokatu ‘fight’ or jolastu ‘play’. Moreover, they behave syntactically like unergatives in their inability to undergo causativization (Oyharçabal 2003).",1.0,"Basque is a morphologically ergative language in which intransitive verbs show two different morphological alignments: broadly speaking, agentive verbs usually occur with an ergative subject and the auxiliary edun ‘have’, whereas patientive verbs combine with an absolutive subject and the auxiliary izan ‘be’ (Levin 1983).",1.0,Basque is a morphologically ergative language.,TRUE,L-Spec,0.95,Basque,Other,0.05
glossa-5270-pineda,,"Basque is a morphologically ergative language in which intransitive verbs show two different morphological alignments: broadly speaking, agentive verbs usually occur with an ergative subject and the auxiliary edun ‘have’, whereas patientive verbs combine with an absolutive subject and the auxiliary izan ‘be’ (Levin 1983). Nevertheless, there exists some dialectal variation regarding the use of certain agentive verbs, specifically those that convey (non-static) processes, where the subject is interpreted as both the force initiating the process and the entity undergoing it. We will henceforth refer to this group of verbs as agentive process verbs. In Eastern dialects,1 some agentive process verbs combine an absolutive subject with the auxiliary izan ‘be’ (Oyharçabal 1992; Aldai 2006; 2009; 2010; Berro 2010; 2012), thus resembling other ergative – non-active – languages like Warlpiri, Niuean and Samoan, where all intransitive verbs combine with an absolutive subject (Levin 1983; Massam 2009; Tollan 2018). Even if we do not believe that verb meaning by itself (in rough terms, agentive vs. patientive) is a totally reliable predictor of the syntactic behavior of verbs, it is important to pay attention to and account for those cases where semantic generalizations are clearly contravened, as occurs with the verbs under study. With the exception of Levin (1983), previous studies have assumed that the agentive process verbs that combine with an absolutive subject in Eastern dialects are unergative and have accounted independently for the absolutive marking. In fact, these verbs belong to semantic groups that are usually considered unergative (controlled and agentive processes), and include bazkaldu ‘have lunch’, solastatu ‘talk’, borrokatu ‘fight’ or jolastu ‘play’. Moreover, they behave syntactically like unergatives in their inability to undergo causativization (Oyharçabal 2003).",1.0,"Basque is a morphologically ergative language in which intransitive verbs show two different morphological alignments: broadly speaking, agentive verbs usually occur with an ergative subject and the auxiliary edun ‘have’, whereas patientive verbs combine with an absolutive subject and the auxiliary izan ‘be’ (Levin 1983).",2.0,"In Basque, intransitive verbs show two different morphological alignments.",TRUE,L-Spec,0.9,Basque,Other,0.1
glossa-5270-pineda,,"Basque is a morphologically ergative language in which intransitive verbs show two different morphological alignments: broadly speaking, agentive verbs usually occur with an ergative subject and the auxiliary edun ‘have’, whereas patientive verbs combine with an absolutive subject and the auxiliary izan ‘be’ (Levin 1983). Nevertheless, there exists some dialectal variation regarding the use of certain agentive verbs, specifically those that convey (non-static) processes, where the subject is interpreted as both the force initiating the process and the entity undergoing it. We will henceforth refer to this group of verbs as agentive process verbs. In Eastern dialects,1 some agentive process verbs combine an absolutive subject with the auxiliary izan ‘be’ (Oyharçabal 1992; Aldai 2006; 2009; 2010; Berro 2010; 2012), thus resembling other ergative – non-active – languages like Warlpiri, Niuean and Samoan, where all intransitive verbs combine with an absolutive subject (Levin 1983; Massam 2009; Tollan 2018). Even if we do not believe that verb meaning by itself (in rough terms, agentive vs. patientive) is a totally reliable predictor of the syntactic behavior of verbs, it is important to pay attention to and account for those cases where semantic generalizations are clearly contravened, as occurs with the verbs under study. With the exception of Levin (1983), previous studies have assumed that the agentive process verbs that combine with an absolutive subject in Eastern dialects are unergative and have accounted independently for the absolutive marking. In fact, these verbs belong to semantic groups that are usually considered unergative (controlled and agentive processes), and include bazkaldu ‘have lunch’, solastatu ‘talk’, borrokatu ‘fight’ or jolastu ‘play’. Moreover, they behave syntactically like unergatives in their inability to undergo causativization (Oyharçabal 2003).",1.0,"Basque is a morphologically ergative language in which intransitive verbs show two different morphological alignments: broadly speaking, agentive verbs usually occur with an ergative subject and the auxiliary edun ‘have’, whereas patientive verbs combine with an absolutive subject and the auxiliary izan ‘be’ (Levin 1983).",3.0,"In Basque, agentive verbs usually occur with an ergative subject and the auxiliary edun (Levin 1983).",TRUE,C,0.95,,L-Spec,0.05
glossa-5270-pineda,,"Basque is a morphologically ergative language in which intransitive verbs show two different morphological alignments: broadly speaking, agentive verbs usually occur with an ergative subject and the auxiliary edun ‘have’, whereas patientive verbs combine with an absolutive subject and the auxiliary izan ‘be’ (Levin 1983). Nevertheless, there exists some dialectal variation regarding the use of certain agentive verbs, specifically those that convey (non-static) processes, where the subject is interpreted as both the force initiating the process and the entity undergoing it. We will henceforth refer to this group of verbs as agentive process verbs. In Eastern dialects,1 some agentive process verbs combine an absolutive subject with the auxiliary izan ‘be’ (Oyharçabal 1992; Aldai 2006; 2009; 2010; Berro 2010; 2012), thus resembling other ergative – non-active – languages like Warlpiri, Niuean and Samoan, where all intransitive verbs combine with an absolutive subject (Levin 1983; Massam 2009; Tollan 2018). Even if we do not believe that verb meaning by itself (in rough terms, agentive vs. patientive) is a totally reliable predictor of the syntactic behavior of verbs, it is important to pay attention to and account for those cases where semantic generalizations are clearly contravened, as occurs with the verbs under study. With the exception of Levin (1983), previous studies have assumed that the agentive process verbs that combine with an absolutive subject in Eastern dialects are unergative and have accounted independently for the absolutive marking. In fact, these verbs belong to semantic groups that are usually considered unergative (controlled and agentive processes), and include bazkaldu ‘have lunch’, solastatu ‘talk’, borrokatu ‘fight’ or jolastu ‘play’. Moreover, they behave syntactically like unergatives in their inability to undergo causativization (Oyharçabal 2003).",1.0,"Basque is a morphologically ergative language in which intransitive verbs show two different morphological alignments: broadly speaking, agentive verbs usually occur with an ergative subject and the auxiliary edun ‘have’, whereas patientive verbs combine with an absolutive subject and the auxiliary izan ‘be’ (Levin 1983).",4.0,"In Basque, agentive verbs usually occur with an ergative subject and the auxiliary edun.",TRUE,L-Spec,0.9,Basque,Other,0.1
glossa-5270-pineda,,"Basque is a morphologically ergative language in which intransitive verbs show two different morphological alignments: broadly speaking, agentive verbs usually occur with an ergative subject and the auxiliary edun ‘have’, whereas patientive verbs combine with an absolutive subject and the auxiliary izan ‘be’ (Levin 1983). Nevertheless, there exists some dialectal variation regarding the use of certain agentive verbs, specifically those that convey (non-static) processes, where the subject is interpreted as both the force initiating the process and the entity undergoing it. We will henceforth refer to this group of verbs as agentive process verbs. In Eastern dialects,1 some agentive process verbs combine an absolutive subject with the auxiliary izan ‘be’ (Oyharçabal 1992; Aldai 2006; 2009; 2010; Berro 2010; 2012), thus resembling other ergative – non-active – languages like Warlpiri, Niuean and Samoan, where all intransitive verbs combine with an absolutive subject (Levin 1983; Massam 2009; Tollan 2018). Even if we do not believe that verb meaning by itself (in rough terms, agentive vs. patientive) is a totally reliable predictor of the syntactic behavior of verbs, it is important to pay attention to and account for those cases where semantic generalizations are clearly contravened, as occurs with the verbs under study. With the exception of Levin (1983), previous studies have assumed that the agentive process verbs that combine with an absolutive subject in Eastern dialects are unergative and have accounted independently for the absolutive marking. In fact, these verbs belong to semantic groups that are usually considered unergative (controlled and agentive processes), and include bazkaldu ‘have lunch’, solastatu ‘talk’, borrokatu ‘fight’ or jolastu ‘play’. Moreover, they behave syntactically like unergatives in their inability to undergo causativization (Oyharçabal 2003).",1.0,"Basque is a morphologically ergative language in which intransitive verbs show two different morphological alignments: broadly speaking, agentive verbs usually occur with an ergative subject and the auxiliary edun ‘have’, whereas patientive verbs combine with an absolutive subject and the auxiliary izan ‘be’ (Levin 1983).",5.0,"In Basque, patientive verbs combine with an absolutive subject and the auxiliary izan (Levin 1983).",TRUE,C,0.95,,L-Spec,0.05
glossa-5270-pineda,,"Basque is a morphologically ergative language in which intransitive verbs show two different morphological alignments: broadly speaking, agentive verbs usually occur with an ergative subject and the auxiliary edun ‘have’, whereas patientive verbs combine with an absolutive subject and the auxiliary izan ‘be’ (Levin 1983). Nevertheless, there exists some dialectal variation regarding the use of certain agentive verbs, specifically those that convey (non-static) processes, where the subject is interpreted as both the force initiating the process and the entity undergoing it. We will henceforth refer to this group of verbs as agentive process verbs. In Eastern dialects,1 some agentive process verbs combine an absolutive subject with the auxiliary izan ‘be’ (Oyharçabal 1992; Aldai 2006; 2009; 2010; Berro 2010; 2012), thus resembling other ergative – non-active – languages like Warlpiri, Niuean and Samoan, where all intransitive verbs combine with an absolutive subject (Levin 1983; Massam 2009; Tollan 2018). Even if we do not believe that verb meaning by itself (in rough terms, agentive vs. patientive) is a totally reliable predictor of the syntactic behavior of verbs, it is important to pay attention to and account for those cases where semantic generalizations are clearly contravened, as occurs with the verbs under study. With the exception of Levin (1983), previous studies have assumed that the agentive process verbs that combine with an absolutive subject in Eastern dialects are unergative and have accounted independently for the absolutive marking. In fact, these verbs belong to semantic groups that are usually considered unergative (controlled and agentive processes), and include bazkaldu ‘have lunch’, solastatu ‘talk’, borrokatu ‘fight’ or jolastu ‘play’. Moreover, they behave syntactically like unergatives in their inability to undergo causativization (Oyharçabal 2003).",1.0,"Basque is a morphologically ergative language in which intransitive verbs show two different morphological alignments: broadly speaking, agentive verbs usually occur with an ergative subject and the auxiliary edun ‘have’, whereas patientive verbs combine with an absolutive subject and the auxiliary izan ‘be’ (Levin 1983).",6.0,"In Basque, patientive verbs combine with an absolutive subject and the auxiliary izan.",TRUE,L-Spec,0.9,Basque,Other,0.1
glossa-5270-pineda,,"Basque is a morphologically ergative language in which intransitive verbs show two different morphological alignments: broadly speaking, agentive verbs usually occur with an ergative subject and the auxiliary edun ‘have’, whereas patientive verbs combine with an absolutive subject and the auxiliary izan ‘be’ (Levin 1983). Nevertheless, there exists some dialectal variation regarding the use of certain agentive verbs, specifically those that convey (non-static) processes, where the subject is interpreted as both the force initiating the process and the entity undergoing it. We will henceforth refer to this group of verbs as agentive process verbs. In Eastern dialects,1 some agentive process verbs combine an absolutive subject with the auxiliary izan ‘be’ (Oyharçabal 1992; Aldai 2006; 2009; 2010; Berro 2010; 2012), thus resembling other ergative – non-active – languages like Warlpiri, Niuean and Samoan, where all intransitive verbs combine with an absolutive subject (Levin 1983; Massam 2009; Tollan 2018). Even if we do not believe that verb meaning by itself (in rough terms, agentive vs. patientive) is a totally reliable predictor of the syntactic behavior of verbs, it is important to pay attention to and account for those cases where semantic generalizations are clearly contravened, as occurs with the verbs under study. With the exception of Levin (1983), previous studies have assumed that the agentive process verbs that combine with an absolutive subject in Eastern dialects are unergative and have accounted independently for the absolutive marking. In fact, these verbs belong to semantic groups that are usually considered unergative (controlled and agentive processes), and include bazkaldu ‘have lunch’, solastatu ‘talk’, borrokatu ‘fight’ or jolastu ‘play’. Moreover, they behave syntactically like unergatives in their inability to undergo causativization (Oyharçabal 2003).",2.0,"Nevertheless, there exists some dialectal variation regarding the use of certain agentive verbs, specifically those that convey (non-static) processes, where the subject is interpreted as both the force initiating the process and the entity undergoing it.",1.0,"There exists some dialectal variation in Basque regarding the use of certain agentive verbs, specifically those that convey non-static processes, where the subject is interpreted as both the force initiating the process and the entity undergoing it.",TRUE,L-Spec,0.9,Basque,Other,0.1
glossa-5270-pineda,,"Basque is a morphologically ergative language in which intransitive verbs show two different morphological alignments: broadly speaking, agentive verbs usually occur with an ergative subject and the auxiliary edun ‘have’, whereas patientive verbs combine with an absolutive subject and the auxiliary izan ‘be’ (Levin 1983). Nevertheless, there exists some dialectal variation regarding the use of certain agentive verbs, specifically those that convey (non-static) processes, where the subject is interpreted as both the force initiating the process and the entity undergoing it. We will henceforth refer to this group of verbs as agentive process verbs. In Eastern dialects,1 some agentive process verbs combine an absolutive subject with the auxiliary izan ‘be’ (Oyharçabal 1992; Aldai 2006; 2009; 2010; Berro 2010; 2012), thus resembling other ergative – non-active – languages like Warlpiri, Niuean and Samoan, where all intransitive verbs combine with an absolutive subject (Levin 1983; Massam 2009; Tollan 2018). Even if we do not believe that verb meaning by itself (in rough terms, agentive vs. patientive) is a totally reliable predictor of the syntactic behavior of verbs, it is important to pay attention to and account for those cases where semantic generalizations are clearly contravened, as occurs with the verbs under study. With the exception of Levin (1983), previous studies have assumed that the agentive process verbs that combine with an absolutive subject in Eastern dialects are unergative and have accounted independently for the absolutive marking. In fact, these verbs belong to semantic groups that are usually considered unergative (controlled and agentive processes), and include bazkaldu ‘have lunch’, solastatu ‘talk’, borrokatu ‘fight’ or jolastu ‘play’. Moreover, they behave syntactically like unergatives in their inability to undergo causativization (Oyharçabal 2003).",3.0,We will henceforth refer to this group of verbs as agentive process verbs.,1.0,"The group of verbs that convey non-static processes, where the subject is interpreted as both the force initiating the process and the entity undergoing it, is referred to as agentive process verbs.",TRUE,S,0.95,,Other,0.05
glossa-5270-pineda,,"Basque is a morphologically ergative language in which intransitive verbs show two different morphological alignments: broadly speaking, agentive verbs usually occur with an ergative subject and the auxiliary edun ‘have’, whereas patientive verbs combine with an absolutive subject and the auxiliary izan ‘be’ (Levin 1983). Nevertheless, there exists some dialectal variation regarding the use of certain agentive verbs, specifically those that convey (non-static) processes, where the subject is interpreted as both the force initiating the process and the entity undergoing it. We will henceforth refer to this group of verbs as agentive process verbs. In Eastern dialects,1 some agentive process verbs combine an absolutive subject with the auxiliary izan ‘be’ (Oyharçabal 1992; Aldai 2006; 2009; 2010; Berro 2010; 2012), thus resembling other ergative – non-active – languages like Warlpiri, Niuean and Samoan, where all intransitive verbs combine with an absolutive subject (Levin 1983; Massam 2009; Tollan 2018). Even if we do not believe that verb meaning by itself (in rough terms, agentive vs. patientive) is a totally reliable predictor of the syntactic behavior of verbs, it is important to pay attention to and account for those cases where semantic generalizations are clearly contravened, as occurs with the verbs under study. With the exception of Levin (1983), previous studies have assumed that the agentive process verbs that combine with an absolutive subject in Eastern dialects are unergative and have accounted independently for the absolutive marking. In fact, these verbs belong to semantic groups that are usually considered unergative (controlled and agentive processes), and include bazkaldu ‘have lunch’, solastatu ‘talk’, borrokatu ‘fight’ or jolastu ‘play’. Moreover, they behave syntactically like unergatives in their inability to undergo causativization (Oyharçabal 2003).",4.0,"In Eastern dialects,1 some agentive process verbs combine an absolutive subject with the auxiliary izan ‘be’ (Oyharçabal 1992; Aldai 2006; 2009; 2010; Berro 2010; 2012), thus resembling other ergative – non-active – languages like Warlpiri, Niuean and Samoan, where all intransitive verbs combine with an absolutive subject (Levin 1983; Massam 2009; Tollan 2018).",1.0,"In Eastern dialects of Basque, some agentive process verbs combine an absolutive subject with the auxiliary izan (Oyharçabal 1992; Aldai 2006; 2009; 2010; Berro 2010; 2012).",TRUE,C,0.95,,L-Spec,0.05
glossa-5270-pineda,,"Basque is a morphologically ergative language in which intransitive verbs show two different morphological alignments: broadly speaking, agentive verbs usually occur with an ergative subject and the auxiliary edun ‘have’, whereas patientive verbs combine with an absolutive subject and the auxiliary izan ‘be’ (Levin 1983). Nevertheless, there exists some dialectal variation regarding the use of certain agentive verbs, specifically those that convey (non-static) processes, where the subject is interpreted as both the force initiating the process and the entity undergoing it. We will henceforth refer to this group of verbs as agentive process verbs. In Eastern dialects,1 some agentive process verbs combine an absolutive subject with the auxiliary izan ‘be’ (Oyharçabal 1992; Aldai 2006; 2009; 2010; Berro 2010; 2012), thus resembling other ergative – non-active – languages like Warlpiri, Niuean and Samoan, where all intransitive verbs combine with an absolutive subject (Levin 1983; Massam 2009; Tollan 2018). Even if we do not believe that verb meaning by itself (in rough terms, agentive vs. patientive) is a totally reliable predictor of the syntactic behavior of verbs, it is important to pay attention to and account for those cases where semantic generalizations are clearly contravened, as occurs with the verbs under study. With the exception of Levin (1983), previous studies have assumed that the agentive process verbs that combine with an absolutive subject in Eastern dialects are unergative and have accounted independently for the absolutive marking. In fact, these verbs belong to semantic groups that are usually considered unergative (controlled and agentive processes), and include bazkaldu ‘have lunch’, solastatu ‘talk’, borrokatu ‘fight’ or jolastu ‘play’. Moreover, they behave syntactically like unergatives in their inability to undergo causativization (Oyharçabal 2003).",4.0,"In Eastern dialects,1 some agentive process verbs combine an absolutive subject with the auxiliary izan ‘be’ (Oyharçabal 1992; Aldai 2006; 2009; 2010; Berro 2010; 2012), thus resembling other ergative – non-active – languages like Warlpiri, Niuean and Samoan, where all intransitive verbs combine with an absolutive subject (Levin 1983; Massam 2009; Tollan 2018).",2.0,"In Eastern dialects of Basque, some agentive process verbs combine an absolutive subject with the auxiliary izan.",TRUE,L-Spec,0.9,Basque,Other,0.1
glossa-5270-pineda,,"Basque is a morphologically ergative language in which intransitive verbs show two different morphological alignments: broadly speaking, agentive verbs usually occur with an ergative subject and the auxiliary edun ‘have’, whereas patientive verbs combine with an absolutive subject and the auxiliary izan ‘be’ (Levin 1983). Nevertheless, there exists some dialectal variation regarding the use of certain agentive verbs, specifically those that convey (non-static) processes, where the subject is interpreted as both the force initiating the process and the entity undergoing it. We will henceforth refer to this group of verbs as agentive process verbs. In Eastern dialects,1 some agentive process verbs combine an absolutive subject with the auxiliary izan ‘be’ (Oyharçabal 1992; Aldai 2006; 2009; 2010; Berro 2010; 2012), thus resembling other ergative – non-active – languages like Warlpiri, Niuean and Samoan, where all intransitive verbs combine with an absolutive subject (Levin 1983; Massam 2009; Tollan 2018). Even if we do not believe that verb meaning by itself (in rough terms, agentive vs. patientive) is a totally reliable predictor of the syntactic behavior of verbs, it is important to pay attention to and account for those cases where semantic generalizations are clearly contravened, as occurs with the verbs under study. With the exception of Levin (1983), previous studies have assumed that the agentive process verbs that combine with an absolutive subject in Eastern dialects are unergative and have accounted independently for the absolutive marking. In fact, these verbs belong to semantic groups that are usually considered unergative (controlled and agentive processes), and include bazkaldu ‘have lunch’, solastatu ‘talk’, borrokatu ‘fight’ or jolastu ‘play’. Moreover, they behave syntactically like unergatives in their inability to undergo causativization (Oyharçabal 2003).",4.0,"In Eastern dialects,1 some agentive process verbs combine an absolutive subject with the auxiliary izan ‘be’ (Oyharçabal 1992; Aldai 2006; 2009; 2010; Berro 2010; 2012), thus resembling other ergative – non-active – languages like Warlpiri, Niuean and Samoan, where all intransitive verbs combine with an absolutive subject (Levin 1983; Massam 2009; Tollan 2018).",3.0,"The combination of an absolutive subject with the auxiliary izan for agentive process verbs in Eastern dialects of Basque resembles other ergative – non-active – languages like Warlpiri, Niuean and Samoan.",TRUE,L-Typo,0.9,,L-Spec,0.1
glossa-5270-pineda,,"Basque is a morphologically ergative language in which intransitive verbs show two different morphological alignments: broadly speaking, agentive verbs usually occur with an ergative subject and the auxiliary edun ‘have’, whereas patientive verbs combine with an absolutive subject and the auxiliary izan ‘be’ (Levin 1983). Nevertheless, there exists some dialectal variation regarding the use of certain agentive verbs, specifically those that convey (non-static) processes, where the subject is interpreted as both the force initiating the process and the entity undergoing it. We will henceforth refer to this group of verbs as agentive process verbs. In Eastern dialects,1 some agentive process verbs combine an absolutive subject with the auxiliary izan ‘be’ (Oyharçabal 1992; Aldai 2006; 2009; 2010; Berro 2010; 2012), thus resembling other ergative – non-active – languages like Warlpiri, Niuean and Samoan, where all intransitive verbs combine with an absolutive subject (Levin 1983; Massam 2009; Tollan 2018). Even if we do not believe that verb meaning by itself (in rough terms, agentive vs. patientive) is a totally reliable predictor of the syntactic behavior of verbs, it is important to pay attention to and account for those cases where semantic generalizations are clearly contravened, as occurs with the verbs under study. With the exception of Levin (1983), previous studies have assumed that the agentive process verbs that combine with an absolutive subject in Eastern dialects are unergative and have accounted independently for the absolutive marking. In fact, these verbs belong to semantic groups that are usually considered unergative (controlled and agentive processes), and include bazkaldu ‘have lunch’, solastatu ‘talk’, borrokatu ‘fight’ or jolastu ‘play’. Moreover, they behave syntactically like unergatives in their inability to undergo causativization (Oyharçabal 2003).",4.0,"In Eastern dialects,1 some agentive process verbs combine an absolutive subject with the auxiliary izan ‘be’ (Oyharçabal 1992; Aldai 2006; 2009; 2010; Berro 2010; 2012), thus resembling other ergative – non-active – languages like Warlpiri, Niuean and Samoan, where all intransitive verbs combine with an absolutive subject (Levin 1983; Massam 2009; Tollan 2018).",4.0,"In Warlpiri, all intransitive verbs combine with an absolutive subject (Levin 1983; Massam 2009; Tollan 2018).",TRUE,C,0.95,,L-Spec,0.05
glossa-5270-pineda,,"Basque is a morphologically ergative language in which intransitive verbs show two different morphological alignments: broadly speaking, agentive verbs usually occur with an ergative subject and the auxiliary edun ‘have’, whereas patientive verbs combine with an absolutive subject and the auxiliary izan ‘be’ (Levin 1983). Nevertheless, there exists some dialectal variation regarding the use of certain agentive verbs, specifically those that convey (non-static) processes, where the subject is interpreted as both the force initiating the process and the entity undergoing it. We will henceforth refer to this group of verbs as agentive process verbs. In Eastern dialects,1 some agentive process verbs combine an absolutive subject with the auxiliary izan ‘be’ (Oyharçabal 1992; Aldai 2006; 2009; 2010; Berro 2010; 2012), thus resembling other ergative – non-active – languages like Warlpiri, Niuean and Samoan, where all intransitive verbs combine with an absolutive subject (Levin 1983; Massam 2009; Tollan 2018). Even if we do not believe that verb meaning by itself (in rough terms, agentive vs. patientive) is a totally reliable predictor of the syntactic behavior of verbs, it is important to pay attention to and account for those cases where semantic generalizations are clearly contravened, as occurs with the verbs under study. With the exception of Levin (1983), previous studies have assumed that the agentive process verbs that combine with an absolutive subject in Eastern dialects are unergative and have accounted independently for the absolutive marking. In fact, these verbs belong to semantic groups that are usually considered unergative (controlled and agentive processes), and include bazkaldu ‘have lunch’, solastatu ‘talk’, borrokatu ‘fight’ or jolastu ‘play’. Moreover, they behave syntactically like unergatives in their inability to undergo causativization (Oyharçabal 2003).",4.0,"In Eastern dialects,1 some agentive process verbs combine an absolutive subject with the auxiliary izan ‘be’ (Oyharçabal 1992; Aldai 2006; 2009; 2010; Berro 2010; 2012), thus resembling other ergative – non-active – languages like Warlpiri, Niuean and Samoan, where all intransitive verbs combine with an absolutive subject (Levin 1983; Massam 2009; Tollan 2018).",5.0,"In Warlpiri, all intransitive verbs combine with an absolutive subject.",TRUE,L-Spec,0.9,Warlpiri,Other,0.1
glossa-5270-pineda,,"Basque is a morphologically ergative language in which intransitive verbs show two different morphological alignments: broadly speaking, agentive verbs usually occur with an ergative subject and the auxiliary edun ‘have’, whereas patientive verbs combine with an absolutive subject and the auxiliary izan ‘be’ (Levin 1983). Nevertheless, there exists some dialectal variation regarding the use of certain agentive verbs, specifically those that convey (non-static) processes, where the subject is interpreted as both the force initiating the process and the entity undergoing it. We will henceforth refer to this group of verbs as agentive process verbs. In Eastern dialects,1 some agentive process verbs combine an absolutive subject with the auxiliary izan ‘be’ (Oyharçabal 1992; Aldai 2006; 2009; 2010; Berro 2010; 2012), thus resembling other ergative – non-active – languages like Warlpiri, Niuean and Samoan, where all intransitive verbs combine with an absolutive subject (Levin 1983; Massam 2009; Tollan 2018). Even if we do not believe that verb meaning by itself (in rough terms, agentive vs. patientive) is a totally reliable predictor of the syntactic behavior of verbs, it is important to pay attention to and account for those cases where semantic generalizations are clearly contravened, as occurs with the verbs under study. With the exception of Levin (1983), previous studies have assumed that the agentive process verbs that combine with an absolutive subject in Eastern dialects are unergative and have accounted independently for the absolutive marking. In fact, these verbs belong to semantic groups that are usually considered unergative (controlled and agentive processes), and include bazkaldu ‘have lunch’, solastatu ‘talk’, borrokatu ‘fight’ or jolastu ‘play’. Moreover, they behave syntactically like unergatives in their inability to undergo causativization (Oyharçabal 2003).",4.0,"In Eastern dialects,1 some agentive process verbs combine an absolutive subject with the auxiliary izan ‘be’ (Oyharçabal 1992; Aldai 2006; 2009; 2010; Berro 2010; 2012), thus resembling other ergative – non-active – languages like Warlpiri, Niuean and Samoan, where all intransitive verbs combine with an absolutive subject (Levin 1983; Massam 2009; Tollan 2018).",6.0,"In Niuean, all intransitive verbs combine with an absolutive subject (Levin 1983; Massam 2009; Tollan 2018).",TRUE,C,0.95,,L-Spec,0.05
glossa-5270-pineda,,"Basque is a morphologically ergative language in which intransitive verbs show two different morphological alignments: broadly speaking, agentive verbs usually occur with an ergative subject and the auxiliary edun ‘have’, whereas patientive verbs combine with an absolutive subject and the auxiliary izan ‘be’ (Levin 1983). Nevertheless, there exists some dialectal variation regarding the use of certain agentive verbs, specifically those that convey (non-static) processes, where the subject is interpreted as both the force initiating the process and the entity undergoing it. We will henceforth refer to this group of verbs as agentive process verbs. In Eastern dialects,1 some agentive process verbs combine an absolutive subject with the auxiliary izan ‘be’ (Oyharçabal 1992; Aldai 2006; 2009; 2010; Berro 2010; 2012), thus resembling other ergative – non-active – languages like Warlpiri, Niuean and Samoan, where all intransitive verbs combine with an absolutive subject (Levin 1983; Massam 2009; Tollan 2018). Even if we do not believe that verb meaning by itself (in rough terms, agentive vs. patientive) is a totally reliable predictor of the syntactic behavior of verbs, it is important to pay attention to and account for those cases where semantic generalizations are clearly contravened, as occurs with the verbs under study. With the exception of Levin (1983), previous studies have assumed that the agentive process verbs that combine with an absolutive subject in Eastern dialects are unergative and have accounted independently for the absolutive marking. In fact, these verbs belong to semantic groups that are usually considered unergative (controlled and agentive processes), and include bazkaldu ‘have lunch’, solastatu ‘talk’, borrokatu ‘fight’ or jolastu ‘play’. Moreover, they behave syntactically like unergatives in their inability to undergo causativization (Oyharçabal 2003).",4.0,"In Eastern dialects,1 some agentive process verbs combine an absolutive subject with the auxiliary izan ‘be’ (Oyharçabal 1992; Aldai 2006; 2009; 2010; Berro 2010; 2012), thus resembling other ergative – non-active – languages like Warlpiri, Niuean and Samoan, where all intransitive verbs combine with an absolutive subject (Levin 1983; Massam 2009; Tollan 2018).",7.0,"In Niuean, all intransitive verbs combine with an absolutive subject.",TRUE,L-Spec,0.9,Niuean,Other,0.1
glossa-5270-pineda,,"Basque is a morphologically ergative language in which intransitive verbs show two different morphological alignments: broadly speaking, agentive verbs usually occur with an ergative subject and the auxiliary edun ‘have’, whereas patientive verbs combine with an absolutive subject and the auxiliary izan ‘be’ (Levin 1983). Nevertheless, there exists some dialectal variation regarding the use of certain agentive verbs, specifically those that convey (non-static) processes, where the subject is interpreted as both the force initiating the process and the entity undergoing it. We will henceforth refer to this group of verbs as agentive process verbs. In Eastern dialects,1 some agentive process verbs combine an absolutive subject with the auxiliary izan ‘be’ (Oyharçabal 1992; Aldai 2006; 2009; 2010; Berro 2010; 2012), thus resembling other ergative – non-active – languages like Warlpiri, Niuean and Samoan, where all intransitive verbs combine with an absolutive subject (Levin 1983; Massam 2009; Tollan 2018). Even if we do not believe that verb meaning by itself (in rough terms, agentive vs. patientive) is a totally reliable predictor of the syntactic behavior of verbs, it is important to pay attention to and account for those cases where semantic generalizations are clearly contravened, as occurs with the verbs under study. With the exception of Levin (1983), previous studies have assumed that the agentive process verbs that combine with an absolutive subject in Eastern dialects are unergative and have accounted independently for the absolutive marking. In fact, these verbs belong to semantic groups that are usually considered unergative (controlled and agentive processes), and include bazkaldu ‘have lunch’, solastatu ‘talk’, borrokatu ‘fight’ or jolastu ‘play’. Moreover, they behave syntactically like unergatives in their inability to undergo causativization (Oyharçabal 2003).",4.0,"In Eastern dialects,1 some agentive process verbs combine an absolutive subject with the auxiliary izan ‘be’ (Oyharçabal 1992; Aldai 2006; 2009; 2010; Berro 2010; 2012), thus resembling other ergative – non-active – languages like Warlpiri, Niuean and Samoan, where all intransitive verbs combine with an absolutive subject (Levin 1983; Massam 2009; Tollan 2018).",8.0,"In Samoan, all intransitive verbs combine with an absolutive subject (Levin 1983; Massam 2009; Tollan 2018).",TRUE,C,0.95,,L-Spec,0.05
glossa-5270-pineda,,"Basque is a morphologically ergative language in which intransitive verbs show two different morphological alignments: broadly speaking, agentive verbs usually occur with an ergative subject and the auxiliary edun ‘have’, whereas patientive verbs combine with an absolutive subject and the auxiliary izan ‘be’ (Levin 1983). Nevertheless, there exists some dialectal variation regarding the use of certain agentive verbs, specifically those that convey (non-static) processes, where the subject is interpreted as both the force initiating the process and the entity undergoing it. We will henceforth refer to this group of verbs as agentive process verbs. In Eastern dialects,1 some agentive process verbs combine an absolutive subject with the auxiliary izan ‘be’ (Oyharçabal 1992; Aldai 2006; 2009; 2010; Berro 2010; 2012), thus resembling other ergative – non-active – languages like Warlpiri, Niuean and Samoan, where all intransitive verbs combine with an absolutive subject (Levin 1983; Massam 2009; Tollan 2018). Even if we do not believe that verb meaning by itself (in rough terms, agentive vs. patientive) is a totally reliable predictor of the syntactic behavior of verbs, it is important to pay attention to and account for those cases where semantic generalizations are clearly contravened, as occurs with the verbs under study. With the exception of Levin (1983), previous studies have assumed that the agentive process verbs that combine with an absolutive subject in Eastern dialects are unergative and have accounted independently for the absolutive marking. In fact, these verbs belong to semantic groups that are usually considered unergative (controlled and agentive processes), and include bazkaldu ‘have lunch’, solastatu ‘talk’, borrokatu ‘fight’ or jolastu ‘play’. Moreover, they behave syntactically like unergatives in their inability to undergo causativization (Oyharçabal 2003).",4.0,"In Eastern dialects,1 some agentive process verbs combine an absolutive subject with the auxiliary izan ‘be’ (Oyharçabal 1992; Aldai 2006; 2009; 2010; Berro 2010; 2012), thus resembling other ergative – non-active – languages like Warlpiri, Niuean and Samoan, where all intransitive verbs combine with an absolutive subject (Levin 1983; Massam 2009; Tollan 2018).",9.0,"In Samoan, all intransitive verbs combine with an absolutive subject.",TRUE,L-Spec,0.9,Samoan,Other,0.1
glossa-5270-pineda,,"Basque is a morphologically ergative language in which intransitive verbs show two different morphological alignments: broadly speaking, agentive verbs usually occur with an ergative subject and the auxiliary edun ‘have’, whereas patientive verbs combine with an absolutive subject and the auxiliary izan ‘be’ (Levin 1983). Nevertheless, there exists some dialectal variation regarding the use of certain agentive verbs, specifically those that convey (non-static) processes, where the subject is interpreted as both the force initiating the process and the entity undergoing it. We will henceforth refer to this group of verbs as agentive process verbs. In Eastern dialects,1 some agentive process verbs combine an absolutive subject with the auxiliary izan ‘be’ (Oyharçabal 1992; Aldai 2006; 2009; 2010; Berro 2010; 2012), thus resembling other ergative – non-active – languages like Warlpiri, Niuean and Samoan, where all intransitive verbs combine with an absolutive subject (Levin 1983; Massam 2009; Tollan 2018). Even if we do not believe that verb meaning by itself (in rough terms, agentive vs. patientive) is a totally reliable predictor of the syntactic behavior of verbs, it is important to pay attention to and account for those cases where semantic generalizations are clearly contravened, as occurs with the verbs under study. With the exception of Levin (1983), previous studies have assumed that the agentive process verbs that combine with an absolutive subject in Eastern dialects are unergative and have accounted independently for the absolutive marking. In fact, these verbs belong to semantic groups that are usually considered unergative (controlled and agentive processes), and include bazkaldu ‘have lunch’, solastatu ‘talk’, borrokatu ‘fight’ or jolastu ‘play’. Moreover, they behave syntactically like unergatives in their inability to undergo causativization (Oyharçabal 2003).",5.0,"Even if we do not believe that verb meaning by itself (in rough terms, agentive vs. patientive) is a totally reliable predictor of the syntactic behavior of verbs, it is important to pay attention to and account for those cases where semantic generalizations are clearly contravened, as occurs with the verbs under study.",1.0,"Verb meaning by itself (in rough terms, agentive vs. patientive) is a reliable predictor of the syntactic behavior of verbs.",TRUE,L-Theo,0.85,,L-Typo,0.15
glossa-5270-pineda,,"Basque is a morphologically ergative language in which intransitive verbs show two different morphological alignments: broadly speaking, agentive verbs usually occur with an ergative subject and the auxiliary edun ‘have’, whereas patientive verbs combine with an absolutive subject and the auxiliary izan ‘be’ (Levin 1983). Nevertheless, there exists some dialectal variation regarding the use of certain agentive verbs, specifically those that convey (non-static) processes, where the subject is interpreted as both the force initiating the process and the entity undergoing it. We will henceforth refer to this group of verbs as agentive process verbs. In Eastern dialects,1 some agentive process verbs combine an absolutive subject with the auxiliary izan ‘be’ (Oyharçabal 1992; Aldai 2006; 2009; 2010; Berro 2010; 2012), thus resembling other ergative – non-active – languages like Warlpiri, Niuean and Samoan, where all intransitive verbs combine with an absolutive subject (Levin 1983; Massam 2009; Tollan 2018). Even if we do not believe that verb meaning by itself (in rough terms, agentive vs. patientive) is a totally reliable predictor of the syntactic behavior of verbs, it is important to pay attention to and account for those cases where semantic generalizations are clearly contravened, as occurs with the verbs under study. With the exception of Levin (1983), previous studies have assumed that the agentive process verbs that combine with an absolutive subject in Eastern dialects are unergative and have accounted independently for the absolutive marking. In fact, these verbs belong to semantic groups that are usually considered unergative (controlled and agentive processes), and include bazkaldu ‘have lunch’, solastatu ‘talk’, borrokatu ‘fight’ or jolastu ‘play’. Moreover, they behave syntactically like unergatives in their inability to undergo causativization (Oyharçabal 2003).",5.0,"Even if we do not believe that verb meaning by itself (in rough terms, agentive vs. patientive) is a totally reliable predictor of the syntactic behavior of verbs, it is important to pay attention to and account for those cases where semantic generalizations are clearly contravened, as occurs with the verbs under study.",2.0,There are cases of agentive process verbs in Basque where semantic generalizations are clearly contravened.,TRUE,L-Spec,0.9,Basque,Other,0.1
glossa-5270-pineda,,"Basque is a morphologically ergative language in which intransitive verbs show two different morphological alignments: broadly speaking, agentive verbs usually occur with an ergative subject and the auxiliary edun ‘have’, whereas patientive verbs combine with an absolutive subject and the auxiliary izan ‘be’ (Levin 1983). Nevertheless, there exists some dialectal variation regarding the use of certain agentive verbs, specifically those that convey (non-static) processes, where the subject is interpreted as both the force initiating the process and the entity undergoing it. We will henceforth refer to this group of verbs as agentive process verbs. In Eastern dialects,1 some agentive process verbs combine an absolutive subject with the auxiliary izan ‘be’ (Oyharçabal 1992; Aldai 2006; 2009; 2010; Berro 2010; 2012), thus resembling other ergative – non-active – languages like Warlpiri, Niuean and Samoan, where all intransitive verbs combine with an absolutive subject (Levin 1983; Massam 2009; Tollan 2018). Even if we do not believe that verb meaning by itself (in rough terms, agentive vs. patientive) is a totally reliable predictor of the syntactic behavior of verbs, it is important to pay attention to and account for those cases where semantic generalizations are clearly contravened, as occurs with the verbs under study. With the exception of Levin (1983), previous studies have assumed that the agentive process verbs that combine with an absolutive subject in Eastern dialects are unergative and have accounted independently for the absolutive marking. In fact, these verbs belong to semantic groups that are usually considered unergative (controlled and agentive processes), and include bazkaldu ‘have lunch’, solastatu ‘talk’, borrokatu ‘fight’ or jolastu ‘play’. Moreover, they behave syntactically like unergatives in their inability to undergo causativization (Oyharçabal 2003).",6.0,"With the exception of Levin (1983), previous studies have assumed that the agentive process verbs that combine with an absolutive subject in Eastern dialects are unergative and have accounted independently for the absolutive marking.",1.0,Previous studies have assumed that the agentive process verbs that combine with an absolutive subject in Eastern dialects of Basque are unergative. ,TRUE,C,0.9,,Other,0.1
glossa-5270-pineda,,"Basque is a morphologically ergative language in which intransitive verbs show two different morphological alignments: broadly speaking, agentive verbs usually occur with an ergative subject and the auxiliary edun ‘have’, whereas patientive verbs combine with an absolutive subject and the auxiliary izan ‘be’ (Levin 1983). Nevertheless, there exists some dialectal variation regarding the use of certain agentive verbs, specifically those that convey (non-static) processes, where the subject is interpreted as both the force initiating the process and the entity undergoing it. We will henceforth refer to this group of verbs as agentive process verbs. In Eastern dialects,1 some agentive process verbs combine an absolutive subject with the auxiliary izan ‘be’ (Oyharçabal 1992; Aldai 2006; 2009; 2010; Berro 2010; 2012), thus resembling other ergative – non-active – languages like Warlpiri, Niuean and Samoan, where all intransitive verbs combine with an absolutive subject (Levin 1983; Massam 2009; Tollan 2018). Even if we do not believe that verb meaning by itself (in rough terms, agentive vs. patientive) is a totally reliable predictor of the syntactic behavior of verbs, it is important to pay attention to and account for those cases where semantic generalizations are clearly contravened, as occurs with the verbs under study. With the exception of Levin (1983), previous studies have assumed that the agentive process verbs that combine with an absolutive subject in Eastern dialects are unergative and have accounted independently for the absolutive marking. In fact, these verbs belong to semantic groups that are usually considered unergative (controlled and agentive processes), and include bazkaldu ‘have lunch’, solastatu ‘talk’, borrokatu ‘fight’ or jolastu ‘play’. Moreover, they behave syntactically like unergatives in their inability to undergo causativization (Oyharçabal 2003).",6.0,"With the exception of Levin (1983), previous studies have assumed that the agentive process verbs that combine with an absolutive subject in Eastern dialects are unergative and have accounted independently for the absolutive marking.",2.0,Levin (1983) does not assume that the agentive process verbs that combine with an absolutive subject in Eastern dialects of Basque are unergative.,TRUE,C,0.99,,L-Spec,0.01
glossa-5270-pineda,,"Basque is a morphologically ergative language in which intransitive verbs show two different morphological alignments: broadly speaking, agentive verbs usually occur with an ergative subject and the auxiliary edun ‘have’, whereas patientive verbs combine with an absolutive subject and the auxiliary izan ‘be’ (Levin 1983). Nevertheless, there exists some dialectal variation regarding the use of certain agentive verbs, specifically those that convey (non-static) processes, where the subject is interpreted as both the force initiating the process and the entity undergoing it. We will henceforth refer to this group of verbs as agentive process verbs. In Eastern dialects,1 some agentive process verbs combine an absolutive subject with the auxiliary izan ‘be’ (Oyharçabal 1992; Aldai 2006; 2009; 2010; Berro 2010; 2012), thus resembling other ergative – non-active – languages like Warlpiri, Niuean and Samoan, where all intransitive verbs combine with an absolutive subject (Levin 1983; Massam 2009; Tollan 2018). Even if we do not believe that verb meaning by itself (in rough terms, agentive vs. patientive) is a totally reliable predictor of the syntactic behavior of verbs, it is important to pay attention to and account for those cases where semantic generalizations are clearly contravened, as occurs with the verbs under study. With the exception of Levin (1983), previous studies have assumed that the agentive process verbs that combine with an absolutive subject in Eastern dialects are unergative and have accounted independently for the absolutive marking. In fact, these verbs belong to semantic groups that are usually considered unergative (controlled and agentive processes), and include bazkaldu ‘have lunch’, solastatu ‘talk’, borrokatu ‘fight’ or jolastu ‘play’. Moreover, they behave syntactically like unergatives in their inability to undergo causativization (Oyharçabal 2003).",6.0,"With the exception of Levin (1983), previous studies have assumed that the agentive process verbs that combine with an absolutive subject in Eastern dialects are unergative and have accounted independently for the absolutive marking.",3.0,The agentive process verbs that combine with an absolutive subject in Eastern dialects of Basque are unergative.,NEI,L-Spec,0.95,Basque,L-Theo,0.05
glossa-5270-pineda,,"Basque is a morphologically ergative language in which intransitive verbs show two different morphological alignments: broadly speaking, agentive verbs usually occur with an ergative subject and the auxiliary edun ‘have’, whereas patientive verbs combine with an absolutive subject and the auxiliary izan ‘be’ (Levin 1983). Nevertheless, there exists some dialectal variation regarding the use of certain agentive verbs, specifically those that convey (non-static) processes, where the subject is interpreted as both the force initiating the process and the entity undergoing it. We will henceforth refer to this group of verbs as agentive process verbs. In Eastern dialects,1 some agentive process verbs combine an absolutive subject with the auxiliary izan ‘be’ (Oyharçabal 1992; Aldai 2006; 2009; 2010; Berro 2010; 2012), thus resembling other ergative – non-active – languages like Warlpiri, Niuean and Samoan, where all intransitive verbs combine with an absolutive subject (Levin 1983; Massam 2009; Tollan 2018). Even if we do not believe that verb meaning by itself (in rough terms, agentive vs. patientive) is a totally reliable predictor of the syntactic behavior of verbs, it is important to pay attention to and account for those cases where semantic generalizations are clearly contravened, as occurs with the verbs under study. With the exception of Levin (1983), previous studies have assumed that the agentive process verbs that combine with an absolutive subject in Eastern dialects are unergative and have accounted independently for the absolutive marking. In fact, these verbs belong to semantic groups that are usually considered unergative (controlled and agentive processes), and include bazkaldu ‘have lunch’, solastatu ‘talk’, borrokatu ‘fight’ or jolastu ‘play’. Moreover, they behave syntactically like unergatives in their inability to undergo causativization (Oyharçabal 2003).",6.0,"With the exception of Levin (1983), previous studies have assumed that the agentive process verbs that combine with an absolutive subject in Eastern dialects are unergative and have accounted independently for the absolutive marking.",4.0,Previous studies have accounted independently for the absolutive marking of the agentive process verbs that combine with an absolutive subject in Eastern dialects of Basque. ,TRUE,C,0.99,,L-Spec,0.01
glossa-5270-pineda,,"Basque is a morphologically ergative language in which intransitive verbs show two different morphological alignments: broadly speaking, agentive verbs usually occur with an ergative subject and the auxiliary edun ‘have’, whereas patientive verbs combine with an absolutive subject and the auxiliary izan ‘be’ (Levin 1983). Nevertheless, there exists some dialectal variation regarding the use of certain agentive verbs, specifically those that convey (non-static) processes, where the subject is interpreted as both the force initiating the process and the entity undergoing it. We will henceforth refer to this group of verbs as agentive process verbs. In Eastern dialects,1 some agentive process verbs combine an absolutive subject with the auxiliary izan ‘be’ (Oyharçabal 1992; Aldai 2006; 2009; 2010; Berro 2010; 2012), thus resembling other ergative – non-active – languages like Warlpiri, Niuean and Samoan, where all intransitive verbs combine with an absolutive subject (Levin 1983; Massam 2009; Tollan 2018). Even if we do not believe that verb meaning by itself (in rough terms, agentive vs. patientive) is a totally reliable predictor of the syntactic behavior of verbs, it is important to pay attention to and account for those cases where semantic generalizations are clearly contravened, as occurs with the verbs under study. With the exception of Levin (1983), previous studies have assumed that the agentive process verbs that combine with an absolutive subject in Eastern dialects are unergative and have accounted independently for the absolutive marking. In fact, these verbs belong to semantic groups that are usually considered unergative (controlled and agentive processes), and include bazkaldu ‘have lunch’, solastatu ‘talk’, borrokatu ‘fight’ or jolastu ‘play’. Moreover, they behave syntactically like unergatives in their inability to undergo causativization (Oyharçabal 2003).",6.0,"With the exception of Levin (1983), previous studies have assumed that the agentive process verbs that combine with an absolutive subject in Eastern dialects are unergative and have accounted independently for the absolutive marking.",5.0,Levin (1983) have not accounted independently for the absolutive marking of the agentive process verbs that combine with an absolutive subject in Eastern dialects of Basque.,TRUE,C,0.99,,L-Spec,0.01
glossa-5270-pineda,,"Basque is a morphologically ergative language in which intransitive verbs show two different morphological alignments: broadly speaking, agentive verbs usually occur with an ergative subject and the auxiliary edun ‘have’, whereas patientive verbs combine with an absolutive subject and the auxiliary izan ‘be’ (Levin 1983). Nevertheless, there exists some dialectal variation regarding the use of certain agentive verbs, specifically those that convey (non-static) processes, where the subject is interpreted as both the force initiating the process and the entity undergoing it. We will henceforth refer to this group of verbs as agentive process verbs. In Eastern dialects,1 some agentive process verbs combine an absolutive subject with the auxiliary izan ‘be’ (Oyharçabal 1992; Aldai 2006; 2009; 2010; Berro 2010; 2012), thus resembling other ergative – non-active – languages like Warlpiri, Niuean and Samoan, where all intransitive verbs combine with an absolutive subject (Levin 1983; Massam 2009; Tollan 2018). Even if we do not believe that verb meaning by itself (in rough terms, agentive vs. patientive) is a totally reliable predictor of the syntactic behavior of verbs, it is important to pay attention to and account for those cases where semantic generalizations are clearly contravened, as occurs with the verbs under study. With the exception of Levin (1983), previous studies have assumed that the agentive process verbs that combine with an absolutive subject in Eastern dialects are unergative and have accounted independently for the absolutive marking. In fact, these verbs belong to semantic groups that are usually considered unergative (controlled and agentive processes), and include bazkaldu ‘have lunch’, solastatu ‘talk’, borrokatu ‘fight’ or jolastu ‘play’. Moreover, they behave syntactically like unergatives in their inability to undergo causativization (Oyharçabal 2003).",7.0,"In fact, these verbs belong to semantic groups that are usually considered unergative (controlled and agentive processes), and include bazkaldu ‘have lunch’, solastatu ‘talk’, borrokatu ‘fight’ or jolastu ‘play’.",1.0,"Agentive process verbs belong to semantic groups that are usually considered unergative, such as controlled and agentive processes.",TRUE,L-Theo,0.95,,L-Typo,0.05
glossa-5270-pineda,,"Basque is a morphologically ergative language in which intransitive verbs show two different morphological alignments: broadly speaking, agentive verbs usually occur with an ergative subject and the auxiliary edun ‘have’, whereas patientive verbs combine with an absolutive subject and the auxiliary izan ‘be’ (Levin 1983). Nevertheless, there exists some dialectal variation regarding the use of certain agentive verbs, specifically those that convey (non-static) processes, where the subject is interpreted as both the force initiating the process and the entity undergoing it. We will henceforth refer to this group of verbs as agentive process verbs. In Eastern dialects,1 some agentive process verbs combine an absolutive subject with the auxiliary izan ‘be’ (Oyharçabal 1992; Aldai 2006; 2009; 2010; Berro 2010; 2012), thus resembling other ergative – non-active – languages like Warlpiri, Niuean and Samoan, where all intransitive verbs combine with an absolutive subject (Levin 1983; Massam 2009; Tollan 2018). Even if we do not believe that verb meaning by itself (in rough terms, agentive vs. patientive) is a totally reliable predictor of the syntactic behavior of verbs, it is important to pay attention to and account for those cases where semantic generalizations are clearly contravened, as occurs with the verbs under study. With the exception of Levin (1983), previous studies have assumed that the agentive process verbs that combine with an absolutive subject in Eastern dialects are unergative and have accounted independently for the absolutive marking. In fact, these verbs belong to semantic groups that are usually considered unergative (controlled and agentive processes), and include bazkaldu ‘have lunch’, solastatu ‘talk’, borrokatu ‘fight’ or jolastu ‘play’. Moreover, they behave syntactically like unergatives in their inability to undergo causativization (Oyharçabal 2003).",7.0,"In fact, these verbs belong to semantic groups that are usually considered unergative (controlled and agentive processes), and include bazkaldu ‘have lunch’, solastatu ‘talk’, borrokatu ‘fight’ or jolastu ‘play’.",2.0,"Examples of agentive process verbs include bazkaldu, solastatu, borrokatu, and jolastu.",TRUE,L-Spec,0.99,Basque,S,0.01
glossa-5270-pineda,,"Basque is a morphologically ergative language in which intransitive verbs show two different morphological alignments: broadly speaking, agentive verbs usually occur with an ergative subject and the auxiliary edun ‘have’, whereas patientive verbs combine with an absolutive subject and the auxiliary izan ‘be’ (Levin 1983). Nevertheless, there exists some dialectal variation regarding the use of certain agentive verbs, specifically those that convey (non-static) processes, where the subject is interpreted as both the force initiating the process and the entity undergoing it. We will henceforth refer to this group of verbs as agentive process verbs. In Eastern dialects,1 some agentive process verbs combine an absolutive subject with the auxiliary izan ‘be’ (Oyharçabal 1992; Aldai 2006; 2009; 2010; Berro 2010; 2012), thus resembling other ergative – non-active – languages like Warlpiri, Niuean and Samoan, where all intransitive verbs combine with an absolutive subject (Levin 1983; Massam 2009; Tollan 2018). Even if we do not believe that verb meaning by itself (in rough terms, agentive vs. patientive) is a totally reliable predictor of the syntactic behavior of verbs, it is important to pay attention to and account for those cases where semantic generalizations are clearly contravened, as occurs with the verbs under study. With the exception of Levin (1983), previous studies have assumed that the agentive process verbs that combine with an absolutive subject in Eastern dialects are unergative and have accounted independently for the absolutive marking. In fact, these verbs belong to semantic groups that are usually considered unergative (controlled and agentive processes), and include bazkaldu ‘have lunch’, solastatu ‘talk’, borrokatu ‘fight’ or jolastu ‘play’. Moreover, they behave syntactically like unergatives in their inability to undergo causativization (Oyharçabal 2003).",8.0,"Moreover, they behave syntactically like unergatives in their inability to undergo causativization (Oyharçabal 2003).",1.0,Agentive process verbs behave syntactically like unergatives in their inability to undergo causativization (Oyharçabal 2003).,TRUE,C,0.99,,L-Spec,0.01
glossa-5270-pineda,,"Basque is a morphologically ergative language in which intransitive verbs show two different morphological alignments: broadly speaking, agentive verbs usually occur with an ergative subject and the auxiliary edun ‘have’, whereas patientive verbs combine with an absolutive subject and the auxiliary izan ‘be’ (Levin 1983). Nevertheless, there exists some dialectal variation regarding the use of certain agentive verbs, specifically those that convey (non-static) processes, where the subject is interpreted as both the force initiating the process and the entity undergoing it. We will henceforth refer to this group of verbs as agentive process verbs. In Eastern dialects,1 some agentive process verbs combine an absolutive subject with the auxiliary izan ‘be’ (Oyharçabal 1992; Aldai 2006; 2009; 2010; Berro 2010; 2012), thus resembling other ergative – non-active – languages like Warlpiri, Niuean and Samoan, where all intransitive verbs combine with an absolutive subject (Levin 1983; Massam 2009; Tollan 2018). Even if we do not believe that verb meaning by itself (in rough terms, agentive vs. patientive) is a totally reliable predictor of the syntactic behavior of verbs, it is important to pay attention to and account for those cases where semantic generalizations are clearly contravened, as occurs with the verbs under study. With the exception of Levin (1983), previous studies have assumed that the agentive process verbs that combine with an absolutive subject in Eastern dialects are unergative and have accounted independently for the absolutive marking. In fact, these verbs belong to semantic groups that are usually considered unergative (controlled and agentive processes), and include bazkaldu ‘have lunch’, solastatu ‘talk’, borrokatu ‘fight’ or jolastu ‘play’. Moreover, they behave syntactically like unergatives in their inability to undergo causativization (Oyharçabal 2003).",8.0,"Moreover, they behave syntactically like unergatives in their inability to undergo causativization (Oyharçabal 2003).",2.0,Agentive process verbs behave syntactically like unergatives in their inability to undergo causativization.,TRUE,L-Spec,0.95,Basque,L-Theo,0.05
glossa-10899-aremu,Title and Abstract,Prosodically determined coordinator placement in Yorùbá,1.0,Prosodically determined coordinator placement in Yorùbá,1.0,Coordinator placement in Yorùbá is prosodically determined.,TRUE,L-Spec,0.95,Yorùbá,L-Theo,0.05
glossa-10899-aremu,Title and Abstract,"In this paper, we look at the properties of the clausal coordinator sì in Yorùbá. We will show that despite its unusual surface position in the middle field of the second conjunct, the element should still be treated as a proper coordinator and not, as sometimes claimed, as an adverb. We then go on to fully describe the distribution of sì in simple clauses as well as in complex constructions involving focus movement, adverbial or relative clauses. Based on these configurations, we argue that a search for a uniform syntactic position of sì is bound to be unsuccessful. Rather, we claim that the uniform underlying factor in all of these constructions is that sì always right-attaches to the first phonological phrase of the second conjunct clause irrespective of syntactic constituents or islands. We provide evidence for this claim from various phonological processes such as (i) phonological fusion, (ii) the association of floating tones, (iii) assimilation, (iv) tonal OCP-effects, and (v) allomorphy. The present study thus not only solves a curious language-specific puzzle in Yorùbá but also provides a convincing case of prosodically driven clitic displacement to a position after the first phonological/prosodic phrase. In doing so, it falls nicely into emerging typologies of clitic placement patterns in the world’s languages.",1.0,"In this paper, we look at the properties of the clausal coordinator sì in Yorùbá.",1.0,Sì is a clausal coordinator in Yorùbá.,TRUE,L-Spec,0.99,Yorùbá,S,0.01
glossa-10899-aremu,Title and Abstract,"In this paper, we look at the properties of the clausal coordinator sì in Yorùbá. We will show that despite its unusual surface position in the middle field of the second conjunct, the element should still be treated as a proper coordinator and not, as sometimes claimed, as an adverb. We then go on to fully describe the distribution of sì in simple clauses as well as in complex constructions involving focus movement, adverbial or relative clauses. Based on these configurations, we argue that a search for a uniform syntactic position of sì is bound to be unsuccessful. Rather, we claim that the uniform underlying factor in all of these constructions is that sì always right-attaches to the first phonological phrase of the second conjunct clause irrespective of syntactic constituents or islands. We provide evidence for this claim from various phonological processes such as (i) phonological fusion, (ii) the association of floating tones, (iii) assimilation, (iv) tonal OCP-effects, and (v) allomorphy. The present study thus not only solves a curious language-specific puzzle in Yorùbá but also provides a convincing case of prosodically driven clitic displacement to a position after the first phonological/prosodic phrase. In doing so, it falls nicely into emerging typologies of clitic placement patterns in the world’s languages.",2.0,"We will show that despite its unusual surface position in the middle field of the second conjunct, the element should still be treated as a proper coordinator and not, as sometimes claimed, as an adverb.",1.0,The clausal coordinator sì in Yorùbá has an unusual surface position in the middle field of the second conjunct.,TRUE,L-Spec,0.95,Yorùbá,L-Theo,0.05
glossa-10899-aremu,Title and Abstract,"In this paper, we look at the properties of the clausal coordinator sì in Yorùbá. We will show that despite its unusual surface position in the middle field of the second conjunct, the element should still be treated as a proper coordinator and not, as sometimes claimed, as an adverb. We then go on to fully describe the distribution of sì in simple clauses as well as in complex constructions involving focus movement, adverbial or relative clauses. Based on these configurations, we argue that a search for a uniform syntactic position of sì is bound to be unsuccessful. Rather, we claim that the uniform underlying factor in all of these constructions is that sì always right-attaches to the first phonological phrase of the second conjunct clause irrespective of syntactic constituents or islands. We provide evidence for this claim from various phonological processes such as (i) phonological fusion, (ii) the association of floating tones, (iii) assimilation, (iv) tonal OCP-effects, and (v) allomorphy. The present study thus not only solves a curious language-specific puzzle in Yorùbá but also provides a convincing case of prosodically driven clitic displacement to a position after the first phonological/prosodic phrase. In doing so, it falls nicely into emerging typologies of clitic placement patterns in the world’s languages.",2.0,"We will show that despite its unusual surface position in the middle field of the second conjunct, the element should still be treated as a proper coordinator and not, as sometimes claimed, as an adverb.",2.0,The clausal coordinator sì in Yorùbá is a proper coordinator.,TRUE,L-Spec,0.9,Yorùbá,L-Theo,0.1
glossa-10899-aremu,Title and Abstract,"In this paper, we look at the properties of the clausal coordinator sì in Yorùbá. We will show that despite its unusual surface position in the middle field of the second conjunct, the element should still be treated as a proper coordinator and not, as sometimes claimed, as an adverb. We then go on to fully describe the distribution of sì in simple clauses as well as in complex constructions involving focus movement, adverbial or relative clauses. Based on these configurations, we argue that a search for a uniform syntactic position of sì is bound to be unsuccessful. Rather, we claim that the uniform underlying factor in all of these constructions is that sì always right-attaches to the first phonological phrase of the second conjunct clause irrespective of syntactic constituents or islands. We provide evidence for this claim from various phonological processes such as (i) phonological fusion, (ii) the association of floating tones, (iii) assimilation, (iv) tonal OCP-effects, and (v) allomorphy. The present study thus not only solves a curious language-specific puzzle in Yorùbá but also provides a convincing case of prosodically driven clitic displacement to a position after the first phonological/prosodic phrase. In doing so, it falls nicely into emerging typologies of clitic placement patterns in the world’s languages.",2.0,"We will show that despite its unusual surface position in the middle field of the second conjunct, the element should still be treated as a proper coordinator and not, as sometimes claimed, as an adverb.",3.0,Some sources claim that the clausal coordinator sì in Yorùbá is an adverb.,TRUE,C,0.99,,L-Spec,0.01
glossa-10899-aremu,Title and Abstract,"In this paper, we look at the properties of the clausal coordinator sì in Yorùbá. We will show that despite its unusual surface position in the middle field of the second conjunct, the element should still be treated as a proper coordinator and not, as sometimes claimed, as an adverb. We then go on to fully describe the distribution of sì in simple clauses as well as in complex constructions involving focus movement, adverbial or relative clauses. Based on these configurations, we argue that a search for a uniform syntactic position of sì is bound to be unsuccessful. Rather, we claim that the uniform underlying factor in all of these constructions is that sì always right-attaches to the first phonological phrase of the second conjunct clause irrespective of syntactic constituents or islands. We provide evidence for this claim from various phonological processes such as (i) phonological fusion, (ii) the association of floating tones, (iii) assimilation, (iv) tonal OCP-effects, and (v) allomorphy. The present study thus not only solves a curious language-specific puzzle in Yorùbá but also provides a convincing case of prosodically driven clitic displacement to a position after the first phonological/prosodic phrase. In doing so, it falls nicely into emerging typologies of clitic placement patterns in the world’s languages.",2.0,"We will show that despite its unusual surface position in the middle field of the second conjunct, the element should still be treated as a proper coordinator and not, as sometimes claimed, as an adverb.",4.0,The clausal coordinator sì in Yorùbá is not an adverb.,TRUE,L-Spec,0.95,Yorùbá,L-Theo,0.05
glossa-10899-aremu,Title and Abstract,"In this paper, we look at the properties of the clausal coordinator sì in Yorùbá. We will show that despite its unusual surface position in the middle field of the second conjunct, the element should still be treated as a proper coordinator and not, as sometimes claimed, as an adverb. We then go on to fully describe the distribution of sì in simple clauses as well as in complex constructions involving focus movement, adverbial or relative clauses. Based on these configurations, we argue that a search for a uniform syntactic position of sì is bound to be unsuccessful. Rather, we claim that the uniform underlying factor in all of these constructions is that sì always right-attaches to the first phonological phrase of the second conjunct clause irrespective of syntactic constituents or islands. We provide evidence for this claim from various phonological processes such as (i) phonological fusion, (ii) the association of floating tones, (iii) assimilation, (iv) tonal OCP-effects, and (v) allomorphy. The present study thus not only solves a curious language-specific puzzle in Yorùbá but also provides a convincing case of prosodically driven clitic displacement to a position after the first phonological/prosodic phrase. In doing so, it falls nicely into emerging typologies of clitic placement patterns in the world’s languages.",3.0,"We then go on to fully describe the distribution of sì in simple clauses as well as in complex constructions involving focus movement, adverbial or relative clauses.",1.0,"Sì is used in simple clauses as well as in complex constructions involving focus movement, adverbial or relative clauses.",TRUE,L-Spec,0.99,Yorùbá,S,0.01
glossa-10899-aremu,Title and Abstract,"In this paper, we look at the properties of the clausal coordinator sì in Yorùbá. We will show that despite its unusual surface position in the middle field of the second conjunct, the element should still be treated as a proper coordinator and not, as sometimes claimed, as an adverb. We then go on to fully describe the distribution of sì in simple clauses as well as in complex constructions involving focus movement, adverbial or relative clauses. Based on these configurations, we argue that a search for a uniform syntactic position of sì is bound to be unsuccessful. Rather, we claim that the uniform underlying factor in all of these constructions is that sì always right-attaches to the first phonological phrase of the second conjunct clause irrespective of syntactic constituents or islands. We provide evidence for this claim from various phonological processes such as (i) phonological fusion, (ii) the association of floating tones, (iii) assimilation, (iv) tonal OCP-effects, and (v) allomorphy. The present study thus not only solves a curious language-specific puzzle in Yorùbá but also provides a convincing case of prosodically driven clitic displacement to a position after the first phonological/prosodic phrase. In doing so, it falls nicely into emerging typologies of clitic placement patterns in the world’s languages.",4.0,"Based on these configurations, we argue that a search for a uniform syntactic position of sì is bound to be unsuccessful.",1.0,"Based on simple clauses and complex constructions involving focus movement, adverbial clauses, or relative clauses, a search for a uniform syntactic position of the clausal coordinator sì in Yorùbá is unsuccessful.",TRUE,L-Spec,0.95,Yorùbá,S,0.05
glossa-10899-aremu,Title and Abstract,"In this paper, we look at the properties of the clausal coordinator sì in Yorùbá. We will show that despite its unusual surface position in the middle field of the second conjunct, the element should still be treated as a proper coordinator and not, as sometimes claimed, as an adverb. We then go on to fully describe the distribution of sì in simple clauses as well as in complex constructions involving focus movement, adverbial or relative clauses. Based on these configurations, we argue that a search for a uniform syntactic position of sì is bound to be unsuccessful. Rather, we claim that the uniform underlying factor in all of these constructions is that sì always right-attaches to the first phonological phrase of the second conjunct clause irrespective of syntactic constituents or islands. We provide evidence for this claim from various phonological processes such as (i) phonological fusion, (ii) the association of floating tones, (iii) assimilation, (iv) tonal OCP-effects, and (v) allomorphy. The present study thus not only solves a curious language-specific puzzle in Yorùbá but also provides a convincing case of prosodically driven clitic displacement to a position after the first phonological/prosodic phrase. In doing so, it falls nicely into emerging typologies of clitic placement patterns in the world’s languages.",5.0,"Rather, we claim that the uniform underlying factor in all of these constructions is that sì always right-attaches to the first phonological phrase of the second conjunct clause irrespective of syntactic constituents or islands.",1.0,The uniform underlying factor in simple clauses and complex constructions involving focus movement is that the clausal coordinator sì in Yorùbá always right-attaches to the first phonological phrase of the second conjunct clause irrespective of syntactic constituents or islands. ,TRUE,L-Spec,0.95,Yorùbá,L-Theo,0.05
glossa-10899-aremu,Title and Abstract,"In this paper, we look at the properties of the clausal coordinator sì in Yorùbá. We will show that despite its unusual surface position in the middle field of the second conjunct, the element should still be treated as a proper coordinator and not, as sometimes claimed, as an adverb. We then go on to fully describe the distribution of sì in simple clauses as well as in complex constructions involving focus movement, adverbial or relative clauses. Based on these configurations, we argue that a search for a uniform syntactic position of sì is bound to be unsuccessful. Rather, we claim that the uniform underlying factor in all of these constructions is that sì always right-attaches to the first phonological phrase of the second conjunct clause irrespective of syntactic constituents or islands. We provide evidence for this claim from various phonological processes such as (i) phonological fusion, (ii) the association of floating tones, (iii) assimilation, (iv) tonal OCP-effects, and (v) allomorphy. The present study thus not only solves a curious language-specific puzzle in Yorùbá but also provides a convincing case of prosodically driven clitic displacement to a position after the first phonological/prosodic phrase. In doing so, it falls nicely into emerging typologies of clitic placement patterns in the world’s languages.",5.0,"Rather, we claim that the uniform underlying factor in all of these constructions is that sì always right-attaches to the first phonological phrase of the second conjunct clause irrespective of syntactic constituents or islands.",2.0,The uniform underlying factor in simple clauses and complex constructions involving adverbial clauses is that the clausal coordinator sì in Yorùbá always right-attaches to the first phonological phrase of the second conjunct clause irrespective of syntactic constituents or islands. ,TRUE,L-Spec,0.95,Yorùbá,L-Theo,0.05
glossa-10899-aremu,Title and Abstract,"In this paper, we look at the properties of the clausal coordinator sì in Yorùbá. We will show that despite its unusual surface position in the middle field of the second conjunct, the element should still be treated as a proper coordinator and not, as sometimes claimed, as an adverb. We then go on to fully describe the distribution of sì in simple clauses as well as in complex constructions involving focus movement, adverbial or relative clauses. Based on these configurations, we argue that a search for a uniform syntactic position of sì is bound to be unsuccessful. Rather, we claim that the uniform underlying factor in all of these constructions is that sì always right-attaches to the first phonological phrase of the second conjunct clause irrespective of syntactic constituents or islands. We provide evidence for this claim from various phonological processes such as (i) phonological fusion, (ii) the association of floating tones, (iii) assimilation, (iv) tonal OCP-effects, and (v) allomorphy. The present study thus not only solves a curious language-specific puzzle in Yorùbá but also provides a convincing case of prosodically driven clitic displacement to a position after the first phonological/prosodic phrase. In doing so, it falls nicely into emerging typologies of clitic placement patterns in the world’s languages.",5.0,"Rather, we claim that the uniform underlying factor in all of these constructions is that sì always right-attaches to the first phonological phrase of the second conjunct clause irrespective of syntactic constituents or islands.",3.0,The uniform underlying factor in simple clauses and complex constructions involving relative clauses is that the clausal coordinator sì in Yorùbá always right-attaches to the first phonological phrase of the second conjunct clause irrespective of syntactic constituents or islands.,TRUE,L-Spec,0.95,Yorùbá,L-Theo,0.05
glossa-10899-aremu,Title and Abstract,"In this paper, we look at the properties of the clausal coordinator sì in Yorùbá. We will show that despite its unusual surface position in the middle field of the second conjunct, the element should still be treated as a proper coordinator and not, as sometimes claimed, as an adverb. We then go on to fully describe the distribution of sì in simple clauses as well as in complex constructions involving focus movement, adverbial or relative clauses. Based on these configurations, we argue that a search for a uniform syntactic position of sì is bound to be unsuccessful. Rather, we claim that the uniform underlying factor in all of these constructions is that sì always right-attaches to the first phonological phrase of the second conjunct clause irrespective of syntactic constituents or islands. We provide evidence for this claim from various phonological processes such as (i) phonological fusion, (ii) the association of floating tones, (iii) assimilation, (iv) tonal OCP-effects, and (v) allomorphy. The present study thus not only solves a curious language-specific puzzle in Yorùbá but also provides a convincing case of prosodically driven clitic displacement to a position after the first phonological/prosodic phrase. In doing so, it falls nicely into emerging typologies of clitic placement patterns in the world’s languages.",6.0,"We provide evidence for this claim from various phonological processes such as (i) phonological fusion, (ii) the association of floating tones, (iii) assimilation, (iv) tonal OCP-effects, and (v) allomorphy.",1.0,Various phonological processes provide evidence that the clausal coordinator sì in Yorùbá always right-attaches to the first phonological phrase of the second conjunct clause irrespective of syntactic constituents or islands. ,TRUE,L-Spec,0.95,Yorùbá,S,0.05
glossa-10899-aremu,Title and Abstract,"In this paper, we look at the properties of the clausal coordinator sì in Yorùbá. We will show that despite its unusual surface position in the middle field of the second conjunct, the element should still be treated as a proper coordinator and not, as sometimes claimed, as an adverb. We then go on to fully describe the distribution of sì in simple clauses as well as in complex constructions involving focus movement, adverbial or relative clauses. Based on these configurations, we argue that a search for a uniform syntactic position of sì is bound to be unsuccessful. Rather, we claim that the uniform underlying factor in all of these constructions is that sì always right-attaches to the first phonological phrase of the second conjunct clause irrespective of syntactic constituents or islands. We provide evidence for this claim from various phonological processes such as (i) phonological fusion, (ii) the association of floating tones, (iii) assimilation, (iv) tonal OCP-effects, and (v) allomorphy. The present study thus not only solves a curious language-specific puzzle in Yorùbá but also provides a convincing case of prosodically driven clitic displacement to a position after the first phonological/prosodic phrase. In doing so, it falls nicely into emerging typologies of clitic placement patterns in the world’s languages.",6.0,"We provide evidence for this claim from various phonological processes such as (i) phonological fusion, (ii) the association of floating tones, (iii) assimilation, (iv) tonal OCP-effects, and (v) allomorphy.",2.0,Phonological fusion is a phonological process. ,TRUE,L-Theo,0.95,,L-Spec,0.05
glossa-10899-aremu,Title and Abstract,"In this paper, we look at the properties of the clausal coordinator sì in Yorùbá. We will show that despite its unusual surface position in the middle field of the second conjunct, the element should still be treated as a proper coordinator and not, as sometimes claimed, as an adverb. We then go on to fully describe the distribution of sì in simple clauses as well as in complex constructions involving focus movement, adverbial or relative clauses. Based on these configurations, we argue that a search for a uniform syntactic position of sì is bound to be unsuccessful. Rather, we claim that the uniform underlying factor in all of these constructions is that sì always right-attaches to the first phonological phrase of the second conjunct clause irrespective of syntactic constituents or islands. We provide evidence for this claim from various phonological processes such as (i) phonological fusion, (ii) the association of floating tones, (iii) assimilation, (iv) tonal OCP-effects, and (v) allomorphy. The present study thus not only solves a curious language-specific puzzle in Yorùbá but also provides a convincing case of prosodically driven clitic displacement to a position after the first phonological/prosodic phrase. In doing so, it falls nicely into emerging typologies of clitic placement patterns in the world’s languages.",6.0,"We provide evidence for this claim from various phonological processes such as (i) phonological fusion, (ii) the association of floating tones, (iii) assimilation, (iv) tonal OCP-effects, and (v) allomorphy.",3.0,The association of floating tones is a phonological process.,TRUE,L-Theo,0.95,,L-Spec,0.05
glossa-10899-aremu,Title and Abstract,"In this paper, we look at the properties of the clausal coordinator sì in Yorùbá. We will show that despite its unusual surface position in the middle field of the second conjunct, the element should still be treated as a proper coordinator and not, as sometimes claimed, as an adverb. We then go on to fully describe the distribution of sì in simple clauses as well as in complex constructions involving focus movement, adverbial or relative clauses. Based on these configurations, we argue that a search for a uniform syntactic position of sì is bound to be unsuccessful. Rather, we claim that the uniform underlying factor in all of these constructions is that sì always right-attaches to the first phonological phrase of the second conjunct clause irrespective of syntactic constituents or islands. We provide evidence for this claim from various phonological processes such as (i) phonological fusion, (ii) the association of floating tones, (iii) assimilation, (iv) tonal OCP-effects, and (v) allomorphy. The present study thus not only solves a curious language-specific puzzle in Yorùbá but also provides a convincing case of prosodically driven clitic displacement to a position after the first phonological/prosodic phrase. In doing so, it falls nicely into emerging typologies of clitic placement patterns in the world’s languages.",6.0,"We provide evidence for this claim from various phonological processes such as (i) phonological fusion, (ii) the association of floating tones, (iii) assimilation, (iv) tonal OCP-effects, and (v) allomorphy.",4.0,Assimilation  is a phonological process. ,TRUE,L-Theo,0.95,,L-Spec,0.05
glossa-10899-aremu,Title and Abstract,"In this paper, we look at the properties of the clausal coordinator sì in Yorùbá. We will show that despite its unusual surface position in the middle field of the second conjunct, the element should still be treated as a proper coordinator and not, as sometimes claimed, as an adverb. We then go on to fully describe the distribution of sì in simple clauses as well as in complex constructions involving focus movement, adverbial or relative clauses. Based on these configurations, we argue that a search for a uniform syntactic position of sì is bound to be unsuccessful. Rather, we claim that the uniform underlying factor in all of these constructions is that sì always right-attaches to the first phonological phrase of the second conjunct clause irrespective of syntactic constituents or islands. We provide evidence for this claim from various phonological processes such as (i) phonological fusion, (ii) the association of floating tones, (iii) assimilation, (iv) tonal OCP-effects, and (v) allomorphy. The present study thus not only solves a curious language-specific puzzle in Yorùbá but also provides a convincing case of prosodically driven clitic displacement to a position after the first phonological/prosodic phrase. In doing so, it falls nicely into emerging typologies of clitic placement patterns in the world’s languages.",6.0,"We provide evidence for this claim from various phonological processes such as (i) phonological fusion, (ii) the association of floating tones, (iii) assimilation, (iv) tonal OCP-effects, and (v) allomorphy.",5.0,Tonal Obligatory Contour Principle (OCP)-effects  is a phonological process. ,TRUE,L-Theo,0.95,,L-Spec,0.05
glossa-10899-aremu,Title and Abstract,"In this paper, we look at the properties of the clausal coordinator sì in Yorùbá. We will show that despite its unusual surface position in the middle field of the second conjunct, the element should still be treated as a proper coordinator and not, as sometimes claimed, as an adverb. We then go on to fully describe the distribution of sì in simple clauses as well as in complex constructions involving focus movement, adverbial or relative clauses. Based on these configurations, we argue that a search for a uniform syntactic position of sì is bound to be unsuccessful. Rather, we claim that the uniform underlying factor in all of these constructions is that sì always right-attaches to the first phonological phrase of the second conjunct clause irrespective of syntactic constituents or islands. We provide evidence for this claim from various phonological processes such as (i) phonological fusion, (ii) the association of floating tones, (iii) assimilation, (iv) tonal OCP-effects, and (v) allomorphy. The present study thus not only solves a curious language-specific puzzle in Yorùbá but also provides a convincing case of prosodically driven clitic displacement to a position after the first phonological/prosodic phrase. In doing so, it falls nicely into emerging typologies of clitic placement patterns in the world’s languages.",6.0,"We provide evidence for this claim from various phonological processes such as (i) phonological fusion, (ii) the association of floating tones, (iii) assimilation, (iv) tonal OCP-effects, and (v) allomorphy.",6.0,Allomorphy  is a phonological process.,TRUE,L-Theo,0.95,,L-Spec,0.05
glossa-10899-aremu,Title and Abstract,"In this paper, we look at the properties of the clausal coordinator sì in Yorùbá. We will show that despite its unusual surface position in the middle field of the second conjunct, the element should still be treated as a proper coordinator and not, as sometimes claimed, as an adverb. We then go on to fully describe the distribution of sì in simple clauses as well as in complex constructions involving focus movement, adverbial or relative clauses. Based on these configurations, we argue that a search for a uniform syntactic position of sì is bound to be unsuccessful. Rather, we claim that the uniform underlying factor in all of these constructions is that sì always right-attaches to the first phonological phrase of the second conjunct clause irrespective of syntactic constituents or islands. We provide evidence for this claim from various phonological processes such as (i) phonological fusion, (ii) the association of floating tones, (iii) assimilation, (iv) tonal OCP-effects, and (v) allomorphy. The present study thus not only solves a curious language-specific puzzle in Yorùbá but also provides a convincing case of prosodically driven clitic displacement to a position after the first phonological/prosodic phrase. In doing so, it falls nicely into emerging typologies of clitic placement patterns in the world’s languages.",7.0,The present study thus not only solves a curious language-specific puzzle in Yorùbá but also provides a convincing case of prosodically driven clitic displacement to a position after the first phonological/prosodic phrase.,1.0,A curious language-specific puzzle in Yorùbá is solved.,TRUE,S,0.9,,L-Spec,0.1
glossa-10899-aremu,Title and Abstract,"In this paper, we look at the properties of the clausal coordinator sì in Yorùbá. We will show that despite its unusual surface position in the middle field of the second conjunct, the element should still be treated as a proper coordinator and not, as sometimes claimed, as an adverb. We then go on to fully describe the distribution of sì in simple clauses as well as in complex constructions involving focus movement, adverbial or relative clauses. Based on these configurations, we argue that a search for a uniform syntactic position of sì is bound to be unsuccessful. Rather, we claim that the uniform underlying factor in all of these constructions is that sì always right-attaches to the first phonological phrase of the second conjunct clause irrespective of syntactic constituents or islands. We provide evidence for this claim from various phonological processes such as (i) phonological fusion, (ii) the association of floating tones, (iii) assimilation, (iv) tonal OCP-effects, and (v) allomorphy. The present study thus not only solves a curious language-specific puzzle in Yorùbá but also provides a convincing case of prosodically driven clitic displacement to a position after the first phonological/prosodic phrase. In doing so, it falls nicely into emerging typologies of clitic placement patterns in the world’s languages.",7.0,The present study thus not only solves a curious language-specific puzzle in Yorùbá but also provides a convincing case of prosodically driven clitic displacement to a position after the first phonological/prosodic phrase.,2.0,Yorùbá is a convincing case of prosodically driven clitic displacement to a position after the first phonological/prosodic phrase .,TRUE,L-Spec,0.95,Yorùbá,L-Typo,0.05
glossa-10899-aremu,Title and Abstract,"In this paper, we look at the properties of the clausal coordinator sì in Yorùbá. We will show that despite its unusual surface position in the middle field of the second conjunct, the element should still be treated as a proper coordinator and not, as sometimes claimed, as an adverb. We then go on to fully describe the distribution of sì in simple clauses as well as in complex constructions involving focus movement, adverbial or relative clauses. Based on these configurations, we argue that a search for a uniform syntactic position of sì is bound to be unsuccessful. Rather, we claim that the uniform underlying factor in all of these constructions is that sì always right-attaches to the first phonological phrase of the second conjunct clause irrespective of syntactic constituents or islands. We provide evidence for this claim from various phonological processes such as (i) phonological fusion, (ii) the association of floating tones, (iii) assimilation, (iv) tonal OCP-effects, and (v) allomorphy. The present study thus not only solves a curious language-specific puzzle in Yorùbá but also provides a convincing case of prosodically driven clitic displacement to a position after the first phonological/prosodic phrase. In doing so, it falls nicely into emerging typologies of clitic placement patterns in the world’s languages.",8.0,"In doing so, it falls nicely into emerging typologies of clitic placement patterns in the world’s languages.",1.0,Prosodically driven clitic displacement falls into emerging typologies of clitic placement patterns in the world’s languages.,TRUE,L-Typo,0.95,,L-Theo,0.05
glossa-5462-julien,Title and Abstract,"North Sámi has a class of derived verbs called sensive verbs. Descriptively, these verbs are formed by adding the suffix /ʃ/ to an adjectival or nominal base, and the resulting verb means ‘find [object] (too) ADJECTIVE/NOUN’. In this paper it is argued that the sensive verbs do not involve any psychological verb, and the suffix is not specified as “sensive” in the lexicon. Rather, the suffix is specified as a realisation of a stative verbaliser in a transitive structure. The interpretation of the verb and the experiencer role of the subject follow from this specification in combination with the syntax of the verb phrase as a whole, which has a stative verbaliser and a Voice head on top of a minimal aP or nP. Other vocabulary items that could spell out the stative verbaliser are prevented from appearing in the sensive verb phrase, since the conditions for inserting them are not met. The consequence is that the suffix /ʃ/ is restricted to sensive verbs.",1.0,North Sámi has a class of derived verbs called sensive verbs.,1.0,"In North Sámi, there is a class of derived verbs called sensive verbs.",TRUE,L-Spec,0.95,North Sámi,L-Typo,0.05
glossa-5462-julien,Title and Abstract,"North Sámi has a class of derived verbs called sensive verbs. Descriptively, these verbs are formed by adding the suffix /ʃ/ to an adjectival or nominal base, and the resulting verb means ‘find [object] (too) ADJECTIVE/NOUN’. In this paper it is argued that the sensive verbs do not involve any psychological verb, and the suffix is not specified as “sensive” in the lexicon. Rather, the suffix is specified as a realisation of a stative verbaliser in a transitive structure. The interpretation of the verb and the experiencer role of the subject follow from this specification in combination with the syntax of the verb phrase as a whole, which has a stative verbaliser and a Voice head on top of a minimal aP or nP. Other vocabulary items that could spell out the stative verbaliser are prevented from appearing in the sensive verb phrase, since the conditions for inserting them are not met. The consequence is that the suffix /ʃ/ is restricted to sensive verbs.",2.0,"Descriptively, these verbs are formed by adding the suffix /ʃ/ to an adjectival or nominal base, and the resulting verb means ‘find [object] (too) ADJECTIVE/NOUN’.",1.0,"Descriptively, in North Sámi, sensive verbs are formed by adding the suffix /ʃ/ to an adjectival or nominal base.",TRUE,L-Spec,0.95,North Sámi,S,0.05
glossa-5462-julien,Title and Abstract,"North Sámi has a class of derived verbs called sensive verbs. Descriptively, these verbs are formed by adding the suffix /ʃ/ to an adjectival or nominal base, and the resulting verb means ‘find [object] (too) ADJECTIVE/NOUN’. In this paper it is argued that the sensive verbs do not involve any psychological verb, and the suffix is not specified as “sensive” in the lexicon. Rather, the suffix is specified as a realisation of a stative verbaliser in a transitive structure. The interpretation of the verb and the experiencer role of the subject follow from this specification in combination with the syntax of the verb phrase as a whole, which has a stative verbaliser and a Voice head on top of a minimal aP or nP. Other vocabulary items that could spell out the stative verbaliser are prevented from appearing in the sensive verb phrase, since the conditions for inserting them are not met. The consequence is that the suffix /ʃ/ is restricted to sensive verbs.",2.0,"Descriptively, these verbs are formed by adding the suffix /ʃ/ to an adjectival or nominal base, and the resulting verb means ‘find [object] (too) ADJECTIVE/NOUN’.",2.0,"Descriptively, in North Sámi, sensive verbs formed by adding the suffix /ʃ/ to an adjectival or nominal base mean ‘find [object] (too) ADJECTIVE/NOUN’.",TRUE,L-Spec,0.95,North Sámi,S,0.05
glossa-5462-julien,Title and Abstract,"North Sámi has a class of derived verbs called sensive verbs. Descriptively, these verbs are formed by adding the suffix /ʃ/ to an adjectival or nominal base, and the resulting verb means ‘find [object] (too) ADJECTIVE/NOUN’. In this paper it is argued that the sensive verbs do not involve any psychological verb, and the suffix is not specified as “sensive” in the lexicon. Rather, the suffix is specified as a realisation of a stative verbaliser in a transitive structure. The interpretation of the verb and the experiencer role of the subject follow from this specification in combination with the syntax of the verb phrase as a whole, which has a stative verbaliser and a Voice head on top of a minimal aP or nP. Other vocabulary items that could spell out the stative verbaliser are prevented from appearing in the sensive verb phrase, since the conditions for inserting them are not met. The consequence is that the suffix /ʃ/ is restricted to sensive verbs.",3.0,"In this paper it is argued that the sensive verbs do not involve any psychological verb, and the suffix is not specified as “sensive” in the lexicon.",1.0,"In North Sámi, sensive verbs do not involve any psychological verb.",TRUE,L-Spec,0.95,North Sámi,L-Theo,0.05
glossa-5462-julien,Title and Abstract,"North Sámi has a class of derived verbs called sensive verbs. Descriptively, these verbs are formed by adding the suffix /ʃ/ to an adjectival or nominal base, and the resulting verb means ‘find [object] (too) ADJECTIVE/NOUN’. In this paper it is argued that the sensive verbs do not involve any psychological verb, and the suffix is not specified as “sensive” in the lexicon. Rather, the suffix is specified as a realisation of a stative verbaliser in a transitive structure. The interpretation of the verb and the experiencer role of the subject follow from this specification in combination with the syntax of the verb phrase as a whole, which has a stative verbaliser and a Voice head on top of a minimal aP or nP. Other vocabulary items that could spell out the stative verbaliser are prevented from appearing in the sensive verb phrase, since the conditions for inserting them are not met. The consequence is that the suffix /ʃ/ is restricted to sensive verbs.",3.0,"In this paper it is argued that the sensive verbs do not involve any psychological verb, and the suffix is not specified as “sensive” in the lexicon.",2.0,"In North Sámi, the suffix associated with sensive verbs is not specified as “sensive” in the lexicon.",TRUE,L-Spec,0.95,North Sámi,L-Theo,0.05
glossa-5462-julien,Title and Abstract,"North Sámi has a class of derived verbs called sensive verbs. Descriptively, these verbs are formed by adding the suffix /ʃ/ to an adjectival or nominal base, and the resulting verb means ‘find [object] (too) ADJECTIVE/NOUN’. In this paper it is argued that the sensive verbs do not involve any psychological verb, and the suffix is not specified as “sensive” in the lexicon. Rather, the suffix is specified as a realisation of a stative verbaliser in a transitive structure. The interpretation of the verb and the experiencer role of the subject follow from this specification in combination with the syntax of the verb phrase as a whole, which has a stative verbaliser and a Voice head on top of a minimal aP or nP. Other vocabulary items that could spell out the stative verbaliser are prevented from appearing in the sensive verb phrase, since the conditions for inserting them are not met. The consequence is that the suffix /ʃ/ is restricted to sensive verbs.",4.0,"Rather, the suffix is specified as a realisation of a stative verbaliser in a transitive structure.",1.0,"In North Sámi, the suffix associated with sensive verbs is specified as a realisation of a stative verbaliser in a transitive structure.",TRUE,L-Spec,0.95,North Sámi,L-Theo,0.05
glossa-5462-julien,Title and Abstract,"North Sámi has a class of derived verbs called sensive verbs. Descriptively, these verbs are formed by adding the suffix /ʃ/ to an adjectival or nominal base, and the resulting verb means ‘find [object] (too) ADJECTIVE/NOUN’. In this paper it is argued that the sensive verbs do not involve any psychological verb, and the suffix is not specified as “sensive” in the lexicon. Rather, the suffix is specified as a realisation of a stative verbaliser in a transitive structure. The interpretation of the verb and the experiencer role of the subject follow from this specification in combination with the syntax of the verb phrase as a whole, which has a stative verbaliser and a Voice head on top of a minimal aP or nP. Other vocabulary items that could spell out the stative verbaliser are prevented from appearing in the sensive verb phrase, since the conditions for inserting them are not met. The consequence is that the suffix /ʃ/ is restricted to sensive verbs.",5.0,"The interpretation of the verb and the experiencer role of the subject follow from this specification in combination with the syntax of the verb phrase as a whole, which has a stative verbaliser and a Voice head on top of a minimal aP or nP.",1.0,"In North Sami, the interpretation of the sensive verb and the experiencer role of the subject follow from the specification of the suffix associated with sensive verbs as a realisation of a stative verbaliser in a transitive structure, in combination with the syntax of the verb phrase as a whole. ",TRUE,L-Spec,0.95,North Sámi,L-Theo,0.05
glossa-5462-julien,Title and Abstract,"North Sámi has a class of derived verbs called sensive verbs. Descriptively, these verbs are formed by adding the suffix /ʃ/ to an adjectival or nominal base, and the resulting verb means ‘find [object] (too) ADJECTIVE/NOUN’. In this paper it is argued that the sensive verbs do not involve any psychological verb, and the suffix is not specified as “sensive” in the lexicon. Rather, the suffix is specified as a realisation of a stative verbaliser in a transitive structure. The interpretation of the verb and the experiencer role of the subject follow from this specification in combination with the syntax of the verb phrase as a whole, which has a stative verbaliser and a Voice head on top of a minimal aP or nP. Other vocabulary items that could spell out the stative verbaliser are prevented from appearing in the sensive verb phrase, since the conditions for inserting them are not met. The consequence is that the suffix /ʃ/ is restricted to sensive verbs.",5.0,"The interpretation of the verb and the experiencer role of the subject follow from this specification in combination with the syntax of the verb phrase as a whole, which has a stative verbaliser and a Voice head on top of a minimal aP or nP.",2.0,"In North Sami, the  verb phrase as a whole has a stative verbaliser and a Voice head on top of a minimal adjectival phrase (aP) or nominal phrase (nP).",TRUE,L-Spec,0.95,North Sámi,L-Theo,0.05
glossa-5462-julien,Title and Abstract,"North Sámi has a class of derived verbs called sensive verbs. Descriptively, these verbs are formed by adding the suffix /ʃ/ to an adjectival or nominal base, and the resulting verb means ‘find [object] (too) ADJECTIVE/NOUN’. In this paper it is argued that the sensive verbs do not involve any psychological verb, and the suffix is not specified as “sensive” in the lexicon. Rather, the suffix is specified as a realisation of a stative verbaliser in a transitive structure. The interpretation of the verb and the experiencer role of the subject follow from this specification in combination with the syntax of the verb phrase as a whole, which has a stative verbaliser and a Voice head on top of a minimal aP or nP. Other vocabulary items that could spell out the stative verbaliser are prevented from appearing in the sensive verb phrase, since the conditions for inserting them are not met. The consequence is that the suffix /ʃ/ is restricted to sensive verbs.",6.0,"Other vocabulary items that could spell out the stative verbaliser are prevented from appearing in the sensive verb phrase, since the conditions for inserting them are not met.",1.0,There are vocabulary items in North Sami that could spell out the stative verbaliser are prevented from appearing in the sensive verb phrase because the conditions for inserting them are not met.,TRUE,L-Spec,0.95,North Sámi,L-Theo,0.05
glossa-5462-julien,Title and Abstract,"North Sámi has a class of derived verbs called sensive verbs. Descriptively, these verbs are formed by adding the suffix /ʃ/ to an adjectival or nominal base, and the resulting verb means ‘find [object] (too) ADJECTIVE/NOUN’. In this paper it is argued that the sensive verbs do not involve any psychological verb, and the suffix is not specified as “sensive” in the lexicon. Rather, the suffix is specified as a realisation of a stative verbaliser in a transitive structure. The interpretation of the verb and the experiencer role of the subject follow from this specification in combination with the syntax of the verb phrase as a whole, which has a stative verbaliser and a Voice head on top of a minimal aP or nP. Other vocabulary items that could spell out the stative verbaliser are prevented from appearing in the sensive verb phrase, since the conditions for inserting them are not met. The consequence is that the suffix /ʃ/ is restricted to sensive verbs.",7.0,The consequence is that the suffix /ʃ/ is restricted to sensive verbs.,1.0,"In North Sami, the suffix /ʃ/ is restricted to sensive verbs as a consequence of other vocabulary items that could spell out the stative verbalizer being prevented from appearing in the sensive verb phrase because the conditions for inserting them are not met.",TRUE,L-Spec,0.95,North Sámi,L-Theo,0.05
glossa-5462-julien,1 Introduction,"North Sámi is known to have a rich inventory of derivational suffixes – suffixes that form verbs from nouns and adjectives or from other verbs, nouns from verbs, adjectives from nouns and verbs, to mention some main types. In this paper, I will take a closer look at one particular derivational suffix, the suffix /ʃ/, spelled š, which forms verbs from adjectives or nouns. More precisely, the suffix attaches to an adjective or noun and returns a transitive verb meaning ‘[subject] find [object] (too) ADJECTIVE/NOUN’.1 A few examples are given in (1). Note that the verbs are given in the infinitive, with the infinitival suffix -it following the derivational suffix.2",1.0,"North Sámi is known to have a rich inventory of derivational suffixes – suffixes that form verbs from nouns and adjectives or from other verbs, nouns from verbs, adjectives from nouns and verbs, to mention some main types.",1.0,North Sámi has a rich inventory of derivational suffixes.,TRUE,L-Spec,0.95,North Sámi,L-Typo,0.05
glossa-5462-julien,1 Introduction,"North Sámi is known to have a rich inventory of derivational suffixes – suffixes that form verbs from nouns and adjectives or from other verbs, nouns from verbs, adjectives from nouns and verbs, to mention some main types. In this paper, I will take a closer look at one particular derivational suffix, the suffix /ʃ/, spelled š, which forms verbs from adjectives or nouns. More precisely, the suffix attaches to an adjective or noun and returns a transitive verb meaning ‘[subject] find [object] (too) ADJECTIVE/NOUN’.1 A few examples are given in (1). Note that the verbs are given in the infinitive, with the infinitival suffix -it following the derivational suffix.3",1.0,"North Sámi is known to have a rich inventory of derivational suffixes – suffixes that form verbs from nouns and adjectives or from other verbs, nouns from verbs, adjectives from nouns and verbs, to mention some main types.",2.0,"In North Sámi, derivational suffixes form verbs from nouns and adjectives.",TRUE,L-Spec,0.95,North Sámi,L-Typo,0.05
glossa-5462-julien,1 Introduction,"North Sámi is known to have a rich inventory of derivational suffixes – suffixes that form verbs from nouns and adjectives or from other verbs, nouns from verbs, adjectives from nouns and verbs, to mention some main types. In this paper, I will take a closer look at one particular derivational suffix, the suffix /ʃ/, spelled š, which forms verbs from adjectives or nouns. More precisely, the suffix attaches to an adjective or noun and returns a transitive verb meaning ‘[subject] find [object] (too) ADJECTIVE/NOUN’.1 A few examples are given in (1). Note that the verbs are given in the infinitive, with the infinitival suffix -it following the derivational suffix.4",1.0,"North Sámi is known to have a rich inventory of derivational suffixes – suffixes that form verbs from nouns and adjectives or from other verbs, nouns from verbs, adjectives from nouns and verbs, to mention some main types.",3.0,"In North Sámi, derivational suffixes form verbs from other verbs.",TRUE,L-Spec,0.98,North Sámi,C,0.02
glossa-5462-julien,1 Introduction,"North Sámi is known to have a rich inventory of derivational suffixes – suffixes that form verbs from nouns and adjectives or from other verbs, nouns from verbs, adjectives from nouns and verbs, to mention some main types. In this paper, I will take a closer look at one particular derivational suffix, the suffix /ʃ/, spelled š, which forms verbs from adjectives or nouns. More precisely, the suffix attaches to an adjective or noun and returns a transitive verb meaning ‘[subject] find [object] (too) ADJECTIVE/NOUN’.1 A few examples are given in (1). Note that the verbs are given in the infinitive, with the infinitival suffix -it following the derivational suffix.5",1.0,"North Sámi is known to have a rich inventory of derivational suffixes – suffixes that form verbs from nouns and adjectives or from other verbs, nouns from verbs, adjectives from nouns and verbs, to mention some main types.",4.0,"In North Sámi, derivational suffixes form nouns from verbs.",TRUE,L-Spec,0.98,North Sámi,C,0.02
glossa-5462-julien,1 Introduction,"North Sámi is known to have a rich inventory of derivational suffixes – suffixes that form verbs from nouns and adjectives or from other verbs, nouns from verbs, adjectives from nouns and verbs, to mention some main types. In this paper, I will take a closer look at one particular derivational suffix, the suffix /ʃ/, spelled š, which forms verbs from adjectives or nouns. More precisely, the suffix attaches to an adjective or noun and returns a transitive verb meaning ‘[subject] find [object] (too) ADJECTIVE/NOUN’.1 A few examples are given in (1). Note that the verbs are given in the infinitive, with the infinitival suffix -it following the derivational suffix.6",1.0,"North Sámi is known to have a rich inventory of derivational suffixes – suffixes that form verbs from nouns and adjectives or from other verbs, nouns from verbs, adjectives from nouns and verbs, to mention some main types.",5.0,"In North Sámi, derivational suffixes form adjectives from nouns and verbs.",TRUE,L-Spec,0.98,North Sámi,C,0.02
glossa-5462-julien,1 Introduction,"North Sámi is known to have a rich inventory of derivational suffixes – suffixes that form verbs from nouns and adjectives or from other verbs, nouns from verbs, adjectives from nouns and verbs, to mention some main types. In this paper, I will take a closer look at one particular derivational suffix, the suffix /ʃ/, spelled š, which forms verbs from adjectives or nouns. More precisely, the suffix attaches to an adjective or noun and returns a transitive verb meaning ‘[subject] find [object] (too) ADJECTIVE/NOUN’.1 A few examples are given in (1). Note that the verbs are given in the infinitive, with the infinitival suffix -it following the derivational suffix.7",2.0,"In this paper, I will take a closer look at one particular derivational suffix, the suffix /ʃ/, spelled š, which forms verbs from adjectives or nouns.",1.0,"The suffix /ʃ/, spelled š, is a derivational suffix in North Sámi.",TRUE,L-Spec,0.98,North Sámi,C,0.02
glossa-5462-julien,1 Introduction,"North Sámi is known to have a rich inventory of derivational suffixes – suffixes that form verbs from nouns and adjectives or from other verbs, nouns from verbs, adjectives from nouns and verbs, to mention some main types. In this paper, I will take a closer look at one particular derivational suffix, the suffix /ʃ/, spelled š, which forms verbs from adjectives or nouns. More precisely, the suffix attaches to an adjective or noun and returns a transitive verb meaning ‘[subject] find [object] (too) ADJECTIVE/NOUN’.1 A few examples are given in (1). Note that the verbs are given in the infinitive, with the infinitival suffix -it following the derivational suffix.8",2.0,"In this paper, I will take a closer look at one particular derivational suffix, the suffix /ʃ/, spelled š, which forms verbs from adjectives or nouns.",2.0,"The suffix /ʃ/, spelled š, forms verbs from adjectives or nouns in North Sámi.",TRUE,L-Spec,0.98,North Sámi,C,0.02
glossa-5462-julien,1 Introduction,"North Sámi is known to have a rich inventory of derivational suffixes – suffixes that form verbs from nouns and adjectives or from other verbs, nouns from verbs, adjectives from nouns and verbs, to mention some main types. In this paper, I will take a closer look at one particular derivational suffix, the suffix /ʃ/, spelled š, which forms verbs from adjectives or nouns. More precisely, the suffix attaches to an adjective or noun and returns a transitive verb meaning ‘[subject] find [object] (too) ADJECTIVE/NOUN’.1 A few examples are given in (1). Note that the verbs are given in the infinitive, with the infinitival suffix -it following the derivational suffix.9",3.0,"More precisely, the suffix attaches to an adjective or noun and returns a transitive verb meaning ‘[subject] find [object] (too) ADJECTIVE/NOUN’.1 A few examples are given in (1)",1.0,"In North Sámi, the derivational suffix /ʃ/ attaches to an adjective or noun.",TRUE,L-Spec,0.98,North Sámi,C,0.02
glossa-5462-julien,1 Introduction,"North Sámi is known to have a rich inventory of derivational suffixes – suffixes that form verbs from nouns and adjectives or from other verbs, nouns from verbs, adjectives from nouns and verbs, to mention some main types. In this paper, I will take a closer look at one particular derivational suffix, the suffix /ʃ/, spelled š, which forms verbs from adjectives or nouns. More precisely, the suffix attaches to an adjective or noun and returns a transitive verb meaning ‘[subject] find [object] (too) ADJECTIVE/NOUN’.1 A few examples are given in (1). Note that the verbs are given in the infinitive, with the infinitival suffix -it following the derivational suffix.10",3.0,"More precisely, the suffix attaches to an adjective or noun and returns a transitive verb meaning ‘[subject] find [object] (too) ADJECTIVE/NOUN’.1 A few examples are given in (1)",2.0,"In North Sámi, the attachment of the derivational suffix /ʃ/ to an adjective or noun returns a transitive verb.",TRUE,L-Spec,0.98,North Sámi,C,0.02
glossa-5462-julien,1 Introduction,"North Sámi is known to have a rich inventory of derivational suffixes – suffixes that form verbs from nouns and adjectives or from other verbs, nouns from verbs, adjectives from nouns and verbs, to mention some main types. In this paper, I will take a closer look at one particular derivational suffix, the suffix /ʃ/, spelled š, which forms verbs from adjectives or nouns. More precisely, the suffix attaches to an adjective or noun and returns a transitive verb meaning ‘[subject] find [object] (too) ADJECTIVE/NOUN’.1 A few examples are given in (1). Note that the verbs are given in the infinitive, with the infinitival suffix -it following the derivational suffix.11",3.0,"More precisely, the suffix attaches to an adjective or noun and returns a transitive verb meaning ‘[subject] find [object] (too) ADJECTIVE/NOUN’.1 A few examples are given in (1)",3.0,"In North Sámi, the resulting transitive verb (formed with the derivational suffix /ʃ/) means ‘[subject] find [object] (too) ADJECTIVE/NOUN’.",TRUE,L-Spec,0.98,North Sámi,C,0.02
glossa-5462-julien,1 Introduction,"North Sámi is known to have a rich inventory of derivational suffixes – suffixes that form verbs from nouns and adjectives or from other verbs, nouns from verbs, adjectives from nouns and verbs, to mention some main types. In this paper, I will take a closer look at one particular derivational suffix, the suffix /ʃ/, spelled š, which forms verbs from adjectives or nouns. More precisely, the suffix attaches to an adjective or noun and returns a transitive verb meaning ‘[subject] find [object] (too) ADJECTIVE/NOUN’.1 A few examples are given in (1). Note that the verbs are given in the infinitive, with the infinitival suffix -it following the derivational suffix.12",5.0,"Note that the verbs are given in the infinitive, with the infinitival suffix -it following the derivational suffix.2",1.0,Sensive verbs in North Sámi can be given in the infinitive.,TRUE,L-Spec,0.98,North Sámi,C,0.02
glossa-5462-julien,1 Introduction,"North Sámi is known to have a rich inventory of derivational suffixes – suffixes that form verbs from nouns and adjectives or from other verbs, nouns from verbs, adjectives from nouns and verbs, to mention some main types. In this paper, I will take a closer look at one particular derivational suffix, the suffix /ʃ/, spelled š, which forms verbs from adjectives or nouns. More precisely, the suffix attaches to an adjective or noun and returns a transitive verb meaning ‘[subject] find [object] (too) ADJECTIVE/NOUN’.1 A few examples are given in (1). Note that the verbs are given in the infinitive, with the infinitival suffix -it following the derivational suffix.13",5.0,"Note that the verbs are given in the infinitive, with the infinitival suffix -it following the derivational suffix.3",2.0,"In North Sámi, the infinitival suffix -it follows the derivational suffix /ʃ/ in sensive verbs.",TRUE,L-Spec,0.98,North Sámi,C,0.02
glossa-8784-kocher,Title and Abstract,A sentence mood account for Spanish verum,1.0,A sentence mood account for Spanish verum,1.0,Spanish verum can stem from sentence mood,TRUE,L-Spec,0.98,Spanish,C,0.02
glossa-8784-kocher,Title and Abstract,"This article argues in favor of the idea that verum can result from focus marking on sentence mood. The empirical base are verum strategies in Spanish, English and German. It is shown that all of them result from stress on sentence mood, even though the strategies to express verum in the three languages appear unrelated on a superficial level: German and English rely on stress on a finite verb, Spanish inserts a particle. In the article, a semantic and syntactic account complete each other. The semantic approach is a revised version of Lohnstein’s sentence mood theory of verum focus. The effect of verum in different sentence moods is derived by the function each mood has and the alternatives that focus on them generates. The syntactic analysis is modeled in a cartographic framework (Rizzi 1997 et seq.) and motivates a projection in the lower section of the left periphery dedicated to sentence mood. A focus feature in this projection results in the verum interpretation of the proposition. The principal argument developed in this article is that the superficial differences across languages and clause types result from the fact that the focused mood feature is checked in different configurations.",,This article argues in favor of the idea that verum can result from focus marking on sentence mood.,1.0,Verum can result from focus marking on sentence mood.,TRUE,L-Theo,0.95,,L-Spec,0.03
glossa-8784-kocher,Title and Abstract,"This article argues in favor of the idea that verum can result from focus marking on sentence mood. The empirical base are verum strategies in Spanish, English and German. It is shown that all of them result from stress on sentence mood, even though the strategies to express verum in the three languages appear unrelated on a superficial level: German and English rely on stress on a finite verb, Spanish inserts a particle. In the article, a semantic and syntactic account complete each other. The semantic approach is a revised version of Lohnstein’s sentence mood theory of verum focus. The effect of verum in different sentence moods is derived by the function each mood has and the alternatives that focus on them generates. The syntactic analysis is modeled in a cartographic framework (Rizzi 1997 et seq.) and motivates a projection in the lower section of the left periphery dedicated to sentence mood. A focus feature in this projection results in the verum interpretation of the proposition. The principal argument developed in this article is that the superficial differences across languages and clause types result from the fact that the focused mood feature is checked in different configurations.",2.0,"The empirical base are verum strategies in Spanish, English and German.",1.0,"Verum strategies in Spanish, English, and German constitute the empirical base of the article's claims.",TRUE,S,0.99,,L-Typo,0.01
glossa-8784-kocher,Title and Abstract,"This article argues in favor of the idea that verum can result from focus marking on sentence mood. The empirical base are verum strategies in Spanish, English and German. It is shown that all of them result from stress on sentence mood, even though the strategies to express verum in the three languages appear unrelated on a superficial level: German and English rely on stress on a finite verb, Spanish inserts a particle. In the article, a semantic and syntactic account complete each other. The semantic approach is a revised version of Lohnstein’s sentence mood theory of verum focus. The effect of verum in different sentence moods is derived by the function each mood has and the alternatives that focus on them generates. The syntactic analysis is modeled in a cartographic framework (Rizzi 1997 et seq.) and motivates a projection in the lower section of the left periphery dedicated to sentence mood. A focus feature in this projection results in the verum interpretation of the proposition. The principal argument developed in this article is that the superficial differences across languages and clause types result from the fact that the focused mood feature is checked in different configurations.",3.0,"It is shown that all of them result from stress on sentence mood, even though the strategies to express verum in the three languages appear unrelated on a superficial level: German and English rely on stress on a finite verb, Spanish inserts a particle.",1.0,All verum strategies in Spanish result from stress on sentence mood.,TRUE,L-Spec,0.98,Spanish,C,0.02
glossa-8784-kocher,Title and Abstract,"This article argues in favor of the idea that verum can result from focus marking on sentence mood. The empirical base are verum strategies in Spanish, English and German. It is shown that all of them result from stress on sentence mood, even though the strategies to express verum in the three languages appear unrelated on a superficial level: German and English rely on stress on a finite verb, Spanish inserts a particle. In the article, a semantic and syntactic account complete each other. The semantic approach is a revised version of Lohnstein’s sentence mood theory of verum focus. The effect of verum in different sentence moods is derived by the function each mood has and the alternatives that focus on them generates. The syntactic analysis is modeled in a cartographic framework (Rizzi 1997 et seq.) and motivates a projection in the lower section of the left periphery dedicated to sentence mood. A focus feature in this projection results in the verum interpretation of the proposition. The principal argument developed in this article is that the superficial differences across languages and clause types result from the fact that the focused mood feature is checked in different configurations.",3.0,"It is shown that all of them result from stress on sentence mood, even though the strategies to express verum in the three languages appear unrelated on a superficial level: German and English rely on stress on a finite verb, Spanish inserts a particle.",2.0,All verum strategies in English result from stress on sentence mood.,TRUE,L-Spec,0.98,English,C,0.02
glossa-8784-kocher,Title and Abstract,"This article argues in favor of the idea that verum can result from focus marking on sentence mood. The empirical base are verum strategies in Spanish, English and German. It is shown that all of them result from stress on sentence mood, even though the strategies to express verum in the three languages appear unrelated on a superficial level: German and English rely on stress on a finite verb, Spanish inserts a particle. In the article, a semantic and syntactic account complete each other. The semantic approach is a revised version of Lohnstein’s sentence mood theory of verum focus. The effect of verum in different sentence moods is derived by the function each mood has and the alternatives that focus on them generates. The syntactic analysis is modeled in a cartographic framework (Rizzi 1997 et seq.) and motivates a projection in the lower section of the left periphery dedicated to sentence mood. A focus feature in this projection results in the verum interpretation of the proposition. The principal argument developed in this article is that the superficial differences across languages and clause types result from the fact that the focused mood feature is checked in different configurations.",3.0,"It is shown that all of them result from stress on sentence mood, even though the strategies to express verum in the three languages appear unrelated on a superficial level: German and English rely on stress on a finite verb, Spanish inserts a particle.",3.0,All verum strategies in German result from stress on sentence mood.,TRUE,L-Spec,0.98,German,C,0.02
glossa-8784-kocher,Title and Abstract,"This article argues in favor of the idea that verum can result from focus marking on sentence mood. The empirical base are verum strategies in Spanish, English and German. It is shown that all of them result from stress on sentence mood, even though the strategies to express verum in the three languages appear unrelated on a superficial level: German and English rely on stress on a finite verb, Spanish inserts a particle. In the article, a semantic and syntactic account complete each other. The semantic approach is a revised version of Lohnstein’s sentence mood theory of verum focus. The effect of verum in different sentence moods is derived by the function each mood has and the alternatives that focus on them generates. The syntactic analysis is modeled in a cartographic framework (Rizzi 1997 et seq.) and motivates a projection in the lower section of the left periphery dedicated to sentence mood. A focus feature in this projection results in the verum interpretation of the proposition. The principal argument developed in this article is that the superficial differences across languages and clause types result from the fact that the focused mood feature is checked in different configurations.",3.0,"It is shown that all of them result from stress on sentence mood, even though the strategies to express verum in the three languages appear unrelated on a superficial level: German and English rely on stress on a finite verb, Spanish inserts a particle.",4.0,"The strategies to express verum in Spanish, English, and German appear unrelated on a superficial level.",TRUE,L-Typo,0.95,,L-Spec,0.03
glossa-8784-kocher,Title and Abstract,"This article argues in favor of the idea that verum can result from focus marking on sentence mood. The empirical base are verum strategies in Spanish, English and German. It is shown that all of them result from stress on sentence mood, even though the strategies to express verum in the three languages appear unrelated on a superficial level: German and English rely on stress on a finite verb, Spanish inserts a particle. In the article, a semantic and syntactic account complete each other. The semantic approach is a revised version of Lohnstein’s sentence mood theory of verum focus. The effect of verum in different sentence moods is derived by the function each mood has and the alternatives that focus on them generates. The syntactic analysis is modeled in a cartographic framework (Rizzi 1997 et seq.) and motivates a projection in the lower section of the left periphery dedicated to sentence mood. A focus feature in this projection results in the verum interpretation of the proposition. The principal argument developed in this article is that the superficial differences across languages and clause types result from the fact that the focused mood feature is checked in different configurations.",3.0,"It is shown that all of them result from stress on sentence mood, even though the strategies to express verum in the three languages appear unrelated on a superficial level: German and English rely on stress on a finite verb, Spanish inserts a particle.",5.0,"In German, verum strategies rely on stress on a finite verb.",TRUE,L-Spec,0.98,German,C,0.02
glossa-8784-kocher,Title and Abstract,"This article argues in favor of the idea that verum can result from focus marking on sentence mood. The empirical base are verum strategies in Spanish, English and German. It is shown that all of them result from stress on sentence mood, even though the strategies to express verum in the three languages appear unrelated on a superficial level: German and English rely on stress on a finite verb, Spanish inserts a particle. In the article, a semantic and syntactic account complete each other. The semantic approach is a revised version of Lohnstein’s sentence mood theory of verum focus. The effect of verum in different sentence moods is derived by the function each mood has and the alternatives that focus on them generates. The syntactic analysis is modeled in a cartographic framework (Rizzi 1997 et seq.) and motivates a projection in the lower section of the left periphery dedicated to sentence mood. A focus feature in this projection results in the verum interpretation of the proposition. The principal argument developed in this article is that the superficial differences across languages and clause types result from the fact that the focused mood feature is checked in different configurations.",3.0,"It is shown that all of them result from stress on sentence mood, even though the strategies to express verum in the three languages appear unrelated on a superficial level: German and English rely on stress on a finite verb, Spanish inserts a particle.",6.0,"In English, verum strategies rely on stress on a finite verb.",TRUE,L-Spec,0.98,English,C,0.02
glossa-8784-kocher,Title and Abstract,"This article argues in favor of the idea that verum can result from focus marking on sentence mood. The empirical base are verum strategies in Spanish, English and German. It is shown that all of them result from stress on sentence mood, even though the strategies to express verum in the three languages appear unrelated on a superficial level: German and English rely on stress on a finite verb, Spanish inserts a particle. In the article, a semantic and syntactic account complete each other. The semantic approach is a revised version of Lohnstein’s sentence mood theory of verum focus. The effect of verum in different sentence moods is derived by the function each mood has and the alternatives that focus on them generates. The syntactic analysis is modeled in a cartographic framework (Rizzi 1997 et seq.) and motivates a projection in the lower section of the left periphery dedicated to sentence mood. A focus feature in this projection results in the verum interpretation of the proposition. The principal argument developed in this article is that the superficial differences across languages and clause types result from the fact that the focused mood feature is checked in different configurations.",3.0,"It is shown that all of them result from stress on sentence mood, even though the strategies to express verum in the three languages appear unrelated on a superficial level: German and English rely on stress on a finite verb, Spanish inserts a particle.",7.0,"In Spanish, verum strategies insert a particle.",TRUE,L-Spec,0.98,Spanish,C,0.02
glossa-8784-kocher,Title and Abstract,"This article argues in favor of the idea that verum can result from focus marking on sentence mood. The empirical base are verum strategies in Spanish, English and German. It is shown that all of them result from stress on sentence mood, even though the strategies to express verum in the three languages appear unrelated on a superficial level: German and English rely on stress on a finite verb, Spanish inserts a particle. In the article, a semantic and syntactic account complete each other. The semantic approach is a revised version of Lohnstein’s sentence mood theory of verum focus. The effect of verum in different sentence moods is derived by the function each mood has and the alternatives that focus on them generates. The syntactic analysis is modeled in a cartographic framework (Rizzi 1997 et seq.) and motivates a projection in the lower section of the left periphery dedicated to sentence mood. A focus feature in this projection results in the verum interpretation of the proposition. The principal argument developed in this article is that the superficial differences across languages and clause types result from the fact that the focused mood feature is checked in different configurations.",4.0,"In the article, a semantic and syntactic account complete each other.",1.0,A semantic account and a syntactic account can complete each other.,TRUE,L-Theo,0.85,,C,0.1
glossa-8784-kocher,Title and Abstract,"This article argues in favor of the idea that verum can result from focus marking on sentence mood. The empirical base are verum strategies in Spanish, English and German. It is shown that all of them result from stress on sentence mood, even though the strategies to express verum in the three languages appear unrelated on a superficial level: German and English rely on stress on a finite verb, Spanish inserts a particle. In the article, a semantic and syntactic account complete each other. The semantic approach is a revised version of Lohnstein’s sentence mood theory of verum focus. The effect of verum in different sentence moods is derived by the function each mood has and the alternatives that focus on them generates. The syntactic analysis is modeled in a cartographic framework (Rizzi 1997 et seq.) and motivates a projection in the lower section of the left periphery dedicated to sentence mood. A focus feature in this projection results in the verum interpretation of the proposition. The principal argument developed in this article is that the superficial differences across languages and clause types result from the fact that the focused mood feature is checked in different configurations.",5.0,The semantic approach is a revised version of Lohnstein’s sentence mood theory of verum focus.,1.0,Lohnstein proposed a sentence mood theory of verum focus. ,TRUE,C,0.95,,L-Theo,0.05
glossa-8784-kocher,Title and Abstract,"This article argues in favor of the idea that verum can result from focus marking on sentence mood. The empirical base are verum strategies in Spanish, English and German. It is shown that all of them result from stress on sentence mood, even though the strategies to express verum in the three languages appear unrelated on a superficial level: German and English rely on stress on a finite verb, Spanish inserts a particle. In the article, a semantic and syntactic account complete each other. The semantic approach is a revised version of Lohnstein’s sentence mood theory of verum focus. The effect of verum in different sentence moods is derived by the function each mood has and the alternatives that focus on them generates. The syntactic analysis is modeled in a cartographic framework (Rizzi 1997 et seq.) and motivates a projection in the lower section of the left periphery dedicated to sentence mood. A focus feature in this projection results in the verum interpretation of the proposition. The principal argument developed in this article is that the superficial differences across languages and clause types result from the fact that the focused mood feature is checked in different configurations.",5.0,The semantic approach is a revised version of Lohnstein’s sentence mood theory of verum focus.,2.0,Lohnstein's sentence mood theory can provide a semantic approach to analyze Spanish verum.,TRUE,L-Spec,0.9,Spanish,C,0.07
glossa-8784-kocher,Title and Abstract,"This article argues in favor of the idea that verum can result from focus marking on sentence mood. The empirical base are verum strategies in Spanish, English and German. It is shown that all of them result from stress on sentence mood, even though the strategies to express verum in the three languages appear unrelated on a superficial level: German and English rely on stress on a finite verb, Spanish inserts a particle. In the article, a semantic and syntactic account complete each other. The semantic approach is a revised version of Lohnstein’s sentence mood theory of verum focus. The effect of verum in different sentence moods is derived by the function each mood has and the alternatives that focus on them generates. The syntactic analysis is modeled in a cartographic framework (Rizzi 1997 et seq.) and motivates a projection in the lower section of the left periphery dedicated to sentence mood. A focus feature in this projection results in the verum interpretation of the proposition. The principal argument developed in this article is that the superficial differences across languages and clause types result from the fact that the focused mood feature is checked in different configurations.",6.0,The effect of verum in different sentence moods is derived by the function each mood has and the alternatives that focus on them generates.,1.0,The effect of verum in different sentence moods is derived by the function each sentence mood has and the alternatives that focus on each sentence mood generates.,TRUE,L-Theo,0.88,,C,0.07
glossa-8784-kocher,Title and Abstract,"This article argues in favor of the idea that verum can result from focus marking on sentence mood. The empirical base are verum strategies in Spanish, English and German. It is shown that all of them result from stress on sentence mood, even though the strategies to express verum in the three languages appear unrelated on a superficial level: German and English rely on stress on a finite verb, Spanish inserts a particle. In the article, a semantic and syntactic account complete each other. The semantic approach is a revised version of Lohnstein’s sentence mood theory of verum focus. The effect of verum in different sentence moods is derived by the function each mood has and the alternatives that focus on them generates. The syntactic analysis is modeled in a cartographic framework (Rizzi 1997 et seq.) and motivates a projection in the lower section of the left periphery dedicated to sentence mood. A focus feature in this projection results in the verum interpretation of the proposition. The principal argument developed in this article is that the superficial differences across languages and clause types result from the fact that the focused mood feature is checked in different configurations.",7.0,The syntactic analysis is modeled in a cartographic framework (Rizzi 1997 et seq.) and motivates a projection in the lower section of the left periphery dedicated to sentence mood.,1.0,Rizzi (1997 et seq.) described a cartographic framework.   ,TRUE,C,0.95,,L-Theo,0.03
glossa-8784-kocher,Title and Abstract,"This article argues in favor of the idea that verum can result from focus marking on sentence mood. The empirical base are verum strategies in Spanish, English and German. It is shown that all of them result from stress on sentence mood, even though the strategies to express verum in the three languages appear unrelated on a superficial level: German and English rely on stress on a finite verb, Spanish inserts a particle. In the article, a semantic and syntactic account complete each other. The semantic approach is a revised version of Lohnstein’s sentence mood theory of verum focus. The effect of verum in different sentence moods is derived by the function each mood has and the alternatives that focus on them generates. The syntactic analysis is modeled in a cartographic framework (Rizzi 1997 et seq.) and motivates a projection in the lower section of the left periphery dedicated to sentence mood. A focus feature in this projection results in the verum interpretation of the proposition. The principal argument developed in this article is that the superficial differences across languages and clause types result from the fact that the focused mood feature is checked in different configurations.",7.0,The syntactic analysis is modeled in a cartographic framework (Rizzi 1997 et seq.) and motivates a projection in the lower section of the left periphery dedicated to sentence mood.,2.0,Rizzi's cartographic framework can be the model for syntactic analysis of Spanish verum.,TRUE,L-Spec,0.9,Spanish,C,0.06
glossa-8784-kocher,Title and Abstract,"This article argues in favor of the idea that verum can result from focus marking on sentence mood. The empirical base are verum strategies in Spanish, English and German. It is shown that all of them result from stress on sentence mood, even though the strategies to express verum in the three languages appear unrelated on a superficial level: German and English rely on stress on a finite verb, Spanish inserts a particle. In the article, a semantic and syntactic account complete each other. The semantic approach is a revised version of Lohnstein’s sentence mood theory of verum focus. The effect of verum in different sentence moods is derived by the function each mood has and the alternatives that focus on them generates. The syntactic analysis is modeled in a cartographic framework (Rizzi 1997 et seq.) and motivates a projection in the lower section of the left periphery dedicated to sentence mood. A focus feature in this projection results in the verum interpretation of the proposition. The principal argument developed in this article is that the superficial differences across languages and clause types result from the fact that the focused mood feature is checked in different configurations.",7.0,The syntactic analysis is modeled in a cartographic framework (Rizzi 1997 et seq.) and motivates a projection in the lower section of the left periphery dedicated to sentence mood.,3.0,The syntactic analysis motivates a projection in the lower section of the left periphery dedicated to sentence mood.,TRUE,L-Theo,0.85,,S,0.08
glossa-8784-kocher,Title and Abstract,"This article argues in favor of the idea that verum can result from focus marking on sentence mood. The empirical base are verum strategies in Spanish, English and German. It is shown that all of them result from stress on sentence mood, even though the strategies to express verum in the three languages appear unrelated on a superficial level: German and English rely on stress on a finite verb, Spanish inserts a particle. In the article, a semantic and syntactic account complete each other. The semantic approach is a revised version of Lohnstein’s sentence mood theory of verum focus. The effect of verum in different sentence moods is derived by the function each mood has and the alternatives that focus on them generates. The syntactic analysis is modeled in a cartographic framework (Rizzi 1997 et seq.) and motivates a projection in the lower section of the left periphery dedicated to sentence mood. A focus feature in this projection results in the verum interpretation of the proposition. The principal argument developed in this article is that the superficial differences across languages and clause types result from the fact that the focused mood feature is checked in different configurations.",8.0,A focus feature in this projection results in the verum interpretation of the proposition.,1.0,A focus feature in a projection in the lower section of the left periphery dedicated to sentence mood results in the verum interpretation of the proposition.,TRUE,L-Theo,0.88,,S,0.05
glossa-8784-kocher,Title and Abstract,"This article argues in favor of the idea that verum can result from focus marking on sentence mood. The empirical base are verum strategies in Spanish, English and German. It is shown that all of them result from stress on sentence mood, even though the strategies to express verum in the three languages appear unrelated on a superficial level: German and English rely on stress on a finite verb, Spanish inserts a particle. In the article, a semantic and syntactic account complete each other. The semantic approach is a revised version of Lohnstein’s sentence mood theory of verum focus. The effect of verum in different sentence moods is derived by the function each mood has and the alternatives that focus on them generates. The syntactic analysis is modeled in a cartographic framework (Rizzi 1997 et seq.) and motivates a projection in the lower section of the left periphery dedicated to sentence mood. A focus feature in this projection results in the verum interpretation of the proposition. The principal argument developed in this article is that the superficial differences across languages and clause types result from the fact that the focused mood feature is checked in different configurations.",9.0,The principal argument developed in this article is that the superficial differences across languages and clause types result from the fact that the focused mood feature is checked in different configurations.,1.0,The superficial differences in verum focus across languages result from the fact that the focused mood feature is checked in different configurations. ,TRUE,L-Typo,0.9,,L-Theo,0.06
glossa-8784-kocher,Title and Abstract,"This article argues in favor of the idea that verum can result from focus marking on sentence mood. The empirical base are verum strategies in Spanish, English and German. It is shown that all of them result from stress on sentence mood, even though the strategies to express verum in the three languages appear unrelated on a superficial level: German and English rely on stress on a finite verb, Spanish inserts a particle. In the article, a semantic and syntactic account complete each other. The semantic approach is a revised version of Lohnstein’s sentence mood theory of verum focus. The effect of verum in different sentence moods is derived by the function each mood has and the alternatives that focus on them generates. The syntactic analysis is modeled in a cartographic framework (Rizzi 1997 et seq.) and motivates a projection in the lower section of the left periphery dedicated to sentence mood. A focus feature in this projection results in the verum interpretation of the proposition. The principal argument developed in this article is that the superficial differences across languages and clause types result from the fact that the focused mood feature is checked in different configurations.",9.0,The principal argument developed in this article is that the superficial differences across languages and clause types result from the fact that the focused mood feature is checked in different configurations.,,The superficial differences in verum focus across clause types result from the fact that the focused mood feature is checked in different configurations.,TRUE,L-Theo,0.88,,S,0.07
glossa-5286-contemori,,"Studies on second language (L2) anaphora resolution have mainly focused on learners of null-subject languages, demonstrating that L2 speakers show residual indeterminacy in the L2 referential choice, even at the highest levels of proficiency. On the other hand, studies on anaphora resolution in L2 learners of non-null-subject languages have shown conflicting results, indicating that L2 speakers may process referential expressions in the L2 like native speakers.Using a visual word paradigm task, we test the online processing of pronouns in highly proficient L2 speakers of English whose L1 is Spanish, and compare their performance to a group of native English speakers. The native speakers’ data show rapid use of the first mention bias (i.e., interpreting a pronoun towards the first-mentioned referent) and gender information upon encountering a gender ambiguous or unambiguous pronoun. For the L2 participants, we find similar underlying processes of pronoun resolution in comparison to native speakers. The results do not reveal a processing cost for L2 speakers of a non-null-subject language during anaphora resolution. Overall, our study demonstrates that L2 speakers of a non-null-subject language (English) can achieve native-like processing of the default referential form signaling topic continuity (i.e., the overt pronoun; Sorace 2011).",1.0,"Studies on second language (L2) anaphora resolution have mainly focused on learners of null-subject languages, demonstrating that L2 speakers show residual indeterminacy in the L2 referential choice, even at the highest levels of proficiency.",1.0,Studies on second language (L2) anaphora resolution have mainly focused on learners of null-subject languages.,TRUE,C,0.85,,S,0.09
glossa-5286-contemori,,"Studies on second language (L2) anaphora resolution have mainly focused on learners of null-subject languages, demonstrating that L2 speakers show residual indeterminacy in the L2 referential choice, even at the highest levels of proficiency. On the other hand, studies on anaphora resolution in L2 learners of non-null-subject languages have shown conflicting results, indicating that L2 speakers may process referential expressions in the L2 like native speakers.Using a visual word paradigm task, we test the online processing of pronouns in highly proficient L2 speakers of English whose L1 is Spanish, and compare their performance to a group of native English speakers. The native speakers’ data show rapid use of the first mention bias (i.e., interpreting a pronoun towards the first-mentioned referent) and gender information upon encountering a gender ambiguous or unambiguous pronoun. For the L2 participants, we find similar underlying processes of pronoun resolution in comparison to native speakers. The results do not reveal a processing cost for L2 speakers of a non-null-subject language during anaphora resolution. Overall, our study demonstrates that L2 speakers of a non-null-subject language (English) can achieve native-like processing of the default referential form signaling topic continuity (i.e., the overt pronoun; Sorace 2011).",1.0,"Studies on second language (L2) anaphora resolution have mainly focused on learners of null-subject languages, demonstrating that L2 speakers show residual indeterminacy in the L2 referential choice, even at the highest levels of proficiency.",2.0,"Studies on second language (L2) anaphora resolution demonstrate that L2 speakers show residual indeterminacy in the L2 referential choice, even at the highest levels of proficiency.",TRUE,C,0.9,,L-Typo,0.07
glossa-5286-contemori,,"Studies on second language (L2) anaphora resolution have mainly focused on learners of null-subject languages, demonstrating that L2 speakers show residual indeterminacy in the L2 referential choice, even at the highest levels of proficiency. On the other hand, studies on anaphora resolution in L2 learners of non-null-subject languages have shown conflicting results, indicating that L2 speakers may process referential expressions in the L2 like native speakers.Using a visual word paradigm task, we test the online processing of pronouns in highly proficient L2 speakers of English whose L1 is Spanish, and compare their performance to a group of native English speakers. The native speakers’ data show rapid use of the first mention bias (i.e., interpreting a pronoun towards the first-mentioned referent) and gender information upon encountering a gender ambiguous or unambiguous pronoun. For the L2 participants, we find similar underlying processes of pronoun resolution in comparison to native speakers. The results do not reveal a processing cost for L2 speakers of a non-null-subject language during anaphora resolution. Overall, our study demonstrates that L2 speakers of a non-null-subject language (English) can achieve native-like processing of the default referential form signaling topic continuity (i.e., the overt pronoun; Sorace 2011).",2.0,"On the other hand, studies on anaphora resolution in L2 learners of non-null-subject languages have shown conflicting results, indicating that L2 speakers may process referential expressions in the L2 like native speakers.Using a visual word paradigm task, we test the online processing of pronouns in highly proficient L2 speakers of English whose L1 is Spanish, and compare their performance to a group of native English speakers.",1.0,Studies on anaphora resolution in second language (L2) learners of non-null-subject languages have shown conflicting results.,TRUE,C,0.9,,S,0.06
glossa-5286-contemori,,"Studies on second language (L2) anaphora resolution have mainly focused on learners of null-subject languages, demonstrating that L2 speakers show residual indeterminacy in the L2 referential choice, even at the highest levels of proficiency. On the other hand, studies on anaphora resolution in L2 learners of non-null-subject languages have shown conflicting results, indicating that L2 speakers may process referential expressions in the L2 like native speakers.Using a visual word paradigm task, we test the online processing of pronouns in highly proficient L2 speakers of English whose L1 is Spanish, and compare their performance to a group of native English speakers. The native speakers’ data show rapid use of the first mention bias (i.e., interpreting a pronoun towards the first-mentioned referent) and gender information upon encountering a gender ambiguous or unambiguous pronoun. For the L2 participants, we find similar underlying processes of pronoun resolution in comparison to native speakers. The results do not reveal a processing cost for L2 speakers of a non-null-subject language during anaphora resolution. Overall, our study demonstrates that L2 speakers of a non-null-subject language (English) can achieve native-like processing of the default referential form signaling topic continuity (i.e., the overt pronoun; Sorace 2011).",2.0,"On the other hand, studies on anaphora resolution in L2 learners of non-null-subject languages have shown conflicting results, indicating that L2 speakers may process referential expressions in the L2 like native speakers.Using a visual word paradigm task, we test the online processing of pronouns in highly proficient L2 speakers of English whose L1 is Spanish, and compare their performance to a group of native English speakers.",2.0,Studies on anaphora resolution in second language (L2) learners of non-null-subject languages indicate that L2 speakers may process referential expressions in the L2 like native speakers.,TRUE,C,0.9,,L-Typo,0.06
glossa-5286-contemori,,"Studies on second language (L2) anaphora resolution have mainly focused on learners of null-subject languages, demonstrating that L2 speakers show residual indeterminacy in the L2 referential choice, even at the highest levels of proficiency. On the other hand, studies on anaphora resolution in L2 learners of non-null-subject languages have shown conflicting results, indicating that L2 speakers may process referential expressions in the L2 like native speakers.Using a visual word paradigm task, we test the online processing of pronouns in highly proficient L2 speakers of English whose L1 is Spanish, and compare their performance to a group of native English speakers. The native speakers’ data show rapid use of the first mention bias (i.e., interpreting a pronoun towards the first-mentioned referent) and gender information upon encountering a gender ambiguous or unambiguous pronoun. For the L2 participants, we find similar underlying processes of pronoun resolution in comparison to native speakers. The results do not reveal a processing cost for L2 speakers of a non-null-subject language during anaphora resolution. Overall, our study demonstrates that L2 speakers of a non-null-subject language (English) can achieve native-like processing of the default referential form signaling topic continuity (i.e., the overt pronoun; Sorace 2011).",2.0,"On the other hand, studies on anaphora resolution in L2 learners of non-null-subject languages have shown conflicting results, indicating that L2 speakers may process referential expressions in the L2 like native speakers.Using a visual word paradigm task, we test the online processing of pronouns in highly proficient L2 speakers of English whose L1 is Spanish, and compare their performance to a group of native English speakers.",3.0,Online processing of pronouns in highly proficient L2 speakers of English whose L1 is Spanish can be tested using a visual word paradigm task. ,TRUE,S,0.95,,L-Spec,0.03
glossa-5286-contemori,,"Studies on second language (L2) anaphora resolution have mainly focused on learners of null-subject languages, demonstrating that L2 speakers show residual indeterminacy in the L2 referential choice, even at the highest levels of proficiency. On the other hand, studies on anaphora resolution in L2 learners of non-null-subject languages have shown conflicting results, indicating that L2 speakers may process referential expressions in the L2 like native speakers.Using a visual word paradigm task, we test the online processing of pronouns in highly proficient L2 speakers of English whose L1 is Spanish, and compare their performance to a group of native English speakers. The native speakers’ data show rapid use of the first mention bias (i.e., interpreting a pronoun towards the first-mentioned referent) and gender information upon encountering a gender ambiguous or unambiguous pronoun. For the L2 participants, we find similar underlying processes of pronoun resolution in comparison to native speakers. The results do not reveal a processing cost for L2 speakers of a non-null-subject language during anaphora resolution. Overall, our study demonstrates that L2 speakers of a non-null-subject language (English) can achieve native-like processing of the default referential form signaling topic continuity (i.e., the overt pronoun; Sorace 2011).",2.0,"On the other hand, studies on anaphora resolution in L2 learners of non-null-subject languages have shown conflicting results, indicating that L2 speakers may process referential expressions in the L2 like native speakers.Using a visual word paradigm task, we test the online processing of pronouns in highly proficient L2 speakers of English whose L1 is Spanish, and compare their performance to a group of native English speakers.",4.0,The performance of highly proficient second language (L2) speakers of English whose first language (L1) is Spanish and the performance of group of native English speakers can be compared using a visual word paradigm task.,TRUE,S,0.95,,L-Typo,0.03
glossa-5286-contemori,,"Studies on second language (L2) anaphora resolution have mainly focused on learners of null-subject languages, demonstrating that L2 speakers show residual indeterminacy in the L2 referential choice, even at the highest levels of proficiency. On the other hand, studies on anaphora resolution in L2 learners of non-null-subject languages have shown conflicting results, indicating that L2 speakers may process referential expressions in the L2 like native speakers.Using a visual word paradigm task, we test the online processing of pronouns in highly proficient L2 speakers of English whose L1 is Spanish, and compare their performance to a group of native English speakers. The native speakers’ data show rapid use of the first mention bias (i.e., interpreting a pronoun towards the first-mentioned referent) and gender information upon encountering a gender ambiguous or unambiguous pronoun. For the L2 participants, we find similar underlying processes of pronoun resolution in comparison to native speakers. The results do not reveal a processing cost for L2 speakers of a non-null-subject language during anaphora resolution. Overall, our study demonstrates that L2 speakers of a non-null-subject language (English) can achieve native-like processing of the default referential form signaling topic continuity (i.e., the overt pronoun; Sorace 2011).",3.0,"The native speakers’ data show rapid use of the first mention bias (i.e., interpreting a pronoun towards the first-mentioned referent) and gender information upon encountering a gender ambiguous or unambiguous pronoun.",1.0,"Native English speakers show rapid use of the first mention bias, which is interpreting a pronoun towards the first-mentioned referent.",TRUE,L-Spec,0.92,English,C,0.05
glossa-5286-contemori,,"Studies on second language (L2) anaphora resolution have mainly focused on learners of null-subject languages, demonstrating that L2 speakers show residual indeterminacy in the L2 referential choice, even at the highest levels of proficiency. On the other hand, studies on anaphora resolution in L2 learners of non-null-subject languages have shown conflicting results, indicating that L2 speakers may process referential expressions in the L2 like native speakers.Using a visual word paradigm task, we test the online processing of pronouns in highly proficient L2 speakers of English whose L1 is Spanish, and compare their performance to a group of native English speakers. The native speakers’ data show rapid use of the first mention bias (i.e., interpreting a pronoun towards the first-mentioned referent) and gender information upon encountering a gender ambiguous or unambiguous pronoun. For the L2 participants, we find similar underlying processes of pronoun resolution in comparison to native speakers. The results do not reveal a processing cost for L2 speakers of a non-null-subject language during anaphora resolution. Overall, our study demonstrates that L2 speakers of a non-null-subject language (English) can achieve native-like processing of the default referential form signaling topic continuity (i.e., the overt pronoun; Sorace 2011).",3.0,"The native speakers’ data show rapid use of the first mention bias (i.e., interpreting a pronoun towards the first-mentioned referent) and gender information upon encountering a gender ambiguous or unambiguous pronoun.",2.0,Native English speakers show rapid use of gender information upon encountering a gender ambiguous or unambiguous pronoun.,TRUE,L-Spec,0.92,English,C,0.05
glossa-5286-contemori,,"Studies on second language (L2) anaphora resolution have mainly focused on learners of null-subject languages, demonstrating that L2 speakers show residual indeterminacy in the L2 referential choice, even at the highest levels of proficiency. On the other hand, studies on anaphora resolution in L2 learners of non-null-subject languages have shown conflicting results, indicating that L2 speakers may process referential expressions in the L2 like native speakers.Using a visual word paradigm task, we test the online processing of pronouns in highly proficient L2 speakers of English whose L1 is Spanish, and compare their performance to a group of native English speakers. The native speakers’ data show rapid use of the first mention bias (i.e., interpreting a pronoun towards the first-mentioned referent) and gender information upon encountering a gender ambiguous or unambiguous pronoun. For the L2 participants, we find similar underlying processes of pronoun resolution in comparison to native speakers. The results do not reveal a processing cost for L2 speakers of a non-null-subject language during anaphora resolution. Overall, our study demonstrates that L2 speakers of a non-null-subject language (English) can achieve native-like processing of the default referential form signaling topic continuity (i.e., the overt pronoun; Sorace 2011).",4.0,"For the L2 participants, we find similar underlying processes of pronoun resolution in comparison to native speakers.",1.0,The underlying processes of pronoun resolution is similar for native English speakers and the highly proficient second language (L2) speakers of English whose first language (L1) is Spanish.,TRUE,L-Typo,0.88,,S,0.06
glossa-5286-contemori,,"Studies on second language (L2) anaphora resolution have mainly focused on learners of null-subject languages, demonstrating that L2 speakers show residual indeterminacy in the L2 referential choice, even at the highest levels of proficiency. On the other hand, studies on anaphora resolution in L2 learners of non-null-subject languages have shown conflicting results, indicating that L2 speakers may process referential expressions in the L2 like native speakers.Using a visual word paradigm task, we test the online processing of pronouns in highly proficient L2 speakers of English whose L1 is Spanish, and compare their performance to a group of native English speakers. The native speakers’ data show rapid use of the first mention bias (i.e., interpreting a pronoun towards the first-mentioned referent) and gender information upon encountering a gender ambiguous or unambiguous pronoun. For the L2 participants, we find similar underlying processes of pronoun resolution in comparison to native speakers. The results do not reveal a processing cost for L2 speakers of a non-null-subject language during anaphora resolution. Overall, our study demonstrates that L2 speakers of a non-null-subject language (English) can achieve native-like processing of the default referential form signaling topic continuity (i.e., the overt pronoun; Sorace 2011).",5.0,The results do not reveal a processing cost for L2 speakers of a non-null-subject language during anaphora resolution.,1.0,There is no processing cost for highly proficient second language (L2) speakers of English during anaphora resolution.,TRUE,L-Spec,0.85,English,S,0.08
glossa-5286-contemori,,"Studies on second language (L2) anaphora resolution have mainly focused on learners of null-subject languages, demonstrating that L2 speakers show residual indeterminacy in the L2 referential choice, even at the highest levels of proficiency. On the other hand, studies on anaphora resolution in L2 learners of non-null-subject languages have shown conflicting results, indicating that L2 speakers may process referential expressions in the L2 like native speakers.Using a visual word paradigm task, we test the online processing of pronouns in highly proficient L2 speakers of English whose L1 is Spanish, and compare their performance to a group of native English speakers. The native speakers’ data show rapid use of the first mention bias (i.e., interpreting a pronoun towards the first-mentioned referent) and gender information upon encountering a gender ambiguous or unambiguous pronoun. For the L2 participants, we find similar underlying processes of pronoun resolution in comparison to native speakers. The results do not reveal a processing cost for L2 speakers of a non-null-subject language during anaphora resolution. Overall, our study demonstrates that L2 speakers of a non-null-subject language (English) can achieve native-like processing of the default referential form signaling topic continuity (i.e., the overt pronoun; Sorace 2011).",6.0,"Overall, our study demonstrates that L2 speakers of a non-null-subject language (English) can achieve native-like processing of the default referential form signaling topic continuity (i.e., the overt pronoun; Sorace 2011).",1.0,Highly proficient second language (L2) speakers of English can achieve native-like processing of the default referential form signaling topic continuity.,TRUE,L-Spec,0.9,English,C,0.05
glossa-5286-contemori,,"Studies on second language (L2) anaphora resolution have mainly focused on learners of null-subject languages, demonstrating that L2 speakers show residual indeterminacy in the L2 referential choice, even at the highest levels of proficiency. On the other hand, studies on anaphora resolution in L2 learners of non-null-subject languages have shown conflicting results, indicating that L2 speakers may process referential expressions in the L2 like native speakers.Using a visual word paradigm task, we test the online processing of pronouns in highly proficient L2 speakers of English whose L1 is Spanish, and compare their performance to a group of native English speakers. The native speakers’ data show rapid use of the first mention bias (i.e., interpreting a pronoun towards the first-mentioned referent) and gender information upon encountering a gender ambiguous or unambiguous pronoun. For the L2 participants, we find similar underlying processes of pronoun resolution in comparison to native speakers. The results do not reveal a processing cost for L2 speakers of a non-null-subject language during anaphora resolution. Overall, our study demonstrates that L2 speakers of a non-null-subject language (English) can achieve native-like processing of the default referential form signaling topic continuity (i.e., the overt pronoun; Sorace 2011).",6.0,"Overall, our study demonstrates that L2 speakers of a non-null-subject language (English) can achieve native-like processing of the default referential form signaling topic continuity (i.e., the overt pronoun; Sorace 2011).",2.0,The default referential form signaling topic continuity is the overt pronoun (Sorace 2011).,TRUE,C,0.95,,L-Spec,0.05
glossa-5286-contemori,,"Studies on second language (L2) anaphora resolution have mainly focused on learners of null-subject languages, demonstrating that L2 speakers show residual indeterminacy in the L2 referential choice, even at the highest levels of proficiency. On the other hand, studies on anaphora resolution in L2 learners of non-null-subject languages have shown conflicting results, indicating that L2 speakers may process referential expressions in the L2 like native speakers.Using a visual word paradigm task, we test the online processing of pronouns in highly proficient L2 speakers of English whose L1 is Spanish, and compare their performance to a group of native English speakers. The native speakers’ data show rapid use of the first mention bias (i.e., interpreting a pronoun towards the first-mentioned referent) and gender information upon encountering a gender ambiguous or unambiguous pronoun. For the L2 participants, we find similar underlying processes of pronoun resolution in comparison to native speakers. The results do not reveal a processing cost for L2 speakers of a non-null-subject language during anaphora resolution. Overall, our study demonstrates that L2 speakers of a non-null-subject language (English) can achieve native-like processing of the default referential form signaling topic continuity (i.e., the overt pronoun; Sorace 2011).",6.0,"Overall, our study demonstrates that L2 speakers of a non-null-subject language (English) can achieve native-like processing of the default referential form signaling topic continuity (i.e., the overt pronoun; Sorace 2011).",3.0,The default referential form signaling topic continuity is the overt pronoun.,TRUE,L-Spec,0.95,English,C,0.05
glossa-5040-heffernan,,Showcasing the interaction of generative and emergent linguistic knowledge with case marker omission in spoken Japanese,1.0,Showcasing the interaction of generative and emergent linguistic knowledge with case marker omission in spoken Japanese,1.0,Case marker omission in spoken Japanese can showcase the interaction of generative and emergent linguistic knowledge,TRUE,L-Spec,0.85,Japanese,L-Theo,0.15
glossa-5040-heffernan,1 The emergent–generative debate,"Linguists are currently debating the nature of our grammatical knowledge. Many have argued that such knowledge is innate and that we use this knowledge to generate utterances; others have argued that grammatical knowledge emerges from linguistic experience, and that such knowledge forms exemplars for modeling novel utterances. Generative grammar advocates emphasize the way that utterances are generated by combining individual words as needed (Hauser et al. 2002; Newmeyer 2010, and many others). In contrast, emergent grammar advocates emphasize that prefabricated sequences of abstract and concrete linguistic forms are recycled (Thompson 2002; Ellis 2008; Beckner et al. 2009; Bybee 2010; Dąbrowska 2014, and many others; see MacWhinney & O’Grady 2015 and references therein).",,Linguists are currently debating the nature of our grammatical knowledge.,1.0,Linguists are currently debating the nature of grammatical knowledge.,TRUE,S,0.9,,C,0.1
glossa-5040-heffernan,1 The emergent–generative debate,"Linguists are currently debating the nature of our grammatical knowledge. Many have argued that such knowledge is innate and that we use this knowledge to generate utterances; others have argued that grammatical knowledge emerges from linguistic experience, and that such knowledge forms exemplars for modeling novel utterances. Generative grammar advocates emphasize the way that utterances are generated by combining individual words as needed (Hauser et al. 2002; Newmeyer 2010, and many others). In contrast, emergent grammar advocates emphasize that prefabricated sequences of abstract and concrete linguistic forms are recycled (Thompson 2002; Ellis 2008; Beckner et al. 2009; Bybee 2010; Dąbrowska 2014, and many others; see MacWhinney & O’Grady 2015 and references therein).",2.0,"Many have argued that such knowledge is innate and that we use this knowledge to generate utterances; others have argued that grammatical knowledge emerges from linguistic experience, and that such knowledge forms exemplars for modeling novel utterances.",1.0,Many linguists have argued that grammatical knowledge is innate.,TRUE,S,0.95,,C,0.05
glossa-5040-heffernan,1 The emergent–generative debate,"Linguists are currently debating the nature of our grammatical knowledge. Many have argued that such knowledge is innate and that we use this knowledge to generate utterances; others have argued that grammatical knowledge emerges from linguistic experience, and that such knowledge forms exemplars for modeling novel utterances. Generative grammar advocates emphasize the way that utterances are generated by combining individual words as needed (Hauser et al. 2002; Newmeyer 2010, and many others). In contrast, emergent grammar advocates emphasize that prefabricated sequences of abstract and concrete linguistic forms are recycled (Thompson 2002; Ellis 2008; Beckner et al. 2009; Bybee 2010; Dąbrowska 2014, and many others; see MacWhinney & O’Grady 2015 and references therein).",2.0,"Many have argued that such knowledge is innate and that we use this knowledge to generate utterances; others have argued that grammatical knowledge emerges from linguistic experience, and that such knowledge forms exemplars for modeling novel utterances.",2.0,Many linguists have argued that grammatical knowledge is used to generate utterances.,TRUE,S,0.95,,C,0.05
glossa-5040-heffernan,1 The emergent–generative debate,"Linguists are currently debating the nature of our grammatical knowledge. Many have argued that such knowledge is innate and that we use this knowledge to generate utterances; others have argued that grammatical knowledge emerges from linguistic experience, and that such knowledge forms exemplars for modeling novel utterances. Generative grammar advocates emphasize the way that utterances are generated by combining individual words as needed (Hauser et al. 2002; Newmeyer 2010, and many others). In contrast, emergent grammar advocates emphasize that prefabricated sequences of abstract and concrete linguistic forms are recycled (Thompson 2002; Ellis 2008; Beckner et al. 2009; Bybee 2010; Dąbrowska 2014, and many others; see MacWhinney & O’Grady 2015 and references therein).",2.0,"Many have argued that such knowledge is innate and that we use this knowledge to generate utterances; others have argued that grammatical knowledge emerges from linguistic experience, and that such knowledge forms exemplars for modeling novel utterances.",3.0,Linguists have argued that grammatical knowledge emerges from linguistic experience.,TRUE,S,0.95,,C,0.05
glossa-5040-heffernan,1 The emergent–generative debate,"Linguists are currently debating the nature of our grammatical knowledge. Many have argued that such knowledge is innate and that we use this knowledge to generate utterances; others have argued that grammatical knowledge emerges from linguistic experience, and that such knowledge forms exemplars for modeling novel utterances. Generative grammar advocates emphasize the way that utterances are generated by combining individual words as needed (Hauser et al. 2002; Newmeyer 2010, and many others). In contrast, emergent grammar advocates emphasize that prefabricated sequences of abstract and concrete linguistic forms are recycled (Thompson 2002; Ellis 2008; Beckner et al. 2009; Bybee 2010; Dąbrowska 2014, and many others; see MacWhinney & O’Grady 2015 and references therein).",2.0,"Many have argued that such knowledge is innate and that we use this knowledge to generate utterances; others have argued that grammatical knowledge emerges from linguistic experience, and that such knowledge forms exemplars for modeling novel utterances.",4.0,Linguists have argued that grammatical knowledge forms exemplars for modeling novel utterances.,TRUE,S,0.95,,C,0.05
glossa-5040-heffernan,1 The emergent–generative debate,"Linguists are currently debating the nature of our grammatical knowledge. Many have argued that such knowledge is innate and that we use this knowledge to generate utterances; others have argued that grammatical knowledge emerges from linguistic experience, and that such knowledge forms exemplars for modeling novel utterances. Generative grammar advocates emphasize the way that utterances are generated by combining individual words as needed (Hauser et al. 2002; Newmeyer 2010, and many others). In contrast, emergent grammar advocates emphasize that prefabricated sequences of abstract and concrete linguistic forms are recycled (Thompson 2002; Ellis 2008; Beckner et al. 2009; Bybee 2010; Dąbrowska 2014, and many others; see MacWhinney & O’Grady 2015 and references therein).",3.0,"Generative grammar advocates emphasize the way that utterances are generated by combining individual words as needed (Hauser et al. 2002; Newmeyer 2010, and many others).",1.0,"Generative grammar advocates emphasize that utterances are generated by combining individual words as needed (Hauser et al. 2002; Newmeyer 2010, and many others).",TRUE,C,0.95,,L-Theo,0.05
glossa-5040-heffernan,1 The emergent–generative debate,"Linguists are currently debating the nature of our grammatical knowledge. Many have argued that such knowledge is innate and that we use this knowledge to generate utterances; others have argued that grammatical knowledge emerges from linguistic experience, and that such knowledge forms exemplars for modeling novel utterances. Generative grammar advocates emphasize the way that utterances are generated by combining individual words as needed (Hauser et al. 2002; Newmeyer 2010, and many others). In contrast, emergent grammar advocates emphasize that prefabricated sequences of abstract and concrete linguistic forms are recycled (Thompson 2002; Ellis 2008; Beckner et al. 2009; Bybee 2010; Dąbrowska 2014, and many others; see MacWhinney & O’Grady 2015 and references therein).",3.0,"Generative grammar advocates emphasize the way that utterances are generated by combining individual words as needed (Hauser et al. 2002; Newmeyer 2010, and many others).",2.0,Generative grammar advocates emphasize that utterances are generated by combining individual words as needed.,TRUE,S,0.9,,C,0.1
glossa-5040-heffernan,1 The emergent–generative debate,"Linguists are currently debating the nature of our grammatical knowledge. Many have argued that such knowledge is innate and that we use this knowledge to generate utterances; others have argued that grammatical knowledge emerges from linguistic experience, and that such knowledge forms exemplars for modeling novel utterances. Generative grammar advocates emphasize the way that utterances are generated by combining individual words as needed (Hauser et al. 2002; Newmeyer 2010, and many others). In contrast, emergent grammar advocates emphasize that prefabricated sequences of abstract and concrete linguistic forms are recycled (Thompson 2002; Ellis 2008; Beckner et al. 2009; Bybee 2010; Dąbrowska 2014, and many others; see MacWhinney & O’Grady 2015 and references therein).",4.0,"In contrast, emergent grammar advocates emphasize that prefabricated sequences of abstract and concrete linguistic forms are recycled (Thompson 2002; Ellis 2008; Beckner et al. 2009; Bybee 2010; Dąbrowska 2014, and many others; see MacWhinney & O’Grady 2015 and references therein).",1.0,"Emergent grammar advocates emphasize that prefabricated sequences of abstract and concrete linguistic forms are recycled (Thompson 2002; Ellis 2008; Beckner et al. 2009; Bybee 2010; Dąbrowska 2014, and many others; see MacWhinney & O’Grady 2015 and references therein).",TRUE,C,0.95,,S,0.05
glossa-5040-heffernan,1 The emergent–generative debate,"Linguists are currently debating the nature of our grammatical knowledge. Many have argued that such knowledge is innate and that we use this knowledge to generate utterances; others have argued that grammatical knowledge emerges from linguistic experience, and that such knowledge forms exemplars for modeling novel utterances. Generative grammar advocates emphasize the way that utterances are generated by combining individual words as needed (Hauser et al. 2002; Newmeyer 2010, and many others). In contrast, emergent grammar advocates emphasize that prefabricated sequences of abstract and concrete linguistic forms are recycled (Thompson 2002; Ellis 2008; Beckner et al. 2009; Bybee 2010; Dąbrowska 2014, and many others; see MacWhinney & O’Grady 2015 and references therein).",4.0,"In contrast, emergent grammar advocates emphasize that prefabricated sequences of abstract and concrete linguistic forms are recycled (Thompson 2002; Ellis 2008; Beckner et al. 2009; Bybee 2010; Dąbrowska 2014, and many others; see MacWhinney & O’Grady 2015 and references therein).",2.0,Emergent grammar advocates emphasize that prefabricated sequences of abstract and concrete linguistic forms are recycled.,TRUE,S,0.9,,C,0.1
glossa-5040-heffernan,1 The emergent–generative debate,"Consider Dąbrowska’s (2010) example (9a), repeated here as (1a). This sentence illustrates the long-distance dependency between the wh word in the main clause and the trace in the object position for the verb do in the subordinate clause. Dąbrowska points out that word choice in sentences with long-distance dependencies in natural conversation is constrained; that is, the main clause auxiliary in such sentences is do over 90% of the time, the subject is you about 90% of the time, and the verb is think or say about 90% of the time. Dąbrowska gave several more examples that illustrated these tendencies, and we have repeated two of them as (1b) and (1c). She concludes that utterances with long-distance dependencies followed specific templates most of the time, and emerged frequently because “they are psychologically more basic than non-prototypical ones… prototypical questions are produced more fluently, judged to be more acceptable, remembered better and acquired earlier by children” (Dąbrowska 2010: 63).",1.0,"Consider Dąbrowska’s (2010) example (9a), repeated here as (1a).  This sentence illustrates the long-distance dependency between the wh word in the main clause and the trace in the object position for the verb do in the subordinate clause.",1.0,Dąbrowska’s (2010) example (9a) illustrates the long-distance dependency between the wh-word in the main clause and the trace in the object position for the verb 'do' in the subordinate clause.,TRUE,C,0.95,,L-Theo,0.05
glossa-5040-heffernan,1 The emergent–generative debate,"Consider Dąbrowska’s (2010) example (9a), repeated here as (1a). This sentence illustrates the long-distance dependency between the wh word in the main clause and the trace in the object position for the verb do in the subordinate clause. Dąbrowska points out that word choice in sentences with long-distance dependencies in natural conversation is constrained; that is, the main clause auxiliary in such sentences is do over 90% of the time, the subject is you about 90% of the time, and the verb is think or say about 90% of the time. Dąbrowska gave several more examples that illustrated these tendencies, and we have repeated two of them as (1b) and (1c). She concludes that utterances with long-distance dependencies followed specific templates most of the time, and emerged frequently because “they are psychologically more basic than non-prototypical ones… prototypical questions are produced more fluently, judged to be more acceptable, remembered better and acquired earlier by children” (Dąbrowska 2010: 63).",1.0,"Consider Dąbrowska’s (2010) example (9a), repeated here as (1a).  This sentence illustrates the long-distance dependency between the wh word in the main clause and the trace in the object position for the verb do in the subordinate clause.",2.0,The example (1a) is example (9a) in Dąbrowska (2010),TRUE,S,0.99,,C,0.01
glossa-5040-heffernan,1 The emergent–generative debate,"Consider Dąbrowska’s (2010) example (9a), repeated here as (1a). This sentence illustrates the long-distance dependency between the wh word in the main clause and the trace in the object position for the verb do in the subordinate clause. Dąbrowska points out that word choice in sentences with long-distance dependencies in natural conversation is constrained; that is, the main clause auxiliary in such sentences is do over 90% of the time, the subject is you about 90% of the time, and the verb is think or say about 90% of the time. Dąbrowska gave several more examples that illustrated these tendencies, and we have repeated two of them as (1b) and (1c). She concludes that utterances with long-distance dependencies followed specific templates most of the time, and emerged frequently because “they are psychologically more basic than non-prototypical ones… prototypical questions are produced more fluently, judged to be more acceptable, remembered better and acquired earlier by children” (Dąbrowska 2010: 63).",1.0,"Consider Dąbrowska’s (2010) example (9a), repeated here as (1a).  This sentence illustrates the long-distance dependency between the wh word in the main clause and the trace in the object position for the verb do in the subordinate clause.",3.0,There can be a long-distance dependency between the wh-word in the main clause and the trace in the object position for the verb 'do' in the subordinate clause.,TRUE,L-Theo,0.9,,C,0.1
glossa-5040-heffernan,1 The emergent–generative debate,"Consider Dąbrowska’s (2010) example (9a), repeated here as (1a). This sentence illustrates the long-distance dependency between the wh word in the main clause and the trace in the object position for the verb do in the subordinate clause. Dąbrowska points out that word choice in sentences with long-distance dependencies in natural conversation is constrained; that is, the main clause auxiliary in such sentences is do over 90% of the time, the subject is you about 90% of the time, and the verb is think or say about 90% of the time. Dąbrowska gave several more examples that illustrated these tendencies, and we have repeated two of them as (1b) and (1c). She concludes that utterances with long-distance dependencies followed specific templates most of the time, and emerged frequently because “they are psychologically more basic than non-prototypical ones… prototypical questions are produced more fluently, judged to be more acceptable, remembered better and acquired earlier by children” (Dąbrowska 2010: 63).",2.0,"Dąbrowska points out that word choice in sentences with long-distance dependencies in natural conversation is constrained; that is, the main clause auxiliary in such sentences is do over 90% of the time, the subject is you about 90% of the time, and the verb is think or say about 90% of the time.",1.0,Dąbrowska (2010) points out that word choice in sentences with long-distance dependencies in natural conversation is constrained.,TRUE,C,0.95,,L-Spec,0.05
glossa-5040-heffernan,1 The emergent–generative debate,"Consider Dąbrowska’s (2010) example (9a), repeated here as (1a). This sentence illustrates the long-distance dependency between the wh word in the main clause and the trace in the object position for the verb do in the subordinate clause. Dąbrowska points out that word choice in sentences with long-distance dependencies in natural conversation is constrained; that is, the main clause auxiliary in such sentences is do over 90% of the time, the subject is you about 90% of the time, and the verb is think or say about 90% of the time. Dąbrowska gave several more examples that illustrated these tendencies, and we have repeated two of them as (1b) and (1c). She concludes that utterances with long-distance dependencies followed specific templates most of the time, and emerged frequently because “they are psychologically more basic than non-prototypical ones… prototypical questions are produced more fluently, judged to be more acceptable, remembered better and acquired earlier by children” (Dąbrowska 2010: 63).",2.0,"Dąbrowska points out that word choice in sentences with long-distance dependencies in natural conversation is constrained; that is, the main clause auxiliary in such sentences is do over 90% of the time, the subject is you about 90% of the time, and the verb is think or say about 90% of the time.",2.0,Word choice in sentences with long-distance dependencies in natural conversation is constrained.,TRUE,L-Spec,0.9,English,C,0.1
glossa-5040-heffernan,1 The emergent–generative debate,"Consider Dąbrowska’s (2010) example (9a), repeated here as (1a). This sentence illustrates the long-distance dependency between the wh word in the main clause and the trace in the object position for the verb do in the subordinate clause. Dąbrowska points out that word choice in sentences with long-distance dependencies in natural conversation is constrained; that is, the main clause auxiliary in such sentences is do over 90% of the time, the subject is you about 90% of the time, and the verb is think or say about 90% of the time. Dąbrowska gave several more examples that illustrated these tendencies, and we have repeated two of them as (1b) and (1c). She concludes that utterances with long-distance dependencies followed specific templates most of the time, and emerged frequently because “they are psychologically more basic than non-prototypical ones… prototypical questions are produced more fluently, judged to be more acceptable, remembered better and acquired earlier by children” (Dąbrowska 2010: 63).",2.0,"Dąbrowska points out that word choice in sentences with long-distance dependencies in natural conversation is constrained; that is, the main clause auxiliary in such sentences is do over 90% of the time, the subject is you about 90% of the time, and the verb is think or say about 90% of the time.",3.0,Dąbrowska (2010) points out that the main clause auxiliary in sentences with long-distance dependencies in natural conversation is 'do' over 90% of the time.,TRUE,C,0.95,,L-Spec,0.05
glossa-5040-heffernan,1 The emergent–generative debate,"Consider Dąbrowska’s (2010) example (9a), repeated here as (1a). This sentence illustrates the long-distance dependency between the wh word in the main clause and the trace in the object position for the verb do in the subordinate clause. Dąbrowska points out that word choice in sentences with long-distance dependencies in natural conversation is constrained; that is, the main clause auxiliary in such sentences is do over 90% of the time, the subject is you about 90% of the time, and the verb is think or say about 90% of the time. Dąbrowska gave several more examples that illustrated these tendencies, and we have repeated two of them as (1b) and (1c). She concludes that utterances with long-distance dependencies followed specific templates most of the time, and emerged frequently because “they are psychologically more basic than non-prototypical ones… prototypical questions are produced more fluently, judged to be more acceptable, remembered better and acquired earlier by children” (Dąbrowska 2010: 63).",2.0,"Dąbrowska points out that word choice in sentences with long-distance dependencies in natural conversation is constrained; that is, the main clause auxiliary in such sentences is do over 90% of the time, the subject is you about 90% of the time, and the verb is think or say about 90% of the time.",4.0,The main clause auxiliary in sentences with long-distance dependencies in natural conversation is 'do' over 90% of the time.,TRUE,L-Spec,0.9,English,C,0.1
glossa-5040-heffernan,1 The emergent–generative debate,"Consider Dąbrowska’s (2010) example (9a), repeated here as (1a). This sentence illustrates the long-distance dependency between the wh word in the main clause and the trace in the object position for the verb do in the subordinate clause. Dąbrowska points out that word choice in sentences with long-distance dependencies in natural conversation is constrained; that is, the main clause auxiliary in such sentences is do over 90% of the time, the subject is you about 90% of the time, and the verb is think or say about 90% of the time. Dąbrowska gave several more examples that illustrated these tendencies, and we have repeated two of them as (1b) and (1c). She concludes that utterances with long-distance dependencies followed specific templates most of the time, and emerged frequently because “they are psychologically more basic than non-prototypical ones… prototypical questions are produced more fluently, judged to be more acceptable, remembered better and acquired earlier by children” (Dąbrowska 2010: 63).",2.0,"Dąbrowska points out that word choice in sentences with long-distance dependencies in natural conversation is constrained; that is, the main clause auxiliary in such sentences is do over 90% of the time, the subject is you about 90% of the time, and the verb is think or say about 90% of the time.",5.0,Dąbrowska (2010) points out that the subject in sentences with long-distance dependencies in natural conversation is 'you' about 90% of the time.,TRUE,C,0.99,,L-Spec,0.01
glossa-5040-heffernan,1 The emergent–generative debate,"Consider Dąbrowska’s (2010) example (9a), repeated here as (1a). This sentence illustrates the long-distance dependency between the wh word in the main clause and the trace in the object position for the verb do in the subordinate clause. Dąbrowska points out that word choice in sentences with long-distance dependencies in natural conversation is constrained; that is, the main clause auxiliary in such sentences is do over 90% of the time, the subject is you about 90% of the time, and the verb is think or say about 90% of the time. Dąbrowska gave several more examples that illustrated these tendencies, and we have repeated two of them as (1b) and (1c). She concludes that utterances with long-distance dependencies followed specific templates most of the time, and emerged frequently because “they are psychologically more basic than non-prototypical ones… prototypical questions are produced more fluently, judged to be more acceptable, remembered better and acquired earlier by children” (Dąbrowska 2010: 63).",2.0,"Dąbrowska points out that word choice in sentences with long-distance dependencies in natural conversation is constrained; that is, the main clause auxiliary in such sentences is do over 90% of the time, the subject is you about 90% of the time, and the verb is think or say about 90% of the time.",6.0,The subject in sentences with long-distance dependencies in natural conversation is 'you' about 90% of the time.,TRUE,L-Spec,0.95,English,C,0.05
glossa-5040-heffernan,1 The emergent–generative debate,"Consider Dąbrowska’s (2010) example (9a), repeated here as (1a). This sentence illustrates the long-distance dependency between the wh word in the main clause and the trace in the object position for the verb do in the subordinate clause. Dąbrowska points out that word choice in sentences with long-distance dependencies in natural conversation is constrained; that is, the main clause auxiliary in such sentences is do over 90% of the time, the subject is you about 90% of the time, and the verb is think or say about 90% of the time. Dąbrowska gave several more examples that illustrated these tendencies, and we have repeated two of them as (1b) and (1c). She concludes that utterances with long-distance dependencies followed specific templates most of the time, and emerged frequently because “they are psychologically more basic than non-prototypical ones… prototypical questions are produced more fluently, judged to be more acceptable, remembered better and acquired earlier by children” (Dąbrowska 2010: 63).",2.0,"Dąbrowska points out that word choice in sentences with long-distance dependencies in natural conversation is constrained; that is, the main clause auxiliary in such sentences is do over 90% of the time, the subject is you about 90% of the time, and the verb is think or say about 90% of the time.",7.0,Dąbrowska (2010) points out that the verb in sentences with long-distance dependencies in natural conversation is 'think' or 'say' about 90% of the time.,TRUE,C,0.99,,L-Spec,0.01
glossa-5040-heffernan,1 The emergent–generative debate,"Consider Dąbrowska’s (2010) example (9a), repeated here as (1a). This sentence illustrates the long-distance dependency between the wh word in the main clause and the trace in the object position for the verb do in the subordinate clause. Dąbrowska points out that word choice in sentences with long-distance dependencies in natural conversation is constrained; that is, the main clause auxiliary in such sentences is do over 90% of the time, the subject is you about 90% of the time, and the verb is think or say about 90% of the time. Dąbrowska gave several more examples that illustrated these tendencies, and we have repeated two of them as (1b) and (1c). She concludes that utterances with long-distance dependencies followed specific templates most of the time, and emerged frequently because “they are psychologically more basic than non-prototypical ones… prototypical questions are produced more fluently, judged to be more acceptable, remembered better and acquired earlier by children” (Dąbrowska 2010: 63).",2.0,"Dąbrowska points out that word choice in sentences with long-distance dependencies in natural conversation is constrained; that is, the main clause auxiliary in such sentences is do over 90% of the time, the subject is you about 90% of the time, and the verb is think or say about 90% of the time.",8.0,The verb in sentences with long-distance dependencies in natural conversation is 'think' or 'say' about 90% of the time.,TRUE,L-Spec,0.95,English,C,0.05
glossa-5040-heffernan,1 The emergent–generative debate,"Consider Dąbrowska’s (2010) example (9a), repeated here as (1a). This sentence illustrates the long-distance dependency between the wh word in the main clause and the trace in the object position for the verb do in the subordinate clause. Dąbrowska points out that word choice in sentences with long-distance dependencies in natural conversation is constrained; that is, the main clause auxiliary in such sentences is do over 90% of the time, the subject is you about 90% of the time, and the verb is think or say about 90% of the time. Dąbrowska gave several more examples that illustrated these tendencies, and we have repeated two of them as (1b) and (1c). She concludes that utterances with long-distance dependencies followed specific templates most of the time, and emerged frequently because “they are psychologically more basic than non-prototypical ones… prototypical questions are produced more fluently, judged to be more acceptable, remembered better and acquired earlier by children” (Dąbrowska 2010: 63).",3.0,"Dąbrowska gave several more examples that illustrated these tendencies, and we have repeated two of them as (1b) and (1c).",1.0,"Dąbrowska (2010) gave examples that illustrated the tendencies for word choice (main clause auxiliary 'do', subject 'you', verb 'think' or 'say') in sentences with long-distance dependencies in natural conversation.",TRUE,C,0.99,,S,0.01
glossa-5040-heffernan,1 The emergent–generative debate,"Consider Dąbrowska’s (2010) example (9a), repeated here as (1a). This sentence illustrates the long-distance dependency between the wh word in the main clause and the trace in the object position for the verb do in the subordinate clause. Dąbrowska points out that word choice in sentences with long-distance dependencies in natural conversation is constrained; that is, the main clause auxiliary in such sentences is do over 90% of the time, the subject is you about 90% of the time, and the verb is think or say about 90% of the time. Dąbrowska gave several more examples that illustrated these tendencies, and we have repeated two of them as (1b) and (1c). She concludes that utterances with long-distance dependencies followed specific templates most of the time, and emerged frequently because “they are psychologically more basic than non-prototypical ones… prototypical questions are produced more fluently, judged to be more acceptable, remembered better and acquired earlier by children” (Dąbrowska 2010: 63).",3.0,"Dąbrowska gave several more examples that illustrated these tendencies, and we have repeated two of them as (1b) and (1c).",2.0,"The tendencies for word choice (main clause auxiliary 'do', subject 'you', verb 'think' or 'say') in sentences with long-distance dependencies in natural conversation can be ilustrated with examples.",TRUE,S,0.95,,L-Spec,0.05
glossa-5040-heffernan,1 The emergent–generative debate,"Consider Dąbrowska’s (2010) example (9a), repeated here as (1a). This sentence illustrates the long-distance dependency between the wh word in the main clause and the trace in the object position for the verb do in the subordinate clause. Dąbrowska points out that word choice in sentences with long-distance dependencies in natural conversation is constrained; that is, the main clause auxiliary in such sentences is do over 90% of the time, the subject is you about 90% of the time, and the verb is think or say about 90% of the time. Dąbrowska gave several more examples that illustrated these tendencies, and we have repeated two of them as (1b) and (1c). She concludes that utterances with long-distance dependencies followed specific templates most of the time, and emerged frequently because “they are psychologically more basic than non-prototypical ones… prototypical questions are produced more fluently, judged to be more acceptable, remembered better and acquired earlier by children” (Dąbrowska 2010: 63).",3.0,"Dąbrowska gave several more examples that illustrated these tendencies, and we have repeated two of them as (1b) and (1c).",3.0,The authors of this article have repeated two of Dąbrowska's (2010) examples (1b) and (1c).,TRUE,S,0.99,,C,0.01
glossa-5040-heffernan,1 The emergent–generative debate,"Consider Dąbrowska’s (2010) example (9a), repeated here as (1a). This sentence illustrates the long-distance dependency between the wh word in the main clause and the trace in the object position for the verb do in the subordinate clause. Dąbrowska points out that word choice in sentences with long-distance dependencies in natural conversation is constrained; that is, the main clause auxiliary in such sentences is do over 90% of the time, the subject is you about 90% of the time, and the verb is think or say about 90% of the time. Dąbrowska gave several more examples that illustrated these tendencies, and we have repeated two of them as (1b) and (1c). She concludes that utterances with long-distance dependencies followed specific templates most of the time, and emerged frequently because “they are psychologically more basic than non-prototypical ones… prototypical questions are produced more fluently, judged to be more acceptable, remembered better and acquired earlier by children” (Dąbrowska 2010: 63).",4.0,"She concludes that utterances with long-distance dependencies followed specific templates most of the time, and emerged frequently because “they are psychologically more basic than non-prototypical ones… prototypical questions are produced more fluently, judged to be more acceptable, remembered better and acquired earlier by children” (Dąbrowska 2010: 63).",1.0,Dąbrowska (2010) states that utterances with long-distance dependencies followed specific templates most of the time.,TRUE,C,0.99,,L-Spec,0.01
glossa-5040-heffernan,1 The emergent–generative debate,"Consider Dąbrowska’s (2010) example (9a), repeated here as (1a). This sentence illustrates the long-distance dependency between the wh word in the main clause and the trace in the object position for the verb do in the subordinate clause. Dąbrowska points out that word choice in sentences with long-distance dependencies in natural conversation is constrained; that is, the main clause auxiliary in such sentences is do over 90% of the time, the subject is you about 90% of the time, and the verb is think or say about 90% of the time. Dąbrowska gave several more examples that illustrated these tendencies, and we have repeated two of them as (1b) and (1c). She concludes that utterances with long-distance dependencies followed specific templates most of the time, and emerged frequently because “they are psychologically more basic than non-prototypical ones… prototypical questions are produced more fluently, judged to be more acceptable, remembered better and acquired earlier by children” (Dąbrowska 2010: 63).",4.0,"She concludes that utterances with long-distance dependencies followed specific templates most of the time, and emerged frequently because “they are psychologically more basic than non-prototypical ones… prototypical questions are produced more fluently, judged to be more acceptable, remembered better and acquired earlier by children” (Dąbrowska 2010: 63).",2.0,Utterances with long-distance dependencies followed specific templates most of the time.,TRUE,L-Spec,0.95,English,C,0.05
glossa-5040-heffernan,1 The emergent–generative debate,"Consider Dąbrowska’s (2010) example (9a), repeated here as (1a). This sentence illustrates the long-distance dependency between the wh word in the main clause and the trace in the object position for the verb do in the subordinate clause. Dąbrowska points out that word choice in sentences with long-distance dependencies in natural conversation is constrained; that is, the main clause auxiliary in such sentences is do over 90% of the time, the subject is you about 90% of the time, and the verb is think or say about 90% of the time. Dąbrowska gave several more examples that illustrated these tendencies, and we have repeated two of them as (1b) and (1c). She concludes that utterances with long-distance dependencies followed specific templates most of the time, and emerged frequently because “they are psychologically more basic than non-prototypical ones… prototypical questions are produced more fluently, judged to be more acceptable, remembered better and acquired earlier by children” (Dąbrowska 2010: 63).",4.0,"She concludes that utterances with long-distance dependencies followed specific templates most of the time, and emerged frequently because “they are psychologically more basic than non-prototypical ones… prototypical questions are produced more fluently, judged to be more acceptable, remembered better and acquired earlier by children” (Dąbrowska 2010: 63).",3.0,"Dąbrowska (2010) states that utterances with long-distance dependencies emerged frequently because  “they are psychologically more basic than non-prototypical ones… prototypical questions are produced more fluently, judged to be more acceptable, remembered better and acquired earlier by children” (Dąbrowska 2010: 63).",TRUE,C,0.99,,L-Theo,0.01
glossa-5040-heffernan,1 The emergent–generative debate,"Consider Dąbrowska’s (2010) example (9a), repeated here as (1a). This sentence illustrates the long-distance dependency between the wh word in the main clause and the trace in the object position for the verb do in the subordinate clause. Dąbrowska points out that word choice in sentences with long-distance dependencies in natural conversation is constrained; that is, the main clause auxiliary in such sentences is do over 90% of the time, the subject is you about 90% of the time, and the verb is think or say about 90% of the time. Dąbrowska gave several more examples that illustrated these tendencies, and we have repeated two of them as (1b) and (1c). She concludes that utterances with long-distance dependencies followed specific templates most of the time, and emerged frequently because “they are psychologically more basic than non-prototypical ones… prototypical questions are produced more fluently, judged to be more acceptable, remembered better and acquired earlier by children” (Dąbrowska 2010: 63).",4.0,"She concludes that utterances with long-distance dependencies followed specific templates most of the time, and emerged frequently because “they are psychologically more basic than non-prototypical ones… prototypical questions are produced more fluently, judged to be more acceptable, remembered better and acquired earlier by children” (Dąbrowska 2010: 63).",4.0,Utterances with long-distance dependencies emerged frequently because they are psychologically more basic than non-prototypical ones.,TRUE,L-Theo,0.95,,C,0.05
glossa-5040-heffernan,1 The emergent–generative debate,"Consider Dąbrowska’s (2010) example (9a), repeated here as (1a). This sentence illustrates the long-distance dependency between the wh word in the main clause and the trace in the object position for the verb do in the subordinate clause. Dąbrowska points out that word choice in sentences with long-distance dependencies in natural conversation is constrained; that is, the main clause auxiliary in such sentences is do over 90% of the time, the subject is you about 90% of the time, and the verb is think or say about 90% of the time. Dąbrowska gave several more examples that illustrated these tendencies, and we have repeated two of them as (1b) and (1c). She concludes that utterances with long-distance dependencies followed specific templates most of the time, and emerged frequently because “they are psychologically more basic than non-prototypical ones… prototypical questions are produced more fluently, judged to be more acceptable, remembered better and acquired earlier by children” (Dąbrowska 2010: 63).",4.0,"She concludes that utterances with long-distance dependencies followed specific templates most of the time, and emerged frequently because “they are psychologically more basic than non-prototypical ones… prototypical questions are produced more fluently, judged to be more acceptable, remembered better and acquired earlier by children” (Dąbrowska 2010: 63).",5.0,Prototypical questions are produced more fluently.,TRUE,L-Theo,0.95,,C,0.05
glossa-5040-heffernan,1 The emergent–generative debate,"Consider Dąbrowska’s (2010) example (9a), repeated here as (1a). This sentence illustrates the long-distance dependency between the wh word in the main clause and the trace in the object position for the verb do in the subordinate clause. Dąbrowska points out that word choice in sentences with long-distance dependencies in natural conversation is constrained; that is, the main clause auxiliary in such sentences is do over 90% of the time, the subject is you about 90% of the time, and the verb is think or say about 90% of the time. Dąbrowska gave several more examples that illustrated these tendencies, and we have repeated two of them as (1b) and (1c). She concludes that utterances with long-distance dependencies followed specific templates most of the time, and emerged frequently because “they are psychologically more basic than non-prototypical ones… prototypical questions are produced more fluently, judged to be more acceptable, remembered better and acquired earlier by children” (Dąbrowska 2010: 63).",4.0,"She concludes that utterances with long-distance dependencies followed specific templates most of the time, and emerged frequently because “they are psychologically more basic than non-prototypical ones… prototypical questions are produced more fluently, judged to be more acceptable, remembered better and acquired earlier by children” (Dąbrowska 2010: 63).",6.0,Prototypical questions are judged to be more acceptable.,TRUE,L-Theo,0.95,,C,0.05
glossa-5040-heffernan,1 The emergent–generative debate,"Consider Dąbrowska’s (2010) example (9a), repeated here as (1a). This sentence illustrates the long-distance dependency between the wh word in the main clause and the trace in the object position for the verb do in the subordinate clause. Dąbrowska points out that word choice in sentences with long-distance dependencies in natural conversation is constrained; that is, the main clause auxiliary in such sentences is do over 90% of the time, the subject is you about 90% of the time, and the verb is think or say about 90% of the time. Dąbrowska gave several more examples that illustrated these tendencies, and we have repeated two of them as (1b) and (1c). She concludes that utterances with long-distance dependencies followed specific templates most of the time, and emerged frequently because “they are psychologically more basic than non-prototypical ones… prototypical questions are produced more fluently, judged to be more acceptable, remembered better and acquired earlier by children” (Dąbrowska 2010: 63).",4.0,"She concludes that utterances with long-distance dependencies followed specific templates most of the time, and emerged frequently because “they are psychologically more basic than non-prototypical ones… prototypical questions are produced more fluently, judged to be more acceptable, remembered better and acquired earlier by children” (Dąbrowska 2010: 63).",7.0,Prototypical questions are remembered better.,TRUE,L-Theo,0.95,,C,0.05
glossa-5040-heffernan,1 The emergent–generative debate,"Consider Dąbrowska’s (2010) example (9a), repeated here as (1a). This sentence illustrates the long-distance dependency between the wh word in the main clause and the trace in the object position for the verb do in the subordinate clause. Dąbrowska points out that word choice in sentences with long-distance dependencies in natural conversation is constrained; that is, the main clause auxiliary in such sentences is do over 90% of the time, the subject is you about 90% of the time, and the verb is think or say about 90% of the time. Dąbrowska gave several more examples that illustrated these tendencies, and we have repeated two of them as (1b) and (1c). She concludes that utterances with long-distance dependencies followed specific templates most of the time, and emerged frequently because “they are psychologically more basic than non-prototypical ones… prototypical questions are produced more fluently, judged to be more acceptable, remembered better and acquired earlier by children” (Dąbrowska 2010: 63).",4.0,"She concludes that utterances with long-distance dependencies followed specific templates most of the time, and emerged frequently because “they are psychologically more basic than non-prototypical ones… prototypical questions are produced more fluently, judged to be more acceptable, remembered better and acquired earlier by children” (Dąbrowska 2010: 63).",8.0,Prototypical questions are acquired earlier by children.,TRUE,L-Theo,0.95,,C,0.05
glossa-5217-bîlbîie,Title and Abstract,"This paper discusses the No Embedding Constraint, considered to be a strong syntactic constraint on gapping and a diagnostic for this ellipsis type. As shown by two acceptability judgments tasks in Spanish, the assumptions related to the No Embedding Constraint are not borne out by our experimental results. Embedded gapping is acceptable in Spanish, and seems to be governed by a (more general) semantic constraint. Specifically, some predicates embed more easily than others, confirming, on the one hand, the asymmetry between non-factive and factive predicates, and, on the other hand, the dichotomy between semi-factive and true factive predicates. Embedded gapping and embedded coordinated clauses in general are thus sensitive to the semantic class of the embedding predicate. We argue that our data on embedded gapping in Spanish constitute a challenge for any Small Conjunct Gapping approach (in terms of subclausal/low coordination) and give support to a Large Conjunct Gapping approach (in terms of clausal/high coordination). In this paper, we adopt a constructional fragment-based analysis of gapping, which treats non-embedded and embedded gapping uniformly. More generally, this paper suggests that gapping is more similar to other ellipsis types than has been traditionally assumed.",1.0,"This paper discusses the No Embedding Constraint, considered to be a strong syntactic constraint on gapping and a diagnostic for this ellipsis type.",1.0,The No Embedding Constraint is considered to be a strong syntactic constraint on gapping.,TRUE,L-Theo,0.95,,C,0.05
glossa-5217-bîlbîie,Title and Abstract,"This paper discusses the No Embedding Constraint, considered to be a strong syntactic constraint on gapping and a diagnostic for this ellipsis type. As shown by two acceptability judgments tasks in Spanish, the assumptions related to the No Embedding Constraint are not borne out by our experimental results. Embedded gapping is acceptable in Spanish, and seems to be governed by a (more general) semantic constraint. Specifically, some predicates embed more easily than others, confirming, on the one hand, the asymmetry between non-factive and factive predicates, and, on the other hand, the dichotomy between semi-factive and true factive predicates. Embedded gapping and embedded coordinated clauses in general are thus sensitive to the semantic class of the embedding predicate. We argue that our data on embedded gapping in Spanish constitute a challenge for any Small Conjunct Gapping approach (in terms of subclausal/low coordination) and give support to a Large Conjunct Gapping approach (in terms of clausal/high coordination). In this paper, we adopt a constructional fragment-based analysis of gapping, which treats non-embedded and embedded gapping uniformly. More generally, this paper suggests that gapping is more similar to other ellipsis types than has been traditionally assumed.",1.0,"This paper discusses the No Embedding Constraint, considered to be a strong syntactic constraint on gapping and a diagnostic for this ellipsis type.",2.0,The No Embedding Constraint is considered to be a diagnostic for gapping.,TRUE,L-Theo,0.95,,C,0.05
glossa-5217-bîlbîie,Title and Abstract,"This paper discusses the No Embedding Constraint, considered to be a strong syntactic constraint on gapping and a diagnostic for this ellipsis type. As shown by two acceptability judgments tasks in Spanish, the assumptions related to the No Embedding Constraint are not borne out by our experimental results. Embedded gapping is acceptable in Spanish, and seems to be governed by a (more general) semantic constraint. Specifically, some predicates embed more easily than others, confirming, on the one hand, the asymmetry between non-factive and factive predicates, and, on the other hand, the dichotomy between semi-factive and true factive predicates. Embedded gapping and embedded coordinated clauses in general are thus sensitive to the semantic class of the embedding predicate. We argue that our data on embedded gapping in Spanish constitute a challenge for any Small Conjunct Gapping approach (in terms of subclausal/low coordination) and give support to a Large Conjunct Gapping approach (in terms of clausal/high coordination). In this paper, we adopt a constructional fragment-based analysis of gapping, which treats non-embedded and embedded gapping uniformly. More generally, this paper suggests that gapping is more similar to other ellipsis types than has been traditionally assumed.",2.0,"As shown by two acceptability judgments tasks in Spanish, the assumptions related to the No Embedding Constraint are not borne out by our experimental results.",1.0,Assumptions related to the No Embedding Constraint are not borne out by experimental results from two acceptability judgments tasks in Spanish.,TRUE,L-Spec,0.95,Spanish,C,0.05
glossa-5217-bîlbîie,Title and Abstract,"This paper discusses the No Embedding Constraint, considered to be a strong syntactic constraint on gapping and a diagnostic for this ellipsis type. As shown by two acceptability judgments tasks in Spanish, the assumptions related to the No Embedding Constraint are not borne out by our experimental results. Embedded gapping is acceptable in Spanish, and seems to be governed by a (more general) semantic constraint. Specifically, some predicates embed more easily than others, confirming, on the one hand, the asymmetry between non-factive and factive predicates, and, on the other hand, the dichotomy between semi-factive and true factive predicates. Embedded gapping and embedded coordinated clauses in general are thus sensitive to the semantic class of the embedding predicate. We argue that our data on embedded gapping in Spanish constitute a challenge for any Small Conjunct Gapping approach (in terms of subclausal/low coordination) and give support to a Large Conjunct Gapping approach (in terms of clausal/high coordination). In this paper, we adopt a constructional fragment-based analysis of gapping, which treats non-embedded and embedded gapping uniformly. More generally, this paper suggests that gapping is more similar to other ellipsis types than has been traditionally assumed.",3.0,"Embedded gapping is acceptable in Spanish, and seems to be governed by a (more general) semantic constraint.",1.0,Embedded gapping is acceptable in Spanish.,TRUE,L-Spec,0.95,Spanish,C,0.05
glossa-5217-bîlbîie,Title and Abstract,"This paper discusses the No Embedding Constraint, considered to be a strong syntactic constraint on gapping and a diagnostic for this ellipsis type. As shown by two acceptability judgments tasks in Spanish, the assumptions related to the No Embedding Constraint are not borne out by our experimental results. Embedded gapping is acceptable in Spanish, and seems to be governed by a (more general) semantic constraint. Specifically, some predicates embed more easily than others, confirming, on the one hand, the asymmetry between non-factive and factive predicates, and, on the other hand, the dichotomy between semi-factive and true factive predicates. Embedded gapping and embedded coordinated clauses in general are thus sensitive to the semantic class of the embedding predicate. We argue that our data on embedded gapping in Spanish constitute a challenge for any Small Conjunct Gapping approach (in terms of subclausal/low coordination) and give support to a Large Conjunct Gapping approach (in terms of clausal/high coordination). In this paper, we adopt a constructional fragment-based analysis of gapping, which treats non-embedded and embedded gapping uniformly. More generally, this paper suggests that gapping is more similar to other ellipsis types than has been traditionally assumed.",3.0,"Embedded gapping is acceptable in Spanish, and seems to be governed by a (more general) semantic constraint.",2.0,Embedded gapping in Spanish seems to be governed by a general semantic constraint.,TRUE,L-Spec,0.95,Spanish,C,0.05
glossa-5217-bîlbîie,Title and Abstract,"This paper discusses the No Embedding Constraint, considered to be a strong syntactic constraint on gapping and a diagnostic for this ellipsis type. As shown by two acceptability judgments tasks in Spanish, the assumptions related to the No Embedding Constraint are not borne out by our experimental results. Embedded gapping is acceptable in Spanish, and seems to be governed by a (more general) semantic constraint. Specifically, some predicates embed more easily than others, confirming, on the one hand, the asymmetry between non-factive and factive predicates, and, on the other hand, the dichotomy between semi-factive and true factive predicates. Embedded gapping and embedded coordinated clauses in general are thus sensitive to the semantic class of the embedding predicate. We argue that our data on embedded gapping in Spanish constitute a challenge for any Small Conjunct Gapping approach (in terms of subclausal/low coordination) and give support to a Large Conjunct Gapping approach (in terms of clausal/high coordination). In this paper, we adopt a constructional fragment-based analysis of gapping, which treats non-embedded and embedded gapping uniformly. More generally, this paper suggests that gapping is more similar to other ellipsis types than has been traditionally assumed.",4.0,"Specifically, some predicates embed more easily than others, confirming, on the one hand, the asymmetry between non-factive and factive predicates, and, on the other hand, the dichotomy between semi-factive and true factive predicates.",1.0,"In spanish, some predicates embed more easily than others.",TRUE,L-Spec,0.95,Spanish,L-Typo,0.05
glossa-5217-bîlbîie,Title and Abstract,"This paper discusses the No Embedding Constraint, considered to be a strong syntactic constraint on gapping and a diagnostic for this ellipsis type. As shown by two acceptability judgments tasks in Spanish, the assumptions related to the No Embedding Constraint are not borne out by our experimental results. Embedded gapping is acceptable in Spanish, and seems to be governed by a (more general) semantic constraint. Specifically, some predicates embed more easily than others, confirming, on the one hand, the asymmetry between non-factive and factive predicates, and, on the other hand, the dichotomy between semi-factive and true factive predicates. Embedded gapping and embedded coordinated clauses in general are thus sensitive to the semantic class of the embedding predicate. We argue that our data on embedded gapping in Spanish constitute a challenge for any Small Conjunct Gapping approach (in terms of subclausal/low coordination) and give support to a Large Conjunct Gapping approach (in terms of clausal/high coordination). In this paper, we adopt a constructional fragment-based analysis of gapping, which treats non-embedded and embedded gapping uniformly. More generally, this paper suggests that gapping is more similar to other ellipsis types than has been traditionally assumed.",4.0,"Specifically, some predicates embed more easily than others, confirming, on the one hand, the asymmetry between non-factive and factive predicates, and, on the other hand, the dichotomy between semi-factive and true factive predicates.",2.0,"In spanish, the observation that some predicates embed more easily than others confirms the asymmetry between non-factive and factive predicates.",TRUE,L-Spec,0.9,Spanish,L-Theo,0.1
glossa-5217-bîlbîie,Title and Abstract,"This paper discusses the No Embedding Constraint, considered to be a strong syntactic constraint on gapping and a diagnostic for this ellipsis type. As shown by two acceptability judgments tasks in Spanish, the assumptions related to the No Embedding Constraint are not borne out by our experimental results. Embedded gapping is acceptable in Spanish, and seems to be governed by a (more general) semantic constraint. Specifically, some predicates embed more easily than others, confirming, on the one hand, the asymmetry between non-factive and factive predicates, and, on the other hand, the dichotomy between semi-factive and true factive predicates. Embedded gapping and embedded coordinated clauses in general are thus sensitive to the semantic class of the embedding predicate. We argue that our data on embedded gapping in Spanish constitute a challenge for any Small Conjunct Gapping approach (in terms of subclausal/low coordination) and give support to a Large Conjunct Gapping approach (in terms of clausal/high coordination). In this paper, we adopt a constructional fragment-based analysis of gapping, which treats non-embedded and embedded gapping uniformly. More generally, this paper suggests that gapping is more similar to other ellipsis types than has been traditionally assumed.",4.0,"Specifically, some predicates embed more easily than others, confirming, on the one hand, the asymmetry between non-factive and factive predicates, and, on the other hand, the dichotomy between semi-factive and true factive predicates.",3.0,"In spanish, the observation that some predicates embed more easily than others confirms the dichotomy between semi-factive and true factive predicates.",TRUE,L-Spec,0.9,Spanish,L-Theo,0.1
glossa-5217-bîlbîie,Title and Abstract,"This paper discusses the No Embedding Constraint, considered to be a strong syntactic constraint on gapping and a diagnostic for this ellipsis type. As shown by two acceptability judgments tasks in Spanish, the assumptions related to the No Embedding Constraint are not borne out by our experimental results. Embedded gapping is acceptable in Spanish, and seems to be governed by a (more general) semantic constraint. Specifically, some predicates embed more easily than others, confirming, on the one hand, the asymmetry between non-factive and factive predicates, and, on the other hand, the dichotomy between semi-factive and true factive predicates. Embedded gapping and embedded coordinated clauses in general are thus sensitive to the semantic class of the embedding predicate. We argue that our data on embedded gapping in Spanish constitute a challenge for any Small Conjunct Gapping approach (in terms of subclausal/low coordination) and give support to a Large Conjunct Gapping approach (in terms of clausal/high coordination). In this paper, we adopt a constructional fragment-based analysis of gapping, which treats non-embedded and embedded gapping uniformly. More generally, this paper suggests that gapping is more similar to other ellipsis types than has been traditionally assumed.",5.0,Embedded gapping and embedded coordinated clauses in general are thus sensitive to the semantic class of the embedding predicate.,1.0,Embedded gapping is sensitive to the semantic class of the embedding predicate.,TRUE,L-Theo,0.85,,L-Typo,0.15
glossa-5217-bîlbîie,Title and Abstract,"This paper discusses the No Embedding Constraint, considered to be a strong syntactic constraint on gapping and a diagnostic for this ellipsis type. As shown by two acceptability judgments tasks in Spanish, the assumptions related to the No Embedding Constraint are not borne out by our experimental results. Embedded gapping is acceptable in Spanish, and seems to be governed by a (more general) semantic constraint. Specifically, some predicates embed more easily than others, confirming, on the one hand, the asymmetry between non-factive and factive predicates, and, on the other hand, the dichotomy between semi-factive and true factive predicates. Embedded gapping and embedded coordinated clauses in general are thus sensitive to the semantic class of the embedding predicate. We argue that our data on embedded gapping in Spanish constitute a challenge for any Small Conjunct Gapping approach (in terms of subclausal/low coordination) and give support to a Large Conjunct Gapping approach (in terms of clausal/high coordination). In this paper, we adopt a constructional fragment-based analysis of gapping, which treats non-embedded and embedded gapping uniformly. More generally, this paper suggests that gapping is more similar to other ellipsis types than has been traditionally assumed.",5.0,Embedded gapping and embedded coordinated clauses in general are thus sensitive to the semantic class of the embedding predicate.,2.0,Embedded coordinated clauses in general are sensitive to the semantic class of the embedding predicate.,TRUE,L-Theo,0.85,,L-Typo,0.15
glossa-5217-bîlbîie,Title and Abstract,"This paper discusses the No Embedding Constraint, considered to be a strong syntactic constraint on gapping and a diagnostic for this ellipsis type. As shown by two acceptability judgments tasks in Spanish, the assumptions related to the No Embedding Constraint are not borne out by our experimental results. Embedded gapping is acceptable in Spanish, and seems to be governed by a (more general) semantic constraint. Specifically, some predicates embed more easily than others, confirming, on the one hand, the asymmetry between non-factive and factive predicates, and, on the other hand, the dichotomy between semi-factive and true factive predicates. Embedded gapping and embedded coordinated clauses in general are thus sensitive to the semantic class of the embedding predicate. We argue that our data on embedded gapping in Spanish constitute a challenge for any Small Conjunct Gapping approach (in terms of subclausal/low coordination) and give support to a Large Conjunct Gapping approach (in terms of clausal/high coordination). In this paper, we adopt a constructional fragment-based analysis of gapping, which treats non-embedded and embedded gapping uniformly. More generally, this paper suggests that gapping is more similar to other ellipsis types than has been traditionally assumed.",6.0,We argue that our data on embedded gapping in Spanish constitute a challenge for any Small Conjunct Gapping approach (in terms of subclausal/low coordination) and give support to a Large Conjunct Gapping approach (in terms of clausal/high coordination).,1.0,Data on embedded gapping in Spanish constitute a challenge for any Small Conjunct Gapping approach (in terms of subclausal/low coordination).,TRUE,L-Spec,0.9,Spanish,L-Theo,0.1
glossa-5217-bîlbîie,Title and Abstract,"This paper discusses the No Embedding Constraint, considered to be a strong syntactic constraint on gapping and a diagnostic for this ellipsis type. As shown by two acceptability judgments tasks in Spanish, the assumptions related to the No Embedding Constraint are not borne out by our experimental results. Embedded gapping is acceptable in Spanish, and seems to be governed by a (more general) semantic constraint. Specifically, some predicates embed more easily than others, confirming, on the one hand, the asymmetry between non-factive and factive predicates, and, on the other hand, the dichotomy between semi-factive and true factive predicates. Embedded gapping and embedded coordinated clauses in general are thus sensitive to the semantic class of the embedding predicate. We argue that our data on embedded gapping in Spanish constitute a challenge for any Small Conjunct Gapping approach (in terms of subclausal/low coordination) and give support to a Large Conjunct Gapping approach (in terms of clausal/high coordination). In this paper, we adopt a constructional fragment-based analysis of gapping, which treats non-embedded and embedded gapping uniformly. More generally, this paper suggests that gapping is more similar to other ellipsis types than has been traditionally assumed.",6.0,We argue that our data on embedded gapping in Spanish constitute a challenge for any Small Conjunct Gapping approach (in terms of subclausal/low coordination) and give support to a Large Conjunct Gapping approach (in terms of clausal/high coordination).,2.0,Data on embedded gapping in Spanish give support to a Large Conjunct Gapping approach (in terms of clausal/high coordination).,TRUE,L-Spec,0.9,Spanish,L-Theo,0.1
glossa-5217-bîlbîie,Title and Abstract,"This paper discusses the No Embedding Constraint, considered to be a strong syntactic constraint on gapping and a diagnostic for this ellipsis type. As shown by two acceptability judgments tasks in Spanish, the assumptions related to the No Embedding Constraint are not borne out by our experimental results. Embedded gapping is acceptable in Spanish, and seems to be governed by a (more general) semantic constraint. Specifically, some predicates embed more easily than others, confirming, on the one hand, the asymmetry between non-factive and factive predicates, and, on the other hand, the dichotomy between semi-factive and true factive predicates. Embedded gapping and embedded coordinated clauses in general are thus sensitive to the semantic class of the embedding predicate. We argue that our data on embedded gapping in Spanish constitute a challenge for any Small Conjunct Gapping approach (in terms of subclausal/low coordination) and give support to a Large Conjunct Gapping approach (in terms of clausal/high coordination). In this paper, we adopt a constructional fragment-based analysis of gapping, which treats non-embedded and embedded gapping uniformly. More generally, this paper suggests that gapping is more similar to other ellipsis types than has been traditionally assumed.",7.0,"In this paper, we adopt a constructional fragment-based analysis of gapping, which treats non-embedded and embedded gapping uniformly.",1.0,A constructional fragment-based analysis of gapping can be adopted.,TRUE,L-Theo,0.85,,S,0.15
glossa-5217-bîlbîie,Title and Abstract,"This paper discusses the No Embedding Constraint, considered to be a strong syntactic constraint on gapping and a diagnostic for this ellipsis type. As shown by two acceptability judgments tasks in Spanish, the assumptions related to the No Embedding Constraint are not borne out by our experimental results. Embedded gapping is acceptable in Spanish, and seems to be governed by a (more general) semantic constraint. Specifically, some predicates embed more easily than others, confirming, on the one hand, the asymmetry between non-factive and factive predicates, and, on the other hand, the dichotomy between semi-factive and true factive predicates. Embedded gapping and embedded coordinated clauses in general are thus sensitive to the semantic class of the embedding predicate. We argue that our data on embedded gapping in Spanish constitute a challenge for any Small Conjunct Gapping approach (in terms of subclausal/low coordination) and give support to a Large Conjunct Gapping approach (in terms of clausal/high coordination). In this paper, we adopt a constructional fragment-based analysis of gapping, which treats non-embedded and embedded gapping uniformly. More generally, this paper suggests that gapping is more similar to other ellipsis types than has been traditionally assumed.",7.0,"In this paper, we adopt a constructional fragment-based analysis of gapping, which treats non-embedded and embedded gapping uniformly.",2.0,Constructional fragment-based analysis of gapping treats non-embedded and embedded gapping uniformly.,TRUE,L-Theo,0.85,,S,0.15
glossa-5217-bîlbîie,Title and Abstract,"This paper discusses the No Embedding Constraint, considered to be a strong syntactic constraint on gapping and a diagnostic for this ellipsis type. As shown by two acceptability judgments tasks in Spanish, the assumptions related to the No Embedding Constraint are not borne out by our experimental results. Embedded gapping is acceptable in Spanish, and seems to be governed by a (more general) semantic constraint. Specifically, some predicates embed more easily than others, confirming, on the one hand, the asymmetry between non-factive and factive predicates, and, on the other hand, the dichotomy between semi-factive and true factive predicates. Embedded gapping and embedded coordinated clauses in general are thus sensitive to the semantic class of the embedding predicate. We argue that our data on embedded gapping in Spanish constitute a challenge for any Small Conjunct Gapping approach (in terms of subclausal/low coordination) and give support to a Large Conjunct Gapping approach (in terms of clausal/high coordination). In this paper, we adopt a constructional fragment-based analysis of gapping, which treats non-embedded and embedded gapping uniformly. More generally, this paper suggests that gapping is more similar to other ellipsis types than has been traditionally assumed.",8.0,"More generally, this paper suggests that gapping is more similar to other ellipsis types than has been traditionally assumed.",1.0,Gapping is more similar to other ellipsis types than has been traditionally assumed.,TRUE,L-Theo,0.9,,L-Typo,0.1
glossa-4968-childs,,Integrating syntactic theory and variationist analysis: The structure of negative indefinites in regional dialects of British English,1.0,Integrating syntactic theory and variationist analysis: The structure of negative indefinites in regional dialects of British English,1.0,The paper integrates syntactic theory and variationist analysis in its examination of the structure of negative indefinites in regional dialects of British English.,TRUE,S,0.95,,Other,0.05
glossa-4968-childs,,"This paper integrates syntactic theory and variationist analysis in an investigation of the variation between English not-negation (I don’t have any money), no-negation (I have no money) and negative concord (I don’t have no money). Using corpora of three varieties of UK English spoken in Glasgow, Tyneside and Salford respectively, I test two theoretical accounts of the variation. Account 1 applies Zeijlstra’s (2004) agreement-based theory of negative concord to all three variants, such that n-words (e.g. nobody) which feature in no-negation and negative concord are not inherently negative but agree with a negative operator in a higher NegP. Under Account 2, no-negation is instead derived via negative-marking within the DP followed by movement to the higher NegP for sentential scope (Kayne 1998; Svenonius 2002; Zeijlstra 2011). These accounts, together with observations about the raising properties of functional versus lexical verbs, lead to the formulation of different hypotheses about the distribution of variants in speech according to verb type, verb phrase complexity, and the discourse status of the propositions expressed. Results of distributional analysis and mixed-effects modelling support Account 2 of the variation over Account 1, suggesting structural identity between not-negation and negative concord (in contrast to no-negation). This supports Tubau’s (2016) proposal that English negative indefinites have two distinct structures: one in which negation is marked syntactically in the DP and one in which they agree with a syntactically-higher NegP.",1.0,"This paper integrates syntactic theory and variationist analysis in an investigation of the variation between English not-negation (I don’t have any money), no-negation (I have no money) and negative concord (I don’t have no money).",1.0,"The paper integrates syntactic theory and variationist analysis in an investigation of the variation between English not-negation (I don’t have any money), no-negation  and negative concord (I don’t have no money).",TRUE,S,0.95,,Other,0.05
glossa-4968-childs,,"This paper integrates syntactic theory and variationist analysis in an investigation of the variation between English not-negation (I don’t have any money), no-negation (I have no money) and negative concord (I don’t have no money). Using corpora of three varieties of UK English spoken in Glasgow, Tyneside and Salford respectively, I test two theoretical accounts of the variation. Account 1 applies Zeijlstra’s (2004) agreement-based theory of negative concord to all three variants, such that n-words (e.g. nobody) which feature in no-negation and negative concord are not inherently negative but agree with a negative operator in a higher NegP. Under Account 2, no-negation is instead derived via negative-marking within the DP followed by movement to the higher NegP for sentential scope (Kayne 1998; Svenonius 2002; Zeijlstra 2011). These accounts, together with observations about the raising properties of functional versus lexical verbs, lead to the formulation of different hypotheses about the distribution of variants in speech according to verb type, verb phrase complexity, and the discourse status of the propositions expressed. Results of distributional analysis and mixed-effects modelling support Account 2 of the variation over Account 1, suggesting structural identity between not-negation and negative concord (in contrast to no-negation). This supports Tubau’s (2016) proposal that English negative indefinites have two distinct structures: one in which negation is marked syntactically in the DP and one in which they agree with a syntactically-higher NegP.",1.0,"This paper integrates syntactic theory and variationist analysis in an investigation of the variation between English not-negation (I don’t have any money), no-negation (I have no money) and negative concord (I don’t have no money).",2.0,I don’t have any money' is an English not-negation example.,TRUE,L-Spec,0.95,English,S,0.05
glossa-4968-childs,,"This paper integrates syntactic theory and variationist analysis in an investigation of the variation between English not-negation (I don’t have any money), no-negation (I have no money) and negative concord (I don’t have no money). Using corpora of three varieties of UK English spoken in Glasgow, Tyneside and Salford respectively, I test two theoretical accounts of the variation. Account 1 applies Zeijlstra’s (2004) agreement-based theory of negative concord to all three variants, such that n-words (e.g. nobody) which feature in no-negation and negative concord are not inherently negative but agree with a negative operator in a higher NegP. Under Account 2, no-negation is instead derived via negative-marking within the DP followed by movement to the higher NegP for sentential scope (Kayne 1998; Svenonius 2002; Zeijlstra 2011). These accounts, together with observations about the raising properties of functional versus lexical verbs, lead to the formulation of different hypotheses about the distribution of variants in speech according to verb type, verb phrase complexity, and the discourse status of the propositions expressed. Results of distributional analysis and mixed-effects modelling support Account 2 of the variation over Account 1, suggesting structural identity between not-negation and negative concord (in contrast to no-negation). This supports Tubau’s (2016) proposal that English negative indefinites have two distinct structures: one in which negation is marked syntactically in the DP and one in which they agree with a syntactically-higher NegP.",1.0,"This paper integrates syntactic theory and variationist analysis in an investigation of the variation between English not-negation (I don’t have any money), no-negation (I have no money) and negative concord (I don’t have no money).",3.0,I have no money' is an English no-negation example.,TRUE,L-Spec,0.95,English,S,0.05
glossa-4968-childs,,"This paper integrates syntactic theory and variationist analysis in an investigation of the variation between English not-negation (I don’t have any money), no-negation (I have no money) and negative concord (I don’t have no money). Using corpora of three varieties of UK English spoken in Glasgow, Tyneside and Salford respectively, I test two theoretical accounts of the variation. Account 1 applies Zeijlstra’s (2004) agreement-based theory of negative concord to all three variants, such that n-words (e.g. nobody) which feature in no-negation and negative concord are not inherently negative but agree with a negative operator in a higher NegP. Under Account 2, no-negation is instead derived via negative-marking within the DP followed by movement to the higher NegP for sentential scope (Kayne 1998; Svenonius 2002; Zeijlstra 2011). These accounts, together with observations about the raising properties of functional versus lexical verbs, lead to the formulation of different hypotheses about the distribution of variants in speech according to verb type, verb phrase complexity, and the discourse status of the propositions expressed. Results of distributional analysis and mixed-effects modelling support Account 2 of the variation over Account 1, suggesting structural identity between not-negation and negative concord (in contrast to no-negation). This supports Tubau’s (2016) proposal that English negative indefinites have two distinct structures: one in which negation is marked syntactically in the DP and one in which they agree with a syntactically-higher NegP.",1.0,"This paper integrates syntactic theory and variationist analysis in an investigation of the variation between English not-negation (I don’t have any money), no-negation (I have no money) and negative concord (I don’t have no money).",4.0,I don’t have no money' is an English negative concord example.,TRUE,L-Spec,0.95,English,S,0.05
glossa-4968-childs,,"This paper integrates syntactic theory and variationist analysis in an investigation of the variation between English not-negation (I don’t have any money), no-negation (I have no money) and negative concord (I don’t have no money). Using corpora of three varieties of UK English spoken in Glasgow, Tyneside and Salford respectively, I test two theoretical accounts of the variation. Account 1 applies Zeijlstra’s (2004) agreement-based theory of negative concord to all three variants, such that n-words (e.g. nobody) which feature in no-negation and negative concord are not inherently negative but agree with a negative operator in a higher NegP. Under Account 2, no-negation is instead derived via negative-marking within the DP followed by movement to the higher NegP for sentential scope (Kayne 1998; Svenonius 2002; Zeijlstra 2011). These accounts, together with observations about the raising properties of functional versus lexical verbs, lead to the formulation of different hypotheses about the distribution of variants in speech according to verb type, verb phrase complexity, and the discourse status of the propositions expressed. Results of distributional analysis and mixed-effects modelling support Account 2 of the variation over Account 1, suggesting structural identity between not-negation and negative concord (in contrast to no-negation). This supports Tubau’s (2016) proposal that English negative indefinites have two distinct structures: one in which negation is marked syntactically in the DP and one in which they agree with a syntactically-higher NegP.",2.0,"Using corpora of three varieties of UK English spoken in Glasgow, Tyneside and Salford respectively, I test two theoretical accounts of the variation.",1.0,"The research tests two theoretical accounts of the variation between English not-negation, no-negation, and negative concord, using a corupus of the varietie of UK English spoken in Glasgow.",TRUE,S,0.95,,Other,0.05
glossa-4968-childs,,"This paper integrates syntactic theory and variationist analysis in an investigation of the variation between English not-negation (I don’t have any money), no-negation (I have no money) and negative concord (I don’t have no money). Using corpora of three varieties of UK English spoken in Glasgow, Tyneside and Salford respectively, I test two theoretical accounts of the variation. Account 1 applies Zeijlstra’s (2004) agreement-based theory of negative concord to all three variants, such that n-words (e.g. nobody) which feature in no-negation and negative concord are not inherently negative but agree with a negative operator in a higher NegP. Under Account 2, no-negation is instead derived via negative-marking within the DP followed by movement to the higher NegP for sentential scope (Kayne 1998; Svenonius 2002; Zeijlstra 2011). These accounts, together with observations about the raising properties of functional versus lexical verbs, lead to the formulation of different hypotheses about the distribution of variants in speech according to verb type, verb phrase complexity, and the discourse status of the propositions expressed. Results of distributional analysis and mixed-effects modelling support Account 2 of the variation over Account 1, suggesting structural identity between not-negation and negative concord (in contrast to no-negation). This supports Tubau’s (2016) proposal that English negative indefinites have two distinct structures: one in which negation is marked syntactically in the DP and one in which they agree with a syntactically-higher NegP.",2.0,"Using corpora of three varieties of UK English spoken in Glasgow, Tyneside and Salford respectively, I test two theoretical accounts of the variation.",2.0,"The research tests two theoretical accounts of the variation between English not-negation, no-negation, and negative concord, using a corupus of the varietie of UK English spoken in Tyneside.",TRUE,S,0.95,,Other,0.05
glossa-4968-childs,,"This paper integrates syntactic theory and variationist analysis in an investigation of the variation between English not-negation (I don’t have any money), no-negation (I have no money) and negative concord (I don’t have no money). Using corpora of three varieties of UK English spoken in Glasgow, Tyneside and Salford respectively, I test two theoretical accounts of the variation. Account 1 applies Zeijlstra’s (2004) agreement-based theory of negative concord to all three variants, such that n-words (e.g. nobody) which feature in no-negation and negative concord are not inherently negative but agree with a negative operator in a higher NegP. Under Account 2, no-negation is instead derived via negative-marking within the DP followed by movement to the higher NegP for sentential scope (Kayne 1998; Svenonius 2002; Zeijlstra 2011). These accounts, together with observations about the raising properties of functional versus lexical verbs, lead to the formulation of different hypotheses about the distribution of variants in speech according to verb type, verb phrase complexity, and the discourse status of the propositions expressed. Results of distributional analysis and mixed-effects modelling support Account 2 of the variation over Account 1, suggesting structural identity between not-negation and negative concord (in contrast to no-negation). This supports Tubau’s (2016) proposal that English negative indefinites have two distinct structures: one in which negation is marked syntactically in the DP and one in which they agree with a syntactically-higher NegP.",2.0,"Using corpora of three varieties of UK English spoken in Glasgow, Tyneside and Salford respectively, I test two theoretical accounts of the variation.",3.0,"The research tests two theoretical accounts of the variation between English not-negation, no-negation, and negative concord, using a corupus of the varietie of UK English spoken in Salford.",TRUE,S,0.95,,Other,0.05
glossa-4968-childs,,"This paper integrates syntactic theory and variationist analysis in an investigation of the variation between English not-negation (I don’t have any money), no-negation (I have no money) and negative concord (I don’t have no money). Using corpora of three varieties of UK English spoken in Glasgow, Tyneside and Salford respectively, I test two theoretical accounts of the variation. Account 1 applies Zeijlstra’s (2004) agreement-based theory of negative concord to all three variants, such that n-words (e.g. nobody) which feature in no-negation and negative concord are not inherently negative but agree with a negative operator in a higher NegP. Under Account 2, no-negation is instead derived via negative-marking within the DP followed by movement to the higher NegP for sentential scope (Kayne 1998; Svenonius 2002; Zeijlstra 2011). These accounts, together with observations about the raising properties of functional versus lexical verbs, lead to the formulation of different hypotheses about the distribution of variants in speech according to verb type, verb phrase complexity, and the discourse status of the propositions expressed. Results of distributional analysis and mixed-effects modelling support Account 2 of the variation over Account 1, suggesting structural identity between not-negation and negative concord (in contrast to no-negation). This supports Tubau’s (2016) proposal that English negative indefinites have two distinct structures: one in which negation is marked syntactically in the DP and one in which they agree with a syntactically-higher NegP.",3.0,"Account 1 applies Zeijlstra’s (2004) agreement-based theory of negative concord to all three variants, such that n-words (e.g. nobody) which feature in no-negation and negative concord are not inherently negative but agree with a negative operator in a higher NegP.",1.0,Zeijlstra's (2004) proposes an agreement-based theory of negative concord.,TRUE,C,0.95,,L-Theo,0.05
glossa-4968-childs,,"This paper integrates syntactic theory and variationist analysis in an investigation of the variation between English not-negation (I don’t have any money), no-negation (I have no money) and negative concord (I don’t have no money). Using corpora of three varieties of UK English spoken in Glasgow, Tyneside and Salford respectively, I test two theoretical accounts of the variation. Account 1 applies Zeijlstra’s (2004) agreement-based theory of negative concord to all three variants, such that n-words (e.g. nobody) which feature in no-negation and negative concord are not inherently negative but agree with a negative operator in a higher NegP. Under Account 2, no-negation is instead derived via negative-marking within the DP followed by movement to the higher NegP for sentential scope (Kayne 1998; Svenonius 2002; Zeijlstra 2011). These accounts, together with observations about the raising properties of functional versus lexical verbs, lead to the formulation of different hypotheses about the distribution of variants in speech according to verb type, verb phrase complexity, and the discourse status of the propositions expressed. Results of distributional analysis and mixed-effects modelling support Account 2 of the variation over Account 1, suggesting structural identity between not-negation and negative concord (in contrast to no-negation). This supports Tubau’s (2016) proposal that English negative indefinites have two distinct structures: one in which negation is marked syntactically in the DP and one in which they agree with a syntactically-higher NegP.",3.0,"Account 1 applies Zeijlstra’s (2004) agreement-based theory of negative concord to all three variants, such that n-words (e.g. nobody) which feature in no-negation and negative concord are not inherently negative but agree with a negative operator in a higher NegP.",2.0,It exists an agreement-based theory of negative concord.,TRUE,L-Theo,0.85,,C,0.15
glossa-4968-childs,,"This paper integrates syntactic theory and variationist analysis in an investigation of the variation between English not-negation (I don’t have any money), no-negation (I have no money) and negative concord (I don’t have no money). Using corpora of three varieties of UK English spoken in Glasgow, Tyneside and Salford respectively, I test two theoretical accounts of the variation. Account 1 applies Zeijlstra’s (2004) agreement-based theory of negative concord to all three variants, such that n-words (e.g. nobody) which feature in no-negation and negative concord are not inherently negative but agree with a negative operator in a higher NegP. Under Account 2, no-negation is instead derived via negative-marking within the DP followed by movement to the higher NegP for sentential scope (Kayne 1998; Svenonius 2002; Zeijlstra 2011). These accounts, together with observations about the raising properties of functional versus lexical verbs, lead to the formulation of different hypotheses about the distribution of variants in speech according to verb type, verb phrase complexity, and the discourse status of the propositions expressed. Results of distributional analysis and mixed-effects modelling support Account 2 of the variation over Account 1, suggesting structural identity between not-negation and negative concord (in contrast to no-negation). This supports Tubau’s (2016) proposal that English negative indefinites have two distinct structures: one in which negation is marked syntactically in the DP and one in which they agree with a syntactically-higher NegP.",3.0,"Account 1 applies Zeijlstra’s (2004) agreement-based theory of negative concord to all three variants, such that n-words (e.g. nobody) which feature in no-negation and negative concord are not inherently negative but agree with a negative operator in a higher NegP.",3.0,"The Zeijlstra's (2004) agreement-based theory of negative concord can be applied to English not-negation, no-negation, and negative concord.",TRUE,C,0.95,,L-Spec,0.05
glossa-4968-childs,,"This paper integrates syntactic theory and variationist analysis in an investigation of the variation between English not-negation (I don’t have any money), no-negation (I have no money) and negative concord (I don’t have no money). Using corpora of three varieties of UK English spoken in Glasgow, Tyneside and Salford respectively, I test two theoretical accounts of the variation. Account 1 applies Zeijlstra’s (2004) agreement-based theory of negative concord to all three variants, such that n-words (e.g. nobody) which feature in no-negation and negative concord are not inherently negative but agree with a negative operator in a higher NegP. Under Account 2, no-negation is instead derived via negative-marking within the DP followed by movement to the higher NegP for sentential scope (Kayne 1998; Svenonius 2002; Zeijlstra 2011). These accounts, together with observations about the raising properties of functional versus lexical verbs, lead to the formulation of different hypotheses about the distribution of variants in speech according to verb type, verb phrase complexity, and the discourse status of the propositions expressed. Results of distributional analysis and mixed-effects modelling support Account 2 of the variation over Account 1, suggesting structural identity between not-negation and negative concord (in contrast to no-negation). This supports Tubau’s (2016) proposal that English negative indefinites have two distinct structures: one in which negation is marked syntactically in the DP and one in which they agree with a syntactically-higher NegP.",3.0,"Account 1 applies Zeijlstra’s (2004) agreement-based theory of negative concord to all three variants, such that n-words (e.g. nobody) which feature in no-negation and negative concord are not inherently negative but agree with a negative operator in a higher NegP.",4.0,Negative words (n-words) (e.g. nobody) which feature in no-negation and negative concord are not inherently negative but agree with a negative operator in a higher Negation Phrase (NegP).,TRUE,C,0.95,,L-Theo,0.05
glossa-4968-childs,,"This paper integrates syntactic theory and variationist analysis in an investigation of the variation between English not-negation (I don’t have any money), no-negation (I have no money) and negative concord (I don’t have no money). Using corpora of three varieties of UK English spoken in Glasgow, Tyneside and Salford respectively, I test two theoretical accounts of the variation. Account 1 applies Zeijlstra’s (2004) agreement-based theory of negative concord to all three variants, such that n-words (e.g. nobody) which feature in no-negation and negative concord are not inherently negative but agree with a negative operator in a higher NegP. Under Account 2, no-negation is instead derived via negative-marking within the DP followed by movement to the higher NegP for sentential scope (Kayne 1998; Svenonius 2002; Zeijlstra 2011). These accounts, together with observations about the raising properties of functional versus lexical verbs, lead to the formulation of different hypotheses about the distribution of variants in speech according to verb type, verb phrase complexity, and the discourse status of the propositions expressed. Results of distributional analysis and mixed-effects modelling support Account 2 of the variation over Account 1, suggesting structural identity between not-negation and negative concord (in contrast to no-negation). This supports Tubau’s (2016) proposal that English negative indefinites have two distinct structures: one in which negation is marked syntactically in the DP and one in which they agree with a syntactically-higher NegP.",4.0,"Under Account 2, no-negation is instead derived via negative-marking within the DP followed by movement to the higher NegP for sentential scope (Kayne 1998; Svenonius 2002; Zeijlstra 2011).",1.0,No-negation is derived via negative-marking within the determiner phrase (DP) followed by movement to the higher Negation Phrase (NegP) for sentential scope (Kayne 1998; Svenonius 2002; Zeijlstra 2011).,TRUE,C,0.98,,L-Theo,0.02
glossa-4968-childs,,"This paper integrates syntactic theory and variationist analysis in an investigation of the variation between English not-negation (I don’t have any money), no-negation (I have no money) and negative concord (I don’t have no money). Using corpora of three varieties of UK English spoken in Glasgow, Tyneside and Salford respectively, I test two theoretical accounts of the variation. Account 1 applies Zeijlstra’s (2004) agreement-based theory of negative concord to all three variants, such that n-words (e.g. nobody) which feature in no-negation and negative concord are not inherently negative but agree with a negative operator in a higher NegP. Under Account 2, no-negation is instead derived via negative-marking within the DP followed by movement to the higher NegP for sentential scope (Kayne 1998; Svenonius 2002; Zeijlstra 2011). These accounts, together with observations about the raising properties of functional versus lexical verbs, lead to the formulation of different hypotheses about the distribution of variants in speech according to verb type, verb phrase complexity, and the discourse status of the propositions expressed. Results of distributional analysis and mixed-effects modelling support Account 2 of the variation over Account 1, suggesting structural identity between not-negation and negative concord (in contrast to no-negation). This supports Tubau’s (2016) proposal that English negative indefinites have two distinct structures: one in which negation is marked syntactically in the DP and one in which they agree with a syntactically-higher NegP.",4.0,"Under Account 2, no-negation is instead derived via negative-marking within the DP followed by movement to the higher NegP for sentential scope (Kayne 1998; Svenonius 2002; Zeijlstra 2011).",2.0,No-negation is derived via negative-marking within the determiner phrase (DP) followed by movement to the higher Negation Phrase (NegP) for sentential scope.,TRUE,L-Theo,0.95,,C,0.05
glossa-4968-childs,,"This paper integrates syntactic theory and variationist analysis in an investigation of the variation between English not-negation (I don’t have any money), no-negation (I have no money) and negative concord (I don’t have no money). Using corpora of three varieties of UK English spoken in Glasgow, Tyneside and Salford respectively, I test two theoretical accounts of the variation. Account 1 applies Zeijlstra’s (2004) agreement-based theory of negative concord to all three variants, such that n-words (e.g. nobody) which feature in no-negation and negative concord are not inherently negative but agree with a negative operator in a higher NegP. Under Account 2, no-negation is instead derived via negative-marking within the DP followed by movement to the higher NegP for sentential scope (Kayne 1998; Svenonius 2002; Zeijlstra 2011). These accounts, together with observations about the raising properties of functional versus lexical verbs, lead to the formulation of different hypotheses about the distribution of variants in speech according to verb type, verb phrase complexity, and the discourse status of the propositions expressed. Results of distributional analysis and mixed-effects modelling support Account 2 of the variation over Account 1, suggesting structural identity between not-negation and negative concord (in contrast to no-negation). This supports Tubau’s (2016) proposal that English negative indefinites have two distinct structures: one in which negation is marked syntactically in the DP and one in which they agree with a syntactically-higher NegP.",5.0,"These accounts, together with observations about the raising properties of functional versus lexical verbs, lead to the formulation of different hypotheses about the distribution of variants in speech according to verb type, verb phrase complexity, and the discourse status of the propositions expressed.",1.0,"Account 1 and Account 2, together with observations about the raising properties of functional versus lexical verbs, lead to the formulation of different hypotheses about the distribution of not-negation, no-negation, and negative concord in speech according to verb type, verb phrase complexity, and the discourse status of the propositions expressed.",TRUE,S,0.95,,L-Typo,0.05
glossa-4968-childs,,"This paper integrates syntactic theory and variationist analysis in an investigation of the variation between English not-negation (I don’t have any money), no-negation (I have no money) and negative concord (I don’t have no money). Using corpora of three varieties of UK English spoken in Glasgow, Tyneside and Salford respectively, I test two theoretical accounts of the variation. Account 1 applies Zeijlstra’s (2004) agreement-based theory of negative concord to all three variants, such that n-words (e.g. nobody) which feature in no-negation and negative concord are not inherently negative but agree with a negative operator in a higher NegP. Under Account 2, no-negation is instead derived via negative-marking within the DP followed by movement to the higher NegP for sentential scope (Kayne 1998; Svenonius 2002; Zeijlstra 2011). These accounts, together with observations about the raising properties of functional versus lexical verbs, lead to the formulation of different hypotheses about the distribution of variants in speech according to verb type, verb phrase complexity, and the discourse status of the propositions expressed. Results of distributional analysis and mixed-effects modelling support Account 2 of the variation over Account 1, suggesting structural identity between not-negation and negative concord (in contrast to no-negation). This supports Tubau’s (2016) proposal that English negative indefinites have two distinct structures: one in which negation is marked syntactically in the DP and one in which they agree with a syntactically-higher NegP.",6.0,"Results of distributional analysis and mixed-effects modelling support Account 2 of the variation over Account 1, suggesting structural identity between not-negation and negative concord (in contrast to no-negation).",1.0,"Results of distributional analysis and mixed-effects modelling support Account 2 of the variation between English not-negation, no-negation, and negative concord.",TRUE,L-Spec,0.95,English,S,0.05
glossa-4968-childs,,"This paper integrates syntactic theory and variationist analysis in an investigation of the variation between English not-negation (I don’t have any money), no-negation (I have no money) and negative concord (I don’t have no money). Using corpora of three varieties of UK English spoken in Glasgow, Tyneside and Salford respectively, I test two theoretical accounts of the variation. Account 1 applies Zeijlstra’s (2004) agreement-based theory of negative concord to all three variants, such that n-words (e.g. nobody) which feature in no-negation and negative concord are not inherently negative but agree with a negative operator in a higher NegP. Under Account 2, no-negation is instead derived via negative-marking within the DP followed by movement to the higher NegP for sentential scope (Kayne 1998; Svenonius 2002; Zeijlstra 2011). These accounts, together with observations about the raising properties of functional versus lexical verbs, lead to the formulation of different hypotheses about the distribution of variants in speech according to verb type, verb phrase complexity, and the discourse status of the propositions expressed. Results of distributional analysis and mixed-effects modelling support Account 2 of the variation over Account 1, suggesting structural identity between not-negation and negative concord (in contrast to no-negation). This supports Tubau’s (2016) proposal that English negative indefinites have two distinct structures: one in which negation is marked syntactically in the DP and one in which they agree with a syntactically-higher NegP.",6.0,"Results of distributional analysis and mixed-effects modelling support Account 2 of the variation over Account 1, suggesting structural identity between not-negation and negative concord (in contrast to no-negation).",2.0,"Results of distributional analysis and mixed-effects modelling do not support Account 1 of the variation between English not-negation, no-negation, and negative.",TRUE,L-Spec,0.95,English,S,0.05
glossa-4968-childs,,"This paper integrates syntactic theory and variationist analysis in an investigation of the variation between English not-negation (I don’t have any money), no-negation (I have no money) and negative concord (I don’t have no money). Using corpora of three varieties of UK English spoken in Glasgow, Tyneside and Salford respectively, I test two theoretical accounts of the variation. Account 1 applies Zeijlstra’s (2004) agreement-based theory of negative concord to all three variants, such that n-words (e.g. nobody) which feature in no-negation and negative concord are not inherently negative but agree with a negative operator in a higher NegP. Under Account 2, no-negation is instead derived via negative-marking within the DP followed by movement to the higher NegP for sentential scope (Kayne 1998; Svenonius 2002; Zeijlstra 2011). These accounts, together with observations about the raising properties of functional versus lexical verbs, lead to the formulation of different hypotheses about the distribution of variants in speech according to verb type, verb phrase complexity, and the discourse status of the propositions expressed. Results of distributional analysis and mixed-effects modelling support Account 2 of the variation over Account 1, suggesting structural identity between not-negation and negative concord (in contrast to no-negation). This supports Tubau’s (2016) proposal that English negative indefinites have two distinct structures: one in which negation is marked syntactically in the DP and one in which they agree with a syntactically-higher NegP.",6.0,"Results of distributional analysis and mixed-effects modelling support Account 2 of the variation over Account 1, suggesting structural identity between not-negation and negative concord (in contrast to no-negation).",3.0,Results of distributional analysis and mixed-effects modelling suggest structural identity between not-negation and negative concord.,TRUE,L-Spec,0.95,English,S,0.05
glossa-4968-childs,,"This paper integrates syntactic theory and variationist analysis in an investigation of the variation between English not-negation (I don’t have any money), no-negation (I have no money) and negative concord (I don’t have no money). Using corpora of three varieties of UK English spoken in Glasgow, Tyneside and Salford respectively, I test two theoretical accounts of the variation. Account 1 applies Zeijlstra’s (2004) agreement-based theory of negative concord to all three variants, such that n-words (e.g. nobody) which feature in no-negation and negative concord are not inherently negative but agree with a negative operator in a higher NegP. Under Account 2, no-negation is instead derived via negative-marking within the DP followed by movement to the higher NegP for sentential scope (Kayne 1998; Svenonius 2002; Zeijlstra 2011). These accounts, together with observations about the raising properties of functional versus lexical verbs, lead to the formulation of different hypotheses about the distribution of variants in speech according to verb type, verb phrase complexity, and the discourse status of the propositions expressed. Results of distributional analysis and mixed-effects modelling support Account 2 of the variation over Account 1, suggesting structural identity between not-negation and negative concord (in contrast to no-negation). This supports Tubau’s (2016) proposal that English negative indefinites have two distinct structures: one in which negation is marked syntactically in the DP and one in which they agree with a syntactically-higher NegP.",6.0,"Results of distributional analysis and mixed-effects modelling support Account 2 of the variation over Account 1, suggesting structural identity between not-negation and negative concord (in contrast to no-negation).",4.0,Results of distributional analysis and mixed-effects modelling do not suggest structural identity in no-negation.,TRUE,L-Spec,0.95,English,S,0.05
glossa-4968-childs,,"This paper integrates syntactic theory and variationist analysis in an investigation of the variation between English not-negation (I don’t have any money), no-negation (I have no money) and negative concord (I don’t have no money). Using corpora of three varieties of UK English spoken in Glasgow, Tyneside and Salford respectively, I test two theoretical accounts of the variation. Account 1 applies Zeijlstra’s (2004) agreement-based theory of negative concord to all three variants, such that n-words (e.g. nobody) which feature in no-negation and negative concord are not inherently negative but agree with a negative operator in a higher NegP. Under Account 2, no-negation is instead derived via negative-marking within the DP followed by movement to the higher NegP for sentential scope (Kayne 1998; Svenonius 2002; Zeijlstra 2011). These accounts, together with observations about the raising properties of functional versus lexical verbs, lead to the formulation of different hypotheses about the distribution of variants in speech according to verb type, verb phrase complexity, and the discourse status of the propositions expressed. Results of distributional analysis and mixed-effects modelling support Account 2 of the variation over Account 1, suggesting structural identity between not-negation and negative concord (in contrast to no-negation). This supports Tubau’s (2016) proposal that English negative indefinites have two distinct structures: one in which negation is marked syntactically in the DP and one in which they agree with a syntactically-higher NegP.",7.0,This supports Tubau’s (2016) proposal that English negative indefinites have two distinct structures: one in which negation is marked syntactically in the DP and one in which they agree with a syntactically-higher NegP.,1.0,Tubau’s (2016) proposes that English negative indefinites have two distinct structures: one in which negation is marked syntactically in the determiner phrase (DP) and one in which they agree with a syntactically-higher Negation Phrase (NegP).,TRUE,C,0.98,,L-Theo,0.02
glossa-4968-childs,,"This paper integrates syntactic theory and variationist analysis in an investigation of the variation between English not-negation (I don’t have any money), no-negation (I have no money) and negative concord (I don’t have no money). Using corpora of three varieties of UK English spoken in Glasgow, Tyneside and Salford respectively, I test two theoretical accounts of the variation. Account 1 applies Zeijlstra’s (2004) agreement-based theory of negative concord to all three variants, such that n-words (e.g. nobody) which feature in no-negation and negative concord are not inherently negative but agree with a negative operator in a higher NegP. Under Account 2, no-negation is instead derived via negative-marking within the DP followed by movement to the higher NegP for sentential scope (Kayne 1998; Svenonius 2002; Zeijlstra 2011). These accounts, together with observations about the raising properties of functional versus lexical verbs, lead to the formulation of different hypotheses about the distribution of variants in speech according to verb type, verb phrase complexity, and the discourse status of the propositions expressed. Results of distributional analysis and mixed-effects modelling support Account 2 of the variation over Account 1, suggesting structural identity between not-negation and negative concord (in contrast to no-negation). This supports Tubau’s (2016) proposal that English negative indefinites have two distinct structures: one in which negation is marked syntactically in the DP and one in which they agree with a syntactically-higher NegP.",7.0,This supports Tubau’s (2016) proposal that English negative indefinites have two distinct structures: one in which negation is marked syntactically in the DP and one in which they agree with a syntactically-higher NegP.,2.0,"The structural identity between not-negation and negative concord, supports Tubau’s (2016) proposal that English negative indefinites have two distinct structures: one in which negation is marked syntactically in the determiner phrase (DP) and one in which they agree with a syntactically-higher Negation Phrase (NegP).",TRUE,L-Spec,0.9,English,C,0.1
glossa-4968-childs,1 Introduction,"Negation is a fervently-debated phenomenon within formal syntactic enquiry, as it is a universal property of language that is, at the same time, highly variable in terms of how it is expressed (Mazzon 2004: 94). The variability of negation also makes it an intriguing object of study for variationist sociolinguists, given their interest in the factors that condition speakers’ choices between linguistic forms that convey the same meaning (Tagliamonte 2006). Formal syntactic theory and variationist sociolinguistics are often depicted as somewhat incompatible “opposites”, because of their respective focus on linguistic competence and general linguistic principles on the one hand, versus performance and variability on the other (Wilson and Henry 1998). However, recent studies have advocated bridging the gap between the two in analysing morpho-syntactic variation and change (Wilson and Henry 1998; Adger and Smith 2005; 2010; Cornips and Corrigan 2005a; b; Adger and Trousdale 2007; Buchstaller et al. 2013; Burnett et al. under review), with Barbiers (2005: 235) suggesting that “it is the task of sociolinguists to describe and explain the patterns of variation that occur within a linguistic community given the theoretical limits of this variation uncovered by generative linguistics [emphasis mine]”. This paper takes such an approach and argues that integrating formal theory into variationist analysis of morpho-syntactic variation allows for: (i) more careful delimitation of the linguistic variable and its contexts, taking into consideration the constraints of the grammar; (ii) theoretically-informed decision-making as to the inclusion and exclusion of tokens; and (iii) using production data to test hypotheses that can elucidate how variants are derived from the grammar. Adopting this approach, my investigation focuses specifically on the alternation between not-negation (1), no-negation (2) and negative concord (3) in English.1",1.0,"Negation is a fervently-debated phenomenon within formal syntactic enquiry, as it is a universal property of language that is, at the same time, highly variable in terms of how it is expressed (Mazzon 2004: 94).",1.0,Negation is a fervently-debated phenomenon within formal syntactic enquiry (Mazzon 2004: 94).,TRUE,C,0.95,,L-Typo,0.05
glossa-4968-childs,1 Introduction,"Negation is a fervently-debated phenomenon within formal syntactic enquiry, as it is a universal property of language that is, at the same time, highly variable in terms of how it is expressed (Mazzon 2004: 94). The variability of negation also makes it an intriguing object of study for variationist sociolinguists, given their interest in the factors that condition speakers’ choices between linguistic forms that convey the same meaning (Tagliamonte 2006). Formal syntactic theory and variationist sociolinguistics are often depicted as somewhat incompatible “opposites”, because of their respective focus on linguistic competence and general linguistic principles on the one hand, versus performance and variability on the other (Wilson and Henry 1998). However, recent studies have advocated bridging the gap between the two in analysing morpho-syntactic variation and change (Wilson and Henry 1998; Adger and Smith 2005; 2010; Cornips and Corrigan 2005a; b; Adger and Trousdale 2007; Buchstaller et al. 2013; Burnett et al. under review), with Barbiers (2005: 235) suggesting that “it is the task of sociolinguists to describe and explain the patterns of variation that occur within a linguistic community given the theoretical limits of this variation uncovered by generative linguistics [emphasis mine]”. This paper takes such an approach and argues that integrating formal theory into variationist analysis of morpho-syntactic variation allows for: (i) more careful delimitation of the linguistic variable and its contexts, taking into consideration the constraints of the grammar; (ii) theoretically-informed decision-making as to the inclusion and exclusion of tokens; and (iii) using production data to test hypotheses that can elucidate how variants are derived from the grammar. Adopting this approach, my investigation focuses specifically on the alternation between not-negation (1), no-negation (2) and negative concord (3) in English.2",1.0,"Negation is a fervently-debated phenomenon within formal syntactic enquiry, as it is a universal property of language that is, at the same time, highly variable in terms of how it is expressed (Mazzon 2004: 94).",2.0,Negation is a fervently-debated phenomenon within formal syntactic enquiry.,TRUE,L-Typo,0.95,,C,0.05
glossa-4968-childs,1 Introduction,"Negation is a fervently-debated phenomenon within formal syntactic enquiry, as it is a universal property of language that is, at the same time, highly variable in terms of how it is expressed (Mazzon 2004: 94). The variability of negation also makes it an intriguing object of study for variationist sociolinguists, given their interest in the factors that condition speakers’ choices between linguistic forms that convey the same meaning (Tagliamonte 2006). Formal syntactic theory and variationist sociolinguistics are often depicted as somewhat incompatible “opposites”, because of their respective focus on linguistic competence and general linguistic principles on the one hand, versus performance and variability on the other (Wilson and Henry 1998). However, recent studies have advocated bridging the gap between the two in analysing morpho-syntactic variation and change (Wilson and Henry 1998; Adger and Smith 2005; 2010; Cornips and Corrigan 2005a; b; Adger and Trousdale 2007; Buchstaller et al. 2013; Burnett et al. under review), with Barbiers (2005: 235) suggesting that “it is the task of sociolinguists to describe and explain the patterns of variation that occur within a linguistic community given the theoretical limits of this variation uncovered by generative linguistics [emphasis mine]”. This paper takes such an approach and argues that integrating formal theory into variationist analysis of morpho-syntactic variation allows for: (i) more careful delimitation of the linguistic variable and its contexts, taking into consideration the constraints of the grammar; (ii) theoretically-informed decision-making as to the inclusion and exclusion of tokens; and (iii) using production data to test hypotheses that can elucidate how variants are derived from the grammar. Adopting this approach, my investigation focuses specifically on the alternation between not-negation (1), no-negation (2) and negative concord (3) in English.3",1.0,"Negation is a fervently-debated phenomenon within formal syntactic enquiry, as it is a universal property of language that is, at the same time, highly variable in terms of how it is expressed (Mazzon 2004: 94).",3.0,Negation is a universal property of language (Mazzon 2004: 94).,TRUE,C,0.95,,L-Typo,0.05
glossa-4968-childs,1 Introduction,"Negation is a fervently-debated phenomenon within formal syntactic enquiry, as it is a universal property of language that is, at the same time, highly variable in terms of how it is expressed (Mazzon 2004: 94). The variability of negation also makes it an intriguing object of study for variationist sociolinguists, given their interest in the factors that condition speakers’ choices between linguistic forms that convey the same meaning (Tagliamonte 2006). Formal syntactic theory and variationist sociolinguistics are often depicted as somewhat incompatible “opposites”, because of their respective focus on linguistic competence and general linguistic principles on the one hand, versus performance and variability on the other (Wilson and Henry 1998). However, recent studies have advocated bridging the gap between the two in analysing morpho-syntactic variation and change (Wilson and Henry 1998; Adger and Smith 2005; 2010; Cornips and Corrigan 2005a; b; Adger and Trousdale 2007; Buchstaller et al. 2013; Burnett et al. under review), with Barbiers (2005: 235) suggesting that “it is the task of sociolinguists to describe and explain the patterns of variation that occur within a linguistic community given the theoretical limits of this variation uncovered by generative linguistics [emphasis mine]”. This paper takes such an approach and argues that integrating formal theory into variationist analysis of morpho-syntactic variation allows for: (i) more careful delimitation of the linguistic variable and its contexts, taking into consideration the constraints of the grammar; (ii) theoretically-informed decision-making as to the inclusion and exclusion of tokens; and (iii) using production data to test hypotheses that can elucidate how variants are derived from the grammar. Adopting this approach, my investigation focuses specifically on the alternation between not-negation (1), no-negation (2) and negative concord (3) in English.4",1.0,"Negation is a fervently-debated phenomenon within formal syntactic enquiry, as it is a universal property of language that is, at the same time, highly variable in terms of how it is expressed (Mazzon 2004: 94).",4.0,Negation is a universal property of language.,TRUE,L-Typo,0.95,,C,0.05
glossa-4968-childs,1 Introduction,"Negation is a fervently-debated phenomenon within formal syntactic enquiry, as it is a universal property of language that is, at the same time, highly variable in terms of how it is expressed (Mazzon 2004: 94). The variability of negation also makes it an intriguing object of study for variationist sociolinguists, given their interest in the factors that condition speakers’ choices between linguistic forms that convey the same meaning (Tagliamonte 2006). Formal syntactic theory and variationist sociolinguistics are often depicted as somewhat incompatible “opposites”, because of their respective focus on linguistic competence and general linguistic principles on the one hand, versus performance and variability on the other (Wilson and Henry 1998). However, recent studies have advocated bridging the gap between the two in analysing morpho-syntactic variation and change (Wilson and Henry 1998; Adger and Smith 2005; 2010; Cornips and Corrigan 2005a; b; Adger and Trousdale 2007; Buchstaller et al. 2013; Burnett et al. under review), with Barbiers (2005: 235) suggesting that “it is the task of sociolinguists to describe and explain the patterns of variation that occur within a linguistic community given the theoretical limits of this variation uncovered by generative linguistics [emphasis mine]”. This paper takes such an approach and argues that integrating formal theory into variationist analysis of morpho-syntactic variation allows for: (i) more careful delimitation of the linguistic variable and its contexts, taking into consideration the constraints of the grammar; (ii) theoretically-informed decision-making as to the inclusion and exclusion of tokens; and (iii) using production data to test hypotheses that can elucidate how variants are derived from the grammar. Adopting this approach, my investigation focuses specifically on the alternation between not-negation (1), no-negation (2) and negative concord (3) in English.5",1.0,"Negation is a fervently-debated phenomenon within formal syntactic enquiry, as it is a universal property of language that is, at the same time, highly variable in terms of how it is expressed (Mazzon 2004: 94).",5.0,Negation is highly variable in terms of how it is expressed (Mazzon 2004: 94).,TRUE,C,0.95,,L-Typo,0.05
glossa-4968-childs,1 Introduction,"Negation is a fervently-debated phenomenon within formal syntactic enquiry, as it is a universal property of language that is, at the same time, highly variable in terms of how it is expressed (Mazzon 2004: 94). The variability of negation also makes it an intriguing object of study for variationist sociolinguists, given their interest in the factors that condition speakers’ choices between linguistic forms that convey the same meaning (Tagliamonte 2006). Formal syntactic theory and variationist sociolinguistics are often depicted as somewhat incompatible “opposites”, because of their respective focus on linguistic competence and general linguistic principles on the one hand, versus performance and variability on the other (Wilson and Henry 1998). However, recent studies have advocated bridging the gap between the two in analysing morpho-syntactic variation and change (Wilson and Henry 1998; Adger and Smith 2005; 2010; Cornips and Corrigan 2005a; b; Adger and Trousdale 2007; Buchstaller et al. 2013; Burnett et al. under review), with Barbiers (2005: 235) suggesting that “it is the task of sociolinguists to describe and explain the patterns of variation that occur within a linguistic community given the theoretical limits of this variation uncovered by generative linguistics [emphasis mine]”. This paper takes such an approach and argues that integrating formal theory into variationist analysis of morpho-syntactic variation allows for: (i) more careful delimitation of the linguistic variable and its contexts, taking into consideration the constraints of the grammar; (ii) theoretically-informed decision-making as to the inclusion and exclusion of tokens; and (iii) using production data to test hypotheses that can elucidate how variants are derived from the grammar. Adopting this approach, my investigation focuses specifically on the alternation between not-negation (1), no-negation (2) and negative concord (3) in English.6",1.0,"Negation is a fervently-debated phenomenon within formal syntactic enquiry, as it is a universal property of language that is, at the same time, highly variable in terms of how it is expressed (Mazzon 2004: 94).",6.0,Negation is highly variable in terms of how it is expressed.,TRUE,L-Typo,0.95,,C,0.05
glossa-4968-childs,1 Introduction,"Negation is a fervently-debated phenomenon within formal syntactic enquiry, as it is a universal property of language that is, at the same time, highly variable in terms of how it is expressed (Mazzon 2004: 94). The variability of negation also makes it an intriguing object of study for variationist sociolinguists, given their interest in the factors that condition speakers’ choices between linguistic forms that convey the same meaning (Tagliamonte 2006). Formal syntactic theory and variationist sociolinguistics are often depicted as somewhat incompatible “opposites”, because of their respective focus on linguistic competence and general linguistic principles on the one hand, versus performance and variability on the other (Wilson and Henry 1998). However, recent studies have advocated bridging the gap between the two in analysing morpho-syntactic variation and change (Wilson and Henry 1998; Adger and Smith 2005; 2010; Cornips and Corrigan 2005a; b; Adger and Trousdale 2007; Buchstaller et al. 2013; Burnett et al. under review), with Barbiers (2005: 235) suggesting that “it is the task of sociolinguists to describe and explain the patterns of variation that occur within a linguistic community given the theoretical limits of this variation uncovered by generative linguistics [emphasis mine]”. This paper takes such an approach and argues that integrating formal theory into variationist analysis of morpho-syntactic variation allows for: (i) more careful delimitation of the linguistic variable and its contexts, taking into consideration the constraints of the grammar; (ii) theoretically-informed decision-making as to the inclusion and exclusion of tokens; and (iii) using production data to test hypotheses that can elucidate how variants are derived from the grammar. Adopting this approach, my investigation focuses specifically on the alternation between not-negation (1), no-negation (2) and negative concord (3) in English.7",2.0,"The variability of negation also makes it an intriguing object of study for variationist sociolinguists, given their interest in the factors that condition speakers’ choices between linguistic forms that convey the same meaning (Tagliamonte 2006).",1.0,The variability of negation is an intriguing object of study for variationist sociolinguists.,TRUE,L-Typo,0.95,,Other,0.05
glossa-4968-childs,1 Introduction,"Negation is a fervently-debated phenomenon within formal syntactic enquiry, as it is a universal property of language that is, at the same time, highly variable in terms of how it is expressed (Mazzon 2004: 94). The variability of negation also makes it an intriguing object of study for variationist sociolinguists, given their interest in the factors that condition speakers’ choices between linguistic forms that convey the same meaning (Tagliamonte 2006). Formal syntactic theory and variationist sociolinguistics are often depicted as somewhat incompatible “opposites”, because of their respective focus on linguistic competence and general linguistic principles on the one hand, versus performance and variability on the other (Wilson and Henry 1998). However, recent studies have advocated bridging the gap between the two in analysing morpho-syntactic variation and change (Wilson and Henry 1998; Adger and Smith 2005; 2010; Cornips and Corrigan 2005a; b; Adger and Trousdale 2007; Buchstaller et al. 2013; Burnett et al. under review), with Barbiers (2005: 235) suggesting that “it is the task of sociolinguists to describe and explain the patterns of variation that occur within a linguistic community given the theoretical limits of this variation uncovered by generative linguistics [emphasis mine]”. This paper takes such an approach and argues that integrating formal theory into variationist analysis of morpho-syntactic variation allows for: (i) more careful delimitation of the linguistic variable and its contexts, taking into consideration the constraints of the grammar; (ii) theoretically-informed decision-making as to the inclusion and exclusion of tokens; and (iii) using production data to test hypotheses that can elucidate how variants are derived from the grammar. Adopting this approach, my investigation focuses specifically on the alternation between not-negation (1), no-negation (2) and negative concord (3) in English.8",2.0,"The variability of negation also makes it an intriguing object of study for variationist sociolinguists, given their interest in the factors that condition speakers’ choices between linguistic forms that convey the same meaning (Tagliamonte 2006).",2.0,Variationist sociolinguists are interested in the factors that condition speakers’ choices between linguistic forms that convey the same meaning (Tagliamonte 2006).,TRUE,C,0.95,,L-Typo,0.05
glossa-4968-childs,1 Introduction,"Negation is a fervently-debated phenomenon within formal syntactic enquiry, as it is a universal property of language that is, at the same time, highly variable in terms of how it is expressed (Mazzon 2004: 94). The variability of negation also makes it an intriguing object of study for variationist sociolinguists, given their interest in the factors that condition speakers’ choices between linguistic forms that convey the same meaning (Tagliamonte 2006). Formal syntactic theory and variationist sociolinguistics are often depicted as somewhat incompatible “opposites”, because of their respective focus on linguistic competence and general linguistic principles on the one hand, versus performance and variability on the other (Wilson and Henry 1998). However, recent studies have advocated bridging the gap between the two in analysing morpho-syntactic variation and change (Wilson and Henry 1998; Adger and Smith 2005; 2010; Cornips and Corrigan 2005a; b; Adger and Trousdale 2007; Buchstaller et al. 2013; Burnett et al. under review), with Barbiers (2005: 235) suggesting that “it is the task of sociolinguists to describe and explain the patterns of variation that occur within a linguistic community given the theoretical limits of this variation uncovered by generative linguistics [emphasis mine]”. This paper takes such an approach and argues that integrating formal theory into variationist analysis of morpho-syntactic variation allows for: (i) more careful delimitation of the linguistic variable and its contexts, taking into consideration the constraints of the grammar; (ii) theoretically-informed decision-making as to the inclusion and exclusion of tokens; and (iii) using production data to test hypotheses that can elucidate how variants are derived from the grammar. Adopting this approach, my investigation focuses specifically on the alternation between not-negation (1), no-negation (2) and negative concord (3) in English.9",2.0,"The variability of negation also makes it an intriguing object of study for variationist sociolinguists, given their interest in the factors that condition speakers’ choices between linguistic forms that convey the same meaning (Tagliamonte 2006).",3.0,Variationist sociolinguists are interested in the factors that condition speakers’ choices between linguistic forms that convey the same meaning.,TRUE,L-Typo,0.95,,C,0.05
glossa-4968-childs,1 Introduction,"Negation is a fervently-debated phenomenon within formal syntactic enquiry, as it is a universal property of language that is, at the same time, highly variable in terms of how it is expressed (Mazzon 2004: 94). The variability of negation also makes it an intriguing object of study for variationist sociolinguists, given their interest in the factors that condition speakers’ choices between linguistic forms that convey the same meaning (Tagliamonte 2006). Formal syntactic theory and variationist sociolinguistics are often depicted as somewhat incompatible “opposites”, because of their respective focus on linguistic competence and general linguistic principles on the one hand, versus performance and variability on the other (Wilson and Henry 1998). However, recent studies have advocated bridging the gap between the two in analysing morpho-syntactic variation and change (Wilson and Henry 1998; Adger and Smith 2005; 2010; Cornips and Corrigan 2005a; b; Adger and Trousdale 2007; Buchstaller et al. 2013; Burnett et al. under review), with Barbiers (2005: 235) suggesting that “it is the task of sociolinguists to describe and explain the patterns of variation that occur within a linguistic community given the theoretical limits of this variation uncovered by generative linguistics [emphasis mine]”. This paper takes such an approach and argues that integrating formal theory into variationist analysis of morpho-syntactic variation allows for: (i) more careful delimitation of the linguistic variable and its contexts, taking into consideration the constraints of the grammar; (ii) theoretically-informed decision-making as to the inclusion and exclusion of tokens; and (iii) using production data to test hypotheses that can elucidate how variants are derived from the grammar. Adopting this approach, my investigation focuses specifically on the alternation between not-negation (1), no-negation (2) and negative concord (3) in English.10",3.0,"Formal syntactic theory and variationist sociolinguistics are often depicted as somewhat incompatible “opposites”, because of their respective focus on linguistic competence and general linguistic principles on the one hand, versus performance and variability on the other (Wilson and Henry 1998).",1.0,Formal syntactic theory and variationist sociolinguistics are often depicted as somewhat incompatible 'opposites' (Wilson and Henry 1998).,TRUE,C,0.99,,L-Theo,0.01
glossa-4968-childs,1 Introduction,"Negation is a fervently-debated phenomenon within formal syntactic enquiry, as it is a universal property of language that is, at the same time, highly variable in terms of how it is expressed (Mazzon 2004: 94). The variability of negation also makes it an intriguing object of study for variationist sociolinguists, given their interest in the factors that condition speakers’ choices between linguistic forms that convey the same meaning (Tagliamonte 2006). Formal syntactic theory and variationist sociolinguistics are often depicted as somewhat incompatible “opposites”, because of their respective focus on linguistic competence and general linguistic principles on the one hand, versus performance and variability on the other (Wilson and Henry 1998). However, recent studies have advocated bridging the gap between the two in analysing morpho-syntactic variation and change (Wilson and Henry 1998; Adger and Smith 2005; 2010; Cornips and Corrigan 2005a; b; Adger and Trousdale 2007; Buchstaller et al. 2013; Burnett et al. under review), with Barbiers (2005: 235) suggesting that “it is the task of sociolinguists to describe and explain the patterns of variation that occur within a linguistic community given the theoretical limits of this variation uncovered by generative linguistics [emphasis mine]”. This paper takes such an approach and argues that integrating formal theory into variationist analysis of morpho-syntactic variation allows for: (i) more careful delimitation of the linguistic variable and its contexts, taking into consideration the constraints of the grammar; (ii) theoretically-informed decision-making as to the inclusion and exclusion of tokens; and (iii) using production data to test hypotheses that can elucidate how variants are derived from the grammar. Adopting this approach, my investigation focuses specifically on the alternation between not-negation (1), no-negation (2) and negative concord (3) in English.11",3.0,"Formal syntactic theory and variationist sociolinguistics are often depicted as somewhat incompatible “opposites”, because of their respective focus on linguistic competence and general linguistic principles on the one hand, versus performance and variability on the other (Wilson and Henry 1998).",2.0,Formal syntactic theory and variationist sociolinguistics are often depicted as somewhat incompatible 'opposites'.,TRUE,L-Theo,0.95,,C,0.05
glossa-4968-childs,1 Introduction,"Negation is a fervently-debated phenomenon within formal syntactic enquiry, as it is a universal property of language that is, at the same time, highly variable in terms of how it is expressed (Mazzon 2004: 94). The variability of negation also makes it an intriguing object of study for variationist sociolinguists, given their interest in the factors that condition speakers’ choices between linguistic forms that convey the same meaning (Tagliamonte 2006). Formal syntactic theory and variationist sociolinguistics are often depicted as somewhat incompatible “opposites”, because of their respective focus on linguistic competence and general linguistic principles on the one hand, versus performance and variability on the other (Wilson and Henry 1998). However, recent studies have advocated bridging the gap between the two in analysing morpho-syntactic variation and change (Wilson and Henry 1998; Adger and Smith 2005; 2010; Cornips and Corrigan 2005a; b; Adger and Trousdale 2007; Buchstaller et al. 2013; Burnett et al. under review), with Barbiers (2005: 235) suggesting that “it is the task of sociolinguists to describe and explain the patterns of variation that occur within a linguistic community given the theoretical limits of this variation uncovered by generative linguistics [emphasis mine]”. This paper takes such an approach and argues that integrating formal theory into variationist analysis of morpho-syntactic variation allows for: (i) more careful delimitation of the linguistic variable and its contexts, taking into consideration the constraints of the grammar; (ii) theoretically-informed decision-making as to the inclusion and exclusion of tokens; and (iii) using production data to test hypotheses that can elucidate how variants are derived from the grammar. Adopting this approach, my investigation focuses specifically on the alternation between not-negation (1), no-negation (2) and negative concord (3) in English.12",3.0,"Formal syntactic theory and variationist sociolinguistics are often depicted as somewhat incompatible “opposites”, because of their respective focus on linguistic competence and general linguistic principles on the one hand, versus performance and variability on the other (Wilson and Henry 1998).",3.0,Formal syntactic theory focuses on linguistic competence and general linguistic principles (Wilson and Henry 1998).,TRUE,C,0.99,,L-Theo,0.01
glossa-4968-childs,1 Introduction,"Negation is a fervently-debated phenomenon within formal syntactic enquiry, as it is a universal property of language that is, at the same time, highly variable in terms of how it is expressed (Mazzon 2004: 94). The variability of negation also makes it an intriguing object of study for variationist sociolinguists, given their interest in the factors that condition speakers’ choices between linguistic forms that convey the same meaning (Tagliamonte 2006). Formal syntactic theory and variationist sociolinguistics are often depicted as somewhat incompatible “opposites”, because of their respective focus on linguistic competence and general linguistic principles on the one hand, versus performance and variability on the other (Wilson and Henry 1998). However, recent studies have advocated bridging the gap between the two in analysing morpho-syntactic variation and change (Wilson and Henry 1998; Adger and Smith 2005; 2010; Cornips and Corrigan 2005a; b; Adger and Trousdale 2007; Buchstaller et al. 2013; Burnett et al. under review), with Barbiers (2005: 235) suggesting that “it is the task of sociolinguists to describe and explain the patterns of variation that occur within a linguistic community given the theoretical limits of this variation uncovered by generative linguistics [emphasis mine]”. This paper takes such an approach and argues that integrating formal theory into variationist analysis of morpho-syntactic variation allows for: (i) more careful delimitation of the linguistic variable and its contexts, taking into consideration the constraints of the grammar; (ii) theoretically-informed decision-making as to the inclusion and exclusion of tokens; and (iii) using production data to test hypotheses that can elucidate how variants are derived from the grammar. Adopting this approach, my investigation focuses specifically on the alternation between not-negation (1), no-negation (2) and negative concord (3) in English.13",3.0,"Formal syntactic theory and variationist sociolinguistics are often depicted as somewhat incompatible “opposites”, because of their respective focus on linguistic competence and general linguistic principles on the one hand, versus performance and variability on the other (Wilson and Henry 1998).",4.0,Formal syntactic theory focuses on linguistic competence and general linguistic principles.,TRUE,L-Theo,0.95,,C,0.05
glossa-4968-childs,1 Introduction,"Negation is a fervently-debated phenomenon within formal syntactic enquiry, as it is a universal property of language that is, at the same time, highly variable in terms of how it is expressed (Mazzon 2004: 94). The variability of negation also makes it an intriguing object of study for variationist sociolinguists, given their interest in the factors that condition speakers’ choices between linguistic forms that convey the same meaning (Tagliamonte 2006). Formal syntactic theory and variationist sociolinguistics are often depicted as somewhat incompatible “opposites”, because of their respective focus on linguistic competence and general linguistic principles on the one hand, versus performance and variability on the other (Wilson and Henry 1998). However, recent studies have advocated bridging the gap between the two in analysing morpho-syntactic variation and change (Wilson and Henry 1998; Adger and Smith 2005; 2010; Cornips and Corrigan 2005a; b; Adger and Trousdale 2007; Buchstaller et al. 2013; Burnett et al. under review), with Barbiers (2005: 235) suggesting that “it is the task of sociolinguists to describe and explain the patterns of variation that occur within a linguistic community given the theoretical limits of this variation uncovered by generative linguistics [emphasis mine]”. This paper takes such an approach and argues that integrating formal theory into variationist analysis of morpho-syntactic variation allows for: (i) more careful delimitation of the linguistic variable and its contexts, taking into consideration the constraints of the grammar; (ii) theoretically-informed decision-making as to the inclusion and exclusion of tokens; and (iii) using production data to test hypotheses that can elucidate how variants are derived from the grammar. Adopting this approach, my investigation focuses specifically on the alternation between not-negation (1), no-negation (2) and negative concord (3) in English.14",3.0,"Formal syntactic theory and variationist sociolinguistics are often depicted as somewhat incompatible “opposites”, because of their respective focus on linguistic competence and general linguistic principles on the one hand, versus performance and variability on the other (Wilson and Henry 1998).",5.0,Variationist sociolinguistics focuses on performance and variability (Wilson and Henry 1998).,TRUE,C,0.99,,L-Theo,0.01
glossa-4968-childs,1 Introduction,"Negation is a fervently-debated phenomenon within formal syntactic enquiry, as it is a universal property of language that is, at the same time, highly variable in terms of how it is expressed (Mazzon 2004: 94). The variability of negation also makes it an intriguing object of study for variationist sociolinguists, given their interest in the factors that condition speakers’ choices between linguistic forms that convey the same meaning (Tagliamonte 2006). Formal syntactic theory and variationist sociolinguistics are often depicted as somewhat incompatible “opposites”, because of their respective focus on linguistic competence and general linguistic principles on the one hand, versus performance and variability on the other (Wilson and Henry 1998). However, recent studies have advocated bridging the gap between the two in analysing morpho-syntactic variation and change (Wilson and Henry 1998; Adger and Smith 2005; 2010; Cornips and Corrigan 2005a; b; Adger and Trousdale 2007; Buchstaller et al. 2013; Burnett et al. under review), with Barbiers (2005: 235) suggesting that “it is the task of sociolinguists to describe and explain the patterns of variation that occur within a linguistic community given the theoretical limits of this variation uncovered by generative linguistics [emphasis mine]”. This paper takes such an approach and argues that integrating formal theory into variationist analysis of morpho-syntactic variation allows for: (i) more careful delimitation of the linguistic variable and its contexts, taking into consideration the constraints of the grammar; (ii) theoretically-informed decision-making as to the inclusion and exclusion of tokens; and (iii) using production data to test hypotheses that can elucidate how variants are derived from the grammar. Adopting this approach, my investigation focuses specifically on the alternation between not-negation (1), no-negation (2) and negative concord (3) in English.15",3.0,"Formal syntactic theory and variationist sociolinguistics are often depicted as somewhat incompatible “opposites”, because of their respective focus on linguistic competence and general linguistic principles on the one hand, versus performance and variability on the other (Wilson and Henry 1998).",6.0,Variationist sociolinguistics focuses on performance and variability.,TRUE,L-Theo,0.95,,C,0.05
glossa-4968-childs,1 Introduction,"Negation is a fervently-debated phenomenon within formal syntactic enquiry, as it is a universal property of language that is, at the same time, highly variable in terms of how it is expressed (Mazzon 2004: 94). The variability of negation also makes it an intriguing object of study for variationist sociolinguists, given their interest in the factors that condition speakers’ choices between linguistic forms that convey the same meaning (Tagliamonte 2006). Formal syntactic theory and variationist sociolinguistics are often depicted as somewhat incompatible “opposites”, because of their respective focus on linguistic competence and general linguistic principles on the one hand, versus performance and variability on the other (Wilson and Henry 1998). However, recent studies have advocated bridging the gap between the two in analysing morpho-syntactic variation and change (Wilson and Henry 1998; Adger and Smith 2005; 2010; Cornips and Corrigan 2005a; b; Adger and Trousdale 2007; Buchstaller et al. 2013; Burnett et al. under review), with Barbiers (2005: 235) suggesting that “it is the task of sociolinguists to describe and explain the patterns of variation that occur within a linguistic community given the theoretical limits of this variation uncovered by generative linguistics [emphasis mine]”. This paper takes such an approach and argues that integrating formal theory into variationist analysis of morpho-syntactic variation allows for: (i) more careful delimitation of the linguistic variable and its contexts, taking into consideration the constraints of the grammar; (ii) theoretically-informed decision-making as to the inclusion and exclusion of tokens; and (iii) using production data to test hypotheses that can elucidate how variants are derived from the grammar. Adopting this approach, my investigation focuses specifically on the alternation between not-negation (1), no-negation (2) and negative concord (3) in English.16",4.0,"However, recent studies have advocated bridging the gap between the two in analysing morpho-syntactic variation and change (Wilson and Henry 1998; Adger and Smith 2005; 2010; Cornips and Corrigan 2005a; b; Adger and Trousdale 2007; Buchstaller et al. 2013; Burnett et al. under review), with Barbiers (2005: 235) suggesting that “it is the task of sociolinguists to describe and explain the patterns of variation that occur within a linguistic community given the theoretical limits of this variation uncovered by generative linguistics [emphasis mine]”.",1.0,Recent studies have advocated bridging the gap between formal syntactic theory and variationist sociolinguistics in analysing morpho-syntactic variation and change (Wilson and Henry 1998; Adger and Smith 2005; 2010; Cornips and Corrigan 2005a; b; Adger and Trousdale 2007; Buchstaller et al. 2013; Burnett et al. under review).,TRUE,C,0.99,,L-Theo,0.01
glossa-4968-childs,1 Introduction,"Negation is a fervently-debated phenomenon within formal syntactic enquiry, as it is a universal property of language that is, at the same time, highly variable in terms of how it is expressed (Mazzon 2004: 94). The variability of negation also makes it an intriguing object of study for variationist sociolinguists, given their interest in the factors that condition speakers’ choices between linguistic forms that convey the same meaning (Tagliamonte 2006). Formal syntactic theory and variationist sociolinguistics are often depicted as somewhat incompatible “opposites”, because of their respective focus on linguistic competence and general linguistic principles on the one hand, versus performance and variability on the other (Wilson and Henry 1998). However, recent studies have advocated bridging the gap between the two in analysing morpho-syntactic variation and change (Wilson and Henry 1998; Adger and Smith 2005; 2010; Cornips and Corrigan 2005a; b; Adger and Trousdale 2007; Buchstaller et al. 2013; Burnett et al. under review), with Barbiers (2005: 235) suggesting that “it is the task of sociolinguists to describe and explain the patterns of variation that occur within a linguistic community given the theoretical limits of this variation uncovered by generative linguistics [emphasis mine]”. This paper takes such an approach and argues that integrating formal theory into variationist analysis of morpho-syntactic variation allows for: (i) more careful delimitation of the linguistic variable and its contexts, taking into consideration the constraints of the grammar; (ii) theoretically-informed decision-making as to the inclusion and exclusion of tokens; and (iii) using production data to test hypotheses that can elucidate how variants are derived from the grammar. Adopting this approach, my investigation focuses specifically on the alternation between not-negation (1), no-negation (2) and negative concord (3) in English.17",4.0,"However, recent studies have advocated bridging the gap between the two in analysing morpho-syntactic variation and change (Wilson and Henry 1998; Adger and Smith 2005; 2010; Cornips and Corrigan 2005a; b; Adger and Trousdale 2007; Buchstaller et al. 2013; Burnett et al. under review), with Barbiers (2005: 235) suggesting that “it is the task of sociolinguists to describe and explain the patterns of variation that occur within a linguistic community given the theoretical limits of this variation uncovered by generative linguistics [emphasis mine]”.",2.0,Recent studies have advocated bridging the gap between formal syntactic theory and variationist sociolinguistics in analysing morpho-syntactic variation and change.,TRUE,L-Theo,0.95,,C,0.05
glossa-4968-childs,1 Introduction,"Negation is a fervently-debated phenomenon within formal syntactic enquiry, as it is a universal property of language that is, at the same time, highly variable in terms of how it is expressed (Mazzon 2004: 94). The variability of negation also makes it an intriguing object of study for variationist sociolinguists, given their interest in the factors that condition speakers’ choices between linguistic forms that convey the same meaning (Tagliamonte 2006). Formal syntactic theory and variationist sociolinguistics are often depicted as somewhat incompatible “opposites”, because of their respective focus on linguistic competence and general linguistic principles on the one hand, versus performance and variability on the other (Wilson and Henry 1998). However, recent studies have advocated bridging the gap between the two in analysing morpho-syntactic variation and change (Wilson and Henry 1998; Adger and Smith 2005; 2010; Cornips and Corrigan 2005a; b; Adger and Trousdale 2007; Buchstaller et al. 2013; Burnett et al. under review), with Barbiers (2005: 235) suggesting that “it is the task of sociolinguists to describe and explain the patterns of variation that occur within a linguistic community given the theoretical limits of this variation uncovered by generative linguistics [emphasis mine]”. This paper takes such an approach and argues that integrating formal theory into variationist analysis of morpho-syntactic variation allows for: (i) more careful delimitation of the linguistic variable and its contexts, taking into consideration the constraints of the grammar; (ii) theoretically-informed decision-making as to the inclusion and exclusion of tokens; and (iii) using production data to test hypotheses that can elucidate how variants are derived from the grammar. Adopting this approach, my investigation focuses specifically on the alternation between not-negation (1), no-negation (2) and negative concord (3) in English.18",4.0,"However, recent studies have advocated bridging the gap between the two in analysing morpho-syntactic variation and change (Wilson and Henry 1998; Adger and Smith 2005; 2010; Cornips and Corrigan 2005a; b; Adger and Trousdale 2007; Buchstaller et al. 2013; Burnett et al. under review), with Barbiers (2005: 235) suggesting that “it is the task of sociolinguists to describe and explain the patterns of variation that occur within a linguistic community given the theoretical limits of this variation uncovered by generative linguistics [emphasis mine]”.",3.0,Barbiers (2005: 235) says that “it is the task of sociolinguists to describe and explain the patterns of variation that occur within a linguistic community given the theoretical limits of this variation uncovered by generative linguistics [emphasis mine]”.,TRUE,C,0.99,,L-Theo,0.01
glossa-4968-childs,1 Introduction,"Negation is a fervently-debated phenomenon within formal syntactic enquiry, as it is a universal property of language that is, at the same time, highly variable in terms of how it is expressed (Mazzon 2004: 94). The variability of negation also makes it an intriguing object of study for variationist sociolinguists, given their interest in the factors that condition speakers’ choices between linguistic forms that convey the same meaning (Tagliamonte 2006). Formal syntactic theory and variationist sociolinguistics are often depicted as somewhat incompatible “opposites”, because of their respective focus on linguistic competence and general linguistic principles on the one hand, versus performance and variability on the other (Wilson and Henry 1998). However, recent studies have advocated bridging the gap between the two in analysing morpho-syntactic variation and change (Wilson and Henry 1998; Adger and Smith 2005; 2010; Cornips and Corrigan 2005a; b; Adger and Trousdale 2007; Buchstaller et al. 2013; Burnett et al. under review), with Barbiers (2005: 235) suggesting that “it is the task of sociolinguists to describe and explain the patterns of variation that occur within a linguistic community given the theoretical limits of this variation uncovered by generative linguistics [emphasis mine]”. This paper takes such an approach and argues that integrating formal theory into variationist analysis of morpho-syntactic variation allows for: (i) more careful delimitation of the linguistic variable and its contexts, taking into consideration the constraints of the grammar; (ii) theoretically-informed decision-making as to the inclusion and exclusion of tokens; and (iii) using production data to test hypotheses that can elucidate how variants are derived from the grammar. Adopting this approach, my investigation focuses specifically on the alternation between not-negation (1), no-negation (2) and negative concord (3) in English.19",4.0,"However, recent studies have advocated bridging the gap between the two in analysing morpho-syntactic variation and change (Wilson and Henry 1998; Adger and Smith 2005; 2010; Cornips and Corrigan 2005a; b; Adger and Trousdale 2007; Buchstaller et al. 2013; Burnett et al. under review), with Barbiers (2005: 235) suggesting that “it is the task of sociolinguists to describe and explain the patterns of variation that occur within a linguistic community given the theoretical limits of this variation uncovered by generative linguistics [emphasis mine]”.",4.0,The task of sociolinguists to describe and explain the patterns of variation that occur within a linguistic community given the theoretical limits of this variation uncovered by generative linguistics.,TRUE,L-Theo,0.9,,C,0.1
glossa-4968-childs,1 Introduction,"Negation is a fervently-debated phenomenon within formal syntactic enquiry, as it is a universal property of language that is, at the same time, highly variable in terms of how it is expressed (Mazzon 2004: 94). The variability of negation also makes it an intriguing object of study for variationist sociolinguists, given their interest in the factors that condition speakers’ choices between linguistic forms that convey the same meaning (Tagliamonte 2006). Formal syntactic theory and variationist sociolinguistics are often depicted as somewhat incompatible “opposites”, because of their respective focus on linguistic competence and general linguistic principles on the one hand, versus performance and variability on the other (Wilson and Henry 1998). However, recent studies have advocated bridging the gap between the two in analysing morpho-syntactic variation and change (Wilson and Henry 1998; Adger and Smith 2005; 2010; Cornips and Corrigan 2005a; b; Adger and Trousdale 2007; Buchstaller et al. 2013; Burnett et al. under review), with Barbiers (2005: 235) suggesting that “it is the task of sociolinguists to describe and explain the patterns of variation that occur within a linguistic community given the theoretical limits of this variation uncovered by generative linguistics [emphasis mine]”. This paper takes such an approach and argues that integrating formal theory into variationist analysis of morpho-syntactic variation allows for: (i) more careful delimitation of the linguistic variable and its contexts, taking into consideration the constraints of the grammar; (ii) theoretically-informed decision-making as to the inclusion and exclusion of tokens; and (iii) using production data to test hypotheses that can elucidate how variants are derived from the grammar. Adopting this approach, my investigation focuses specifically on the alternation between not-negation (1), no-negation (2) and negative concord (3) in English.20",5.0,"This paper takes such an approach and argues that integrating formal theory into variationist analysis of morpho-syntactic variation allows for: (i) more careful delimitation of the linguistic variable and its contexts, taking into consideration the constraints of the grammar; (ii) theoretically-informed decision-making as to the inclusion and exclusion of tokens; and (iii) using production data to test hypotheses that can elucidate how variants are derived from the grammar.",1.0,"Integrating formal theory into variationist analysis of morpho-syntactic variation allows for more careful delimitation of the linguistic variable and its contexts, taking into consideration the constraints of the grammar.",TRUE,L-Theo,0.95,,S,0.05
glossa-4968-childs,1 Introduction,"Negation is a fervently-debated phenomenon within formal syntactic enquiry, as it is a universal property of language that is, at the same time, highly variable in terms of how it is expressed (Mazzon 2004: 94). The variability of negation also makes it an intriguing object of study for variationist sociolinguists, given their interest in the factors that condition speakers’ choices between linguistic forms that convey the same meaning (Tagliamonte 2006). Formal syntactic theory and variationist sociolinguistics are often depicted as somewhat incompatible “opposites”, because of their respective focus on linguistic competence and general linguistic principles on the one hand, versus performance and variability on the other (Wilson and Henry 1998). However, recent studies have advocated bridging the gap between the two in analysing morpho-syntactic variation and change (Wilson and Henry 1998; Adger and Smith 2005; 2010; Cornips and Corrigan 2005a; b; Adger and Trousdale 2007; Buchstaller et al. 2013; Burnett et al. under review), with Barbiers (2005: 235) suggesting that “it is the task of sociolinguists to describe and explain the patterns of variation that occur within a linguistic community given the theoretical limits of this variation uncovered by generative linguistics [emphasis mine]”. This paper takes such an approach and argues that integrating formal theory into variationist analysis of morpho-syntactic variation allows for: (i) more careful delimitation of the linguistic variable and its contexts, taking into consideration the constraints of the grammar; (ii) theoretically-informed decision-making as to the inclusion and exclusion of tokens; and (iii) using production data to test hypotheses that can elucidate how variants are derived from the grammar. Adopting this approach, my investigation focuses specifically on the alternation between not-negation (1), no-negation (2) and negative concord (3) in English.21",5.0,"This paper takes such an approach and argues that integrating formal theory into variationist analysis of morpho-syntactic variation allows for: (i) more careful delimitation of the linguistic variable and its contexts, taking into consideration the constraints of the grammar; (ii) theoretically-informed decision-making as to the inclusion and exclusion of tokens; and (iii) using production data to test hypotheses that can elucidate how variants are derived from the grammar.",2.0,Integrating formal theory into variationist analysis of morpho-syntactic variation allows for theoretically-informed decision-making as to the inclusion and exclusion of tokens.,TRUE,L-Theo,0.95,,S,0.05
glossa-4968-childs,1 Introduction,"Negation is a fervently-debated phenomenon within formal syntactic enquiry, as it is a universal property of language that is, at the same time, highly variable in terms of how it is expressed (Mazzon 2004: 94). The variability of negation also makes it an intriguing object of study for variationist sociolinguists, given their interest in the factors that condition speakers’ choices between linguistic forms that convey the same meaning (Tagliamonte 2006). Formal syntactic theory and variationist sociolinguistics are often depicted as somewhat incompatible “opposites”, because of their respective focus on linguistic competence and general linguistic principles on the one hand, versus performance and variability on the other (Wilson and Henry 1998). However, recent studies have advocated bridging the gap between the two in analysing morpho-syntactic variation and change (Wilson and Henry 1998; Adger and Smith 2005; 2010; Cornips and Corrigan 2005a; b; Adger and Trousdale 2007; Buchstaller et al. 2013; Burnett et al. under review), with Barbiers (2005: 235) suggesting that “it is the task of sociolinguists to describe and explain the patterns of variation that occur within a linguistic community given the theoretical limits of this variation uncovered by generative linguistics [emphasis mine]”. This paper takes such an approach and argues that integrating formal theory into variationist analysis of morpho-syntactic variation allows for: (i) more careful delimitation of the linguistic variable and its contexts, taking into consideration the constraints of the grammar; (ii) theoretically-informed decision-making as to the inclusion and exclusion of tokens; and (iii) using production data to test hypotheses that can elucidate how variants are derived from the grammar. Adopting this approach, my investigation focuses specifically on the alternation between not-negation (1), no-negation (2) and negative concord (3) in English.22",5.0,"This paper takes such an approach and argues that integrating formal theory into variationist analysis of morpho-syntactic variation allows for: (i) more careful delimitation of the linguistic variable and its contexts, taking into consideration the constraints of the grammar; (ii) theoretically-informed decision-making as to the inclusion and exclusion of tokens; and (iii) using production data to test hypotheses that can elucidate how variants are derived from the grammar.",3.0,Integrating formal theory into variationist analysis of morpho-syntactic variation allows for using production data to test hypotheses that can elucidate how variants are derived from the grammar.,TRUE,L-Theo,0.95,,S,0.05
glossa-4968-childs,1 Introduction,"Negation is a fervently-debated phenomenon within formal syntactic enquiry, as it is a universal property of language that is, at the same time, highly variable in terms of how it is expressed (Mazzon 2004: 94). The variability of negation also makes it an intriguing object of study for variationist sociolinguists, given their interest in the factors that condition speakers’ choices between linguistic forms that convey the same meaning (Tagliamonte 2006). Formal syntactic theory and variationist sociolinguistics are often depicted as somewhat incompatible “opposites”, because of their respective focus on linguistic competence and general linguistic principles on the one hand, versus performance and variability on the other (Wilson and Henry 1998). However, recent studies have advocated bridging the gap between the two in analysing morpho-syntactic variation and change (Wilson and Henry 1998; Adger and Smith 2005; 2010; Cornips and Corrigan 2005a; b; Adger and Trousdale 2007; Buchstaller et al. 2013; Burnett et al. under review), with Barbiers (2005: 235) suggesting that “it is the task of sociolinguists to describe and explain the patterns of variation that occur within a linguistic community given the theoretical limits of this variation uncovered by generative linguistics [emphasis mine]”. This paper takes such an approach and argues that integrating formal theory into variationist analysis of morpho-syntactic variation allows for: (i) more careful delimitation of the linguistic variable and its contexts, taking into consideration the constraints of the grammar; (ii) theoretically-informed decision-making as to the inclusion and exclusion of tokens; and (iii) using production data to test hypotheses that can elucidate how variants are derived from the grammar. Adopting this approach, my investigation focuses specifically on the alternation between not-negation (1), no-negation (2) and negative concord (3) in English.23",6.0,"Adopting this approach, my investigation focuses specifically on the alternation between not-negation (1), no-negation (2) and negative concord (3) in English.1",1.0,"The investigation, adopting the approach of integrating formal theory into variationist analysis of morpho-syntactic variation, focuses specifically on the alternation between not-negation, no-negation, and negative concord in English.",TRUE,S,0.9,,L-Spec,0.1
glossa-15197-hassen,1 Introduction,"P(reposition)-omission under sluicing is an important point for theories of ellipsis. Ross (1969), who coined the term sluicing, derives elliptical interrogatives from verbal ones by a deletion operation. Levin (1982) was the first to point out that the preposition can be omitted in a sluice, unlike a verbal interrogative (1a).",1.0,P(reposition)-omission under sluicing is an important point for theories of ellipsis.,1.0,Preposition omission under sluicing is important for theories of ellipsis.,TRUE,L-Theo,0.95,,L-Typo,0.05
glossa-15197-hassen,1 Introduction,"P(reposition)-omission under sluicing is an important point for theories of ellipsis. Ross (1969), who coined the term sluicing, derives elliptical interrogatives from verbal ones by a deletion operation. Levin (1982) was the first to point out that the preposition can be omitted in a sluice, unlike a verbal interrogative (1a).",2.0,"Ross (1969), who coined the term sluicing, derives elliptical interrogatives from verbal ones by a deletion operation.",1.0,"Ross (1969) coined the term ""sluicing"".",TRUE,C,0.99,,Other,0.01
glossa-15197-hassen,1 Introduction,"P(reposition)-omission under sluicing is an important point for theories of ellipsis. Ross (1969), who coined the term sluicing, derives elliptical interrogatives from verbal ones by a deletion operation. Levin (1982) was the first to point out that the preposition can be omitted in a sluice, unlike a verbal interrogative (1a).",2.0,"Ross (1969), who coined the term sluicing, derives elliptical interrogatives from verbal ones by a deletion operation.",2.0,"In Ross (1969), elliptical interrogatives are derived from verbal interrogatives by a deletion operation.",TRUE,C,0.99,,L-Theo,0.01
glossa-15197-hassen,1 Introduction,"P(reposition)-omission under sluicing is an important point for theories of ellipsis. Ross (1969), who coined the term sluicing, derives elliptical interrogatives from verbal ones by a deletion operation. Levin (1982) was the first to point out that the preposition can be omitted in a sluice, unlike a verbal interrogative (1a).",2.0,"Ross (1969), who coined the term sluicing, derives elliptical interrogatives from verbal ones by a deletion operation.",3.0,Elliptical interrogatives are derived from verbal interrogatives by a deletion operation.,TRUE,L-Theo,0.95,,C,0.05
glossa-15197-hassen,1 Introduction,"P(reposition)-omission under sluicing is an important point for theories of ellipsis. Ross (1969), who coined the term sluicing, derives elliptical interrogatives from verbal ones by a deletion operation. Levin (1982) was the first to point out that the preposition can be omitted in a sluice, unlike a verbal interrogative (1a).",3.0,"Levin (1982) was the first to point out that the preposition can be omitted in a sluice, unlike a verbal interrogative (1a).",1.0,Levin (1982) was the first to point out that a preposition can be omitted in a sluicing construction.,TRUE,C,0.99,,L-Spec,0.01
glossa-15197-hassen,1 Introduction,"P(reposition)-omission under sluicing is an important point for theories of ellipsis. Ross (1969), who coined the term sluicing, derives elliptical interrogatives from verbal ones by a deletion operation. Levin (1982) was the first to point out that the preposition can be omitted in a sluice, unlike a verbal interrogative (1a).",3.0,"Levin (1982) was the first to point out that the preposition can be omitted in a sluice, unlike a verbal interrogative (1a).",2.0,"In a sluicing construction, a preposition can be omitted.",TRUE,L-Spec,0.95,English,C,0.05
glossa-15197-hassen,1 Introduction,"P(reposition)-omission under sluicing is an important point for theories of ellipsis. Ross (1969), who coined the term sluicing, derives elliptical interrogatives from verbal ones by a deletion operation. Levin (1982) was the first to point out that the preposition can be omitted in a sluice, unlike a verbal interrogative (1a).",3.0,"Levin (1982) was the first to point out that the preposition can be omitted in a sluice, unlike a verbal interrogative (1a).",3.0,"In a verbal interrogative, a preposition cannot be omitted in the way it can be omitted in a sluicing construction.",TRUE,L-Spec,0.95,English,L-Typo,0.05
glossa-15197-hassen,1 Introduction,"This highlights a major mismatch between sluices and verbal interrogatives, which may cast doubts on syntactic theories deriving the former from the latter (cf. Ross 1969). Other mismatches have been noticed in the literature, such as verb form mismatch (Merchant 2001) and person mismatch (Ross 1969).",1.0,"This highlights a major mismatch between sluices and verbal interrogatives, which may cast doubts on syntactic theories deriving the former from the latter (cf. Ross 1969).",1.0,There is a major mismatch between sluices and verbal interrogatives.,TRUE,L-Theo,0.9,,L-Typo,0.1
glossa-15197-hassen,1 Introduction,"This highlights a major mismatch between sluices and verbal interrogatives, which may cast doubts on syntactic theories deriving the former from the latter (cf. Ross 1969). Other mismatches have been noticed in the literature, such as verb form mismatch (Merchant 2001) and person mismatch (Ross 1969).",1.0,"This highlights a major mismatch between sluices and verbal interrogatives, which may cast doubts on syntactic theories deriving the former from the latter (cf. Ross 1969).",2.0,The major mismatch between sluices and verbal interrogatives may cast doubt on syntactic theories that derive sluices from verbal interrogatives.,TRUE,L-Theo,0.95,,L-Typo,0.05
glossa-15197-hassen,1 Introduction,"This highlights a major mismatch between sluices and verbal interrogatives, which may cast doubts on syntactic theories deriving the former from the latter (cf. Ross 1969). Other mismatches have been noticed in the literature, such as verb form mismatch (Merchant 2001) and person mismatch (Ross 1969).",1.0,"This highlights a major mismatch between sluices and verbal interrogatives, which may cast doubts on syntactic theories deriving the former from the latter (cf. Ross 1969).",3.0,Ross (1969) is cited in connection with the claim about doubts regarding syntactic theories that derive sluices from verbal interrogatives.,TRUE,C,0.95,,S,0.05
glossa-15197-hassen,1 Introduction,"This highlights a major mismatch between sluices and verbal interrogatives, which may cast doubts on syntactic theories deriving the former from the latter (cf. Ross 1969). Other mismatches have been noticed in the literature, such as verb form mismatch (Merchant 2001) and person mismatch (Ross 1969).",2.0,"Other mismatches have been noticed in the literature, such as verb form mismatch (Merchant 2001) and person mismatch (Ross 1969).",1.0,The linguistics literature has noted additional mismatches beyond the mismatch between sluices and verbal interrogatives.,TRUE,C,0.85,,S,0.15
glossa-15197-hassen,1 Introduction,"This highlights a major mismatch between sluices and verbal interrogatives, which may cast doubts on syntactic theories deriving the former from the latter (cf. Ross 1969). Other mismatches have been noticed in the literature, such as verb form mismatch (Merchant 2001) and person mismatch (Ross 1969).",2.0,"Other mismatches have been noticed in the literature, such as verb form mismatch (Merchant 2001) and person mismatch (Ross 1969).",2.0,Merchant (2001) noted a mismatch between sluices and verb forms.,TRUE,C,0.95,,L-Typo,0.05
glossa-15197-hassen,1 Introduction,"This highlights a major mismatch between sluices and verbal interrogatives, which may cast doubts on syntactic theories deriving the former from the latter (cf. Ross 1969). Other mismatches have been noticed in the literature, such as verb form mismatch (Merchant 2001) and person mismatch (Ross 1969).",2.0,"Other mismatches have been noticed in the literature, such as verb form mismatch (Merchant 2001) and person mismatch (Ross 1969).",3.0,There are mismatchs between sluices and verb forms.,TRUE,L-Typo,0.9,,C,0.1
glossa-15197-hassen,1 Introduction,"This highlights a major mismatch between sluices and verbal interrogatives, which may cast doubts on syntactic theories deriving the former from the latter (cf. Ross 1969). Other mismatches have been noticed in the literature, such as verb form mismatch (Merchant 2001) and person mismatch (Ross 1969).",2.0,"Other mismatches have been noticed in the literature, such as verb form mismatch (Merchant 2001) and person mismatch (Ross 1969).",4.0,Ross (1969) noted a mismatch between sluices and grammatical person.,TRUE,C,0.95,,L-Typo,0.05
glossa-15197-hassen,1 Introduction,"This highlights a major mismatch between sluices and verbal interrogatives, which may cast doubts on syntactic theories deriving the former from the latter (cf. Ross 1969). Other mismatches have been noticed in the literature, such as verb form mismatch (Merchant 2001) and person mismatch (Ross 1969).",2.0,"Other mismatches have been noticed in the literature, such as verb form mismatch (Merchant 2001) and person mismatch (Ross 1969).",5.0,There can be mismatchs between sluices and grammatical person.,TRUE,L-Typo,0.9,,C,0.1
glossa-15197-hassen,1.1 Two structural analyses of P-omission under sluicing,"Merchant (2001) derives sluices from verbal counterparts and P-omission under sluicing from P-stranding in regular wh-questions. Thus English, which has two options for wh-questions, allows for sluices with (3a) and without (3b) a preposition.",1.0,Merchant (2001) derives sluices from verbal counterparts and P-omission under sluicing from P-stranding in regular wh-questions.,1.0,"In Merchant (2001), sluicing constructions are derived from their corresponding full verbal counterparts (i.e., non-elliptical source structures).",TRUE,C,0.95,,L-Theo,0.05
glossa-15197-hassen,1.1 Two structural analyses of P-omission under sluicing,"Merchant (2001) derives sluices from verbal counterparts and P-omission under sluicing from P-stranding in regular wh-questions. Thus English, which has two options for wh-questions, allows for sluices with (3a) and without (3b) a preposition.",1.0,Merchant (2001) derives sluices from verbal counterparts and P-omission under sluicing from P-stranding in regular wh-questions.,2.0,"Sluicing constructions are derived from their corresponding full verbal counterparts (i.e., non-elliptical source structures).",TRUE,L-Theo,0.9,,C,0.1
glossa-15197-hassen,1.1 Two structural analyses of P-omission under sluicing,"Merchant (2001) derives sluices from verbal counterparts and P-omission under sluicing from P-stranding in regular wh-questions. Thus English, which has two options for wh-questions, allows for sluices with (3a) and without (3b) a preposition.",1.0,Merchant (2001) derives sluices from verbal counterparts and P-omission under sluicing from P-stranding in regular wh-questions.,3.0,"In Merchant (2001), preposition omission under sluicing is derived from preposition stranding in regular wh-questions.",TRUE,C,0.95,,L-Theo,0.05
glossa-15197-hassen,1.1 Two structural analyses of P-omission under sluicing,"Merchant (2001) derives sluices from verbal counterparts and P-omission under sluicing from P-stranding in regular wh-questions. Thus English, which has two options for wh-questions, allows for sluices with (3a) and without (3b) a preposition.",1.0,Merchant (2001) derives sluices from verbal counterparts and P-omission under sluicing from P-stranding in regular wh-questions.,4.0,Preposition omission under sluicing is derived from preposition stranding in regular wh-questions.,TRUE,L-Theo,0.9,,C,0.1
glossa-15197-hassen,1.1 Two structural analyses of P-omission under sluicing,"Merchant (2001) derives sluices from verbal counterparts and P-omission under sluicing from P-stranding in regular wh-questions. Thus English, which has two options for wh-questions, allows for sluices with (3a) and without (3b) a preposition.",2.0,"Thus English, which has two options for wh-questions, allows for sluices with (3a) and without (3b) a preposition.",1.0,English has two options for forming wh-questions.,TRUE,L-Spec,0.95,English,L-Typo,0.05
glossa-15197-hassen,1.1 Two structural analyses of P-omission under sluicing,"Merchant (2001) derives sluices from verbal counterparts and P-omission under sluicing from P-stranding in regular wh-questions. Thus English, which has two options for wh-questions, allows for sluices with (3a) and without (3b) a preposition.",2.0,"Thus English, which has two options for wh-questions, allows for sluices with (3a) and without (3b) a preposition.",2.0,English allows sluicing constructions that include a preposition.,TRUE,L-Spec,0.95,English,L-Typo,0.05
glossa-15197-hassen,1.1 Two structural analyses of P-omission under sluicing,"Merchant (2001) derives sluices from verbal counterparts and P-omission under sluicing from P-stranding in regular wh-questions. Thus English, which has two options for wh-questions, allows for sluices with (3a) and without (3b) a preposition.",2.0,"Thus English, which has two options for wh-questions, allows for sluices with (3a) and without (3b) a preposition.",3.0,English allows sluicing constructions that omit a preposition.,TRUE,L-Spec,0.95,English,L-Typo,0.05
glossa-15197-hassen,1.1 Two structural analyses of P-omission under sluicing,"He claims that non-P-stranding languages ban P-omission under sluicing, which he calls the Preposition Stranding Generalization. However, many non-P-stranding languages have been shown to allow for it, including Indonesian (Fortin 2007; Sato 2011), Brazilian Portuguese (Almeida & Yoshida 2007), Spanish (Rodrigues et al. 2009), Polish (Sag & Nykiel 2011; Nykiel 2013), Russian (Philippova 2014), Bulgarian (Abels 2017), Greek and German (Molimpakis 2019), Mauritian creole (Abeillé & Hassamal 2019) and Saudi Arabic (Alshaalan & Abels 2020).",1.0,"He claims that non-P-stranding languages ban P-omission under sluicing, which he calls the Preposition Stranding Generalization.",1.0,Merchant (2001) claims that non-P-stranding languages ban P-omission under sluicing,TRUE,C,0.95,,L-Typo,0.05
glossa-15197-hassen,1.1 Two structural analyses of P-omission under sluicing,"He claims that non-P-stranding languages ban P-omission under sluicing, which he calls the Preposition Stranding Generalization. However, many non-P-stranding languages have been shown to allow for it, including Indonesian (Fortin 2007; Sato 2011), Brazilian Portuguese (Almeida & Yoshida 2007), Spanish (Rodrigues et al. 2009), Polish (Sag & Nykiel 2011; Nykiel 2013), Russian (Philippova 2014), Bulgarian (Abels 2017), Greek and German (Molimpakis 2019), Mauritian creole (Abeillé & Hassamal 2019) and Saudi Arabic (Alshaalan & Abels 2020).",1.0,"He claims that non-P-stranding languages ban P-omission under sluicing, which he calls the Preposition Stranding Generalization.",2.0,Non-P-stranding languages ban P-omission under sluicing,TRUE,L-Typo,0.9,,C,0.1
glossa-15197-hassen,1.1 Two structural analyses of P-omission under sluicing,"He claims that non-P-stranding languages ban P-omission under sluicing, which he calls the Preposition Stranding Generalization. However, many non-P-stranding languages have been shown to allow for it, including Indonesian (Fortin 2007; Sato 2011), Brazilian Portuguese (Almeida & Yoshida 2007), Spanish (Rodrigues et al. 2009), Polish (Sag & Nykiel 2011; Nykiel 2013), Russian (Philippova 2014), Bulgarian (Abels 2017), Greek and German (Molimpakis 2019), Mauritian creole (Abeillé & Hassamal 2019) and Saudi Arabic (Alshaalan & Abels 2020).",1.0,"He claims that non-P-stranding languages ban P-omission under sluicing, which he calls the Preposition Stranding Generalization.",3.0,"Merchant (2001) uses the term ""Preposition Stranding Generalization"" to refer to the banning of P-omission under sluicing.",TRUE,C,0.95,,S,0.05
glossa-15197-hassen,1.1 Two structural analyses of P-omission under sluicing,"He claims that non-P-stranding languages ban P-omission under sluicing, which he calls the Preposition Stranding Generalization. However, many non-P-stranding languages have been shown to allow for it, including Indonesian (Fortin 2007; Sato 2011), Brazilian Portuguese (Almeida & Yoshida 2007), Spanish (Rodrigues et al. 2009), Polish (Sag & Nykiel 2011; Nykiel 2013), Russian (Philippova 2014), Bulgarian (Abels 2017), Greek and German (Molimpakis 2019), Mauritian creole (Abeillé & Hassamal 2019) and Saudi Arabic (Alshaalan & Abels 2020).",1.0,"He claims that non-P-stranding languages ban P-omission under sluicing, which he calls the Preposition Stranding Generalization.",4.0,"""Preposition Stranding Generalization"" refer to the banning of P-omission under sluicing.",TRUE,S,0.85,,L-Theo,0.15
glossa-15197-hassen,1.1 Two structural analyses of P-omission under sluicing,"He claims that non-P-stranding languages ban P-omission under sluicing, which he calls the Preposition Stranding Generalization. However, many non-P-stranding languages have been shown to allow for it, including Indonesian (Fortin 2007; Sato 2011), Brazilian Portuguese (Almeida & Yoshida 2007), Spanish (Rodrigues et al. 2009), Polish (Sag & Nykiel 2011; Nykiel 2013), Russian (Philippova 2014), Bulgarian (Abels 2017), Greek and German (Molimpakis 2019), Mauritian creole (Abeillé & Hassamal 2019) and Saudi Arabic (Alshaalan & Abels 2020).",2.0,"However, many non-P-stranding languages have been shown to allow for it, including Indonesian (Fortin 2007; Sato 2011), Brazilian Portuguese (Almeida & Yoshida 2007), Spanish (Rodrigues et al. 2009), Polish (Sag & Nykiel 2011; Nykiel 2013), Russian (Philippova 2014), Bulgarian (Abels 2017), Greek and German (Molimpakis 2019), Mauritian creole (Abeillé & Hassamal 2019) and Saudi Arabic (Alshaalan & Abels 2020).",1.0,Many languages that do not allow preposition stranding have been shown to allow preposition omission under sluicing.,TRUE,L-Typo,0.85,,L-Spec,0.1
glossa-15197-hassen,1.1 Two structural analyses of P-omission under sluicing,"He claims that non-P-stranding languages ban P-omission under sluicing, which he calls the Preposition Stranding Generalization. However, many non-P-stranding languages have been shown to allow for it, including Indonesian (Fortin 2007; Sato 2011), Brazilian Portuguese (Almeida & Yoshida 2007), Spanish (Rodrigues et al. 2009), Polish (Sag & Nykiel 2011; Nykiel 2013), Russian (Philippova 2014), Bulgarian (Abels 2017), Greek and German (Molimpakis 2019), Mauritian creole (Abeillé & Hassamal 2019) and Saudi Arabic (Alshaalan & Abels 2020).",2.0,"However, many non-P-stranding languages have been shown to allow for it, including Indonesian (Fortin 2007; Sato 2011), Brazilian Portuguese (Almeida & Yoshida 2007), Spanish (Rodrigues et al. 2009), Polish (Sag & Nykiel 2011; Nykiel 2013), Russian (Philippova 2014), Bulgarian (Abels 2017), Greek and German (Molimpakis 2019), Mauritian creole (Abeillé & Hassamal 2019) and Saudi Arabic (Alshaalan & Abels 2020).",2.0,Fortin (2007) reports that Indonesian allows preposition omission under sluicing.,TRUE,C,0.99,,L-Spec,0.01
glossa-15197-hassen,1.1 Two structural analyses of P-omission under sluicing,"He claims that non-P-stranding languages ban P-omission under sluicing, which he calls the Preposition Stranding Generalization. However, many non-P-stranding languages have been shown to allow for it, including Indonesian (Fortin 2007; Sato 2011), Brazilian Portuguese (Almeida & Yoshida 2007), Spanish (Rodrigues et al. 2009), Polish (Sag & Nykiel 2011; Nykiel 2013), Russian (Philippova 2014), Bulgarian (Abels 2017), Greek and German (Molimpakis 2019), Mauritian creole (Abeillé & Hassamal 2019) and Saudi Arabic (Alshaalan & Abels 2020).",2.0,"However, many non-P-stranding languages have been shown to allow for it, including Indonesian (Fortin 2007; Sato 2011), Brazilian Portuguese (Almeida & Yoshida 2007), Spanish (Rodrigues et al. 2009), Polish (Sag & Nykiel 2011; Nykiel 2013), Russian (Philippova 2014), Bulgarian (Abels 2017), Greek and German (Molimpakis 2019), Mauritian creole (Abeillé & Hassamal 2019) and Saudi Arabic (Alshaalan & Abels 2020).",3.0,Sato (2011) reports that Indonesian allows preposition omission under sluicing.,TRUE,C,0.99,,L-Spec,0.01
glossa-15197-hassen,1.1 Two structural analyses of P-omission under sluicing,"He claims that non-P-stranding languages ban P-omission under sluicing, which he calls the Preposition Stranding Generalization. However, many non-P-stranding languages have been shown to allow for it, including Indonesian (Fortin 2007; Sato 2011), Brazilian Portuguese (Almeida & Yoshida 2007), Spanish (Rodrigues et al. 2009), Polish (Sag & Nykiel 2011; Nykiel 2013), Russian (Philippova 2014), Bulgarian (Abels 2017), Greek and German (Molimpakis 2019), Mauritian creole (Abeillé & Hassamal 2019) and Saudi Arabic (Alshaalan & Abels 2020).",2.0,"However, many non-P-stranding languages have been shown to allow for it, including Indonesian (Fortin 2007; Sato 2011), Brazilian Portuguese (Almeida & Yoshida 2007), Spanish (Rodrigues et al. 2009), Polish (Sag & Nykiel 2011; Nykiel 2013), Russian (Philippova 2014), Bulgarian (Abels 2017), Greek and German (Molimpakis 2019), Mauritian creole (Abeillé & Hassamal 2019) and Saudi Arabic (Alshaalan & Abels 2020).",4.0,Indonesian is a non-P-stranding language.,TRUE,L-Spec,0.95,Indonesian,L-Typo,0.05
glossa-15197-hassen,1.1 Two structural analyses of P-omission under sluicing,"He claims that non-P-stranding languages ban P-omission under sluicing, which he calls the Preposition Stranding Generalization. However, many non-P-stranding languages have been shown to allow for it, including Indonesian (Fortin 2007; Sato 2011), Brazilian Portuguese (Almeida & Yoshida 2007), Spanish (Rodrigues et al. 2009), Polish (Sag & Nykiel 2011; Nykiel 2013), Russian (Philippova 2014), Bulgarian (Abels 2017), Greek and German (Molimpakis 2019), Mauritian creole (Abeillé & Hassamal 2019) and Saudi Arabic (Alshaalan & Abels 2020).",2.0,"However, many non-P-stranding languages have been shown to allow for it, including Indonesian (Fortin 2007; Sato 2011), Brazilian Portuguese (Almeida & Yoshida 2007), Spanish (Rodrigues et al. 2009), Polish (Sag & Nykiel 2011; Nykiel 2013), Russian (Philippova 2014), Bulgarian (Abels 2017), Greek and German (Molimpakis 2019), Mauritian creole (Abeillé & Hassamal 2019) and Saudi Arabic (Alshaalan & Abels 2020).",5.0,Indonesian has been shown to allow preposition omission under sluicing.,TRUE,C,0.95,,L-Spec,0.05
glossa-15197-hassen,1.1 Two structural analyses of P-omission under sluicing,"He claims that non-P-stranding languages ban P-omission under sluicing, which he calls the Preposition Stranding Generalization. However, many non-P-stranding languages have been shown to allow for it, including Indonesian (Fortin 2007; Sato 2011), Brazilian Portuguese (Almeida & Yoshida 2007), Spanish (Rodrigues et al. 2009), Polish (Sag & Nykiel 2011; Nykiel 2013), Russian (Philippova 2014), Bulgarian (Abels 2017), Greek and German (Molimpakis 2019), Mauritian creole (Abeillé & Hassamal 2019) and Saudi Arabic (Alshaalan & Abels 2020).",2.0,"However, many non-P-stranding languages have been shown to allow for it, including Indonesian (Fortin 2007; Sato 2011), Brazilian Portuguese (Almeida & Yoshida 2007), Spanish (Rodrigues et al. 2009), Polish (Sag & Nykiel 2011; Nykiel 2013), Russian (Philippova 2014), Bulgarian (Abels 2017), Greek and German (Molimpakis 2019), Mauritian creole (Abeillé & Hassamal 2019) and Saudi Arabic (Alshaalan & Abels 2020).",6.0,Almeida and Yoshida (2007) report that Brazilian Portuguese allows preposition omission under sluicing.,TRUE,C,0.99,,L-Spec,0.01
glossa-15197-hassen,1.1 Two structural analyses of P-omission under sluicing,"He claims that non-P-stranding languages ban P-omission under sluicing, which he calls the Preposition Stranding Generalization. However, many non-P-stranding languages have been shown to allow for it, including Indonesian (Fortin 2007; Sato 2011), Brazilian Portuguese (Almeida & Yoshida 2007), Spanish (Rodrigues et al. 2009), Polish (Sag & Nykiel 2011; Nykiel 2013), Russian (Philippova 2014), Bulgarian (Abels 2017), Greek and German (Molimpakis 2019), Mauritian creole (Abeillé & Hassamal 2019) and Saudi Arabic (Alshaalan & Abels 2020).",2.0,"However, many non-P-stranding languages have been shown to allow for it, including Indonesian (Fortin 2007; Sato 2011), Brazilian Portuguese (Almeida & Yoshida 2007), Spanish (Rodrigues et al. 2009), Polish (Sag & Nykiel 2011; Nykiel 2013), Russian (Philippova 2014), Bulgarian (Abels 2017), Greek and German (Molimpakis 2019), Mauritian creole (Abeillé & Hassamal 2019) and Saudi Arabic (Alshaalan & Abels 2020).",7.0,Brazilian Portuguese is a non-P-stranding language.,TRUE,L-Spec,0.95,Brazilian Portuguese,L-Typo,0.05
glossa-15197-hassen,1.1 Two structural analyses of P-omission under sluicing,"He claims that non-P-stranding languages ban P-omission under sluicing, which he calls the Preposition Stranding Generalization. However, many non-P-stranding languages have been shown to allow for it, including Indonesian (Fortin 2007; Sato 2011), Brazilian Portuguese (Almeida & Yoshida 2007), Spanish (Rodrigues et al. 2009), Polish (Sag & Nykiel 2011; Nykiel 2013), Russian (Philippova 2014), Bulgarian (Abels 2017), Greek and German (Molimpakis 2019), Mauritian creole (Abeillé & Hassamal 2019) and Saudi Arabic (Alshaalan & Abels 2020).",2.0,"However, many non-P-stranding languages have been shown to allow for it, including Indonesian (Fortin 2007; Sato 2011), Brazilian Portuguese (Almeida & Yoshida 2007), Spanish (Rodrigues et al. 2009), Polish (Sag & Nykiel 2011; Nykiel 2013), Russian (Philippova 2014), Bulgarian (Abels 2017), Greek and German (Molimpakis 2019), Mauritian creole (Abeillé & Hassamal 2019) and Saudi Arabic (Alshaalan & Abels 2020).",8.0,Brazilian Portuguese has been shown to allow preposition omission under sluicing.,TRUE,C,0.95,,L-Spec,0.05
glossa-15197-hassen,1.1 Two structural analyses of P-omission under sluicing,"He claims that non-P-stranding languages ban P-omission under sluicing, which he calls the Preposition Stranding Generalization. However, many non-P-stranding languages have been shown to allow for it, including Indonesian (Fortin 2007; Sato 2011), Brazilian Portuguese (Almeida & Yoshida 2007), Spanish (Rodrigues et al. 2009), Polish (Sag & Nykiel 2011; Nykiel 2013), Russian (Philippova 2014), Bulgarian (Abels 2017), Greek and German (Molimpakis 2019), Mauritian creole (Abeillé & Hassamal 2019) and Saudi Arabic (Alshaalan & Abels 2020).",2.0,"However, many non-P-stranding languages have been shown to allow for it, including Indonesian (Fortin 2007; Sato 2011), Brazilian Portuguese (Almeida & Yoshida 2007), Spanish (Rodrigues et al. 2009), Polish (Sag & Nykiel 2011; Nykiel 2013), Russian (Philippova 2014), Bulgarian (Abels 2017), Greek and German (Molimpakis 2019), Mauritian creole (Abeillé & Hassamal 2019) and Saudi Arabic (Alshaalan & Abels 2020).",9.0,"Rodrigues, Nevins, and Vicente (2009) report that Spanish allows preposition omission under sluicing.",TRUE,C,0.99,,L-Spec,0.01
glossa-15197-hassen,1.1 Two structural analyses of P-omission under sluicing,"He claims that non-P-stranding languages ban P-omission under sluicing, which he calls the Preposition Stranding Generalization. However, many non-P-stranding languages have been shown to allow for it, including Indonesian (Fortin 2007; Sato 2011), Brazilian Portuguese (Almeida & Yoshida 2007), Spanish (Rodrigues et al. 2009), Polish (Sag & Nykiel 2011; Nykiel 2013), Russian (Philippova 2014), Bulgarian (Abels 2017), Greek and German (Molimpakis 2019), Mauritian creole (Abeillé & Hassamal 2019) and Saudi Arabic (Alshaalan & Abels 2020).",2.0,"However, many non-P-stranding languages have been shown to allow for it, including Indonesian (Fortin 2007; Sato 2011), Brazilian Portuguese (Almeida & Yoshida 2007), Spanish (Rodrigues et al. 2009), Polish (Sag & Nykiel 2011; Nykiel 2013), Russian (Philippova 2014), Bulgarian (Abels 2017), Greek and German (Molimpakis 2019), Mauritian creole (Abeillé & Hassamal 2019) and Saudi Arabic (Alshaalan & Abels 2020).",10.0,Spanish is a non-P-stranding language.,TRUE,L-Spec,0.95,Spanish,L-Typo,0.05
glossa-15197-hassen,1.1 Two structural analyses of P-omission under sluicing,"He claims that non-P-stranding languages ban P-omission under sluicing, which he calls the Preposition Stranding Generalization. However, many non-P-stranding languages have been shown to allow for it, including Indonesian (Fortin 2007; Sato 2011), Brazilian Portuguese (Almeida & Yoshida 2007), Spanish (Rodrigues et al. 2009), Polish (Sag & Nykiel 2011; Nykiel 2013), Russian (Philippova 2014), Bulgarian (Abels 2017), Greek and German (Molimpakis 2019), Mauritian creole (Abeillé & Hassamal 2019) and Saudi Arabic (Alshaalan & Abels 2020).",2.0,"However, many non-P-stranding languages have been shown to allow for it, including Indonesian (Fortin 2007; Sato 2011), Brazilian Portuguese (Almeida & Yoshida 2007), Spanish (Rodrigues et al. 2009), Polish (Sag & Nykiel 2011; Nykiel 2013), Russian (Philippova 2014), Bulgarian (Abels 2017), Greek and German (Molimpakis 2019), Mauritian creole (Abeillé & Hassamal 2019) and Saudi Arabic (Alshaalan & Abels 2020).",11.0,Spanish has been shown to allow preposition omission under sluicing.,TRUE,C,0.95,,L-Spec,0.05
glossa-15197-hassen,1.1 Two structural analyses of P-omission under sluicing,"He claims that non-P-stranding languages ban P-omission under sluicing, which he calls the Preposition Stranding Generalization. However, many non-P-stranding languages have been shown to allow for it, including Indonesian (Fortin 2007; Sato 2011), Brazilian Portuguese (Almeida & Yoshida 2007), Spanish (Rodrigues et al. 2009), Polish (Sag & Nykiel 2011; Nykiel 2013), Russian (Philippova 2014), Bulgarian (Abels 2017), Greek and German (Molimpakis 2019), Mauritian creole (Abeillé & Hassamal 2019) and Saudi Arabic (Alshaalan & Abels 2020).",2.0,"However, many non-P-stranding languages have been shown to allow for it, including Indonesian (Fortin 2007; Sato 2011), Brazilian Portuguese (Almeida & Yoshida 2007), Spanish (Rodrigues et al. 2009), Polish (Sag & Nykiel 2011; Nykiel 2013), Russian (Philippova 2014), Bulgarian (Abels 2017), Greek and German (Molimpakis 2019), Mauritian creole (Abeillé & Hassamal 2019) and Saudi Arabic (Alshaalan & Abels 2020).",12.0,Sag and Nykiel (2011) report that Polish allows preposition omission under sluicing.,TRUE,C,0.99,,L-Spec,0.01
glossa-15197-hassen,1.1 Two structural analyses of P-omission under sluicing,"He claims that non-P-stranding languages ban P-omission under sluicing, which he calls the Preposition Stranding Generalization. However, many non-P-stranding languages have been shown to allow for it, including Indonesian (Fortin 2007; Sato 2011), Brazilian Portuguese (Almeida & Yoshida 2007), Spanish (Rodrigues et al. 2009), Polish (Sag & Nykiel 2011; Nykiel 2013), Russian (Philippova 2014), Bulgarian (Abels 2017), Greek and German (Molimpakis 2019), Mauritian creole (Abeillé & Hassamal 2019) and Saudi Arabic (Alshaalan & Abels 2020).",2.0,"However, many non-P-stranding languages have been shown to allow for it, including Indonesian (Fortin 2007; Sato 2011), Brazilian Portuguese (Almeida & Yoshida 2007), Spanish (Rodrigues et al. 2009), Polish (Sag & Nykiel 2011; Nykiel 2013), Russian (Philippova 2014), Bulgarian (Abels 2017), Greek and German (Molimpakis 2019), Mauritian creole (Abeillé & Hassamal 2019) and Saudi Arabic (Alshaalan & Abels 2020).",13.0,Nykiel (2013) reports that Polish allows preposition omission under sluicing.,TRUE,C,0.99,,L-Spec,0.01
glossa-15197-hassen,1.1 Two structural analyses of P-omission under sluicing,"He claims that non-P-stranding languages ban P-omission under sluicing, which he calls the Preposition Stranding Generalization. However, many non-P-stranding languages have been shown to allow for it, including Indonesian (Fortin 2007; Sato 2011), Brazilian Portuguese (Almeida & Yoshida 2007), Spanish (Rodrigues et al. 2009), Polish (Sag & Nykiel 2011; Nykiel 2013), Russian (Philippova 2014), Bulgarian (Abels 2017), Greek and German (Molimpakis 2019), Mauritian creole (Abeillé & Hassamal 2019) and Saudi Arabic (Alshaalan & Abels 2020).",2.0,"However, many non-P-stranding languages have been shown to allow for it, including Indonesian (Fortin 2007; Sato 2011), Brazilian Portuguese (Almeida & Yoshida 2007), Spanish (Rodrigues et al. 2009), Polish (Sag & Nykiel 2011; Nykiel 2013), Russian (Philippova 2014), Bulgarian (Abels 2017), Greek and German (Molimpakis 2019), Mauritian creole (Abeillé & Hassamal 2019) and Saudi Arabic (Alshaalan & Abels 2020).",14.0,Polish is a non-P-stranding language.,TRUE,L-Spec,0.95,Polish,L-Typo,0.05
glossa-15197-hassen,1.1 Two structural analyses of P-omission under sluicing,"He claims that non-P-stranding languages ban P-omission under sluicing, which he calls the Preposition Stranding Generalization. However, many non-P-stranding languages have been shown to allow for it, including Indonesian (Fortin 2007; Sato 2011), Brazilian Portuguese (Almeida & Yoshida 2007), Spanish (Rodrigues et al. 2009), Polish (Sag & Nykiel 2011; Nykiel 2013), Russian (Philippova 2014), Bulgarian (Abels 2017), Greek and German (Molimpakis 2019), Mauritian creole (Abeillé & Hassamal 2019) and Saudi Arabic (Alshaalan & Abels 2020).",2.0,"However, many non-P-stranding languages have been shown to allow for it, including Indonesian (Fortin 2007; Sato 2011), Brazilian Portuguese (Almeida & Yoshida 2007), Spanish (Rodrigues et al. 2009), Polish (Sag & Nykiel 2011; Nykiel 2013), Russian (Philippova 2014), Bulgarian (Abels 2017), Greek and German (Molimpakis 2019), Mauritian creole (Abeillé & Hassamal 2019) and Saudi Arabic (Alshaalan & Abels 2020).",15.0,Polish has been shown to allow preposition omission under sluicing.,TRUE,C,0.95,,L-Spec,0.05
glossa-15197-hassen,1.1 Two structural analyses of P-omission under sluicing,"He claims that non-P-stranding languages ban P-omission under sluicing, which he calls the Preposition Stranding Generalization. However, many non-P-stranding languages have been shown to allow for it, including Indonesian (Fortin 2007; Sato 2011), Brazilian Portuguese (Almeida & Yoshida 2007), Spanish (Rodrigues et al. 2009), Polish (Sag & Nykiel 2011; Nykiel 2013), Russian (Philippova 2014), Bulgarian (Abels 2017), Greek and German (Molimpakis 2019), Mauritian creole (Abeillé & Hassamal 2019) and Saudi Arabic (Alshaalan & Abels 2020).",2.0,"However, many non-P-stranding languages have been shown to allow for it, including Indonesian (Fortin 2007; Sato 2011), Brazilian Portuguese (Almeida & Yoshida 2007), Spanish (Rodrigues et al. 2009), Polish (Sag & Nykiel 2011; Nykiel 2013), Russian (Philippova 2014), Bulgarian (Abels 2017), Greek and German (Molimpakis 2019), Mauritian creole (Abeillé & Hassamal 2019) and Saudi Arabic (Alshaalan & Abels 2020).",16.0,Philippova (2014) reports that Russian allows preposition omission under sluicing.,TRUE,C,0.99,,L-Spec,0.01
glossa-15197-hassen,1.1 Two structural analyses of P-omission under sluicing,"He claims that non-P-stranding languages ban P-omission under sluicing, which he calls the Preposition Stranding Generalization. However, many non-P-stranding languages have been shown to allow for it, including Indonesian (Fortin 2007; Sato 2011), Brazilian Portuguese (Almeida & Yoshida 2007), Spanish (Rodrigues et al. 2009), Polish (Sag & Nykiel 2011; Nykiel 2013), Russian (Philippova 2014), Bulgarian (Abels 2017), Greek and German (Molimpakis 2019), Mauritian creole (Abeillé & Hassamal 2019) and Saudi Arabic (Alshaalan & Abels 2020).",2.0,"However, many non-P-stranding languages have been shown to allow for it, including Indonesian (Fortin 2007; Sato 2011), Brazilian Portuguese (Almeida & Yoshida 2007), Spanish (Rodrigues et al. 2009), Polish (Sag & Nykiel 2011; Nykiel 2013), Russian (Philippova 2014), Bulgarian (Abels 2017), Greek and German (Molimpakis 2019), Mauritian creole (Abeillé & Hassamal 2019) and Saudi Arabic (Alshaalan & Abels 2020).",17.0,Russian is a non-P-stranding language.,TRUE,L-Spec,0.95,Russian,L-Typo,0.05
glossa-15197-hassen,1.1 Two structural analyses of P-omission under sluicing,"He claims that non-P-stranding languages ban P-omission under sluicing, which he calls the Preposition Stranding Generalization. However, many non-P-stranding languages have been shown to allow for it, including Indonesian (Fortin 2007; Sato 2011), Brazilian Portuguese (Almeida & Yoshida 2007), Spanish (Rodrigues et al. 2009), Polish (Sag & Nykiel 2011; Nykiel 2013), Russian (Philippova 2014), Bulgarian (Abels 2017), Greek and German (Molimpakis 2019), Mauritian creole (Abeillé & Hassamal 2019) and Saudi Arabic (Alshaalan & Abels 2020).",2.0,"However, many non-P-stranding languages have been shown to allow for it, including Indonesian (Fortin 2007; Sato 2011), Brazilian Portuguese (Almeida & Yoshida 2007), Spanish (Rodrigues et al. 2009), Polish (Sag & Nykiel 2011; Nykiel 2013), Russian (Philippova 2014), Bulgarian (Abels 2017), Greek and German (Molimpakis 2019), Mauritian creole (Abeillé & Hassamal 2019) and Saudi Arabic (Alshaalan & Abels 2020).",18.0,Russian has been shown to allow preposition omission under sluicing.,TRUE,C,0.95,,L-Spec,0.05
glossa-15197-hassen,1.1 Two structural analyses of P-omission under sluicing,"He claims that non-P-stranding languages ban P-omission under sluicing, which he calls the Preposition Stranding Generalization. However, many non-P-stranding languages have been shown to allow for it, including Indonesian (Fortin 2007; Sato 2011), Brazilian Portuguese (Almeida & Yoshida 2007), Spanish (Rodrigues et al. 2009), Polish (Sag & Nykiel 2011; Nykiel 2013), Russian (Philippova 2014), Bulgarian (Abels 2017), Greek and German (Molimpakis 2019), Mauritian creole (Abeillé & Hassamal 2019) and Saudi Arabic (Alshaalan & Abels 2020).",2.0,"However, many non-P-stranding languages have been shown to allow for it, including Indonesian (Fortin 2007; Sato 2011), Brazilian Portuguese (Almeida & Yoshida 2007), Spanish (Rodrigues et al. 2009), Polish (Sag & Nykiel 2011; Nykiel 2013), Russian (Philippova 2014), Bulgarian (Abels 2017), Greek and German (Molimpakis 2019), Mauritian creole (Abeillé & Hassamal 2019) and Saudi Arabic (Alshaalan & Abels 2020).",19.0,Abels (2017) reports that Bulgarian allows preposition omission under sluicing.,TRUE,C,0.99,,L-Spec,0.01
glossa-15197-hassen,1.1 Two structural analyses of P-omission under sluicing,"He claims that non-P-stranding languages ban P-omission under sluicing, which he calls the Preposition Stranding Generalization. However, many non-P-stranding languages have been shown to allow for it, including Indonesian (Fortin 2007; Sato 2011), Brazilian Portuguese (Almeida & Yoshida 2007), Spanish (Rodrigues et al. 2009), Polish (Sag & Nykiel 2011; Nykiel 2013), Russian (Philippova 2014), Bulgarian (Abels 2017), Greek and German (Molimpakis 2019), Mauritian creole (Abeillé & Hassamal 2019) and Saudi Arabic (Alshaalan & Abels 2020).",2.0,"However, many non-P-stranding languages have been shown to allow for it, including Indonesian (Fortin 2007; Sato 2011), Brazilian Portuguese (Almeida & Yoshida 2007), Spanish (Rodrigues et al. 2009), Polish (Sag & Nykiel 2011; Nykiel 2013), Russian (Philippova 2014), Bulgarian (Abels 2017), Greek and German (Molimpakis 2019), Mauritian creole (Abeillé & Hassamal 2019) and Saudi Arabic (Alshaalan & Abels 2020).",20.0,Bulgarian is a non-P-stranding language.,TRUE,L-Spec,0.95,Bulgarian,L-Typo,0.05
glossa-15197-hassen,1.1 Two structural analyses of P-omission under sluicing,"He claims that non-P-stranding languages ban P-omission under sluicing, which he calls the Preposition Stranding Generalization. However, many non-P-stranding languages have been shown to allow for it, including Indonesian (Fortin 2007; Sato 2011), Brazilian Portuguese (Almeida & Yoshida 2007), Spanish (Rodrigues et al. 2009), Polish (Sag & Nykiel 2011; Nykiel 2013), Russian (Philippova 2014), Bulgarian (Abels 2017), Greek and German (Molimpakis 2019), Mauritian creole (Abeillé & Hassamal 2019) and Saudi Arabic (Alshaalan & Abels 2020).",2.0,"However, many non-P-stranding languages have been shown to allow for it, including Indonesian (Fortin 2007; Sato 2011), Brazilian Portuguese (Almeida & Yoshida 2007), Spanish (Rodrigues et al. 2009), Polish (Sag & Nykiel 2011; Nykiel 2013), Russian (Philippova 2014), Bulgarian (Abels 2017), Greek and German (Molimpakis 2019), Mauritian creole (Abeillé & Hassamal 2019) and Saudi Arabic (Alshaalan & Abels 2020).",21.0,Bulgarian has been shown to allow preposition omission under sluicing.,TRUE,C,0.95,,L-Spec,0.05
glossa-15197-hassen,1.1 Two structural analyses of P-omission under sluicing,"He claims that non-P-stranding languages ban P-omission under sluicing, which he calls the Preposition Stranding Generalization. However, many non-P-stranding languages have been shown to allow for it, including Indonesian (Fortin 2007; Sato 2011), Brazilian Portuguese (Almeida & Yoshida 2007), Spanish (Rodrigues et al. 2009), Polish (Sag & Nykiel 2011; Nykiel 2013), Russian (Philippova 2014), Bulgarian (Abels 2017), Greek and German (Molimpakis 2019), Mauritian creole (Abeillé & Hassamal 2019) and Saudi Arabic (Alshaalan & Abels 2020).",2.0,"However, many non-P-stranding languages have been shown to allow for it, including Indonesian (Fortin 2007; Sato 2011), Brazilian Portuguese (Almeida & Yoshida 2007), Spanish (Rodrigues et al. 2009), Polish (Sag & Nykiel 2011; Nykiel 2013), Russian (Philippova 2014), Bulgarian (Abels 2017), Greek and German (Molimpakis 2019), Mauritian creole (Abeillé & Hassamal 2019) and Saudi Arabic (Alshaalan & Abels 2020).",22.0,Molimpakis (2019) reports that Greek allows preposition omission under sluicing.,TRUE,C,0.99,,L-Spec,0.01
glossa-15197-hassen,1.1 Two structural analyses of P-omission under sluicing,"He claims that non-P-stranding languages ban P-omission under sluicing, which he calls the Preposition Stranding Generalization. However, many non-P-stranding languages have been shown to allow for it, including Indonesian (Fortin 2007; Sato 2011), Brazilian Portuguese (Almeida & Yoshida 2007), Spanish (Rodrigues et al. 2009), Polish (Sag & Nykiel 2011; Nykiel 2013), Russian (Philippova 2014), Bulgarian (Abels 2017), Greek and German (Molimpakis 2019), Mauritian creole (Abeillé & Hassamal 2019) and Saudi Arabic (Alshaalan & Abels 2020).",2.0,"However, many non-P-stranding languages have been shown to allow for it, including Indonesian (Fortin 2007; Sato 2011), Brazilian Portuguese (Almeida & Yoshida 2007), Spanish (Rodrigues et al. 2009), Polish (Sag & Nykiel 2011; Nykiel 2013), Russian (Philippova 2014), Bulgarian (Abels 2017), Greek and German (Molimpakis 2019), Mauritian creole (Abeillé & Hassamal 2019) and Saudi Arabic (Alshaalan & Abels 2020).",23.0,Greek is a non-P-stranding language.,TRUE,L-Spec,0.95,Greek,C,0.05
glossa-15197-hassen,1.1 Two structural analyses of P-omission under sluicing,"He claims that non-P-stranding languages ban P-omission under sluicing, which he calls the Preposition Stranding Generalization. However, many non-P-stranding languages have been shown to allow for it, including Indonesian (Fortin 2007; Sato 2011), Brazilian Portuguese (Almeida & Yoshida 2007), Spanish (Rodrigues et al. 2009), Polish (Sag & Nykiel 2011; Nykiel 2013), Russian (Philippova 2014), Bulgarian (Abels 2017), Greek and German (Molimpakis 2019), Mauritian creole (Abeillé & Hassamal 2019) and Saudi Arabic (Alshaalan & Abels 2020).",2.0,"However, many non-P-stranding languages have been shown to allow for it, including Indonesian (Fortin 2007; Sato 2011), Brazilian Portuguese (Almeida & Yoshida 2007), Spanish (Rodrigues et al. 2009), Polish (Sag & Nykiel 2011; Nykiel 2013), Russian (Philippova 2014), Bulgarian (Abels 2017), Greek and German (Molimpakis 2019), Mauritian creole (Abeillé & Hassamal 2019) and Saudi Arabic (Alshaalan & Abels 2020).",24.0,Greek has been shown to allow preposition omission under sluicing.,TRUE,C,0.95,,L-Spec,0.05
glossa-15197-hassen,1.1 Two structural analyses of P-omission under sluicing,"He claims that non-P-stranding languages ban P-omission under sluicing, which he calls the Preposition Stranding Generalization. However, many non-P-stranding languages have been shown to allow for it, including Indonesian (Fortin 2007; Sato 2011), Brazilian Portuguese (Almeida & Yoshida 2007), Spanish (Rodrigues et al. 2009), Polish (Sag & Nykiel 2011; Nykiel 2013), Russian (Philippova 2014), Bulgarian (Abels 2017), Greek and German (Molimpakis 2019), Mauritian creole (Abeillé & Hassamal 2019) and Saudi Arabic (Alshaalan & Abels 2020).",2.0,"However, many non-P-stranding languages have been shown to allow for it, including Indonesian (Fortin 2007; Sato 2011), Brazilian Portuguese (Almeida & Yoshida 2007), Spanish (Rodrigues et al. 2009), Polish (Sag & Nykiel 2011; Nykiel 2013), Russian (Philippova 2014), Bulgarian (Abels 2017), Greek and German (Molimpakis 2019), Mauritian creole (Abeillé & Hassamal 2019) and Saudi Arabic (Alshaalan & Abels 2020).",25.0,Molimpakis (2019) reports that German allows preposition omission under sluicing.,TRUE,C,0.99,,L-Spec,0.01
glossa-15197-hassen,1.1 Two structural analyses of P-omission under sluicing,"He claims that non-P-stranding languages ban P-omission under sluicing, which he calls the Preposition Stranding Generalization. However, many non-P-stranding languages have been shown to allow for it, including Indonesian (Fortin 2007; Sato 2011), Brazilian Portuguese (Almeida & Yoshida 2007), Spanish (Rodrigues et al. 2009), Polish (Sag & Nykiel 2011; Nykiel 2013), Russian (Philippova 2014), Bulgarian (Abels 2017), Greek and German (Molimpakis 2019), Mauritian creole (Abeillé & Hassamal 2019) and Saudi Arabic (Alshaalan & Abels 2020).",2.0,"However, many non-P-stranding languages have been shown to allow for it, including Indonesian (Fortin 2007; Sato 2011), Brazilian Portuguese (Almeida & Yoshida 2007), Spanish (Rodrigues et al. 2009), Polish (Sag & Nykiel 2011; Nykiel 2013), Russian (Philippova 2014), Bulgarian (Abels 2017), Greek and German (Molimpakis 2019), Mauritian creole (Abeillé & Hassamal 2019) and Saudi Arabic (Alshaalan & Abels 2020).",26.0,German is a non-P-stranding language.,TRUE,L-Spec,0.95,German,C,0.05
glossa-15197-hassen,1.1 Two structural analyses of P-omission under sluicing,"He claims that non-P-stranding languages ban P-omission under sluicing, which he calls the Preposition Stranding Generalization. However, many non-P-stranding languages have been shown to allow for it, including Indonesian (Fortin 2007; Sato 2011), Brazilian Portuguese (Almeida & Yoshida 2007), Spanish (Rodrigues et al. 2009), Polish (Sag & Nykiel 2011; Nykiel 2013), Russian (Philippova 2014), Bulgarian (Abels 2017), Greek and German (Molimpakis 2019), Mauritian creole (Abeillé & Hassamal 2019) and Saudi Arabic (Alshaalan & Abels 2020).",2.0,"However, many non-P-stranding languages have been shown to allow for it, including Indonesian (Fortin 2007; Sato 2011), Brazilian Portuguese (Almeida & Yoshida 2007), Spanish (Rodrigues et al. 2009), Polish (Sag & Nykiel 2011; Nykiel 2013), Russian (Philippova 2014), Bulgarian (Abels 2017), Greek and German (Molimpakis 2019), Mauritian creole (Abeillé & Hassamal 2019) and Saudi Arabic (Alshaalan & Abels 2020).",27.0,German has been shown to allow preposition omission under sluicing.,TRUE,C,0.95,,L-Spec,0.05
glossa-15197-hassen,1.1 Two structural analyses of P-omission under sluicing,"He claims that non-P-stranding languages ban P-omission under sluicing, which he calls the Preposition Stranding Generalization. However, many non-P-stranding languages have been shown to allow for it, including Indonesian (Fortin 2007; Sato 2011), Brazilian Portuguese (Almeida & Yoshida 2007), Spanish (Rodrigues et al. 2009), Polish (Sag & Nykiel 2011; Nykiel 2013), Russian (Philippova 2014), Bulgarian (Abels 2017), Greek and German (Molimpakis 2019), Mauritian creole (Abeillé & Hassamal 2019) and Saudi Arabic (Alshaalan & Abels 2020).",2.0,"However, many non-P-stranding languages have been shown to allow for it, including Indonesian (Fortin 2007; Sato 2011), Brazilian Portuguese (Almeida & Yoshida 2007), Spanish (Rodrigues et al. 2009), Polish (Sag & Nykiel 2011; Nykiel 2013), Russian (Philippova 2014), Bulgarian (Abels 2017), Greek and German (Molimpakis 2019), Mauritian creole (Abeillé & Hassamal 2019) and Saudi Arabic (Alshaalan & Abels 2020).",28.0,Abeillé and Hassamal (2019) report that Mauritian Creole allows preposition omission under sluicing.,TRUE,C,0.99,,L-Spec,0.01
glossa-15197-hassen,1.1 Two structural analyses of P-omission under sluicing,"He claims that non-P-stranding languages ban P-omission under sluicing, which he calls the Preposition Stranding Generalization. However, many non-P-stranding languages have been shown to allow for it, including Indonesian (Fortin 2007; Sato 2011), Brazilian Portuguese (Almeida & Yoshida 2007), Spanish (Rodrigues et al. 2009), Polish (Sag & Nykiel 2011; Nykiel 2013), Russian (Philippova 2014), Bulgarian (Abels 2017), Greek and German (Molimpakis 2019), Mauritian creole (Abeillé & Hassamal 2019) and Saudi Arabic (Alshaalan & Abels 2020).",2.0,"However, many non-P-stranding languages have been shown to allow for it, including Indonesian (Fortin 2007; Sato 2011), Brazilian Portuguese (Almeida & Yoshida 2007), Spanish (Rodrigues et al. 2009), Polish (Sag & Nykiel 2011; Nykiel 2013), Russian (Philippova 2014), Bulgarian (Abels 2017), Greek and German (Molimpakis 2019), Mauritian creole (Abeillé & Hassamal 2019) and Saudi Arabic (Alshaalan & Abels 2020).",29.0,Mauritian Creole is a non-P-stranding language.,TRUE,L-Spec,0.95,Mauritian Creole,C,0.05
glossa-15197-hassen,1.1 Two structural analyses of P-omission under sluicing,"He claims that non-P-stranding languages ban P-omission under sluicing, which he calls the Preposition Stranding Generalization. However, many non-P-stranding languages have been shown to allow for it, including Indonesian (Fortin 2007; Sato 2011), Brazilian Portuguese (Almeida & Yoshida 2007), Spanish (Rodrigues et al. 2009), Polish (Sag & Nykiel 2011; Nykiel 2013), Russian (Philippova 2014), Bulgarian (Abels 2017), Greek and German (Molimpakis 2019), Mauritian creole (Abeillé & Hassamal 2019) and Saudi Arabic (Alshaalan & Abels 2020).",2.0,"However, many non-P-stranding languages have been shown to allow for it, including Indonesian (Fortin 2007; Sato 2011), Brazilian Portuguese (Almeida & Yoshida 2007), Spanish (Rodrigues et al. 2009), Polish (Sag & Nykiel 2011; Nykiel 2013), Russian (Philippova 2014), Bulgarian (Abels 2017), Greek and German (Molimpakis 2019), Mauritian creole (Abeillé & Hassamal 2019) and Saudi Arabic (Alshaalan & Abels 2020).",30.0,Mauritian Creole has been shown to allow preposition omission under sluicing.,TRUE,C,0.95,,L-Spec,0.05
glossa-15197-hassen,1.1 Two structural analyses of P-omission under sluicing,"He claims that non-P-stranding languages ban P-omission under sluicing, which he calls the Preposition Stranding Generalization. However, many non-P-stranding languages have been shown to allow for it, including Indonesian (Fortin 2007; Sato 2011), Brazilian Portuguese (Almeida & Yoshida 2007), Spanish (Rodrigues et al. 2009), Polish (Sag & Nykiel 2011; Nykiel 2013), Russian (Philippova 2014), Bulgarian (Abels 2017), Greek and German (Molimpakis 2019), Mauritian creole (Abeillé & Hassamal 2019) and Saudi Arabic (Alshaalan & Abels 2020).",2.0,"However, many non-P-stranding languages have been shown to allow for it, including Indonesian (Fortin 2007; Sato 2011), Brazilian Portuguese (Almeida & Yoshida 2007), Spanish (Rodrigues et al. 2009), Polish (Sag & Nykiel 2011; Nykiel 2013), Russian (Philippova 2014), Bulgarian (Abels 2017), Greek and German (Molimpakis 2019), Mauritian creole (Abeillé & Hassamal 2019) and Saudi Arabic (Alshaalan & Abels 2020).",31.0,Alshaalan and Abels (2020) report that Saudi Arabic allows preposition omission under sluicing.,TRUE,C,0.99,,L-Spec,0.01
glossa-15197-hassen,1.1 Two structural analyses of P-omission under sluicing,"He claims that non-P-stranding languages ban P-omission under sluicing, which he calls the Preposition Stranding Generalization. However, many non-P-stranding languages have been shown to allow for it, including Indonesian (Fortin 2007; Sato 2011), Brazilian Portuguese (Almeida & Yoshida 2007), Spanish (Rodrigues et al. 2009), Polish (Sag & Nykiel 2011; Nykiel 2013), Russian (Philippova 2014), Bulgarian (Abels 2017), Greek and German (Molimpakis 2019), Mauritian creole (Abeillé & Hassamal 2019) and Saudi Arabic (Alshaalan & Abels 2020).",2.0,"However, many non-P-stranding languages have been shown to allow for it, including Indonesian (Fortin 2007; Sato 2011), Brazilian Portuguese (Almeida & Yoshida 2007), Spanish (Rodrigues et al. 2009), Polish (Sag & Nykiel 2011; Nykiel 2013), Russian (Philippova 2014), Bulgarian (Abels 2017), Greek and German (Molimpakis 2019), Mauritian creole (Abeillé & Hassamal 2019) and Saudi Arabic (Alshaalan & Abels 2020).",32.0,Saudi Arabic is a non-P-stranding language.,TRUE,L-Spec,0.95,Saudi Arabic,C,0.05
glossa-15197-hassen,1.1 Two structural analyses of P-omission under sluicing,"He claims that non-P-stranding languages ban P-omission under sluicing, which he calls the Preposition Stranding Generalization. However, many non-P-stranding languages have been shown to allow for it, including Indonesian (Fortin 2007; Sato 2011), Brazilian Portuguese (Almeida & Yoshida 2007), Spanish (Rodrigues et al. 2009), Polish (Sag & Nykiel 2011; Nykiel 2013), Russian (Philippova 2014), Bulgarian (Abels 2017), Greek and German (Molimpakis 2019), Mauritian creole (Abeillé & Hassamal 2019) and Saudi Arabic (Alshaalan & Abels 2020).",2.0,"However, many non-P-stranding languages have been shown to allow for it, including Indonesian (Fortin 2007; Sato 2011), Brazilian Portuguese (Almeida & Yoshida 2007), Spanish (Rodrigues et al. 2009), Polish (Sag & Nykiel 2011; Nykiel 2013), Russian (Philippova 2014), Bulgarian (Abels 2017), Greek and German (Molimpakis 2019), Mauritian creole (Abeillé & Hassamal 2019) and Saudi Arabic (Alshaalan & Abels 2020).",33.0,Saudi Arabic has been shown to allow preposition omission under sluicing.,TRUE,C,0.95,,L-Spec,0.05
glossa-15197-hassen,1.1 Two structural analyses of P-omission under sluicing,"Following Szczegielniak (2008) and van Craenenbroeck (2004), Rodrigues et al. suggest that, in non-P-stranding languages, the possibility of P-omission in sluices comes from the deletion of a cleft structure, with the wh-remnant functioning as the pivot of the cleft, as in Spanish (4).",1.0,"Following Szczegielniak (2008) and van Craenenbroeck (2004), Rodrigues et al. suggest that, in non-P-stranding languages, the possibility of P-omission in sluices comes from the deletion of a cleft structure, with the wh-remnant functioning as the pivot of the cleft, as in Spanish (4).",1.0,"Rodrigues et al. (2009) claimed that in languages that do not allow preposition stranding (non-P-stranding languages), the apparent omission of a preposition in sluicing constructions can be derived by deleting a cleft structure.",TRUE,C,0.99,,L-Theo,0.01
glossa-15197-hassen,1.1 Two structural analyses of P-omission under sluicing,"Following Szczegielniak (2008) and van Craenenbroeck (2004), Rodrigues et al. suggest that, in non-P-stranding languages, the possibility of P-omission in sluices comes from the deletion of a cleft structure, with the wh-remnant functioning as the pivot of the cleft, as in Spanish (4).",1.0,"Following Szczegielniak (2008) and van Craenenbroeck (2004), Rodrigues et al. suggest that, in non-P-stranding languages, the possibility of P-omission in sluices comes from the deletion of a cleft structure, with the wh-remnant functioning as the pivot of the cleft, as in Spanish (4).",2.0,"In languages that do not allow preposition stranding (non-P-stranding languages), the apparent omission of a preposition in sluicing constructions can be derived by deleting a cleft structure.",TRUE,L-Theo,0.95,,C,0.05
glossa-15197-hassen,1.1 Two structural analyses of P-omission under sluicing,"Following Szczegielniak (2008) and van Craenenbroeck (2004), Rodrigues et al. suggest that, in non-P-stranding languages, the possibility of P-omission in sluices comes from the deletion of a cleft structure, with the wh-remnant functioning as the pivot of the cleft, as in Spanish (4).",1.0,"Following Szczegielniak (2008) and van Craenenbroeck (2004), Rodrigues et al. suggest that, in non-P-stranding languages, the possibility of P-omission in sluices comes from the deletion of a cleft structure, with the wh-remnant functioning as the pivot of the cleft, as in Spanish (4).",3.0,"Rodrigues et al. (2009) claimed that Under the cleft-deletion analysis of sluicing, the wh-phrase that remains overt in the sluice (the wh-remnant) functions as the pivot of the cleft.",TRUE,C,0.99,,L-Theo,0.01
glossa-15197-hassen,1.1 Two structural analyses of P-omission under sluicing,"Following Szczegielniak (2008) and van Craenenbroeck (2004), Rodrigues et al. suggest that, in non-P-stranding languages, the possibility of P-omission in sluices comes from the deletion of a cleft structure, with the wh-remnant functioning as the pivot of the cleft, as in Spanish (4).",1.0,"Following Szczegielniak (2008) and van Craenenbroeck (2004), Rodrigues et al. suggest that, in non-P-stranding languages, the possibility of P-omission in sluices comes from the deletion of a cleft structure, with the wh-remnant functioning as the pivot of the cleft, as in Spanish (4).",4.0,"Under the cleft-deletion analysis of sluicing, the wh-phrase that remains overt in the sluice (the wh-remnant) functions as the pivot of the cleft.",TRUE,L-Theo,0.95,,C,0.05
glossa-15197-hassen,1.1 Two structural analyses of P-omission under sluicing,"Following Szczegielniak (2008) and van Craenenbroeck (2004), Rodrigues et al. suggest that, in non-P-stranding languages, the possibility of P-omission in sluices comes from the deletion of a cleft structure, with the wh-remnant functioning as the pivot of the cleft, as in Spanish (4).",1.0,"Following Szczegielniak (2008) and van Craenenbroeck (2004), Rodrigues et al. suggest that, in non-P-stranding languages, the possibility of P-omission in sluices comes from the deletion of a cleft structure, with the wh-remnant functioning as the pivot of the cleft, as in Spanish (4).",5.0,Rodrigues et al. (2009) presented Spanish as an example language in which preposition omission in sluicing is analyzed as resulting from deletion of a cleft structure with the wh-remnant as the cleft pivot.,TRUE,C,0.99,,L-Spec,0.01
glossa-15197-hassen,1.1 Two structural analyses of P-omission under sluicing,"Following Szczegielniak (2008) and van Craenenbroeck (2004), Rodrigues et al. suggest that, in non-P-stranding languages, the possibility of P-omission in sluices comes from the deletion of a cleft structure, with the wh-remnant functioning as the pivot of the cleft, as in Spanish (4).",1.0,"Following Szczegielniak (2008) and van Craenenbroeck (2004), Rodrigues et al. suggest that, in non-P-stranding languages, the possibility of P-omission in sluices comes from the deletion of a cleft structure, with the wh-remnant functioning as the pivot of the cleft, as in Spanish (4).",6.0,Spanish is a language in which preposition omission in sluicing is analyzed as resulting from deletion of a cleft structure with the wh-remnant as the cleft pivot.,TRUE,L-Spec,0.95,Spanish,C,0.05
glossa-15197-hassen,1.1 Two structural analyses of P-omission under sluicing,"Since clefts are used to focus an element in a set, they suggest that P-omission improves when the remnant belongs to such a set, as is the case with a nominal correlate (una chica ‘a girl’) and an anaphoric remnant (cuál ‘which’) (see (4)), compared to a pronominal correlate (alguien ‘someone’) and a non-anaphoric remnant (quién ‘who’) as in (5).",1.0,"Since clefts are used to focus an element in a set, they suggest that P-omission improves when the remnant belongs to such a set, as is the case with a nominal correlate (una chica ‘a girl’) and an anaphoric remnant (cuál ‘which’) (see (4)), compared to a pronominal correlate (alguien ‘someone’) and a non-anaphoric remnant (quién ‘who’) as in (5).",1.0,Cleft constructions are used to focus an element within a set of alternatives.,TRUE,L-Theo,0.95,,S,0.05
glossa-15197-hassen,1.1 Two structural analyses of P-omission under sluicing,"Since clefts are used to focus an element in a set, they suggest that P-omission improves when the remnant belongs to such a set, as is the case with a nominal correlate (una chica ‘a girl’) and an anaphoric remnant (cuál ‘which’) (see (4)), compared to a pronominal correlate (alguien ‘someone’) and a non-anaphoric remnant (quién ‘who’) as in (5).",1.0,"Since clefts are used to focus an element in a set, they suggest that P-omission improves when the remnant belongs to such a set, as is the case with a nominal correlate (una chica ‘a girl’) and an anaphoric remnant (cuál ‘which’) (see (4)), compared to a pronominal correlate (alguien ‘someone’) and a non-anaphoric remnant (quién ‘who’) as in (5).",2.0,Rodrigues et al. (2009) claimed that clefts are used to focus an element in a set.,TRUE,C,0.99,,L-Spec,0.01
glossa-15197-hassen,1.1 Two structural analyses of P-omission under sluicing,"Since clefts are used to focus an element in a set, they suggest that P-omission improves when the remnant belongs to such a set, as is the case with a nominal correlate (una chica ‘a girl’) and an anaphoric remnant (cuál ‘which’) (see (4)), compared to a pronominal correlate (alguien ‘someone’) and a non-anaphoric remnant (quién ‘who’) as in (5).",1.0,"Since clefts are used to focus an element in a set, they suggest that P-omission improves when the remnant belongs to such a set, as is the case with a nominal correlate (una chica ‘a girl’) and an anaphoric remnant (cuál ‘which’) (see (4)), compared to a pronominal correlate (alguien ‘someone’) and a non-anaphoric remnant (quién ‘who’) as in (5).",3.0,The use of cleft constructions suggests that omission of a preposition (P-omission) becomes more acceptable when the remnant belongs to a set of alternatives.,TRUE,L-Spec,0.95,Spanish,L-Theo,0.05
glossa-15197-hassen,1.1 Two structural analyses of P-omission under sluicing,"Since clefts are used to focus an element in a set, they suggest that P-omission improves when the remnant belongs to such a set, as is the case with a nominal correlate (una chica ‘a girl’) and an anaphoric remnant (cuál ‘which’) (see (4)), compared to a pronominal correlate (alguien ‘someone’) and a non-anaphoric remnant (quién ‘who’) as in (5).",1.0,"Since clefts are used to focus an element in a set, they suggest that P-omission improves when the remnant belongs to such a set, as is the case with a nominal correlate (una chica ‘a girl’) and an anaphoric remnant (cuál ‘which’) (see (4)), compared to a pronominal correlate (alguien ‘someone’) and a non-anaphoric remnant (quién ‘who’) as in (5).",4.0,"Rodrigues et al. (2009) presented a case where the remnant belongs to a set of alternatives involves a nominal correlate ""una chica"" (‘a girl’) and an anaphoric remnant ""cuál"" (‘which’).",TRUE,C,0.99,,L-Spec,0.01
glossa-15197-hassen,1.1 Two structural analyses of P-omission under sluicing,"Since clefts are used to focus an element in a set, they suggest that P-omission improves when the remnant belongs to such a set, as is the case with a nominal correlate (una chica ‘a girl’) and an anaphoric remnant (cuál ‘which’) (see (4)), compared to a pronominal correlate (alguien ‘someone’) and a non-anaphoric remnant (quién ‘who’) as in (5).",1.0,"Since clefts are used to focus an element in a set, they suggest that P-omission improves when the remnant belongs to such a set, as is the case with a nominal correlate (una chica ‘a girl’) and an anaphoric remnant (cuál ‘which’) (see (4)), compared to a pronominal correlate (alguien ‘someone’) and a non-anaphoric remnant (quién ‘who’) as in (5).",5.0,"A case where the remnant belongs to a set of alternatives involves a nominal correlate ""una chica"" (‘a girl’) and an anaphoric remnant ""cuál"" (‘which’).",TRUE,L-Spec,0.95,Spanish,S,0.05
glossa-15197-hassen,1.1 Two structural analyses of P-omission under sluicing,"Since clefts are used to focus an element in a set, they suggest that P-omission improves when the remnant belongs to such a set, as is the case with a nominal correlate (una chica ‘a girl’) and an anaphoric remnant (cuál ‘which’) (see (4)), compared to a pronominal correlate (alguien ‘someone’) and a non-anaphoric remnant (quién ‘who’) as in (5).",1.0,"Since clefts are used to focus an element in a set, they suggest that P-omission improves when the remnant belongs to such a set, as is the case with a nominal correlate (una chica ‘a girl’) and an anaphoric remnant (cuál ‘which’) (see (4)), compared to a pronominal correlate (alguien ‘someone’) and a non-anaphoric remnant (quién ‘who’) as in (5).",6.0,"In the configuration with the pronominal correlate ""alguien"" (‘someone’) and the non-anaphoric remnant ""quién"" (‘who’), preposition omission (P-omission) is described as less improved (or less acceptable) than in the configuration with ""una chica"" and ""cuál"".",TRUE,C,0.99,,L-Spec,0.01
glossa-15197-hassen,1.2 Alternative analyses of P-omission under sluicing,"Under direct interpretation approaches to ellipsis (Ginzburg & Sag 2000; Culicover & Jackendoff 2005; Sag & Nykiel 2011), an interrogative sluice is not derived from a full interrogative counterpart: a wh-fragment recovers its propositional meaning from an antecedent available in the context, and it inherits its syntactic and semantic properties from a contextual correlate.",1.0,"Under direct interpretation approaches to ellipsis (Ginzburg & Sag 2000; Culicover & Jackendoff 2005; Sag & Nykiel 2011), an interrogative sluice is not derived from a full interrogative counterpart: a wh-fragment recovers its propositional meaning from an antecedent available in the context, and it inherits its syntactic and semantic properties from a contextual correlate.",1.0,"Direct interpretation approaches to ellipsis include the approaches described in Ginzburg and Sag (2000), Culicover and Jackendoff (2005), and Sag and Nykiel (2011).",TRUE,C,0.99,,S,0.01
glossa-15197-hassen,1.2 Alternative analyses of P-omission under sluicing,"Under direct interpretation approaches to ellipsis (Ginzburg & Sag 2000; Culicover & Jackendoff 2005; Sag & Nykiel 2011), an interrogative sluice is not derived from a full interrogative counterpart: a wh-fragment recovers its propositional meaning from an antecedent available in the context, and it inherits its syntactic and semantic properties from a contextual correlate.",1.0,"Under direct interpretation approaches to ellipsis (Ginzburg & Sag 2000; Culicover & Jackendoff 2005; Sag & Nykiel 2011), an interrogative sluice is not derived from a full interrogative counterpart: a wh-fragment recovers its propositional meaning from an antecedent available in the context, and it inherits its syntactic and semantic properties from a contextual correlate.",2.0,"In Ginzburg and Sag (2000), Culicover and Jackendoff (2005), and Sag and Nykiel (2011), under direct interpretation approaches to ellipsis, an interrogative sluice is not derived from a full interrogative counterpart.",TRUE,C,0.99,,L-Theo,0.01
glossa-15197-hassen,1.2 Alternative analyses of P-omission under sluicing,"Under direct interpretation approaches to ellipsis (Ginzburg & Sag 2000; Culicover & Jackendoff 2005; Sag & Nykiel 2011), an interrogative sluice is not derived from a full interrogative counterpart: a wh-fragment recovers its propositional meaning from an antecedent available in the context, and it inherits its syntactic and semantic properties from a contextual correlate.",1.0,"Under direct interpretation approaches to ellipsis (Ginzburg & Sag 2000; Culicover & Jackendoff 2005; Sag & Nykiel 2011), an interrogative sluice is not derived from a full interrogative counterpart: a wh-fragment recovers its propositional meaning from an antecedent available in the context, and it inherits its syntactic and semantic properties from a contextual correlate.",3.0,"Under direct interpretation approaches to ellipsis, an interrogative sluice is not derived from a full interrogative counterpart.",TRUE,L-Theo,0.95,,C,0.05
glossa-15197-hassen,1.2 Alternative analyses of P-omission under sluicing,"Under direct interpretation approaches to ellipsis (Ginzburg & Sag 2000; Culicover & Jackendoff 2005; Sag & Nykiel 2011), an interrogative sluice is not derived from a full interrogative counterpart: a wh-fragment recovers its propositional meaning from an antecedent available in the context, and it inherits its syntactic and semantic properties from a contextual correlate.",1.0,"Under direct interpretation approaches to ellipsis (Ginzburg & Sag 2000; Culicover & Jackendoff 2005; Sag & Nykiel 2011), an interrogative sluice is not derived from a full interrogative counterpart: a wh-fragment recovers its propositional meaning from an antecedent available in the context, and it inherits its syntactic and semantic properties from a contextual correlate.",4.0,"In Ginzburg and Sag (2000), Culicover and Jackendoff (2005), and Sag and Nykiel (2011), under direct interpretation approaches to ellipsis, a wh-fragment recovers its propositional meaning from an antecedent that is available in the discourse context.",TRUE,C,0.99,,L-Theo,0.01
glossa-15197-hassen,1.2 Alternative analyses of P-omission under sluicing,"Under direct interpretation approaches to ellipsis (Ginzburg & Sag 2000; Culicover & Jackendoff 2005; Sag & Nykiel 2011), an interrogative sluice is not derived from a full interrogative counterpart: a wh-fragment recovers its propositional meaning from an antecedent available in the context, and it inherits its syntactic and semantic properties from a contextual correlate.",1.0,"Under direct interpretation approaches to ellipsis (Ginzburg & Sag 2000; Culicover & Jackendoff 2005; Sag & Nykiel 2011), an interrogative sluice is not derived from a full interrogative counterpart: a wh-fragment recovers its propositional meaning from an antecedent available in the context, and it inherits its syntactic and semantic properties from a contextual correlate.",5.0,"Under direct interpretation approaches to ellipsis, a wh-fragment recovers its propositional meaning from an antecedent that is available in the discourse context.",TRUE,L-Theo,0.95,,C,0.05
glossa-15197-hassen,1.2 Alternative analyses of P-omission under sluicing,"Under direct interpretation approaches to ellipsis (Ginzburg & Sag 2000; Culicover & Jackendoff 2005; Sag & Nykiel 2011), an interrogative sluice is not derived from a full interrogative counterpart: a wh-fragment recovers its propositional meaning from an antecedent available in the context, and it inherits its syntactic and semantic properties from a contextual correlate.",1.0,"Under direct interpretation approaches to ellipsis (Ginzburg & Sag 2000; Culicover & Jackendoff 2005; Sag & Nykiel 2011), an interrogative sluice is not derived from a full interrogative counterpart: a wh-fragment recovers its propositional meaning from an antecedent available in the context, and it inherits its syntactic and semantic properties from a contextual correlate.",6.0,"In Ginzburg and Sag (2000), Culicover and Jackendoff (2005), and Sag and Nykiel (2011), under direct interpretation approaches to ellipsis, a wh-fragment inherits its syntactic properties from a contextual correlate.",TRUE,C,0.99,,L-Theo,0.01
glossa-15197-hassen,1.2 Alternative analyses of P-omission under sluicing,"Under direct interpretation approaches to ellipsis (Ginzburg & Sag 2000; Culicover & Jackendoff 2005; Sag & Nykiel 2011), an interrogative sluice is not derived from a full interrogative counterpart: a wh-fragment recovers its propositional meaning from an antecedent available in the context, and it inherits its syntactic and semantic properties from a contextual correlate.",1.0,"Under direct interpretation approaches to ellipsis (Ginzburg & Sag 2000; Culicover & Jackendoff 2005; Sag & Nykiel 2011), an interrogative sluice is not derived from a full interrogative counterpart: a wh-fragment recovers its propositional meaning from an antecedent available in the context, and it inherits its syntactic and semantic properties from a contextual correlate.",7.0,"Under direct interpretation approaches to ellipsis, a wh-fragment inherits its syntactic properties from a contextual correlate.",TRUE,L-Theo,0.95,,C,0.05
glossa-15197-hassen,1.2 Alternative analyses of P-omission under sluicing,"Under direct interpretation approaches to ellipsis (Ginzburg & Sag 2000; Culicover & Jackendoff 2005; Sag & Nykiel 2011), an interrogative sluice is not derived from a full interrogative counterpart: a wh-fragment recovers its propositional meaning from an antecedent available in the context, and it inherits its syntactic and semantic properties from a contextual correlate.",1.0,"Under direct interpretation approaches to ellipsis (Ginzburg & Sag 2000; Culicover & Jackendoff 2005; Sag & Nykiel 2011), an interrogative sluice is not derived from a full interrogative counterpart: a wh-fragment recovers its propositional meaning from an antecedent available in the context, and it inherits its syntactic and semantic properties from a contextual correlate.",8.0,"In Ginzburg and Sag (2000), Culicover and Jackendoff (2005), and Sag and Nykiel (2011), under direct interpretation approaches to ellipsis, a wh-fragment inherits its semantic properties from a contextual correlate.",TRUE,C,0.99,,L-Theo,0.01
glossa-15197-hassen,1.2 Alternative analyses of P-omission under sluicing,"Under direct interpretation approaches to ellipsis (Ginzburg & Sag 2000; Culicover & Jackendoff 2005; Sag & Nykiel 2011), an interrogative sluice is not derived from a full interrogative counterpart: a wh-fragment recovers its propositional meaning from an antecedent available in the context, and it inherits its syntactic and semantic properties from a contextual correlate.",1.0,"Under direct interpretation approaches to ellipsis (Ginzburg & Sag 2000; Culicover & Jackendoff 2005; Sag & Nykiel 2011), an interrogative sluice is not derived from a full interrogative counterpart: a wh-fragment recovers its propositional meaning from an antecedent available in the context, and it inherits its syntactic and semantic properties from a contextual correlate.",9.0,"Under direct interpretation approaches to ellipsis, a wh-fragment inherits its semantic properties from a contextual correlate.",TRUE,L-Theo,0.95,,C,0.05
glossa-15197-hassen,1.2 Alternative analyses of P-omission under sluicing,"This is why, when the correlate is an animate NP, the remnant must be an animate NP, not a PP (6).",1.0,"1. This is why, when the correlate is an animate NP, the remnant must be an animate NP, not a PP (6).",1.0,"If the correlate (i.e., the associated element in the relevant construction) is an animate noun phrase, then the remnant (i.e., the remaining element after an ellipsis or reduction operation) must also be an animate noun phrase.",TRUE,L-Spec,0.95,Spanish,L-Theo,0.05
glossa-15197-hassen,1.2 Alternative analyses of P-omission under sluicing,"This is why, when the correlate is an animate NP, the remnant must be an animate NP, not a PP (6).",1.0,"1. This is why, when the correlate is an animate NP, the remnant must be an animate NP, not a PP (6).",2.0,"If the correlate is an animate noun phrase, then the remnant cannot be a prepositional phrase.",TRUE,L-Spec,0.95,Spanish,L-Theo,0.05
glossa-15197-hassen,1.2 Alternative analyses of P-omission under sluicing,"If the antecedent clause includes a PP, two correlates are in fact available; the whole PP or the NP inside it (7), hence two possible corresponding remnants (an NP or a PP), and the possibility of P-omission (7b).",1.0,"If the antecedent clause includes a PP, two correlates are in fact available; the whole PP or the NP inside it (7), hence two possible corresponding remnants (an NP or a PP), and the possibility of P-omission (7b).",1.0,"When an antecedent clause includes a prepositional phrase (PP), two correlates are available in the antecedent: the entire prepositional phrase or the noun phrase (NP) contained inside the prepositional phrase.",TRUE,L-Spec,0.95,Spanish,L-Theo,0.05
glossa-15197-hassen,1.2 Alternative analyses of P-omission under sluicing,"If the antecedent clause includes a PP, two correlates are in fact available; the whole PP or the NP inside it (7), hence two possible corresponding remnants (an NP or a PP), and the possibility of P-omission (7b).",1.0,"If the antecedent clause includes a PP, two correlates are in fact available; the whole PP or the NP inside it (7), hence two possible corresponding remnants (an NP or a PP), and the possibility of P-omission (7b).",2.0,"Given an antecedent clause that includes a prepositional phrase (PP), there are two possible corresponding remnants: a noun phrase (NP) remnant or a prepositional phrase (PP) remnant.",TRUE,L-Spec,0.95,Spanish,L-Theo,0.05
glossa-15197-hassen,1.2 Alternative analyses of P-omission under sluicing,"If the antecedent clause includes a PP, two correlates are in fact available; the whole PP or the NP inside it (7), hence two possible corresponding remnants (an NP or a PP), and the possibility of P-omission (7b).",1.0,"If the antecedent clause includes a PP, two correlates are in fact available; the whole PP or the NP inside it (7), hence two possible corresponding remnants (an NP or a PP), and the possibility of P-omission (7b).",3.0,"In the configuration where an antecedent clause includes a prepositional phrase (PP), omission of the preposition (P-omission) is possible.",TRUE,L-Spec,0.95,Spanish,L-Typo,0.05
glossa-15197-hassen,1.2 Alternative analyses of P-omission under sluicing,"Under such theories, any language may allow P-omission in sluices, and non-syntactic factors may play a role. Nykiel (2013), working on Polish, a non-P-stranding language, found that P-omission is acceptable in sluices, while the cleft source proposed by Szczegielniak (2008) was as degraded as ungrammatical controls. She also found that P-omission is favored by nominal correlates and remnants (8a), while pronominal correlates (8b) favor PP remnants.",1.0,"Under such theories, any language may allow P-omission in sluices, and non-syntactic factors may play a role.",1.0,"Under the relevant theories, any human language may permit omission of a preposition (P-omission) in sluicing constructions (sluices).",TRUE,L-Typo,0.95,,L-Theo,0.05
glossa-15197-hassen,1.2 Alternative analyses of P-omission under sluicing,"Under such theories, any language may allow P-omission in sluices, and non-syntactic factors may play a role. Nykiel (2013), working on Polish, a non-P-stranding language, found that P-omission is acceptable in sluices, while the cleft source proposed by Szczegielniak (2008) was as degraded as ungrammatical controls. She also found that P-omission is favored by nominal correlates and remnants (8a), while pronominal correlates (8b) favor PP remnants.",1.0,"Under such theories, any language may allow P-omission in sluices, and non-syntactic factors may play a role.",2.0,"Under the relevant theories, non-syntactic factors (i.e., factors not part of the narrow syntax) may influence whether preposition omission occurs in sluicing constructions.",TRUE,L-Theo,0.95,,S,0.05
glossa-15197-hassen,1.2 Alternative analyses of P-omission under sluicing,"Under such theories, any language may allow P-omission in sluices, and non-syntactic factors may play a role. Nykiel (2013), working on Polish, a non-P-stranding language, found that P-omission is acceptable in sluices, while the cleft source proposed by Szczegielniak (2008) was as degraded as ungrammatical controls. She also found that P-omission is favored by nominal correlates and remnants (8a), while pronominal correlates (8b) favor PP remnants.",2.0,"Nykiel (2013), working on Polish, a non-P-stranding language, found that P-omission is acceptable in sluices, while the cleft source proposed by Szczegielniak (2008) was as degraded as ungrammatical controls.",1.0,Nykiel (2013) studied Polish.,TRUE,C,0.99,,S,0.01
glossa-15197-hassen,1.2 Alternative analyses of P-omission under sluicing,"Under such theories, any language may allow P-omission in sluices, and non-syntactic factors may play a role. Nykiel (2013), working on Polish, a non-P-stranding language, found that P-omission is acceptable in sluices, while the cleft source proposed by Szczegielniak (2008) was as degraded as ungrammatical controls. She also found that P-omission is favored by nominal correlates and remnants (8a), while pronominal correlates (8b) favor PP remnants.",2.0,"Nykiel (2013), working on Polish, a non-P-stranding language, found that P-omission is acceptable in sluices, while the cleft source proposed by Szczegielniak (2008) was as degraded as ungrammatical controls.",2.0,"Polish is a language that does not allow preposition stranding (i.e., Polish is a non-preposition-stranding language).",TRUE,L-Spec,0.98,Polish,C,0.02
glossa-15197-hassen,1.2 Alternative analyses of P-omission under sluicing,"Under such theories, any language may allow P-omission in sluices, and non-syntactic factors may play a role. Nykiel (2013), working on Polish, a non-P-stranding language, found that P-omission is acceptable in sluices, while the cleft source proposed by Szczegielniak (2008) was as degraded as ungrammatical controls. She also found that P-omission is favored by nominal correlates and remnants (8a), while pronominal correlates (8b) favor PP remnants.",2.0,"Nykiel (2013), working on Polish, a non-P-stranding language, found that P-omission is acceptable in sluices, while the cleft source proposed by Szczegielniak (2008) was as degraded as ungrammatical controls.",3.0,"According to Nykiel (2013), omission of a preposition (P-omission) is acceptable in Polish sluicing constructions.",TRUE,C,0.99,,L-Spec,0.01
glossa-15197-hassen,1.2 Alternative analyses of P-omission under sluicing,"Under such theories, any language may allow P-omission in sluices, and non-syntactic factors may play a role. Nykiel (2013), working on Polish, a non-P-stranding language, found that P-omission is acceptable in sluices, while the cleft source proposed by Szczegielniak (2008) was as degraded as ungrammatical controls. She also found that P-omission is favored by nominal correlates and remnants (8a), while pronominal correlates (8b) favor PP remnants.",2.0,"Nykiel (2013), working on Polish, a non-P-stranding language, found that P-omission is acceptable in sluices, while the cleft source proposed by Szczegielniak (2008) was as degraded as ungrammatical controls.",4.0,Omission of a preposition (P-omission) is acceptable in Polish sluicing constructions.,TRUE,L-Spec,0.95,Polish,C,0.05
glossa-15197-hassen,1.2 Alternative analyses of P-omission under sluicing,"Under such theories, any language may allow P-omission in sluices, and non-syntactic factors may play a role. Nykiel (2013), working on Polish, a non-P-stranding language, found that P-omission is acceptable in sluices, while the cleft source proposed by Szczegielniak (2008) was as degraded as ungrammatical controls. She also found that P-omission is favored by nominal correlates and remnants (8a), while pronominal correlates (8b) favor PP remnants.",2.0,"Nykiel (2013), working on Polish, a non-P-stranding language, found that P-omission is acceptable in sluices, while the cleft source proposed by Szczegielniak (2008) was as degraded as ungrammatical controls.",5.0,Szczegielniak (2008) proposed a cleft-structure source analysis for sluicing cases.,TRUE,C,0.99,,S,0.01
glossa-15197-hassen,1.2 Alternative analyses of P-omission under sluicing,"Under such theories, any language may allow P-omission in sluices, and non-syntactic factors may play a role. Nykiel (2013), working on Polish, a non-P-stranding language, found that P-omission is acceptable in sluices, while the cleft source proposed by Szczegielniak (2008) was as degraded as ungrammatical controls. She also found that P-omission is favored by nominal correlates and remnants (8a), while pronominal correlates (8b) favor PP remnants.",2.0,"Nykiel (2013), working on Polish, a non-P-stranding language, found that P-omission is acceptable in sluices, while the cleft source proposed by Szczegielniak (2008) was as degraded as ungrammatical controls.",6.0,A cleft-structure source analysis can be used for sluicing cases.,TRUE,L-Theo,0.9,,C,0.1
glossa-15197-hassen,1.2 Alternative analyses of P-omission under sluicing,"Under such theories, any language may allow P-omission in sluices, and non-syntactic factors may play a role. Nykiel (2013), working on Polish, a non-P-stranding language, found that P-omission is acceptable in sluices, while the cleft source proposed by Szczegielniak (2008) was as degraded as ungrammatical controls. She also found that P-omission is favored by nominal correlates and remnants (8a), while pronominal correlates (8b) favor PP remnants.",2.0,"Nykiel (2013), working on Polish, a non-P-stranding language, found that P-omission is acceptable in sluices, while the cleft source proposed by Szczegielniak (2008) was as degraded as ungrammatical controls.",7.0,"According to Nykiel (2013), the cleft-source analysis proposed by Szczegielniak (2008) yields Polish examples that are as degraded as examples judged ungrammatical in control conditions.",TRUE,C,0.99,,L-Spec,0.01
glossa-15197-hassen,1.2 Alternative analyses of P-omission under sluicing,"Under such theories, any language may allow P-omission in sluices, and non-syntactic factors may play a role. Nykiel (2013), working on Polish, a non-P-stranding language, found that P-omission is acceptable in sluices, while the cleft source proposed by Szczegielniak (2008) was as degraded as ungrammatical controls. She also found that P-omission is favored by nominal correlates and remnants (8a), while pronominal correlates (8b) favor PP remnants.",3.0,"She also found that P-omission is favored by nominal correlates and remnants (8a), while pronominal correlates (8b) favor PP remnants.",1.0,"According to Nykiel (2013), preposition omission (P-omission) in Polish sluicing is more acceptable or more likely when the correlate and the sluice remnant are nominal (i.e., noun-phrase-like).",TRUE,C,0.99,,L-Spec,0.01
glossa-15197-hassen,1.2 Alternative analyses of P-omission under sluicing,"Under such theories, any language may allow P-omission in sluices, and non-syntactic factors may play a role. Nykiel (2013), working on Polish, a non-P-stranding language, found that P-omission is acceptable in sluices, while the cleft source proposed by Szczegielniak (2008) was as degraded as ungrammatical controls. She also found that P-omission is favored by nominal correlates and remnants (8a), while pronominal correlates (8b) favor PP remnants.",3.0,"She also found that P-omission is favored by nominal correlates and remnants (8a), while pronominal correlates (8b) favor PP remnants.",,"Preposition omission (P-omission) in Polish sluicing is more acceptable or more likely when the correlate and the sluice remnant are nominal (i.e., noun-phrase-like).",TRUE,L-Spec,0.95,Polish,C,0.05
glossa-15197-hassen,1.2 Alternative analyses of P-omission under sluicing,"Under such theories, any language may allow P-omission in sluices, and non-syntactic factors may play a role. Nykiel (2013), working on Polish, a non-P-stranding language, found that P-omission is acceptable in sluices, while the cleft source proposed by Szczegielniak (2008) was as degraded as ungrammatical controls. She also found that P-omission is favored by nominal correlates and remnants (8a), while pronominal correlates (8b) favor PP remnants.",3.0,"She also found that P-omission is favored by nominal correlates and remnants (8a), while pronominal correlates (8b) favor PP remnants.",2.0,"According to Nykiel (2013), when the correlate is pronominal (i.e., a pronoun), sluicing more strongly favors remnants that are prepositional phrases (PP remnants) rather than bare noun phrases.",TRUE,C,0.99,,L-Spec,0.01
glossa-15197-hassen,1.2 Alternative analyses of P-omission under sluicing,"Under such theories, any language may allow P-omission in sluices, and non-syntactic factors may play a role. Nykiel (2013), working on Polish, a non-P-stranding language, found that P-omission is acceptable in sluices, while the cleft source proposed by Szczegielniak (2008) was as degraded as ungrammatical controls. She also found that P-omission is favored by nominal correlates and remnants (8a), while pronominal correlates (8b) favor PP remnants.",3.0,"She also found that P-omission is favored by nominal correlates and remnants (8a), while pronominal correlates (8b) favor PP remnants.",,"When the correlate is pronominal (i.e., a pronoun), sluicing more strongly favors remnants that are prepositional phrases (PP remnants) rather than bare noun phrases.",TRUE,L-Spec,0.95,Polish,C,0.05
glossa-15197-hassen,1.2 Alternative analyses of P-omission under sluicing,"Based on these results, Nykiel suggested a processing-based theory. Interpreting a sluice comes with a processing cost since an antecedent has to be found. As in anaphora processing, some antecedents are more accessible than others, and some cues are better than others (Lewis & Vasishth 2005; Martin & McElree 2011; Parker 2019). Nominal correlates are more accessible than pronominal ones due to their richer semantic and morphosyntactic content (Hofmeister et al. 2007).",1.0,"Based on these results, Nykiel suggested a processing-based theory.",1.0,Nykiel (2013) suggested a processing-based theory.,TRUE,C,0.99,,S,0.01
glossa-15197-hassen,1.2 Alternative analyses of P-omission under sluicing,"Based on these results, Nykiel suggested a processing-based theory. Interpreting a sluice comes with a processing cost since an antecedent has to be found. As in anaphora processing, some antecedents are more accessible than others, and some cues are better than others (Lewis & Vasishth 2005; Martin & McElree 2011; Parker 2019). Nominal correlates are more accessible than pronominal ones due to their richer semantic and morphosyntactic content (Hofmeister et al. 2007).",2.0,Interpreting a sluice comes with a processing cost since an antecedent has to be found.,1.0,Interpreting a sluice involves a processing cost.,TRUE,L-Theo,0.9,,C,0.1
glossa-15197-hassen,1.2 Alternative analyses of P-omission under sluicing,"Based on these results, Nykiel suggested a processing-based theory. Interpreting a sluice comes with a processing cost since an antecedent has to be found. As in anaphora processing, some antecedents are more accessible than others, and some cues are better than others (Lewis & Vasishth 2005; Martin & McElree 2011; Parker 2019). Nominal correlates are more accessible than pronominal ones due to their richer semantic and morphosyntactic content (Hofmeister et al. 2007).",2.0,Interpreting a sluice comes with a processing cost since an antecedent has to be found.,2.0,Interpreting a sluice requires the comprehender to identify an antecedent for the sluiced material.,TRUE,L-Theo,0.95,,Other,0.05
glossa-15197-hassen,1.2 Alternative analyses of P-omission under sluicing,"Based on these results, Nykiel suggested a processing-based theory. Interpreting a sluice comes with a processing cost since an antecedent has to be found. As in anaphora processing, some antecedents are more accessible than others, and some cues are better than others (Lewis & Vasishth 2005; Martin & McElree 2011; Parker 2019). Nominal correlates are more accessible than pronominal ones due to their richer semantic and morphosyntactic content (Hofmeister et al. 2007).",2.0,Interpreting a sluice comes with a processing cost since an antecedent has to be found.,3.0,The processing cost of interpreting a sluice is due to the need to identify an antecedent for the sluiced material.,TRUE,L-Theo,0.95,,Other,0.05
glossa-15197-hassen,1.2 Alternative analyses of P-omission under sluicing,"Based on these results, Nykiel suggested a processing-based theory. Interpreting a sluice comes with a processing cost since an antecedent has to be found. As in anaphora processing, some antecedents are more accessible than others, and some cues are better than others (Lewis & Vasishth 2005; Martin & McElree 2011; Parker 2019). Nominal correlates are more accessible than pronominal ones due to their richer semantic and morphosyntactic content (Hofmeister et al. 2007).",3.0,"As in anaphora processing, some antecedents are more accessible than others, and some cues are better than others (Lewis & Vasishth 2005; Martin & McElree 2011; Parker 2019).",1.0,"In anaphora processing, some potential antecedents are more accessible than other potential antecedents (Lewis & Vasishth 2005; Martin & McElree 2011; Parker 2019).",TRUE,C,0.99,,L-Theo,0.01
glossa-15197-hassen,1.2 Alternative analyses of P-omission under sluicing,"Based on these results, Nykiel suggested a processing-based theory. Interpreting a sluice comes with a processing cost since an antecedent has to be found. As in anaphora processing, some antecedents are more accessible than others, and some cues are better than others (Lewis & Vasishth 2005; Martin & McElree 2011; Parker 2019). Nominal correlates are more accessible than pronominal ones due to their richer semantic and morphosyntactic content (Hofmeister et al. 2007).",3.0,"As in anaphora processing, some antecedents are more accessible than others, and some cues are better than others (Lewis & Vasishth 2005; Martin & McElree 2011; Parker 2019).",2.0,"In anaphora processing, some potential antecedents are more accessible than other potential antecedents.",TRUE,L-Theo,0.9,,C,0.1
glossa-15197-hassen,1.2 Alternative analyses of P-omission under sluicing,"Based on these results, Nykiel suggested a processing-based theory. Interpreting a sluice comes with a processing cost since an antecedent has to be found. As in anaphora processing, some antecedents are more accessible than others, and some cues are better than others (Lewis & Vasishth 2005; Martin & McElree 2011; Parker 2019). Nominal correlates are more accessible than pronominal ones due to their richer semantic and morphosyntactic content (Hofmeister et al. 2007).",3.0,"As in anaphora processing, some antecedents are more accessible than others, and some cues are better than others (Lewis & Vasishth 2005; Martin & McElree 2011; Parker 2019).",3.0,"In anaphora processing, some retrieval cues are more effective than other retrieval cues for identifying an antecedent (Lewis & Vasishth 2005; Martin & McElree 2011; Parker 2019).",TRUE,C,0.99,,L-Theo,0.01
glossa-15197-hassen,1.2 Alternative analyses of P-omission under sluicing,"Based on these results, Nykiel suggested a processing-based theory. Interpreting a sluice comes with a processing cost since an antecedent has to be found. As in anaphora processing, some antecedents are more accessible than others, and some cues are better than others (Lewis & Vasishth 2005; Martin & McElree 2011; Parker 2019). Nominal correlates are more accessible than pronominal ones due to their richer semantic and morphosyntactic content (Hofmeister et al. 2007).",3.0,"As in anaphora processing, some antecedents are more accessible than others, and some cues are better than others (Lewis & Vasishth 2005; Martin & McElree 2011; Parker 2019).",4.0,"In anaphora processing, some retrieval cues are more effective than other retrieval cues for identifying an antecedent.",TRUE,L-Theo,0.9,,C,0.1
glossa-15197-hassen,1.2 Alternative analyses of P-omission under sluicing,"Based on these results, Nykiel suggested a processing-based theory. Interpreting a sluice comes with a processing cost since an antecedent has to be found. As in anaphora processing, some antecedents are more accessible than others, and some cues are better than others (Lewis & Vasishth 2005; Martin & McElree 2011; Parker 2019). Nominal correlates are more accessible than pronominal ones due to their richer semantic and morphosyntactic content (Hofmeister et al. 2007).",3.0,"As in anaphora processing, some antecedents are more accessible than others, and some cues are better than others (Lewis & Vasishth 2005; Martin & McElree 2011; Parker 2019).",5.0,"In sluice interpretation, some potential antecedents are more accessible than other potential antecedents (Lewis & Vasishth 2005; Martin & McElree 2011; Parker 2019).",TRUE,C,0.99,,L-Theo,0.01
glossa-15197-hassen,1.2 Alternative analyses of P-omission under sluicing,"Based on these results, Nykiel suggested a processing-based theory. Interpreting a sluice comes with a processing cost since an antecedent has to be found. As in anaphora processing, some antecedents are more accessible than others, and some cues are better than others (Lewis & Vasishth 2005; Martin & McElree 2011; Parker 2019). Nominal correlates are more accessible than pronominal ones due to their richer semantic and morphosyntactic content (Hofmeister et al. 2007).",3.0,"As in anaphora processing, some antecedents are more accessible than others, and some cues are better than others (Lewis & Vasishth 2005; Martin & McElree 2011; Parker 2019).",6.0,"In sluice interpretation, some potential antecedents are more accessible than other potential antecedents.",TRUE,L-Theo,0.95,,C,0.05
glossa-15197-hassen,1.2 Alternative analyses of P-omission under sluicing,"Based on these results, Nykiel suggested a processing-based theory. Interpreting a sluice comes with a processing cost since an antecedent has to be found. As in anaphora processing, some antecedents are more accessible than others, and some cues are better than others (Lewis & Vasishth 2005; Martin & McElree 2011; Parker 2019). Nominal correlates are more accessible than pronominal ones due to their richer semantic and morphosyntactic content (Hofmeister et al. 2007).",3.0,"As in anaphora processing, some antecedents are more accessible than others, and some cues are better than others (Lewis & Vasishth 2005; Martin & McElree 2011; Parker 2019).",7.0,"In sluice interpretation, some retrieval cues are more effective than other retrieval cues for identifying an antecedent (Lewis & Vasishth 2005; Martin & McElree 2011; Parker 2019).",TRUE,C,0.99,,L-Theo,0.01
glossa-15197-hassen,1.2 Alternative analyses of P-omission under sluicing,"Based on these results, Nykiel suggested a processing-based theory. Interpreting a sluice comes with a processing cost since an antecedent has to be found. As in anaphora processing, some antecedents are more accessible than others, and some cues are better than others (Lewis & Vasishth 2005; Martin & McElree 2011; Parker 2019). Nominal correlates are more accessible than pronominal ones due to their richer semantic and morphosyntactic content (Hofmeister et al. 2007).",3.0,"As in anaphora processing, some antecedents are more accessible than others, and some cues are better than others (Lewis & Vasishth 2005; Martin & McElree 2011; Parker 2019).",8.0,"In sluice interpretation, some retrieval cues are more effective than other retrieval cues for identifying an antecedent.",TRUE,L-Theo,0.95,,C,0.05
glossa-15197-hassen,1.2 Alternative analyses of P-omission under sluicing,"Based on these results, Nykiel suggested a processing-based theory. Interpreting a sluice comes with a processing cost since an antecedent has to be found. As in anaphora processing, some antecedents are more accessible than others, and some cues are better than others (Lewis & Vasishth 2005; Martin & McElree 2011; Parker 2019). Nominal correlates are more accessible than pronominal ones due to their richer semantic and morphosyntactic content (Hofmeister et al. 2007).",4.0,Nominal correlates are more accessible than pronominal ones due to their richer semantic and morphosyntactic content (Hofmeister et al. 2007).,1.0,"In antecedent retrieval, nominal correlates are more accessible than pronominal correlates (Hofmeister et al. 2007).",TRUE,C,0.99,,L-Theo,0.01
glossa-15197-hassen,1.2 Alternative analyses of P-omission under sluicing,"Based on these results, Nykiel suggested a processing-based theory. Interpreting a sluice comes with a processing cost since an antecedent has to be found. As in anaphora processing, some antecedents are more accessible than others, and some cues are better than others (Lewis & Vasishth 2005; Martin & McElree 2011; Parker 2019). Nominal correlates are more accessible than pronominal ones due to their richer semantic and morphosyntactic content (Hofmeister et al. 2007).",4.0,Nominal correlates are more accessible than pronominal ones due to their richer semantic and morphosyntactic content (Hofmeister et al. 2007).,2.0,"In antecedent retrieval, nominal correlates are more accessible than pronominal correlates.",TRUE,L-Theo,0.95,,C,0.05
glossa-15197-hassen,1.2 Alternative analyses of P-omission under sluicing,"Based on these results, Nykiel suggested a processing-based theory. Interpreting a sluice comes with a processing cost since an antecedent has to be found. As in anaphora processing, some antecedents are more accessible than others, and some cues are better than others (Lewis & Vasishth 2005; Martin & McElree 2011; Parker 2019). Nominal correlates are more accessible than pronominal ones due to their richer semantic and morphosyntactic content (Hofmeister et al. 2007).",4.0,Nominal correlates are more accessible than pronominal ones due to their richer semantic and morphosyntactic content (Hofmeister et al. 2007).,3.0,Nominal correlates have richer semantic content than pronominal correlates (Hofmeister et al. 2007).,TRUE,C,0.99,,L-Theo,0.01
glossa-15197-hassen,1.2 Alternative analyses of P-omission under sluicing,"Based on these results, Nykiel suggested a processing-based theory. Interpreting a sluice comes with a processing cost since an antecedent has to be found. As in anaphora processing, some antecedents are more accessible than others, and some cues are better than others (Lewis & Vasishth 2005; Martin & McElree 2011; Parker 2019). Nominal correlates are more accessible than pronominal ones due to their richer semantic and morphosyntactic content (Hofmeister et al. 2007).",4.0,Nominal correlates are more accessible than pronominal ones due to their richer semantic and morphosyntactic content (Hofmeister et al. 2007).,4.0,Nominal correlates have richer semantic content than pronominal correlates.,TRUE,L-Theo,0.95,,C,0.05
glossa-15197-hassen,1.2 Alternative analyses of P-omission under sluicing,"Based on these results, Nykiel suggested a processing-based theory. Interpreting a sluice comes with a processing cost since an antecedent has to be found. As in anaphora processing, some antecedents are more accessible than others, and some cues are better than others (Lewis & Vasishth 2005; Martin & McElree 2011; Parker 2019). Nominal correlates are more accessible than pronominal ones due to their richer semantic and morphosyntactic content (Hofmeister et al. 2007).",4.0,Nominal correlates are more accessible than pronominal ones due to their richer semantic and morphosyntactic content (Hofmeister et al. 2007).,5.0,Nominal correlates have richer morphosyntactic content than pronominal correlates (Hofmeister et al. 2007).,TRUE,C,0.99,,L-Theo,0.01
glossa-15197-hassen,1.2 Alternative analyses of P-omission under sluicing,"Based on these results, Nykiel suggested a processing-based theory. Interpreting a sluice comes with a processing cost since an antecedent has to be found. As in anaphora processing, some antecedents are more accessible than others, and some cues are better than others (Lewis & Vasishth 2005; Martin & McElree 2011; Parker 2019). Nominal correlates are more accessible than pronominal ones due to their richer semantic and morphosyntactic content (Hofmeister et al. 2007).",4.0,Nominal correlates are more accessible than pronominal ones due to their richer semantic and morphosyntactic content (Hofmeister et al. 2007).,6.0,Nominal correlates have richer morphosyntactic content than pronominal correlates.,TRUE,L-Theo,0.95,,C,0.05
glossa-15197-hassen,1.2 Alternative analyses of P-omission under sluicing,"Based on these results, Nykiel suggested a processing-based theory. Interpreting a sluice comes with a processing cost since an antecedent has to be found. As in anaphora processing, some antecedents are more accessible than others, and some cues are better than others (Lewis & Vasishth 2005; Martin & McElree 2011; Parker 2019). Nominal correlates are more accessible than pronominal ones due to their richer semantic and morphosyntactic content (Hofmeister et al. 2007).",4.0,Nominal correlates are more accessible than pronominal ones due to their richer semantic and morphosyntactic content (Hofmeister et al. 2007).,7.0,The greater accessibility of nominal correlates compared to pronominal correlates is due to nominal correlates having richer semantic and morphosyntactic content (Hofmeister et al. 2007).,TRUE,C,0.99,,L-Theo,0.01
glossa-15197-hassen,1.2 Alternative analyses of P-omission under sluicing,"Based on these results, Nykiel suggested a processing-based theory. Interpreting a sluice comes with a processing cost since an antecedent has to be found. As in anaphora processing, some antecedents are more accessible than others, and some cues are better than others (Lewis & Vasishth 2005; Martin & McElree 2011; Parker 2019). Nominal correlates are more accessible than pronominal ones due to their richer semantic and morphosyntactic content (Hofmeister et al. 2007).",4.0,Nominal correlates are more accessible than pronominal ones due to their richer semantic and morphosyntactic content (Hofmeister et al. 2007).,8.0,The greater accessibility of nominal correlates compared to pronominal correlates is due to nominal correlates having richer semantic and morphosyntactic content.,TRUE,L-Theo,0.95,,C,0.05
glossa-15197-hassen,1.2 Alternative analyses of P-omission under sluicing,"Prepositions also act as cues to retrieve the PP correlate (preventing who to be misinterpreted as referring to Paul in (7b), for instance), hence P-omission in sluices comes with a processing cost (Nykiel & Hawkins 2020). Philippova (2014) found that preposition length favors P-omission in Russian, longer prepositions offering a better cue for ellipsis resolution, and Nykiel & Kim (2022b) found a similar effect for Polish.",1.0,"Prepositions also act as cues to retrieve the PP correlate (preventing who to be misinterpreted as referring to Paul in (7b), for instance), hence P-omission in sluices comes with a processing cost (Nykiel & Hawkins 2020).",1.0,Prepositions act as cues that help a comprehender retrieve the prepositional-phrase (PP) correlate during sentence processing.,TRUE,L-Theo,0.9,,S,0.1
glossa-15197-hassen,1.2 Alternative analyses of P-omission under sluicing,"Prepositions also act as cues to retrieve the PP correlate (preventing who to be misinterpreted as referring to Paul in (7b), for instance), hence P-omission in sluices comes with a processing cost (Nykiel & Hawkins 2020). Philippova (2014) found that preposition length favors P-omission in Russian, longer prepositions offering a better cue for ellipsis resolution, and Nykiel & Kim (2022b) found a similar effect for Polish.",1.0,"Prepositions also act as cues to retrieve the PP correlate (preventing who to be misinterpreted as referring to Paul in (7b), for instance), hence P-omission in sluices comes with a processing cost (Nykiel & Hawkins 2020).",2.0,"The presence of a preposition prevents the wh-word ""who"" from being misinterpreted as referring to the individual named Paul.",TRUE,L-Theo,0.9,,S,0.1
glossa-15197-hassen,1.2 Alternative analyses of P-omission under sluicing,"Prepositions also act as cues to retrieve the PP correlate (preventing who to be misinterpreted as referring to Paul in (7b), for instance), hence P-omission in sluices comes with a processing cost (Nykiel & Hawkins 2020). Philippova (2014) found that preposition length favors P-omission in Russian, longer prepositions offering a better cue for ellipsis resolution, and Nykiel & Kim (2022b) found a similar effect for Polish.",1.0,"Prepositions also act as cues to retrieve the PP correlate (preventing who to be misinterpreted as referring to Paul in (7b), for instance), hence P-omission in sluices comes with a processing cost (Nykiel & Hawkins 2020).",3.0,Omitting the preposition (P-omission) in sluicing constructions incurs a processing cost for comprehenders.,TRUE,L-Theo,0.9,,S,0.1
glossa-15197-hassen,1.2 Alternative analyses of P-omission under sluicing,"Prepositions also act as cues to retrieve the PP correlate (preventing who to be misinterpreted as referring to Paul in (7b), for instance), hence P-omission in sluices comes with a processing cost (Nykiel & Hawkins 2020). Philippova (2014) found that preposition length favors P-omission in Russian, longer prepositions offering a better cue for ellipsis resolution, and Nykiel & Kim (2022b) found a similar effect for Polish.",1.0,"Prepositions also act as cues to retrieve the PP correlate (preventing who to be misinterpreted as referring to Paul in (7b), for instance), hence P-omission in sluices comes with a processing cost (Nykiel & Hawkins 2020).",4.0,Nykiel and Hawkins (2020) report that omitting the preposition in sluicing constructions incurs a processing cost.,TRUE,C,0.99,,L-Theo,0.01
glossa-15197-hassen,1.2 Alternative analyses of P-omission under sluicing,"Prepositions also act as cues to retrieve the PP correlate (preventing who to be misinterpreted as referring to Paul in (7b), for instance), hence P-omission in sluices comes with a processing cost (Nykiel & Hawkins 2020). Philippova (2014) found that preposition length favors P-omission in Russian, longer prepositions offering a better cue for ellipsis resolution, and Nykiel & Kim (2022b) found a similar effect for Polish.",2.0,"Philippova (2014) found that preposition length favors P-omission in Russian, longer prepositions offering a better cue for ellipsis resolution, and Nykiel & Kim (2022b) found a similar effect for Polish.",1.0,"Philippova (2014) found that in Russian, preposition length increases the likelihood of preposition omission (P-omission) in sluicing constructions.",TRUE,C,0.99,,L-Spec,0.01
glossa-15197-hassen,1.2 Alternative analyses of P-omission under sluicing,"Prepositions also act as cues to retrieve the PP correlate (preventing who to be misinterpreted as referring to Paul in (7b), for instance), hence P-omission in sluices comes with a processing cost (Nykiel & Hawkins 2020). Philippova (2014) found that preposition length favors P-omission in Russian, longer prepositions offering a better cue for ellipsis resolution, and Nykiel & Kim (2022b) found a similar effect for Polish.",2.0,"Philippova (2014) found that preposition length favors P-omission in Russian, longer prepositions offering a better cue for ellipsis resolution, and Nykiel & Kim (2022b) found a similar effect for Polish.",2.0,"Iin Russian, preposition length increases the likelihood of preposition omission (P-omission) in sluicing constructions.",TRUE,L-Spec,0.95,Russian,C,0.05
glossa-15197-hassen,1.2 Alternative analyses of P-omission under sluicing,"Prepositions also act as cues to retrieve the PP correlate (preventing who to be misinterpreted as referring to Paul in (7b), for instance), hence P-omission in sluices comes with a processing cost (Nykiel & Hawkins 2020). Philippova (2014) found that preposition length favors P-omission in Russian, longer prepositions offering a better cue for ellipsis resolution, and Nykiel & Kim (2022b) found a similar effect for Polish.",2.0,"Philippova (2014) found that preposition length favors P-omission in Russian, longer prepositions offering a better cue for ellipsis resolution, and Nykiel & Kim (2022b) found a similar effect for Polish.",3.0,"Nykiel and Kim (2022b) found that in Polish, preposition length increases the likelihood of preposition omission (P-omission) in sluicing constructions.",TRUE,C,0.99,,L-Spec,0.01
glossa-15197-hassen,1.2 Alternative analyses of P-omission under sluicing,"Prepositions also act as cues to retrieve the PP correlate (preventing who to be misinterpreted as referring to Paul in (7b), for instance), hence P-omission in sluices comes with a processing cost (Nykiel & Hawkins 2020). Philippova (2014) found that preposition length favors P-omission in Russian, longer prepositions offering a better cue for ellipsis resolution, and Nykiel & Kim (2022b) found a similar effect for Polish.",2.0,"Philippova (2014) found that preposition length favors P-omission in Russian, longer prepositions offering a better cue for ellipsis resolution, and Nykiel & Kim (2022b) found a similar effect for Polish.",4.0,"In Polish, preposition length increases the likelihood of preposition omission (P-omission) in sluicing constructions.",TRUE,L-Spec,0.95,Polish,C,0.05
glossa-15197-hassen,1.2 Alternative analyses of P-omission under sluicing,"Prepositions also act as cues to retrieve the PP correlate (preventing who to be misinterpreted as referring to Paul in (7b), for instance), hence P-omission in sluices comes with a processing cost (Nykiel & Hawkins 2020). Philippova (2014) found that preposition length favors P-omission in Russian, longer prepositions offering a better cue for ellipsis resolution, and Nykiel & Kim (2022b) found a similar effect for Polish.",2.0,"Philippova (2014) found that preposition length favors P-omission in Russian, longer prepositions offering a better cue for ellipsis resolution, and Nykiel & Kim (2022b) found a similar effect for Polish.",5.0,Russian and Polish show similar effects of preposition length on the likelihood of preposition omission (P-omission) in sluicing constructions.,TRUE,L-Typo,0.98,,L-Spec,0.02
glossa-15197-hassen,1.2 Alternative analyses of P-omission under sluicing,"According to Nykiel & Hawkins (2020)’s theory, two general principles are at play: Minimize Forms (MiF) (Hawkins 2004), favoring ellipsis and P-omission, and Minimize Domains (MiD), which may disfavor P-omission. According to MiF, forms can be reduced (e.g., via ellipsis) when the necessary information can be easily retrieved from the context, with full noun phrases being more accessible than pronouns. For sluices, MiF predicts that P-omission is more likely to occur with nominal correlates, which are easily accessible, and also with nominal remnants, which are better cues than pronominal ones.",1.0,"According to Nykiel & Hawkins (2020)’s theory, two general principles are at play: Minimize Forms (MiF) (Hawkins 2004), favoring ellipsis and P-omission, and Minimize Domains (MiD), which may disfavor P-omission.",1.0,Nykiel and Hawkins (2020) propose a theory in which two general principles are operative: Minimize Forms and Minimize Domains.,TRUE,C,0.99,,L-Theo,0.01
glossa-15197-hassen,1.2 Alternative analyses of P-omission under sluicing,"According to Nykiel & Hawkins (2020)’s theory, two general principles are at play: Minimize Forms (MiF) (Hawkins 2004), favoring ellipsis and P-omission, and Minimize Domains (MiD), which may disfavor P-omission. According to MiF, forms can be reduced (e.g., via ellipsis) when the necessary information can be easily retrieved from the context, with full noun phrases being more accessible than pronouns. For sluices, MiF predicts that P-omission is more likely to occur with nominal correlates, which are easily accessible, and also with nominal remnants, which are better cues than pronominal ones.",1.0,"According to Nykiel & Hawkins (2020)’s theory, two general principles are at play: Minimize Forms (MiF) (Hawkins 2004), favoring ellipsis and P-omission, and Minimize Domains (MiD), which may disfavor P-omission.",2.0,"In Hawkins (2004), the principle called Minimize Forms (MiF) favors ellipsis and preposition omission (P-omission).",TRUE,C,0.99,,L-Theo,0.01
glossa-15197-hassen,1.2 Alternative analyses of P-omission under sluicing,"According to Nykiel & Hawkins (2020)’s theory, two general principles are at play: Minimize Forms (MiF) (Hawkins 2004), favoring ellipsis and P-omission, and Minimize Domains (MiD), which may disfavor P-omission. According to MiF, forms can be reduced (e.g., via ellipsis) when the necessary information can be easily retrieved from the context, with full noun phrases being more accessible than pronouns. For sluices, MiF predicts that P-omission is more likely to occur with nominal correlates, which are easily accessible, and also with nominal remnants, which are better cues than pronominal ones.",1.0,"According to Nykiel & Hawkins (2020)’s theory, two general principles are at play: Minimize Forms (MiF) (Hawkins 2004), favoring ellipsis and P-omission, and Minimize Domains (MiD), which may disfavor P-omission.",3.0,The principle called Minimize Forms (MiF) favors ellipsis and preposition omission (P-omission).,TRUE,L-Theo,0.95,,C,0.05
glossa-15197-hassen,1.2 Alternative analyses of P-omission under sluicing,"According to Nykiel & Hawkins (2020)’s theory, two general principles are at play: Minimize Forms (MiF) (Hawkins 2004), favoring ellipsis and P-omission, and Minimize Domains (MiD), which may disfavor P-omission. According to MiF, forms can be reduced (e.g., via ellipsis) when the necessary information can be easily retrieved from the context, with full noun phrases being more accessible than pronouns. For sluices, MiF predicts that P-omission is more likely to occur with nominal correlates, which are easily accessible, and also with nominal remnants, which are better cues than pronominal ones.",1.0,"According to Nykiel & Hawkins (2020)’s theory, two general principles are at play: Minimize Forms (MiF) (Hawkins 2004), favoring ellipsis and P-omission, and Minimize Domains (MiD), which may disfavor P-omission.",4.0,"In Nykiel and Hawkins (2020)’s framework, the principle called Minimize Domains (MiD) may disfavor preposition omission (P-omission).",TRUE,C,0.99,,L-Theo,0.01
glossa-15197-hassen,1.2 Alternative analyses of P-omission under sluicing,"According to Nykiel & Hawkins (2020)’s theory, two general principles are at play: Minimize Forms (MiF) (Hawkins 2004), favoring ellipsis and P-omission, and Minimize Domains (MiD), which may disfavor P-omission. According to MiF, forms can be reduced (e.g., via ellipsis) when the necessary information can be easily retrieved from the context, with full noun phrases being more accessible than pronouns. For sluices, MiF predicts that P-omission is more likely to occur with nominal correlates, which are easily accessible, and also with nominal remnants, which are better cues than pronominal ones.",1.0,"According to Nykiel & Hawkins (2020)’s theory, two general principles are at play: Minimize Forms (MiF) (Hawkins 2004), favoring ellipsis and P-omission, and Minimize Domains (MiD), which may disfavor P-omission.",5.0,The principle called Minimize Domains (MiD) may disfavor preposition omission (P-omission).,TRUE,L-Theo,0.95,,C,0.05
glossa-15197-hassen,1.2 Alternative analyses of P-omission under sluicing,"According to Nykiel & Hawkins (2020)’s theory, two general principles are at play: Minimize Forms (MiF) (Hawkins 2004), favoring ellipsis and P-omission, and Minimize Domains (MiD), which may disfavor P-omission. According to MiF, forms can be reduced (e.g., via ellipsis) when the necessary information can be easily retrieved from the context, with full noun phrases being more accessible than pronouns. For sluices, MiF predicts that P-omission is more likely to occur with nominal correlates, which are easily accessible, and also with nominal remnants, which are better cues than pronominal ones.",2.0,"According to MiF, forms can be reduced (e.g., via ellipsis) when the necessary information can be easily retrieved from the context, with full noun phrases being more accessible than pronouns.",1.0,"The Minimize Forms (MiF) principle states that linguistic forms can be reduced (for example, by ellipsis) when the necessary information can be easily retrieved from the context.",TRUE,L-Theo,0.92,,C,0.08
glossa-15197-hassen,1.2 Alternative analyses of P-omission under sluicing,"According to Nykiel & Hawkins (2020)’s theory, two general principles are at play: Minimize Forms (MiF) (Hawkins 2004), favoring ellipsis and P-omission, and Minimize Domains (MiD), which may disfavor P-omission. According to MiF, forms can be reduced (e.g., via ellipsis) when the necessary information can be easily retrieved from the context, with full noun phrases being more accessible than pronouns. For sluices, MiF predicts that P-omission is more likely to occur with nominal correlates, which are easily accessible, and also with nominal remnants, which are better cues than pronominal ones.",2.0,"According to MiF, forms can be reduced (e.g., via ellipsis) when the necessary information can be easily retrieved from the context, with full noun phrases being more accessible than pronouns.",2.0,The Minimize Forms (MiF) principle assumes that full noun phrases are more accessible than pronouns in context-based retrieval.,TRUE,L-Theo,0.92,,C,0.08
glossa-15197-hassen,1.2 Alternative analyses of P-omission under sluicing,"According to Nykiel & Hawkins (2020)’s theory, two general principles are at play: Minimize Forms (MiF) (Hawkins 2004), favoring ellipsis and P-omission, and Minimize Domains (MiD), which may disfavor P-omission. According to MiF, forms can be reduced (e.g., via ellipsis) when the necessary information can be easily retrieved from the context, with full noun phrases being more accessible than pronouns. For sluices, MiF predicts that P-omission is more likely to occur with nominal correlates, which are easily accessible, and also with nominal remnants, which are better cues than pronominal ones.",3.0,"For sluices, MiF predicts that P-omission is more likely to occur with nominal correlates, which are easily accessible, and also with nominal remnants, which are better cues than pronominal ones.",1.0,"For sluicing constructions, the Minimize Forms (MiF) principle predicts that preposition omission (P-omission) is more likely when the correlate is nominal (a noun phrase) rather than pronominal (a pronoun).",TRUE,L-Theo,0.95,,C,0.05
glossa-15197-hassen,1.2 Alternative analyses of P-omission under sluicing,"According to Nykiel & Hawkins (2020)’s theory, two general principles are at play: Minimize Forms (MiF) (Hawkins 2004), favoring ellipsis and P-omission, and Minimize Domains (MiD), which may disfavor P-omission. According to MiF, forms can be reduced (e.g., via ellipsis) when the necessary information can be easily retrieved from the context, with full noun phrases being more accessible than pronouns. For sluices, MiF predicts that P-omission is more likely to occur with nominal correlates, which are easily accessible, and also with nominal remnants, which are better cues than pronominal ones.",3.0,"For sluices, MiF predicts that P-omission is more likely to occur with nominal correlates, which are easily accessible, and also with nominal remnants, which are better cues than pronominal ones.",2.0,"For sluicing constructions, the Minimize Forms (MiF) principle predicts that preposition omission (P-omission) is more likely when the sluice remnant is nominal (a noun phrase) rather than pronominal (a pronoun).",TRUE,L-Theo,0.95,,C,0.05
glossa-15197-hassen,1.2 Alternative analyses of P-omission under sluicing,"According to Nykiel & Hawkins (2020)’s theory, two general principles are at play: Minimize Forms (MiF) (Hawkins 2004), favoring ellipsis and P-omission, and Minimize Domains (MiD), which may disfavor P-omission. According to MiF, forms can be reduced (e.g., via ellipsis) when the necessary information can be easily retrieved from the context, with full noun phrases being more accessible than pronouns. For sluices, MiF predicts that P-omission is more likely to occur with nominal correlates, which are easily accessible, and also with nominal remnants, which are better cues than pronominal ones.",3.0,"For sluices, MiF predicts that P-omission is more likely to occur with nominal correlates, which are easily accessible, and also with nominal remnants, which are better cues than pronominal ones.",3.0,Nominal correlates are easily accessible in the relevant sense assumed by the Minimize Forms (MiF) principle.,TRUE,L-Theo,0.9,,C,0.1
glossa-15197-hassen,1.2 Alternative analyses of P-omission under sluicing,"According to Nykiel & Hawkins (2020)’s theory, two general principles are at play: Minimize Forms (MiF) (Hawkins 2004), favoring ellipsis and P-omission, and Minimize Domains (MiD), which may disfavor P-omission. According to MiF, forms can be reduced (e.g., via ellipsis) when the necessary information can be easily retrieved from the context, with full noun phrases being more accessible than pronouns. For sluices, MiF predicts that P-omission is more likely to occur with nominal correlates, which are easily accessible, and also with nominal remnants, which are better cues than pronominal ones.",3.0,"For sluices, MiF predicts that P-omission is more likely to occur with nominal correlates, which are easily accessible, and also with nominal remnants, which are better cues than pronominal ones.",4.0,Nominal sluice remnants provide better cues than pronominal sluice remnants for retrieving the elided material in sluicing.,TRUE,L-Theo,0.88,,S,0.12
glossa-15197-hassen,1.2 Alternative analyses of P-omission under sluicing,"According to MiD, on the other hand, processing efficiency increases when semantically and syntactically dependent elements are processed in the smallest possible processing domain. In a PP sluice, P is typically processed within the PP domain when P is independent from the verb as in (9a). However, if the P is dependent on the verb as in (9b), it is interpreted in the VP domain. This domain extension creates an additional processing cost for sluices as P in the remnant must go back to re-establish its dependency relation with the V for interpretation. Therefore, MiD predicts that V-dependent Ps are more easily omitted in a sluice.",1.0,"According to MiD, on the other hand, processing efficiency increases when semantically and syntactically dependent elements are processed in the smallest possible processing domain.",1.0,The theory or proposal abbreviated as MiD claims that processing efficiency increases when semantically dependent and syntactically dependent elements are processed in the smallest possible processing domain.,TRUE,L-Theo,0.92,,C,0.08
glossa-15197-hassen,1.2 Alternative analyses of P-omission under sluicing,"According to MiD, on the other hand, processing efficiency increases when semantically and syntactically dependent elements are processed in the smallest possible processing domain. In a PP sluice, P is typically processed within the PP domain when P is independent from the verb as in (9a). However, if the P is dependent on the verb as in (9b), it is interpreted in the VP domain. This domain extension creates an additional processing cost for sluices as P in the remnant must go back to re-establish its dependency relation with the V for interpretation. Therefore, MiD predicts that V-dependent Ps are more easily omitted in a sluice.",2.0,"In a PP sluice, P is typically processed within the PP domain when P is independent from the verb as in (9a).",1.0,"In a prepositional-phrase sluice (a sluicing construction whose remnant is a prepositional phrase), a preposition is typically processed within the prepositional-phrase domain when the preposition is independent of the verb.",TRUE,L-Theo,0.88,,S,0.12
glossa-15197-hassen,1.2 Alternative analyses of P-omission under sluicing,"According to MiD, on the other hand, processing efficiency increases when semantically and syntactically dependent elements are processed in the smallest possible processing domain. In a PP sluice, P is typically processed within the PP domain when P is independent from the verb as in (9a). However, if the P is dependent on the verb as in (9b), it is interpreted in the VP domain. This domain extension creates an additional processing cost for sluices as P in the remnant must go back to re-establish its dependency relation with the V for interpretation. Therefore, MiD predicts that V-dependent Ps are more easily omitted in a sluice.",3.0,"However, if the P is dependent on the verb as in (9b), it is interpreted in the VP domain.",1.0,"If a preposition is dependent on the verb , the preposition is interpreted in the verb-phrase domain.",TRUE,L-Theo,0.9,,S,0.1
glossa-15197-hassen,1.2 Alternative analyses of P-omission under sluicing,"According to MiD, on the other hand, processing efficiency increases when semantically and syntactically dependent elements are processed in the smallest possible processing domain. In a PP sluice, P is typically processed within the PP domain when P is independent from the verb as in (9a). However, if the P is dependent on the verb as in (9b), it is interpreted in the VP domain. This domain extension creates an additional processing cost for sluices as P in the remnant must go back to re-establish its dependency relation with the V for interpretation. Therefore, MiD predicts that V-dependent Ps are more easily omitted in a sluice.",4.0,This domain extension creates an additional processing cost for sluices as P in the remnant must go back to re-establish its dependency relation with the V for interpretation.,1.0,Extending the processing domain creates additional processing cost for sluicing constructions.,TRUE,L-Theo,0.85,,S,0.15
glossa-15197-hassen,1.2 Alternative analyses of P-omission under sluicing,"According to MiD, on the other hand, processing efficiency increases when semantically and syntactically dependent elements are processed in the smallest possible processing domain. In a PP sluice, P is typically processed within the PP domain when P is independent from the verb as in (9a). However, if the P is dependent on the verb as in (9b), it is interpreted in the VP domain. This domain extension creates an additional processing cost for sluices as P in the remnant must go back to re-establish its dependency relation with the V for interpretation. Therefore, MiD predicts that V-dependent Ps are more easily omitted in a sluice.",4.0,This domain extension creates an additional processing cost for sluices as P in the remnant must go back to re-establish its dependency relation with the V for interpretation.,2.0,"In a sluicing construction, when the remnant contains a preposition, that preposition must be processed by retrieving a dependency relation between the preposition and the verb in order to be interpreted.",TRUE,L-Theo,0.88,,S,0.12
glossa-15197-hassen,1.2 Alternative analyses of P-omission under sluicing,"According to MiD, on the other hand, processing efficiency increases when semantically and syntactically dependent elements are processed in the smallest possible processing domain. In a PP sluice, P is typically processed within the PP domain when P is independent from the verb as in (9a). However, if the P is dependent on the verb as in (9b), it is interpreted in the VP domain. This domain extension creates an additional processing cost for sluices as P in the remnant must go back to re-establish its dependency relation with the V for interpretation. Therefore, MiD predicts that V-dependent Ps are more easily omitted in a sluice.",5.0,"Therefore, MiD predicts that V-dependent Ps are more easily omitted in a sluice.",1.0,The theory or proposal abbreviated as MiD predicts that prepositions that are dependent on a verb are more easily omitted in a sluicing construction than prepositions that are not verb-dependent.,TRUE,L-Theo,0.93,,C,0.07
glossa-15197-hassen,1.2 Alternative analyses of P-omission under sluicing,"In such a theory, the acceptability of P-omission under sluicing is flexible, and favored by contentful remnants and correlates, and also by more dependent prepositions.",1.0,"In such a theory, the acceptability of P-omission under sluicing is flexible, and favored by contentful remnants and correlates, and also by more dependent prepositions.",1.0,The acceptability of preposition omission (P-omission) under sluicing is flexible rather than fixed.,TRUE,L-Theo,0.85,,L-Typo,0.15
glossa-15197-hassen,1.2 Alternative analyses of P-omission under sluicing,"In such a theory, the acceptability of P-omission under sluicing is flexible, and favored by contentful remnants and correlates, and also by more dependent prepositions.",1.0,"In such a theory, the acceptability of P-omission under sluicing is flexible, and favored by contentful remnants and correlates, and also by more dependent prepositions.",2.0,Preposition omission (P-omission) under sluicing is more acceptable when the sluicing remnant is contentful.,TRUE,L-Theo,0.88,,L-Typo,0.12
glossa-15197-hassen,1.2 Alternative analyses of P-omission under sluicing,"In such a theory, the acceptability of P-omission under sluicing is flexible, and favored by contentful remnants and correlates, and also by more dependent prepositions.",1.0,"In such a theory, the acceptability of P-omission under sluicing is flexible, and favored by contentful remnants and correlates, and also by more dependent prepositions.",3.0,Preposition omission (P-omission) under sluicing is more acceptable when the correlate in the antecedent clause is contentful.,TRUE,L-Spec,0.9,English,L-Theo,0.1
glossa-15197-hassen,1.2 Alternative analyses of P-omission under sluicing,"In such a theory, the acceptability of P-omission under sluicing is flexible, and favored by contentful remnants and correlates, and also by more dependent prepositions.",1.0,"In such a theory, the acceptability of P-omission under sluicing is flexible, and favored by contentful remnants and correlates, and also by more dependent prepositions.",4.0,"Preposition omission (P-omission) under sluicing is more acceptable when the preposition is more dependent (i.e., more tightly integrated with its complement or selecting element).",TRUE,L-Spec,0.85,English,L-Theo,0.15
